"n_tested","n_significant","true_positives","false_positives","n_true_de","sensitivity","precision","empirical_fdr","nominal_fdr","avg_precision","sens_exclusive","sens_low_abund","sig_excl_rescued","n_excl_kept","n_exclusive_added","excl_admit_fpr","norm_used","batch_in_model","shrink_applied","common_disp","arm","rep","scenario_row","batch_sd","batch_balanced","n_per_group","median_lib"
12766,130,126,4,1720,0.0732558139534884,0.969230769230769,0.0307692307692308,0.1,0.257579355807377,0,0,0,66,3687,0.982370490914022,"TMMwsp",TRUE,FALSE,1.23554147186547,"ctc_pipeline",1,1,0,TRUE,5,1104396.5
10566,196,163,33,1720,0.0947674418604651,0.831632653061224,0.168367346938776,0.1,0.242973090142954,0,0,0,66,3999,0.983495873968492,"TMMwsp",FALSE,FALSE,0.910222478162576,"batch_removed",1,1,0,TRUE,5,1104396.5
10566,150,139,11,1720,0.0808139534883721,0.926666666666667,0.0733333333333333,0.1,0.25261241932495,0,0,0,66,3999,0.983495873968492,"TMMwsp",FALSE,FALSE,0.996420134728567,"batch_ignored",1,1,0,TRUE,5,1104396.5
12934,131,129,2,1720,0.075,0.984732824427481,0.0152671755725191,0.1,0.265180494371714,0,0,0,73,3676,0.981229597388466,"TMMwsp",TRUE,FALSE,1.23613700495889,"ctc_pipeline",1,2,0.35,TRUE,5,769683
10659,183,150,33,1720,0.0872093023255814,0.819672131147541,0.180327868852459,0.1,0.237841402728799,0,0,0,73,4018,0.981831757093081,"TMMwsp",FALSE,FALSE,0.907752470782446,"batch_removed",1,2,0.35,TRUE,5,769683
10659,127,125,2,1720,0.0726744186046512,0.984251968503937,0.015748031496063,0.1,0.259056201842967,0,0,0,73,4018,0.981831757093081,"TMMwsp",FALSE,FALSE,1.11907081358478,"batch_ignored",1,2,0.35,TRUE,5,769683
12804,113,108,5,1720,0.0627906976744186,0.955752212389381,0.0442477876106195,0.1,0.262841230848563,0,0.00254452926208651,0,55,3562,0.984839977540708,"TMMwsp",TRUE,FALSE,1.2048750300521,"ctc_pipeline",1,3,0.7,TRUE,5,1102030
10456,190,145,45,1720,0.0843023255813953,0.763157894736842,0.236842105263158,0.1,0.231920112406463,0,0.00254452926208651,0,55,3869,0.985784440423882,"TMMwsp",FALSE,FALSE,0.858840030169147,"batch_removed",1,3,0.7,TRUE,5,1102030
10456,55,55,0,1720,0.0319767441860465,1,0,0.1,0.241816753984118,0,0.00254452926208651,0,55,3869,0.985784440423882,"TMMwsp",FALSE,FALSE,1.38777171563829,"batch_ignored",1,3,0.7,TRUE,5,1102030
13731,89,88,1,1720,0.0511627906976744,0.98876404494382,0.0112359550561798,0.1,0.228811021564799,0,0,0,62,2742,0.984682713347921,"TMMwsp",TRUE,FALSE,1.40166974482728,"ctc_pipeline",1,4,0,FALSE,5,1013270
10552,840,252,588,1720,0.146511627906977,0.3,0.7,0.1,0.183596957092326,0,0,0,62,3849,0.983891919979215,"TMMwsp",FALSE,FALSE,0.875825125328447,"batch_removed",1,4,0,FALSE,5,1013270
10552,167,154,13,1720,0.0895348837209302,0.922155688622755,0.0778443113772455,0.1,0.260420216106623,0,0,0,62,3849,0.983891919979215,"TMMwsp",FALSE,FALSE,1.01543932083685,"batch_ignored",1,4,0,FALSE,5,1013270
14301,86,84,2,1720,0.0488372093023256,0.976744186046512,0.0232558139534884,0.1,0.230917612744535,0,0,0,73,2664,0.980855855855856,"TMMwsp",TRUE,FALSE,1.29338539826875,"ctc_pipeline",1,5,0.35,FALSE,5,1073957
11024,1041,271,770,1720,0.157558139534884,0.260326609029779,0.739673390970221,0.1,0.173201619474454,0.00833333333333333,0.00246305418719212,1,73,3775,0.980662251655629,"TMMwsp",FALSE,FALSE,0.796624447081295,"batch_removed",1,5,0.35,FALSE,5,1073957
11024,198,149,49,1720,0.0866279069767442,0.752525252525252,0.247474747474747,0.1,0.236534230297405,0,0.00246305418719212,0,73,3775,0.980662251655629,"TMMwsp",FALSE,FALSE,1.02346575781574,"batch_ignored",1,5,0.35,FALSE,5,1073957
13827,114,107,7,1720,0.0622093023255814,0.93859649122807,0.0614035087719298,0.1,0.220330861668858,0,0,0,68,2816,0.985085227272727,"TMMwsp",TRUE,FALSE,1.3266188602663,"ctc_pipeline",1,6,0.7,FALSE,5,1048676.5
10694,837,236,601,1720,0.137209302325581,0.281959378733572,0.718040621266428,0.1,0.18177682790017,0,0,0,68,4080,0.983333333333333,"TMMwsp",FALSE,FALSE,0.816508451129166,"batch_removed",1,6,0.7,FALSE,5,1048676.5
10694,343,158,185,1720,0.0918604651162791,0.46064139941691,0.53935860058309,0.1,0.189500348427799,0,0,0,68,4080,0.983333333333333,"TMMwsp",FALSE,FALSE,1.29401848564844,"batch_ignored",1,6,0.7,FALSE,5,1048676.5
12103,109,103,6,1720,0.0598837209302326,0.944954128440367,0.055045871559633,0.1,0.231416510858423,0,0,0,53,3698,0.98566792861006,"TMMwsp",TRUE,FALSE,1.33318311941713,"ctc_pipeline",2,1,0,TRUE,5,700495.5
9928,186,134,52,1720,0.077906976744186,0.720430107526882,0.279569892473118,0.1,0.216706219031964,0,0,0,53,3992,0.986723446893788,"TMMwsp",FALSE,FALSE,0.959515722173631,"batch_removed",2,1,0,TRUE,5,700495.5
9928,135,119,16,1720,0.0691860465116279,0.881481481481482,0.118518518518519,0.1,0.228901327993073,0,0,0,53,3992,0.986723446893788,"TMMwsp",FALSE,FALSE,1.04979547962938,"batch_ignored",2,1,0,TRUE,5,700495.5
13155,148,141,7,1720,0.0819767441860465,0.952702702702703,0.0472972972972973,0.1,0.26243216602983,0,0.00472813238770686,0,61,3667,0.984455958549223,"TMMwsp",TRUE,FALSE,1.2183027732373,"ctc_pipeline",2,2,0.35,TRUE,5,758889.5
10985,203,163,40,1720,0.0947674418604651,0.80295566502463,0.197044334975369,0.1,0.240423989189206,0,0.00472813238770686,0,61,4073,0.98502332433096,"TMMwsp",FALSE,FALSE,0.895528841299755,"batch_removed",2,2,0.35,TRUE,5,758889.5
10985,148,139,9,1720,0.0808139534883721,0.939189189189189,0.0608108108108108,0.1,0.252998867853619,0,0.00472813238770686,0,61,4073,0.98502332433096,"TMMwsp",FALSE,FALSE,1.11286899856255,"batch_ignored",2,2,0.35,TRUE,5,758889.5
12586,143,136,7,1720,0.0790697674418605,0.951048951048951,0.048951048951049,0.1,0.264484160486018,0,0,0,71,3618,0.982863460475401,"TMMwsp",TRUE,FALSE,1.22379166672886,"ctc_pipeline",2,3,0.7,TRUE,5,1100793
10383,210,167,43,1720,0.097093023255814,0.795238095238095,0.204761904761905,0.1,0.235065997795219,0,0,0,71,3926,0.98191543555782,"TMMwsp",FALSE,FALSE,0.861913384952079,"batch_removed",2,3,0.7,TRUE,5,1100793
10383,66,65,1,1720,0.0377906976744186,0.984848484848485,0.0151515151515152,0.1,0.243665949354382,0,0,0,71,3926,0.98191543555782,"TMMwsp",FALSE,FALSE,1.42180527870542,"batch_ignored",2,3,0.7,TRUE,5,1100793
13364,69,66,3,1720,0.0383720930232558,0.956521739130435,0.0434782608695652,0.1,0.191430303389368,0,0,0,64,2962,0.984132343011479,"TMMwsp",TRUE,FALSE,1.44530274098907,"ctc_pipeline",2,4,0,FALSE,5,1011888.5
10182,1159,249,910,1720,0.144767441860465,0.214840379637619,0.785159620362381,0.1,0.154863576584938,0,0,0,64,4067,0.984263584952053,"TMMwsp",FALSE,FALSE,0.890699024812968,"batch_removed",2,4,0,FALSE,5,1011888.5
10182,136,128,8,1720,0.0744186046511628,0.941176470588235,0.0588235294117647,0.1,0.236862319069887,0,0,0,64,4067,0.984263584952053,"TMMwsp",FALSE,FALSE,1.02486719342396,"batch_ignored",2,4,0,FALSE,5,1011888.5
14183,82,78,4,1720,0.0453488372093023,0.951219512195122,0.048780487804878,0.1,0.223493707378971,0,0,0,60,2712,0.985250737463127,"TMMwsp",TRUE,FALSE,1.30738746844743,"ctc_pipeline",2,5,0.35,FALSE,5,1099008.5
10959,1251,295,956,1720,0.171511627906977,0.235811350919265,0.764188649080735,0.1,0.16667177424887,0,0,0,60,3816,0.984276729559748,"TMMwsp",FALSE,FALSE,0.84506481288378,"batch_removed",2,5,0.35,FALSE,5,1099008.5
10959,228,169,59,1720,0.0982558139534884,0.741228070175439,0.258771929824561,0.1,0.244875221409863,0,0,0,60,3816,0.984276729559748,"TMMwsp",FALSE,FALSE,1.04004031079176,"batch_ignored",2,5,0.35,FALSE,5,1099008.5
13519,91,91,0,1720,0.052906976744186,1,0,0.1,0.220408772212177,0,0,0,58,2749,0.985085485631139,"TMMwsp",TRUE,FALSE,1.34238065165115,"ctc_pipeline",2,6,0.7,FALSE,5,1027707.5
10360,712,209,503,1720,0.121511627906977,0.293539325842697,0.706460674157303,0.1,0.17771164043512,0,0.00477326968973747,0,58,3961,0.985357233021964,"TMMwsp",FALSE,FALSE,0.816391476335232,"batch_removed",2,6,0.7,FALSE,5,1027707.5
10360,293,139,154,1720,0.0808139534883721,0.474402730375427,0.525597269624573,0.1,0.1845382125028,0,0.00238663484486874,0,58,3961,0.985357233021964,"TMMwsp",FALSE,FALSE,1.29873252990117,"batch_ignored",2,6,0.7,FALSE,5,1027707.5
13598,164,159,5,1720,0.0924418604651163,0.969512195121951,0.0304878048780488,0.1,0.287529024829158,0,0,0,73,3443,0.978797560267209,"TMMwsp",TRUE,FALSE,1.16230749494796,"ctc_pipeline",3,1,0,TRUE,5,1130782
11364,252,203,49,1720,0.118023255813953,0.805555555555556,0.194444444444444,0.1,0.272993221696228,0,0,0,73,3719,0.980371067491261,"TMMwsp",FALSE,FALSE,0.848304219636155,"batch_removed",3,1,0,TRUE,5,1130782
11364,189,176,13,1720,0.102325581395349,0.931216931216931,0.0687830687830688,0.1,0.284254234797479,0,0,0,73,3719,0.980371067491261,"TMMwsp",FALSE,FALSE,0.932736747284339,"batch_ignored",3,1,0,TRUE,5,1130782
12218,128,122,6,1720,0.0709302325581395,0.953125,0.046875,0.1,0.245538674664613,0,0,0,56,3695,0.985385656292287,"TMMwsp",TRUE,FALSE,1.31277331365804,"ctc_pipeline",3,2,0.35,TRUE,5,751965.5
10000,186,148,38,1720,0.086046511627907,0.795698924731183,0.204301075268817,0.1,0.221706476269059,0,0,0,56,3977,0.985919034448076,"TMMwsp",FALSE,FALSE,0.945497174858346,"batch_removed",3,2,0.35,TRUE,5,751965.5
10000,123,114,9,1720,0.0662790697674419,0.926829268292683,0.0731707317073171,0.1,0.235611756004471,0,0,0,56,3977,0.985919034448076,"TMMwsp",FALSE,FALSE,1.16044010047926,"batch_ignored",3,2,0.35,TRUE,5,751965.5
12127,117,114,3,1720,0.0662790697674419,0.974358974358974,0.0256410256410256,0.1,0.254895722538631,0,0,0,85,3789,0.979678015307469,"TMMwsp",TRUE,FALSE,1.27283936972809,"ctc_pipeline",3,3,0.7,TRUE,5,774137
9870,171,139,32,1720,0.0808139534883721,0.812865497076023,0.187134502923977,0.1,0.226191978013356,0,0,0,85,4103,0.979283451133317,"TMMwsp",FALSE,FALSE,0.918113902146672,"batch_removed",3,3,0.7,TRUE,5,774137
9870,62,61,1,1720,0.0354651162790698,0.983870967741935,0.0161290322580645,0.1,0.228949882071367,0,0,0,85,4103,0.979283451133317,"TMMwsp",FALSE,FALSE,1.46463977032091,"batch_ignored",3,3,0.7,TRUE,5,774137
14212,100,96,4,1720,0.0558139534883721,0.96,0.04,0.1,0.221453408459514,0,0,0,77,2715,0.980110497237569,"TMMwsp",TRUE,FALSE,1.30646158659595,"ctc_pipeline",3,4,0,FALSE,5,971121.5
11084,1460,319,1141,1720,0.18546511627907,0.218493150684931,0.781506849315069,0.1,0.167434079799617,0,0,0,77,3836,0.97992700729927,"TMMwsp",FALSE,FALSE,0.839755320154855,"batch_removed",3,4,0,FALSE,5,971121.5
11084,200,175,25,1720,0.101744186046512,0.875,0.125,0.1,0.275774657210366,0,0,0,77,3836,0.97992700729927,"TMMwsp",FALSE,FALSE,0.955762252935772,"batch_ignored",3,4,0,FALSE,5,971121.5
12697,65,59,6,1720,0.0343023255813954,0.907692307692308,0.0923076923076923,0.1,0.184150511960636,0,0,0,59,2894,0.985832757429164,"TMMwsp",TRUE,FALSE,1.59020088452184,"ctc_pipeline",3,5,0.35,FALSE,5,1000255
9464,1225,237,988,1720,0.137790697674419,0.193469387755102,0.806530612244898,0.1,0.144846466702807,0,0,0,59,4078,0.985532123589995,"TMMwsp",FALSE,FALSE,0.975215090248429,"batch_removed",3,5,0.35,FALSE,5,1000255
9464,181,133,48,1720,0.0773255813953488,0.734806629834254,0.265193370165746,0.1,0.207651209396126,0,0,0,59,4078,0.985532123589995,"TMMwsp",FALSE,FALSE,1.17042881841275,"batch_ignored",3,5,0.35,FALSE,5,1000255
13866,97,92,5,1720,0.0534883720930233,0.948453608247423,0.0515463917525773,0.1,0.216532729192451,0,0,0,60,2790,0.987455197132617,"TMMwsp",TRUE,FALSE,1.32364409183118,"ctc_pipeline",3,6,0.7,FALSE,5,1120491
10703,1003,257,746,1720,0.149418604651163,0.256231306081755,0.743768693918245,0.1,0.179040300798186,0.00833333333333333,0,1,60,4122,0.985443959243086,"TMMwsp",FALSE,FALSE,0.831214107110711,"batch_removed",3,6,0.7,FALSE,5,1120491
10703,281,144,137,1720,0.0837209302325581,0.512455516014235,0.487544483985765,0.1,0.193835373726923,0,0,0,60,4122,0.985443959243086,"TMMwsp",FALSE,FALSE,1.29835744049887,"batch_ignored",3,6,0.7,FALSE,5,1120491
12887,127,125,2,1720,0.0726744186046512,0.984251968503937,0.015748031496063,0.1,0.264503495695915,0,0,0,64,3595,0.983031988873435,"TMMwsp",TRUE,FALSE,1.23073068625836,"ctc_pipeline",4,1,0,TRUE,5,902176
10655,213,165,48,1720,0.0959302325581395,0.774647887323944,0.225352112676056,0.1,0.240952127412066,0,0,0,64,3879,0.983500902294406,"TMMwsp",FALSE,FALSE,0.878221912330571,"batch_removed",4,1,0,TRUE,5,902176
10655,154,142,12,1720,0.0825581395348837,0.922077922077922,0.0779220779220779,0.1,0.256614053118594,0,0,0,64,3879,0.983500902294406,"TMMwsp",FALSE,FALSE,0.973051637329172,"batch_ignored",4,1,0,TRUE,5,902176
13303,148,139,9,1720,0.0808139534883721,0.939189189189189,0.0608108108108108,0.1,0.265647259188059,0,0,0,78,3615,0.980359612724758,"TMMwsp",TRUE,FALSE,1.19961671605243,"ctc_pipeline",4,2,0.35,TRUE,5,1132762.5
11032,198,159,39,1720,0.0924418604651163,0.803030303030303,0.196969696969697,0.1,0.24283214493985,0,0,0,78,3944,0.980223123732252,"TMMwsp",FALSE,FALSE,0.871495351158335,"batch_removed",4,2,0.35,TRUE,5,1132762.5
11032,139,134,5,1720,0.077906976744186,0.964028776978417,0.0359712230215827,0.1,0.253376070137669,0,0,0,78,3944,0.980223123732252,"TMMwsp",FALSE,FALSE,1.0819747157161,"batch_ignored",4,2,0.35,TRUE,5,1132762.5
12235,98,97,1,1720,0.0563953488372093,0.989795918367347,0.0102040816326531,0.1,0.236352378258662,0,0.00244498777506112,0,65,3795,0.983399209486166,"TMMwsp",TRUE,FALSE,1.23349277177883,"ctc_pipeline",4,3,0.7,TRUE,5,934068.5
10068,160,133,27,1720,0.0773255813953488,0.83125,0.16875,0.1,0.214953092693289,0,0.00244498777506112,0,65,4062,0.983998030526834,"TMMwsp",FALSE,FALSE,0.860990899799309,"batch_removed",4,3,0.7,TRUE,5,934068.5
10068,53,53,0,1720,0.0308139534883721,1,0,0.1,0.218651701943088,0,0.00244498777506112,0,65,4062,0.983998030526834,"TMMwsp",FALSE,FALSE,1.40940626106191,"batch_ignored",4,3,0.7,TRUE,5,934068.5
13613,75,71,4,1720,0.0412790697674419,0.946666666666667,0.0533333333333333,0.1,0.231198273636203,0,0,0,56,2769,0.983387504514265,"TMMwsp",TRUE,FALSE,1.40862862756123,"ctc_pipeline",4,4,0,FALSE,5,911773.5
10375,504,195,309,1720,0.113372093023256,0.386904761904762,0.613095238095238,0.1,0.184565732472592,0,0,0,56,3896,0.985626283367556,"TMMwsp",FALSE,FALSE,0.856292300494825,"batch_removed",4,4,0,FALSE,5,911773.5
10375,141,130,11,1720,0.0755813953488372,0.921985815602837,0.0780141843971631,0.1,0.2436538756286,0,0,0,56,3896,0.985626283367556,"TMMwsp",FALSE,FALSE,0.999727887089188,"batch_ignored",4,4,0,FALSE,5,911773.5
14022,87,85,2,1720,0.0494186046511628,0.977011494252874,0.0229885057471264,0.1,0.246963093574467,0,0,0,57,2802,0.984653818700928,"TMMwsp",TRUE,FALSE,1.34102363400778,"ctc_pipeline",4,5,0.35,FALSE,5,890954
10780,610,248,362,1720,0.144186046511628,0.40655737704918,0.59344262295082,0.1,0.208764085594342,0,0.00251256281407035,0,57,3940,0.985532994923858,"TMMwsp",FALSE,FALSE,0.845491118141868,"batch_removed",4,5,0.35,FALSE,5,890954
10780,218,167,51,1720,0.097093023255814,0.76605504587156,0.23394495412844,0.1,0.240348697091554,0,0,0,57,3940,0.985532994923858,"TMMwsp",FALSE,FALSE,1.05850564330956,"batch_ignored",4,5,0.35,FALSE,5,890954
13397,88,82,6,1720,0.0476744186046512,0.931818181818182,0.0681818181818182,0.1,0.202532444042965,0,0,0,66,2886,0.986139986139986,"TMMwsp",TRUE,FALSE,1.40214434810897,"ctc_pipeline",4,6,0.7,FALSE,5,936571.5
10371,1233,253,980,1720,0.147093023255814,0.205190592051906,0.794809407948094,0.1,0.153168263236514,0.00833333333333333,0.00253807106598985,1,66,4242,0.984677039132485,"TMMwsp",FALSE,FALSE,0.856798837914461,"batch_removed",4,6,0.7,FALSE,5,936571.5
10371,334,140,194,1720,0.0813953488372093,0.419161676646707,0.580838323353293,0.1,0.183742873161951,0,0,0,66,4242,0.984677039132485,"TMMwsp",FALSE,FALSE,1.3211869080811,"batch_ignored",4,6,0.7,FALSE,5,936571.5
13347,125,119,6,1720,0.0691860465116279,0.952,0.048,0.1,0.263639011563908,0,0,0,57,3604,0.985016648168701,"TMMwsp",TRUE,FALSE,1.1589478612092,"ctc_pipeline",5,1,0,TRUE,5,1005667.5
11245,180,147,33,1720,0.0854651162790698,0.816666666666667,0.183333333333333,0.1,0.244048842441896,0,0,0,57,3953,0.985580571717683,"TMMwsp",FALSE,FALSE,0.848649526546743,"batch_removed",5,1,0,TRUE,5,1005667.5
11245,145,135,10,1720,0.0784883720930233,0.931034482758621,0.0689655172413793,0.1,0.259096266987239,0,0,0,57,3953,0.985580571717683,"TMMwsp",FALSE,FALSE,0.948683959276764,"batch_ignored",5,1,0,TRUE,5,1005667.5
12800,156,145,11,1720,0.0843023255813953,0.92948717948718,0.0705128205128205,0.1,0.268661644239646,0,0,0,64,3646,0.983269336258914,"TMMwsp",TRUE,FALSE,1.20796920176736,"ctc_pipeline",5,2,0.35,TRUE,5,945827
10618,220,171,49,1720,0.0994186046511628,0.777272727272727,0.222727272727273,0.1,0.24301150403378,0,0,0,64,3935,0.983735705209657,"TMMwsp",FALSE,FALSE,0.864235217424906,"batch_removed",5,2,0.35,TRUE,5,945827
10618,133,128,5,1720,0.0744186046511628,0.962406015037594,0.037593984962406,0.1,0.258759276022304,0,0,0,64,3935,0.983735705209657,"TMMwsp",FALSE,FALSE,1.07972217142136,"batch_ignored",5,2,0.35,TRUE,5,945827
12296,124,118,6,1720,0.0686046511627907,0.951612903225806,0.0483870967741935,0.1,0.239284210030146,0,0,0,71,3685,0.981818181818182,"TMMwsp",TRUE,FALSE,1.27816481987843,"ctc_pipeline",5,3,0.7,TRUE,5,910115.5
10006,158,131,27,1720,0.0761627906976744,0.829113924050633,0.170886075949367,0.1,0.219837400384641,0,0,0,71,3971,0.98212037270209,"TMMwsp",FALSE,FALSE,0.902894982572921,"batch_removed",5,3,0.7,TRUE,5,910115.5
10006,68,66,2,1720,0.0383720930232558,0.970588235294118,0.0294117647058824,0.1,0.221384491936419,0,0,0,71,3971,0.98212037270209,"TMMwsp",FALSE,FALSE,1.43432798177245,"batch_ignored",5,3,0.7,TRUE,5,910115.5
13671,76,74,2,1720,0.0430232558139535,0.973684210526316,0.0263157894736842,0.1,0.210358552118393,0,0.00251256281407035,0,75,2899,0.981717833735771,"TMMwsp",TRUE,FALSE,1.40484088816601,"ctc_pipeline",5,4,0,FALSE,5,1002521.5
10435,1240,252,988,1720,0.146511627906977,0.203225806451613,0.796774193548387,0.1,0.150063723618592,0,0.00251256281407035,0,75,4059,0.981522542498152,"TMMwsp",FALSE,FALSE,0.903077593741364,"batch_removed",5,4,0,FALSE,5,1002521.5
10435,178,164,14,1720,0.0953488372093023,0.921348314606742,0.0786516853932584,0.1,0.262652952197068,0,0.00251256281407035,0,75,4059,0.981522542498152,"TMMwsp",FALSE,FALSE,0.996829496600258,"batch_ignored",5,4,0,FALSE,5,1002521.5
13709,79,72,7,1720,0.0418604651162791,0.911392405063291,0.0886075949367089,0.1,0.213065648878537,0,0,0,61,2928,0.983606557377049,"TMMwsp",TRUE,FALSE,1.38694455297723,"ctc_pipeline",5,5,0.35,FALSE,5,800555.5
10535,981,243,738,1720,0.141279069767442,0.247706422018349,0.752293577981651,0.1,0.171654370045468,0,0.00232558139534884,0,61,4056,0.984960552268245,"TMMwsp",FALSE,FALSE,0.875072163831974,"batch_removed",5,5,0.35,FALSE,5,800555.5
10535,173,133,40,1720,0.0773255813953488,0.76878612716763,0.23121387283237,0.1,0.223272453877555,0,0,0,61,4056,0.984960552268245,"TMMwsp",FALSE,FALSE,1.10934433825423,"batch_ignored",5,5,0.35,FALSE,5,800555.5
13027,72,68,4,1720,0.0395348837209302,0.944444444444444,0.0555555555555556,0.1,0.186606152160315,0,0,0,59,2961,0.986828774062817,"TMMwsp",TRUE,FALSE,1.46801027887645,"ctc_pipeline",5,6,0.7,FALSE,5,861064
9931,1024,211,813,1720,0.122674418604651,0.2060546875,0.7939453125,0.1,0.146893737222443,0,0,0,59,4213,0.985995727510088,"TMMwsp",FALSE,FALSE,0.895125430335695,"batch_removed",5,6,0.7,FALSE,5,861064
9931,260,124,136,1720,0.072093023255814,0.476923076923077,0.523076923076923,0.1,0.166877067797853,0,0,0,59,4213,0.985995727510088,"TMMwsp",FALSE,FALSE,1.36917838551031,"batch_ignored",5,6,0.7,FALSE,5,861064
12528,153,146,7,1720,0.0848837209302326,0.954248366013072,0.0457516339869281,0.1,0.262609336346949,0,0,0,70,3778,0.981736368448915,"TMMwsp",TRUE,FALSE,1.29547422848094,"ctc_pipeline",6,1,0,TRUE,5,577638
10248,198,168,30,1720,0.0976744186046512,0.848484848484849,0.151515151515152,0.1,0.247673700286389,0,0.00255102040816327,0,70,4061,0.982762866289091,"TMMwsp",FALSE,FALSE,0.940901388613772,"batch_removed",6,1,0,TRUE,5,577638
10248,182,162,20,1720,0.0941860465116279,0.89010989010989,0.10989010989011,0.1,0.259432033274587,0,0.00510204081632653,0,70,4061,0.982762866289091,"TMMwsp",FALSE,FALSE,1.01329008236856,"batch_ignored",6,1,0,TRUE,5,577638
12640,138,132,6,1720,0.0767441860465116,0.956521739130435,0.0434782608695652,0.1,0.261855794364612,0,0,0,64,3680,0.983152173913043,"TMMwsp",TRUE,FALSE,1.23033912772754,"ctc_pipeline",6,2,0.35,TRUE,5,660242.5
10389,171,145,26,1720,0.0843023255813953,0.847953216374269,0.152046783625731,0.1,0.233233325735009,0,0,0,64,3954,0.983813859382903,"TMMwsp",FALSE,FALSE,0.954921194357982,"batch_removed",6,2,0.35,TRUE,5,660242.5
10389,122,117,5,1720,0.0680232558139535,0.959016393442623,0.040983606557377,0.1,0.249678676726844,0,0,0,64,3954,0.983813859382903,"TMMwsp",FALSE,FALSE,1.10563597873094,"batch_ignored",6,2,0.35,TRUE,5,660242.5
12286,131,129,2,1720,0.075,0.984732824427481,0.0152671755725191,0.1,0.261924488261797,0,0.0025062656641604,0,71,3785,0.983091149273448,"TMMwsp",TRUE,FALSE,1.25967596419188,"ctc_pipeline",6,3,0.7,TRUE,5,1183549
10079,170,137,33,1720,0.0796511627906977,0.805882352941176,0.194117647058824,0.1,0.222244124446018,0,0.0050125313283208,0,71,4108,0.98271665043817,"TMMwsp",FALSE,FALSE,0.930336159765629,"batch_removed",6,3,0.7,TRUE,5,1183549
10079,68,68,0,1720,0.0395348837209302,1,0,0.1,0.23610706682514,0,0.0025062656641604,0,71,4108,0.98271665043817,"TMMwsp",FALSE,FALSE,1.45463856447213,"batch_ignored",6,3,0.7,TRUE,5,1183549
13545,64,61,3,1720,0.0354651162790698,0.953125,0.046875,0.1,0.189143618265002,0,0,0,71,2833,0.979879985880692,"TMMwsp",TRUE,FALSE,1.45355044704181,"ctc_pipeline",6,4,0,FALSE,5,803810.5
10394,1428,270,1158,1720,0.156976744186047,0.189075630252101,0.810924369747899,0.1,0.14311628736884,0,0,0,71,3979,0.982156320683589,"TMMwsp",FALSE,FALSE,0.906364581758343,"batch_removed",6,4,0,FALSE,5,803810.5
10394,149,138,11,1720,0.0802325581395349,0.926174496644295,0.0738255033557047,0.1,0.243529355176144,0,0,0,71,3979,0.982156320683589,"TMMwsp",FALSE,FALSE,1.03555279511876,"batch_ignored",6,4,0,FALSE,5,803810.5
13475,75,73,2,1720,0.0424418604651163,0.973333333333333,0.0266666666666667,0.1,0.204361091154237,0,0,0,49,2878,0.987491313412092,"TMMwsp",TRUE,FALSE,1.40282190666143,"ctc_pipeline",6,5,0.35,FALSE,5,825922
10230,950,240,710,1720,0.13953488372093,0.252631578947368,0.747368421052632,0.1,0.162737920587963,0,0,0,49,4011,0.987783595113438,"TMMwsp",FALSE,FALSE,0.874008433176135,"batch_removed",6,5,0.35,FALSE,5,825922
10230,187,141,46,1720,0.0819767441860465,0.754010695187166,0.245989304812834,0.1,0.205509902605728,0,0,0,49,4011,0.987783595113438,"TMMwsp",FALSE,FALSE,1.08391680773855,"batch_ignored",6,5,0.35,FALSE,5,825922
13289,71,66,5,1720,0.0383720930232558,0.929577464788732,0.0704225352112676,0.1,0.193725074373869,0,0,0,59,2908,0.986244841815681,"TMMwsp",TRUE,FALSE,1.38546417109708,"ctc_pipeline",6,6,0.7,FALSE,5,1067010.5
10306,1283,261,1022,1720,0.151744186046512,0.203429462197974,0.796570537802026,0.1,0.149098213699205,0,0,0,59,4237,0.986075053103611,"TMMwsp",FALSE,FALSE,0.850901903158813,"batch_removed",6,6,0.7,FALSE,5,1067010.5
10306,355,154,201,1720,0.0895348837209302,0.433802816901408,0.566197183098592,0.1,0.181506640926447,0,0,0,59,4237,0.986075053103611,"TMMwsp",FALSE,FALSE,1.28057282956112,"batch_ignored",6,6,0.7,FALSE,5,1067010.5
13299,119,115,4,1720,0.0668604651162791,0.966386554621849,0.0336134453781513,0.1,0.265894983973466,0,0,0,72,3599,0.981939427618783,"TMMwsp",TRUE,FALSE,1.22747184661976,"ctc_pipeline",7,1,0,TRUE,5,1042055.5
11008,186,157,29,1720,0.0912790697674419,0.844086021505376,0.155913978494624,0.1,0.24844939099088,0,0,0,72,3933,0.981693363844394,"TMMwsp",FALSE,FALSE,0.88788095415655,"batch_removed",7,1,0,TRUE,5,1042055.5
11008,153,140,13,1720,0.0813953488372093,0.915032679738562,0.0849673202614379,0.1,0.262199325046226,0,0,0,72,3933,0.981693363844394,"TMMwsp",FALSE,FALSE,0.977758011684335,"batch_ignored",7,1,0,TRUE,5,1042055.5
12930,144,137,7,1720,0.0796511627906977,0.951388888888889,0.0486111111111111,0.1,0.268060137372733,0,0,0,80,3725,0.979865771812081,"TMMwsp",TRUE,FALSE,1.25530298512365,"ctc_pipeline",7,2,0.35,TRUE,5,909319
10742,251,177,74,1720,0.102906976744186,0.705179282868526,0.294820717131474,0.1,0.242094610153356,0,0,0,80,4056,0.980276134122288,"TMMwsp",FALSE,FALSE,0.896577712758395,"batch_removed",7,2,0.35,TRUE,5,909319
10742,137,127,10,1720,0.0738372093023256,0.927007299270073,0.072992700729927,0.1,0.259435859862366,0,0,0,80,4056,0.980276134122288,"TMMwsp",FALSE,FALSE,1.12320305802443,"batch_ignored",7,2,0.35,TRUE,5,909319
11807,93,92,1,1720,0.0534883720930233,0.989247311827957,0.010752688172043,0.1,0.217957779599537,0,0,0,50,3803,0.98711543518275,"TMMwsp",TRUE,FALSE,1.28114929882986,"ctc_pipeline",7,3,0.7,TRUE,5,643869.5
9611,165,121,44,1720,0.0703488372093023,0.733333333333333,0.266666666666667,0.1,0.201902641161457,0,0,0,50,4060,0.987684729064039,"TMMwsp",FALSE,FALSE,0.931672392502569,"batch_removed",7,3,0.7,TRUE,5,643869.5
9611,55,55,0,1720,0.0319767441860465,1,0,0.1,0.206158289229223,0,0,0,50,4060,0.987684729064039,"TMMwsp",FALSE,FALSE,1.47038282489078,"batch_ignored",7,3,0.7,TRUE,5,643869.5
13427,57,53,4,1720,0.0308139534883721,0.929824561403509,0.0701754385964912,0.1,0.179115063736736,0,0,0,61,2956,0.985453315290934,"TMMwsp",TRUE,FALSE,1.44991366505758,"ctc_pipeline",7,4,0,FALSE,5,823674.5
10229,1117,204,913,1720,0.118604651162791,0.182632050134288,0.817367949865712,0.1,0.137500490126504,0.00833333333333333,0,1,61,4099,0.985118321541839,"TMMwsp",FALSE,FALSE,0.90850939942335,"batch_removed",7,4,0,FALSE,5,823674.5
10229,123,112,11,1720,0.0651162790697674,0.910569105691057,0.0894308943089431,0.1,0.221003694323351,0,0,0,61,4099,0.985118321541839,"TMMwsp",FALSE,FALSE,1.02428137135304,"batch_ignored",7,4,0,FALSE,5,823674.5
13682,105,97,8,1720,0.0563953488372093,0.923809523809524,0.0761904761904762,0.1,0.228812221187415,0,0,0,59,2776,0.986671469740634,"TMMwsp",TRUE,FALSE,1.37029136586316,"ctc_pipeline",7,5,0.35,FALSE,5,766729
10442,484,193,291,1720,0.112209302325581,0.398760330578512,0.601239669421488,0.1,0.189753986205072,0,0,0,59,3950,0.98506329113924,"TMMwsp",FALSE,FALSE,0.84753229368513,"batch_removed",7,5,0.35,FALSE,5,766729
10442,160,127,33,1720,0.0738372093023256,0.79375,0.20625,0.1,0.215533913975191,0,0,0,59,3950,0.98506329113924,"TMMwsp",FALSE,FALSE,1.07095653904873,"batch_ignored",7,5,0.35,FALSE,5,766729
13270,54,50,4,1720,0.0290697674418605,0.925925925925926,0.0740740740740741,0.1,0.186421057382825,0,0,0,58,2907,0.984176126590987,"TMMwsp",TRUE,FALSE,1.39686859813983,"ctc_pipeline",7,6,0.7,FALSE,5,1081166
10187,995,220,775,1720,0.127906976744186,0.221105527638191,0.778894472361809,0.1,0.147656275990136,0,0,0,58,4191,0.98616082080649,"TMMwsp",FALSE,FALSE,0.872938830460413,"batch_removed",7,6,0.7,FALSE,5,1081166
10187,242,124,118,1720,0.072093023255814,0.512396694214876,0.487603305785124,0.1,0.171712832785224,0,0,0,58,4191,0.98616082080649,"TMMwsp",FALSE,FALSE,1.33823653766032,"batch_ignored",7,6,0.7,FALSE,5,1081166
11413,122,112,10,1720,0.0651162790697674,0.918032786885246,0.0819672131147541,0.1,0.232651270196141,0,0,0,49,3690,0.986720867208672,"TMMwsp",TRUE,FALSE,1.3823096918199,"ctc_pipeline",8,1,0,TRUE,5,705456.5
9374,165,134,31,1720,0.077906976744186,0.812121212121212,0.187878787878788,0.1,0.213947445906534,0,0,0,49,3975,0.987672955974843,"TMMwsp",FALSE,FALSE,1.00102282469817,"batch_removed",8,1,0,TRUE,5,705456.5
9374,137,121,16,1720,0.0703488372093023,0.883211678832117,0.116788321167883,0.1,0.22482788610168,0,0,0,49,3975,0.987672955974843,"TMMwsp",FALSE,FALSE,1.10339163123642,"batch_ignored",8,1,0,TRUE,5,705456.5
12352,112,107,5,1720,0.0622093023255814,0.955357142857143,0.0446428571428571,0.1,0.254126128609982,0,0,0,74,3661,0.981425839934444,"TMMwsp",TRUE,FALSE,1.25335670135323,"ctc_pipeline",8,2,0.35,TRUE,5,926475
10216,186,144,42,1720,0.0837209302325581,0.774193548387097,0.225806451612903,0.1,0.229263613463416,0,0.00251889168765743,0,74,3983,0.981421039417524,"TMMwsp",FALSE,FALSE,0.892547089557491,"batch_removed",8,2,0.35,TRUE,5,926475
10216,112,103,9,1720,0.0598837209302326,0.919642857142857,0.0803571428571429,0.1,0.242933904215084,0,0,0,74,3983,0.981421039417524,"TMMwsp",FALSE,FALSE,1.11423724540101,"batch_ignored",8,2,0.35,TRUE,5,926475
11736,101,99,2,1720,0.0575581395348837,0.98019801980198,0.0198019801980198,0.1,0.235452366429315,0,0,0,63,3714,0.983575659666128,"TMMwsp",TRUE,FALSE,1.25946821179336,"ctc_pipeline",8,3,0.7,TRUE,5,1077176
9490,123,101,22,1720,0.0587209302325581,0.821138211382114,0.178861788617886,0.1,0.206652492945943,0,0,0,63,3962,0.984098939929329,"TMMwsp",FALSE,FALSE,0.954655533447722,"batch_removed",8,3,0.7,TRUE,5,1077176
9490,46,45,1,1720,0.0261627906976744,0.978260869565217,0.0217391304347826,0.1,0.215289105614102,0,0,0,63,3962,0.984098939929329,"TMMwsp",FALSE,FALSE,1.42902996727965,"batch_ignored",8,3,0.7,TRUE,5,1077176
13906,80,78,2,1720,0.0453488372093023,0.975,0.025,0.1,0.189499593199262,0,0,0,68,2664,0.981231231231231,"TMMwsp",TRUE,FALSE,1.37305636170409,"ctc_pipeline",8,4,0,FALSE,5,992615
10680,1816,279,1537,1720,0.162209302325581,0.15363436123348,0.84636563876652,0.1,0.132935886250161,0,0.0025706940874036,0,68,3866,0.982410760475944,"TMMwsp",FALSE,FALSE,0.855090741440179,"batch_removed",8,4,0,FALSE,5,992615
10680,189,167,22,1720,0.097093023255814,0.883597883597884,0.116402116402116,0.1,0.255663458647035,0,0.0025706940874036,0,68,3866,0.982410760475944,"TMMwsp",FALSE,FALSE,0.968528977914811,"batch_ignored",8,4,0,FALSE,5,992615
13345,55,54,1,1720,0.0313953488372093,0.981818181818182,0.0181818181818182,0.1,0.193935901196265,0,0,0,60,2955,0.985109983079526,"TMMwsp",TRUE,FALSE,1.45596419436219,"ctc_pipeline",8,5,0.35,FALSE,5,721804
10300,1175,234,941,1720,0.136046511627907,0.199148936170213,0.800851063829787,0.1,0.138939388370109,0,0,0,60,4237,0.98583903705452,"TMMwsp",FALSE,FALSE,0.915777198307854,"batch_removed",8,5,0.35,FALSE,5,721804
10300,173,125,48,1720,0.0726744186046512,0.722543352601156,0.277456647398844,0.1,0.205719298588287,0,0,0,60,4237,0.98583903705452,"TMMwsp",FALSE,FALSE,1.12907893135751,"batch_ignored",8,5,0.35,FALSE,5,721804
13536,78,71,7,1720,0.0412790697674419,0.91025641025641,0.0897435897435897,0.1,0.199250911053411,0,0,0,69,2837,0.985900599224533,"TMMwsp",TRUE,FALSE,1.36191906036094,"ctc_pipeline",8,6,0.7,FALSE,5,953338.5
10570,1383,274,1109,1720,0.159302325581395,0.198120028922632,0.801879971077368,0.1,0.147266125548294,0,0,0,69,4304,0.983968401486989,"TMMwsp",FALSE,FALSE,0.873982665289986,"batch_removed",8,6,0.7,FALSE,5,953338.5
10570,357,142,215,1720,0.0825581395348837,0.397759103641457,0.602240896358543,0.1,0.174150419245331,0,0,0,69,4304,0.983968401486989,"TMMwsp",FALSE,FALSE,1.30520072498526,"batch_ignored",8,6,0.7,FALSE,5,953338.5
11508,93,91,2,1720,0.052906976744186,0.978494623655914,0.021505376344086,0.1,0.237414330417183,0,0,0,66,3793,0.983654099657263,"TMMwsp",TRUE,FALSE,1.4154812067377,"ctc_pipeline",9,1,0,TRUE,5,979141.5
9438,154,126,28,1720,0.0732558139534884,0.818181818181818,0.181818181818182,0.1,0.217019929580577,0,0,0,66,4084,0.983839373163565,"TMMwsp",FALSE,FALSE,0.993925982904589,"batch_removed",9,1,0,TRUE,5,979141.5
9438,114,106,8,1720,0.0616279069767442,0.929824561403509,0.0701754385964912,0.1,0.231796496600988,0,0,0,66,4084,0.983839373163565,"TMMwsp",FALSE,FALSE,1.11937945989577,"batch_ignored",9,1,0,TRUE,5,979141.5
12828,147,141,6,1720,0.0819767441860465,0.959183673469388,0.0408163265306122,0.1,0.27249529697999,0,0,0,66,3679,0.983419407447676,"TMMwsp",TRUE,FALSE,1.2534813504532,"ctc_pipeline",9,2,0.35,TRUE,5,844407
10546,230,185,45,1720,0.107558139534884,0.804347826086957,0.195652173913043,0.1,0.255897706004263,0,0,0,66,3956,0.983316481294237,"TMMwsp",FALSE,FALSE,0.901204759349,"batch_removed",9,2,0.35,TRUE,5,844407
10546,141,133,8,1720,0.0773255813953488,0.943262411347518,0.0567375886524823,0.1,0.264765403613493,0,0,0,66,3956,0.983316481294237,"TMMwsp",FALSE,FALSE,1.11392205585337,"batch_ignored",9,2,0.35,TRUE,5,844407
12225,127,120,7,1720,0.0697674418604651,0.94488188976378,0.0551181102362205,0.1,0.25589133001437,0,0,0,64,3786,0.983359746434231,"TMMwsp",TRUE,FALSE,1.26383529489677,"ctc_pipeline",9,3,0.7,TRUE,5,764614.5
10004,206,160,46,1720,0.0930232558139535,0.776699029126214,0.223300970873786,0.1,0.234210000317122,0,0,0,64,4070,0.984275184275184,"TMMwsp",FALSE,FALSE,0.88720274050543,"batch_removed",9,3,0.7,TRUE,5,764614.5
10004,63,62,1,1720,0.036046511627907,0.984126984126984,0.0158730158730159,0.1,0.239004758023265,0,0,0,64,4070,0.984275184275184,"TMMwsp",FALSE,FALSE,1.44862279440091,"batch_ignored",9,3,0.7,TRUE,5,764614.5
12931,46,40,6,1720,0.0232558139534884,0.869565217391304,0.130434782608696,0.1,0.161276279595949,0,0,0,58,2849,0.982449982449982,"TMMwsp",TRUE,FALSE,1.49517351932254,"ctc_pipeline",9,4,0,FALSE,5,583284.5
9936,1432,265,1167,1720,0.15406976744186,0.185055865921788,0.814944134078212,0.1,0.12982499303667,0.00833333333333333,0.00233100233100233,1,58,4017,0.985561364202141,"TMMwsp",FALSE,FALSE,0.936748346790792,"batch_removed",9,4,0,FALSE,5,583284.5
9936,104,93,11,1720,0.0540697674418605,0.894230769230769,0.105769230769231,0.1,0.220262726636128,0,0,0,58,4017,0.985561364202141,"TMMwsp",FALSE,FALSE,1.06502075561026,"batch_ignored",9,4,0,FALSE,5,583284.5
14063,90,85,5,1720,0.0494186046511628,0.944444444444444,0.0555555555555556,0.1,0.224980178607898,0,0.00226244343891403,0,65,2736,0.982090643274854,"TMMwsp",TRUE,FALSE,1.32028081996141,"ctc_pipeline",9,5,0.35,FALSE,5,911379
10847,744,246,498,1720,0.143023255813953,0.330645161290323,0.669354838709677,0.1,0.185155357771783,0,0.00452488687782805,0,65,3927,0.983447924624395,"TMMwsp",FALSE,FALSE,0.838764143999374,"batch_removed",9,5,0.35,FALSE,5,911379
10847,223,163,60,1720,0.0947674418604651,0.730941704035874,0.269058295964126,0.1,0.225526125104269,0,0.00226244343891403,0,65,3927,0.983447924624395,"TMMwsp",FALSE,FALSE,1.04718695821891,"batch_ignored",9,5,0.35,FALSE,5,911379
13642,62,61,1,1720,0.0354651162790698,0.983870967741935,0.0161290322580645,0.1,0.211013766664416,0,0,0,64,2772,0.982683982683983,"TMMwsp",TRUE,FALSE,1.39008808733549,"ctc_pipeline",9,6,0.7,FALSE,5,1069872.5
10558,1054,227,827,1720,0.131976744186047,0.215370018975332,0.784629981024668,0.1,0.149993138069058,0,0,0,64,4203,0.984772781346657,"TMMwsp",FALSE,FALSE,0.88418468765531,"batch_removed",9,6,0.7,FALSE,5,1069872.5
10558,381,148,233,1720,0.086046511627907,0.388451443569554,0.611548556430446,0.1,0.178143742573855,0,0,0,64,4203,0.984772781346657,"TMMwsp",FALSE,FALSE,1.31749994652066,"batch_ignored",9,6,0.7,FALSE,5,1069872.5
13106,148,143,5,1720,0.0831395348837209,0.966216216216216,0.0337837837837838,0.1,0.27747319850687,0,0,0,64,3497,0.982270517586503,"TMMwsp",TRUE,FALSE,1.1773739143916,"ctc_pipeline",10,1,0,TRUE,5,1099144
10822,225,182,43,1720,0.105813953488372,0.808888888888889,0.191111111111111,0.1,0.255583110897232,0,0,0,64,3778,0.983059820010588,"TMMwsp",FALSE,FALSE,0.863164523931857,"batch_removed",10,1,0,TRUE,5,1099144
10822,178,158,20,1720,0.0918604651162791,0.887640449438202,0.112359550561798,0.1,0.268422247345703,0,0,0,64,3778,0.983059820010588,"TMMwsp",FALSE,FALSE,0.938067583900111,"batch_ignored",10,1,0,TRUE,5,1099144
12646,142,134,8,1720,0.077906976744186,0.943661971830986,0.0563380281690141,0.1,0.251815619655201,0,0,0,76,3680,0.980163043478261,"TMMwsp",TRUE,FALSE,1.27021728537855,"ctc_pipeline",10,2,0.35,TRUE,5,705858.5
10396,261,180,81,1720,0.104651162790698,0.689655172413793,0.310344827586207,0.1,0.22685467389785,0,0,0,76,3966,0.980837115481594,"TMMwsp",FALSE,FALSE,0.9282078064021,"batch_removed",10,2,0.35,TRUE,5,705858.5
10396,140,129,11,1720,0.075,0.921428571428571,0.0785714285714286,0.1,0.249242534912945,0,0,0,76,3966,0.980837115481594,"TMMwsp",FALSE,FALSE,1.13057189712413,"batch_ignored",10,2,0.35,TRUE,5,705858.5
12567,132,125,7,1720,0.0726744186046512,0.946969696969697,0.053030303030303,0.1,0.259876383420521,0,0,0,53,3769,0.985937914566198,"TMMwsp",TRUE,FALSE,1.24376851643691,"ctc_pipeline",10,3,0.7,TRUE,5,1235682
10282,210,154,56,1720,0.0895348837209302,0.733333333333333,0.266666666666667,0.1,0.228614606227755,0,0,0,53,4048,0.986907114624506,"TMMwsp",FALSE,FALSE,0.874994857960897,"batch_removed",10,3,0.7,TRUE,5,1235682
10282,72,72,0,1720,0.0418604651162791,1,0,0.1,0.240675182046266,0,0,0,53,4048,0.986907114624506,"TMMwsp",FALSE,FALSE,1.43422638961181,"batch_ignored",10,3,0.7,TRUE,5,1235682
13848,62,60,2,1720,0.0348837209302326,0.967741935483871,0.032258064516129,0.1,0.217659298608306,0,0,0,52,2760,0.985144927536232,"TMMwsp",TRUE,FALSE,1.36426440537151,"ctc_pipeline",10,4,0,FALSE,5,896996
10757,437,187,250,1720,0.108720930232558,0.4279176201373,0.5720823798627,0.1,0.190232986446572,0,0,0,52,4029,0.987093571605858,"TMMwsp",FALSE,FALSE,0.853344312031959,"batch_removed",10,4,0,FALSE,5,896996
10757,125,113,12,1720,0.0656976744186046,0.904,0.096,0.1,0.239282165198765,0,0,0,52,4029,0.987093571605858,"TMMwsp",FALSE,FALSE,0.993741607127486,"batch_ignored",10,4,0,FALSE,5,896996
13196,58,57,1,1720,0.0331395348837209,0.982758620689655,0.0172413793103448,0.1,0.196926314410929,0,0,0,70,2955,0.983079526226734,"TMMwsp",TRUE,FALSE,1.47212415129556,"ctc_pipeline",10,5,0.35,FALSE,5,654296.5
10210,943,203,740,1720,0.118023255813953,0.215270413573701,0.784729586426299,0.1,0.137659172704393,0,0,0,70,4314,0.983773759851646,"TMMwsp",FALSE,FALSE,0.920632729569318,"batch_removed",10,5,0.35,FALSE,5,654296.5
10210,165,122,43,1720,0.0709302325581395,0.739393939393939,0.260606060606061,0.1,0.199956506402665,0,0,0,70,4314,0.983773759851646,"TMMwsp",FALSE,FALSE,1.15229602238045,"batch_ignored",10,5,0.35,FALSE,5,654296.5
13412,76,73,3,1720,0.0424418604651163,0.960526315789474,0.0394736842105263,0.1,0.217423578568361,0,0,0,54,2826,0.985138004246285,"TMMwsp",TRUE,FALSE,1.37339360761809,"ctc_pipeline",10,6,0.7,FALSE,5,794778.5
10304,857,249,608,1720,0.144767441860465,0.290548424737456,0.709451575262544,0.1,0.159515788911484,0,0.00241545893719807,0,54,4091,0.986800293326815,"TMMwsp",FALSE,FALSE,0.878841832574462,"batch_removed",10,6,0.7,FALSE,5,794778.5
10304,298,137,161,1720,0.0796511627906977,0.459731543624161,0.540268456375839,0.1,0.172375522954837,0,0,0,54,4091,0.986800293326815,"TMMwsp",FALSE,FALSE,1.32033830443766,"batch_ignored",10,6,0.7,FALSE,5,794778.5
12743,134,132,2,1720,0.0767441860465116,0.985074626865672,0.0149253731343284,0.1,0.259508511840573,0,0,0,43,3639,0.988183566913987,"TMMwsp",TRUE,FALSE,1.23477205146138,"ctc_pipeline",11,1,0,TRUE,5,1052334
10621,176,157,19,1720,0.0912790697674419,0.892045454545455,0.107954545454545,0.1,0.241679551312842,0,0,0,43,4039,0.989353800445655,"TMMwsp",FALSE,FALSE,0.8705928453607,"batch_removed",11,1,0,TRUE,5,1052334
10621,148,139,9,1720,0.0808139534883721,0.939189189189189,0.0608108108108108,0.1,0.251090328653134,0,0,0,43,4039,0.989353800445655,"TMMwsp",FALSE,FALSE,0.983070758827207,"batch_ignored",11,1,0,TRUE,5,1052334
12997,118,113,5,1720,0.0656976744186046,0.957627118644068,0.0423728813559322,0.1,0.254952492977497,0,0,0,75,3583,0.979905107451856,"TMMwsp",TRUE,FALSE,1.20762105066755,"ctc_pipeline",11,2,0.35,TRUE,5,911893
10778,193,154,39,1720,0.0895348837209302,0.797927461139896,0.202072538860104,0.1,0.232141379160091,0,0,0,75,3906,0.980798771121352,"TMMwsp",FALSE,FALSE,0.881676685395638,"batch_removed",11,2,0.35,TRUE,5,911893
10778,113,105,8,1720,0.061046511627907,0.929203539823009,0.0707964601769911,0.1,0.240451782613912,0,0,0,75,3906,0.980798771121352,"TMMwsp",FALSE,FALSE,1.08975257785274,"batch_ignored",11,2,0.35,TRUE,5,911893
12026,100,95,5,1720,0.0552325581395349,0.95,0.05,0.1,0.228189632802966,0,0,0,63,3735,0.983668005354752,"TMMwsp",TRUE,FALSE,1.29739887017637,"ctc_pipeline",11,3,0.7,TRUE,5,916493.5
9808,175,123,52,1720,0.0715116279069767,0.702857142857143,0.297142857142857,0.1,0.201924969488809,0,0,0,63,4001,0.984253936515871,"TMMwsp",FALSE,FALSE,0.94435003636348,"batch_removed",11,3,0.7,TRUE,5,916493.5
9808,60,59,1,1720,0.0343023255813954,0.983333333333333,0.0166666666666667,0.1,0.213424199285757,0,0,0,63,4001,0.984253936515871,"TMMwsp",FALSE,FALSE,1.46995073780887,"batch_ignored",11,3,0.7,TRUE,5,916493.5
13352,66,63,3,1720,0.0366279069767442,0.954545454545455,0.0454545454545455,0.1,0.202870891369864,0,0,0,50,2904,0.987603305785124,"TMMwsp",TRUE,FALSE,1.44288699357795,"ctc_pipeline",11,4,0,FALSE,5,642565
10213,978,237,741,1720,0.137790697674419,0.242331288343558,0.757668711656442,0.1,0.151022344898678,0.00833333333333333,0.00253807106598985,1,50,4020,0.987562189054726,"TMMwsp",FALSE,FALSE,0.929685910157263,"batch_removed",11,4,0,FALSE,5,642565
10213,111,109,2,1720,0.0633720930232558,0.981981981981982,0.018018018018018,0.1,0.2429498360428,0,0,0,50,4020,0.987562189054726,"TMMwsp",FALSE,FALSE,1.04932801398262,"batch_ignored",11,4,0,FALSE,5,642565
13421,84,80,4,1720,0.0465116279069767,0.952380952380952,0.0476190476190476,0.1,0.213760763721424,0,0,0,60,2881,0.982644914960083,"TMMwsp",TRUE,FALSE,1.43344286929698,"ctc_pipeline",11,5,0.35,FALSE,5,895723.5
10208,909,249,660,1720,0.144767441860465,0.273927392739274,0.726072607260726,0.1,0.16310914291354,0,0.00498753117206983,0,60,4038,0.985141158989599,"TMMwsp",FALSE,FALSE,0.893287607913491,"batch_removed",11,5,0.35,FALSE,5,895723.5
10208,194,140,54,1720,0.0813953488372093,0.721649484536082,0.278350515463918,0.1,0.219525027742923,0,0,0,60,4038,0.985141158989599,"TMMwsp",FALSE,FALSE,1.10914805859469,"batch_ignored",11,5,0.35,FALSE,5,895723.5
13580,74,70,4,1720,0.0406976744186047,0.945945945945946,0.0540540540540541,0.1,0.204842145860326,0,0,0,71,2963,0.985825177185285,"TMMwsp",TRUE,FALSE,1.34614515480868,"ctc_pipeline",11,6,0.7,FALSE,5,842037.5
10439,629,186,443,1720,0.108139534883721,0.29570747217806,0.70429252782194,0.1,0.166082820081179,0,0.00260416666666667,0,71,4270,0.983372365339579,"TMMwsp",FALSE,FALSE,0.85817841633062,"batch_removed",11,6,0.7,FALSE,5,842037.5
10439,171,103,68,1720,0.0598837209302326,0.60233918128655,0.39766081871345,0.1,0.171715625034498,0,0,0,71,4270,0.983372365339579,"TMMwsp",FALSE,FALSE,1.3365876448654,"batch_ignored",11,6,0.7,FALSE,5,842037.5
12811,135,133,2,1720,0.0773255813953488,0.985185185185185,0.0148148148148148,0.1,0.250314188649281,0,0.00247524752475248,0,64,3655,0.983036935704514,"TMMwsp",TRUE,FALSE,1.26271000170814,"ctc_pipeline",12,1,0,TRUE,5,916000.5
10578,201,165,36,1720,0.0959302325581395,0.82089552238806,0.17910447761194,0.1,0.235088217199893,0,0.00247524752475248,0,64,3971,0.983883152858222,"TMMwsp",FALSE,FALSE,0.931449845257645,"batch_removed",12,1,0,TRUE,5,916000.5
10578,159,146,13,1720,0.0848837209302326,0.918238993710692,0.0817610062893082,0.1,0.24509847319423,0,0.00247524752475248,0,64,3971,0.983883152858222,"TMMwsp",FALSE,FALSE,1.01095981652879,"batch_ignored",12,1,0,TRUE,5,916000.5
12092,107,103,4,1720,0.0598837209302326,0.962616822429907,0.0373831775700935,0.1,0.23361218397809,0,0,0,67,3723,0.983346763362879,"TMMwsp",TRUE,FALSE,1.36978305190841,"ctc_pipeline",12,2,0.35,TRUE,5,822917
9944,156,123,33,1720,0.0715116279069767,0.788461538461538,0.211538461538462,0.1,0.204292050431454,0,0,0,67,4033,0.983387056781552,"TMMwsp",FALSE,FALSE,0.991864100815473,"batch_removed",12,2,0.35,TRUE,5,822917
9944,97,92,5,1720,0.0534883720930233,0.948453608247423,0.0515463917525773,0.1,0.222611572077183,0,0,0,67,4033,0.983387056781552,"TMMwsp",FALSE,FALSE,1.21647139623397,"batch_ignored",12,2,0.35,TRUE,5,822917
12281,141,136,5,1720,0.0790697674418605,0.964539007092199,0.0354609929078014,0.1,0.246866618057999,0,0.00491400491400491,0,53,3782,0.986515071390799,"TMMwsp",TRUE,FALSE,1.27339512840921,"ctc_pipeline",12,3,0.7,TRUE,5,698441.5
10056,164,134,30,1720,0.077906976744186,0.817073170731707,0.182926829268293,0.1,0.22006709297481,0,0.00491400491400491,0,53,4068,0.986971484759095,"TMMwsp",FALSE,FALSE,0.932002740464139,"batch_removed",12,3,0.7,TRUE,5,698441.5
10056,80,80,0,1720,0.0465116279069767,1,0,0.1,0.229920056625762,0,0.00245700245700246,0,53,4068,0.986971484759095,"TMMwsp",FALSE,FALSE,1.45836399161879,"batch_ignored",12,3,0.7,TRUE,5,698441.5
14282,104,99,5,1720,0.0575581395348837,0.951923076923077,0.0480769230769231,0.1,0.216737730093943,0,0,0,68,2683,0.982109578829668,"TMMwsp",TRUE,FALSE,1.27897171608294,"ctc_pipeline",12,4,0,FALSE,5,1235672.5
11110,1571,316,1255,1720,0.183720930232558,0.201145767027371,0.798854232972629,0.1,0.162496578347725,0.00833333333333333,0.0050251256281407,1,68,3872,0.982438016528926,"TMMwsp",FALSE,FALSE,0.813025171232756,"batch_removed",12,4,0,FALSE,5,1235672.5
11110,195,178,17,1720,0.103488372093023,0.912820512820513,0.0871794871794872,0.1,0.287413370547628,0,0,0,68,3872,0.982438016528926,"TMMwsp",FALSE,FALSE,0.931535525873722,"batch_ignored",12,4,0,FALSE,5,1235672.5
13135,85,81,4,1720,0.047093023255814,0.952941176470588,0.0470588235294118,0.1,0.200172160377887,0,0,0,61,2923,0.985973315087239,"TMMwsp",TRUE,FALSE,1.479027656919,"ctc_pipeline",12,5,0.35,FALSE,5,742400.5
10018,1220,258,962,1720,0.15,0.211475409836066,0.788524590163934,0.1,0.155291251128442,0,0,0,61,4025,0.984844720496894,"TMMwsp",FALSE,FALSE,0.900507055330742,"batch_removed",12,5,0.35,FALSE,5,742400.5
10018,209,157,52,1720,0.0912790697674419,0.751196172248804,0.248803827751196,0.1,0.223914019103692,0,0,0,61,4025,0.984844720496894,"TMMwsp",FALSE,FALSE,1.12818256502606,"batch_ignored",12,5,0.35,FALSE,5,742400.5
13280,71,67,4,1720,0.038953488372093,0.943661971830986,0.0563380281690141,0.1,0.210479765832799,0,0,0,54,2932,0.985675306957708,"TMMwsp",TRUE,FALSE,1.41390094239118,"ctc_pipeline",12,6,0.7,FALSE,5,908951
10216,666,197,469,1720,0.11453488372093,0.295795795795796,0.704204204204204,0.1,0.16899428704081,0,0,0,54,4131,0.986928104575163,"TMMwsp",FALSE,FALSE,0.88156538852268,"batch_removed",12,6,0.7,FALSE,5,908951
10216,247,120,127,1720,0.0697674418604651,0.48582995951417,0.51417004048583,0.1,0.176136831720723,0,0,0,54,4131,0.986928104575163,"TMMwsp",FALSE,FALSE,1.37165953815603,"batch_ignored",12,6,0.7,FALSE,5,908951
12064,131,127,4,1720,0.0738372093023256,0.969465648854962,0.0305343511450382,0.1,0.254472854484199,0,0,0,62,3682,0.98451928299837,"TMMwsp",TRUE,FALSE,1.333399949084,"ctc_pipeline",13,1,0,TRUE,5,1136017
9856,175,148,27,1720,0.086046511627907,0.845714285714286,0.154285714285714,0.1,0.237284769596546,0,0,0,62,3977,0.984410359567513,"TMMwsp",FALSE,FALSE,0.951717818966193,"batch_removed",13,1,0,TRUE,5,1136017
9856,153,141,12,1720,0.0819767441860465,0.92156862745098,0.0784313725490196,0.1,0.248197953894604,0,0,0,62,3977,0.984410359567513,"TMMwsp",FALSE,FALSE,1.05084404782603,"batch_ignored",13,1,0,TRUE,5,1136017
11969,119,113,6,1720,0.0656976744186046,0.949579831932773,0.0504201680672269,0.1,0.231851694673005,0,0,0,71,3718,0.982517482517482,"TMMwsp",TRUE,FALSE,1.32416089918437,"ctc_pipeline",13,2,0.35,TRUE,5,1159470
9807,189,132,57,1720,0.0767441860465116,0.698412698412698,0.301587301587302,0.1,0.209629320128178,0,0,0,71,3994,0.982223335002504,"TMMwsp",FALSE,FALSE,0.930564561462599,"batch_removed",13,2,0.35,TRUE,5,1159470
9807,98,96,2,1720,0.0558139534883721,0.979591836734694,0.0204081632653061,0.1,0.227047156132995,0,0,0,71,3994,0.982223335002504,"TMMwsp",FALSE,FALSE,1.16085256258462,"batch_ignored",13,2,0.35,TRUE,5,1159470
11399,77,76,1,1720,0.0441860465116279,0.987012987012987,0.012987012987013,0.1,0.21654554813699,0,0,0,38,3805,0.99053876478318,"TMMwsp",TRUE,FALSE,1.38442990828853,"ctc_pipeline",13,3,0.7,TRUE,5,673167.5
9285,140,106,34,1720,0.0616279069767442,0.757142857142857,0.242857142857143,0.1,0.192306148341445,0,0,0,38,4086,0.990699951052374,"TMMwsp",FALSE,FALSE,0.957752527102763,"batch_removed",13,3,0.7,TRUE,5,673167.5
9285,47,46,1,1720,0.0267441860465116,0.978723404255319,0.0212765957446809,0.1,0.199147851522738,0,0,0,38,4086,0.990699951052374,"TMMwsp",FALSE,FALSE,1.52321806408521,"batch_ignored",13,3,0.7,TRUE,5,673167.5
13636,76,72,4,1720,0.0418604651162791,0.947368421052632,0.0526315789473684,0.1,0.209221291872448,0,0,0,68,2873,0.983988861816916,"TMMwsp",TRUE,FALSE,1.44034484947469,"ctc_pipeline",13,4,0,FALSE,5,783591
10563,879,231,648,1720,0.134302325581395,0.262798634812287,0.737201365187713,0.1,0.161575749685389,0,0.0026246719160105,0,68,4237,0.983950908661789,"TMMwsp",FALSE,FALSE,0.880971427786442,"batch_removed",13,4,0,FALSE,5,783591
10563,144,133,11,1720,0.0773255813953488,0.923611111111111,0.0763888888888889,0.1,0.240436005920403,0,0.0026246719160105,0,68,4237,0.983950908661789,"TMMwsp",FALSE,FALSE,1.04192582192327,"batch_ignored",13,4,0,FALSE,5,783591
13740,95,91,4,1720,0.052906976744186,0.957894736842105,0.0421052631578947,0.1,0.223175611211694,0,0,0,70,2849,0.983853983853984,"TMMwsp",TRUE,FALSE,1.39160736492469,"ctc_pipeline",13,5,0.35,FALSE,5,983005
10532,506,196,310,1720,0.113953488372093,0.387351778656126,0.612648221343874,0.1,0.188725967211621,0,0,0,70,4047,0.982703236965654,"TMMwsp",FALSE,FALSE,0.872453022201676,"batch_removed",13,5,0.35,FALSE,5,983005
10532,169,140,29,1720,0.0813953488372093,0.828402366863905,0.171597633136095,0.1,0.218977788022285,0,0,0,70,4047,0.982703236965654,"TMMwsp",FALSE,FALSE,1.09597613120528,"batch_ignored",13,5,0.35,FALSE,5,983005
13272,60,55,5,1720,0.0319767441860465,0.916666666666667,0.0833333333333333,0.1,0.181109882697005,0,0,0,73,2900,0.982068965517241,"TMMwsp",TRUE,FALSE,1.42734999382935,"ctc_pipeline",13,6,0.7,FALSE,5,976834
10285,1145,210,935,1720,0.122093023255814,0.183406113537118,0.816593886462882,0.1,0.133095418571089,0,0,0,73,4331,0.98314477026091,"TMMwsp",FALSE,FALSE,0.893708480049689,"batch_removed",13,6,0.7,FALSE,5,976834
10285,349,134,215,1720,0.077906976744186,0.383954154727794,0.616045845272206,0.1,0.166829933856489,0,0,0,73,4331,0.98314477026091,"TMMwsp",FALSE,FALSE,1.33608906216121,"batch_ignored",13,6,0.7,FALSE,5,976834
12596,132,130,2,1720,0.0755813953488372,0.984848484848485,0.0151515151515152,0.1,0.262131051423694,0,0.00256410256410256,0,66,3698,0.983775013520822,"TMMwsp",TRUE,FALSE,1.25146889832835,"ctc_pipeline",14,1,0,TRUE,5,886376
10413,198,165,33,1720,0.0959302325581395,0.833333333333333,0.166666666666667,0.1,0.243919109361249,0,0.00256410256410256,0,66,4022,0.983590253605172,"TMMwsp",FALSE,FALSE,0.92680804302173,"batch_removed",14,1,0,TRUE,5,886376
10413,152,142,10,1720,0.0825581395348837,0.93421052631579,0.0657894736842105,0.1,0.253955624559931,0,0.00256410256410256,0,66,4022,0.983590253605172,"TMMwsp",FALSE,FALSE,1.00354173358149,"batch_ignored",14,1,0,TRUE,5,886376
12541,128,122,6,1720,0.0709302325581395,0.953125,0.046875,0.1,0.268587550419258,0,0,0,64,3602,0.983342587451416,"TMMwsp",TRUE,FALSE,1.23102606786876,"ctc_pipeline",14,2,0.35,TRUE,5,781925
10379,176,146,30,1720,0.0848837209302326,0.829545454545455,0.170454545454545,0.1,0.245540643830295,0,0,0,64,3899,0.983585534752501,"TMMwsp",FALSE,FALSE,0.883194827629498,"batch_removed",14,2,0.35,TRUE,5,781925
10379,121,115,6,1720,0.0668604651162791,0.950413223140496,0.0495867768595041,0.1,0.260381059715209,0,0,0,64,3899,0.983585534752501,"TMMwsp",FALSE,FALSE,1.11061391653002,"batch_ignored",14,2,0.35,TRUE,5,781925
12816,124,122,2,1720,0.0709302325581395,0.983870967741935,0.0161290322580645,0.1,0.256533193705567,0,0,0,63,3745,0.983444592790387,"TMMwsp",TRUE,FALSE,1.21285347395272,"ctc_pipeline",14,3,0.7,TRUE,5,1027605.5
10559,176,143,33,1720,0.0831395348837209,0.8125,0.1875,0.1,0.231875497432626,0,0,0,63,4082,0.984566389024988,"TMMwsp",FALSE,FALSE,0.876020201401809,"batch_removed",14,3,0.7,TRUE,5,1027605.5
10559,80,80,0,1720,0.0465116279069767,1,0,0.1,0.238868159431376,0,0,0,63,4082,0.984566389024988,"TMMwsp",FALSE,FALSE,1.41548782942911,"batch_ignored",14,3,0.7,TRUE,5,1027605.5
14033,85,82,3,1720,0.0476744186046512,0.964705882352941,0.0352941176470588,0.1,0.237792458636344,0,0,0,70,2769,0.984109786926688,"TMMwsp",TRUE,FALSE,1.37532659156728,"ctc_pipeline",14,4,0,FALSE,5,737994
10737,828,242,586,1720,0.140697674418605,0.292270531400966,0.707729468599034,0.1,0.175499738073414,0,0,0,70,3855,0.982101167315175,"TMMwsp",FALSE,FALSE,0.888736573780868,"batch_removed",14,4,0,FALSE,5,737994
10737,157,151,6,1720,0.0877906976744186,0.961783439490446,0.0382165605095541,0.1,0.269929986999391,0,0,0,70,3855,0.982101167315175,"TMMwsp",FALSE,FALSE,0.985907816017647,"batch_ignored",14,4,0,FALSE,5,737994
13135,68,67,1,1720,0.038953488372093,0.985294117647059,0.0147058823529412,0.1,0.19374712190698,0,0,0,62,2922,0.984941820670773,"TMMwsp",TRUE,FALSE,1.50224940269209,"ctc_pipeline",14,5,0.35,FALSE,5,606471
9963,1192,244,948,1720,0.141860465116279,0.204697986577181,0.795302013422819,0.1,0.150996915094953,0.00833333333333333,0,1,62,4124,0.984966052376334,"TMMwsp",FALSE,FALSE,0.915057391842974,"batch_removed",14,5,0.35,FALSE,5,606471
9963,168,131,37,1720,0.0761627906976744,0.779761904761905,0.220238095238095,0.1,0.209986455952054,0,0.00268817204301075,0,62,4124,0.984966052376334,"TMMwsp",FALSE,FALSE,1.14125981966138,"batch_ignored",14,5,0.35,FALSE,5,606471
13456,87,84,3,1720,0.0488372093023256,0.96551724137931,0.0344827586206897,0.1,0.221153052346462,0,0,0,47,2905,0.987607573149742,"TMMwsp",TRUE,FALSE,1.35153960369505,"ctc_pipeline",14,6,0.7,FALSE,5,1023567.5
10311,626,192,434,1720,0.111627906976744,0.306709265175719,0.693290734824281,0.1,0.168721579933069,0,0,0,47,4104,0.9885477582846,"TMMwsp",FALSE,FALSE,0.837224904419353,"batch_removed",14,6,0.7,FALSE,5,1023567.5
10311,180,110,70,1720,0.063953488372093,0.611111111111111,0.388888888888889,0.1,0.181341081925583,0,0,0,47,4104,0.9885477582846,"TMMwsp",FALSE,FALSE,1.3186661241608,"batch_ignored",14,6,0.7,FALSE,5,1023567.5
12698,112,106,6,1720,0.0616279069767442,0.946428571428571,0.0535714285714286,0.1,0.237573282680897,0,0,0,45,3669,0.988280185336604,"TMMwsp",TRUE,FALSE,1.27482828968203,"ctc_pipeline",15,1,0,TRUE,5,644384
10405,219,160,59,1720,0.0930232558139535,0.730593607305936,0.269406392694064,0.1,0.216530495116504,0,0.00232558139534884,0,45,3976,0.988682092555332,"TMMwsp",FALSE,FALSE,0.93790459318198,"batch_removed",15,1,0,TRUE,5,644384
10405,137,125,12,1720,0.0726744186046512,0.912408759124088,0.0875912408759124,0.1,0.233899729691527,0,0.00232558139534884,0,45,3976,0.988682092555332,"TMMwsp",FALSE,FALSE,1.00361452643194,"batch_ignored",15,1,0,TRUE,5,644384
11996,103,102,1,1720,0.0593023255813954,0.990291262135922,0.00970873786407767,0.1,0.248990693059529,0,0,0,66,3703,0.982446664866325,"TMMwsp",TRUE,FALSE,1.28696360867637,"ctc_pipeline",15,2,0.35,TRUE,5,800860
9845,186,146,40,1720,0.0848837209302326,0.78494623655914,0.21505376344086,0.1,0.230035559449678,0,0,0,66,3969,0.983371126228269,"TMMwsp",FALSE,FALSE,0.947150757678162,"batch_removed",15,2,0.35,TRUE,5,800860
9845,100,98,2,1720,0.0569767441860465,0.98,0.02,0.1,0.240956372117159,0,0,0,66,3969,0.983371126228269,"TMMwsp",FALSE,FALSE,1.15053556574622,"batch_ignored",15,2,0.35,TRUE,5,800860
11782,95,91,4,1720,0.052906976744186,0.957894736842105,0.0421052631578947,0.1,0.233157050552904,0,0,0,55,3784,0.986257928118393,"TMMwsp",TRUE,FALSE,1.33588217778676,"ctc_pipeline",15,3,0.7,TRUE,5,765421
9693,116,102,14,1720,0.0593023255813954,0.879310344827586,0.120689655172414,0.1,0.209295389358578,0,0,0,55,4089,0.986549278552213,"TMMwsp",FALSE,FALSE,0.933312156127358,"batch_removed",15,3,0.7,TRUE,5,765421
9693,53,53,0,1720,0.0308139534883721,1,0,0.1,0.214799403782706,0,0,0,55,4089,0.986549278552213,"TMMwsp",FALSE,FALSE,1.52170760383275,"batch_ignored",15,3,0.7,TRUE,5,765421
12950,70,68,2,1720,0.0395348837209302,0.971428571428571,0.0285714285714286,0.1,0.214143931832857,0,0,0,58,3027,0.985794516022464,"TMMwsp",TRUE,FALSE,1.53310181763777,"ctc_pipeline",15,4,0,FALSE,5,669438.5
9901,567,186,381,1720,0.108139534883721,0.328042328042328,0.671957671957672,0.1,0.167013170496148,0,0,0,58,4228,0.986281929990539,"TMMwsp",FALSE,FALSE,0.933420509320322,"batch_removed",15,4,0,FALSE,5,669438.5
9901,126,115,11,1720,0.0668604651162791,0.912698412698413,0.0873015873015873,0.1,0.241387072074652,0,0,0,58,4228,0.986281929990539,"TMMwsp",FALSE,FALSE,1.07605892849817,"batch_ignored",15,4,0,FALSE,5,669438.5
13145,84,81,3,1720,0.047093023255814,0.964285714285714,0.0357142857142857,0.1,0.222800546101111,0,0.00245098039215686,0,66,2845,0.984182776801406,"TMMwsp",TRUE,FALSE,1.45179584344552,"ctc_pipeline",15,5,0.35,FALSE,5,1183762.5
10021,544,203,341,1720,0.118023255813953,0.373161764705882,0.626838235294118,0.1,0.186669360363858,0.00833333333333333,0.00245098039215686,1,66,3983,0.983429575696711,"TMMwsp",FALSE,FALSE,0.898049439866465,"batch_removed",15,5,0.35,FALSE,5,1183762.5
10021,168,126,42,1720,0.0732558139534884,0.75,0.25,0.1,0.215595930825807,0,0.00245098039215686,0,66,3983,0.983429575696711,"TMMwsp",FALSE,FALSE,1.1347132720304,"batch_ignored",15,5,0.35,FALSE,5,1183762.5
12811,61,58,3,1720,0.0337209302325581,0.950819672131147,0.0491803278688525,0.1,0.203061021157776,0,0,0,51,2974,0.986550100874243,"TMMwsp",TRUE,FALSE,1.43792280558417,"ctc_pipeline",15,6,0.7,FALSE,5,919783.5
9828,599,187,412,1720,0.108720930232558,0.312186978297162,0.687813021702838,0.1,0.161626745167389,0.00833333333333333,0,1,51,4303,0.988147803857774,"TMMwsp",FALSE,FALSE,0.898283395750215,"batch_removed",15,6,0.7,FALSE,5,919783.5
9828,158,84,74,1720,0.0488372093023256,0.531645569620253,0.468354430379747,0.1,0.170293830653845,0.0166666666666667,0,2,51,4303,0.988147803857774,"TMMwsp",FALSE,FALSE,1.3809405542242,"batch_ignored",15,6,0.7,FALSE,5,919783.5
11795,114,112,2,1720,0.0651162790697674,0.982456140350877,0.0175438596491228,0.1,0.243563330898971,0,0,0,50,3814,0.987414787624541,"TMMwsp",TRUE,FALSE,1.37963805965401,"ctc_pipeline",16,1,0,TRUE,5,506707
9797,179,136,43,1720,0.0790697674418605,0.759776536312849,0.240223463687151,0.1,0.216090380540457,0,0,0,50,4134,0.987905176584422,"TMMwsp",FALSE,FALSE,1.01257874889397,"batch_removed",16,1,0,TRUE,5,506707
9797,146,133,13,1720,0.0773255813953488,0.910958904109589,0.089041095890411,0.1,0.236841958131087,0,0,0,50,4134,0.987905176584422,"TMMwsp",FALSE,FALSE,1.10742358151187,"batch_ignored",16,1,0,TRUE,5,506707
12015,116,112,4,1720,0.0651162790697674,0.96551724137931,0.0344827586206897,0.1,0.242225710266616,0,0,0,43,3816,0.989517819706499,"TMMwsp",TRUE,FALSE,1.36202756365576,"ctc_pipeline",16,2,0.35,TRUE,5,572468
9865,160,134,26,1720,0.077906976744186,0.8375,0.1625,0.1,0.221540626447165,0,0,0,43,4078,0.989455615497793,"TMMwsp",FALSE,FALSE,0.987814373612103,"batch_removed",16,2,0.35,TRUE,5,572468
9865,116,109,7,1720,0.0633720930232558,0.939655172413793,0.0603448275862069,0.1,0.234318755805597,0,0,0,43,4078,0.989455615497793,"TMMwsp",FALSE,FALSE,1.18828198765073,"batch_ignored",16,2,0.35,TRUE,5,572468
11658,113,107,6,1720,0.0622093023255814,0.946902654867257,0.0530973451327434,0.1,0.240547545338999,0,0,0,51,3866,0.986808070356958,"TMMwsp",TRUE,FALSE,1.36849710563914,"ctc_pipeline",16,3,0.7,TRUE,5,585685
9494,168,129,39,1720,0.075,0.767857142857143,0.232142857142857,0.1,0.213184627689971,0,0,0,51,4162,0.987746275828928,"TMMwsp",FALSE,FALSE,0.96778793633137,"batch_removed",16,3,0.7,TRUE,5,585685
9494,61,58,3,1720,0.0337209302325581,0.950819672131147,0.0491803278688525,0.1,0.221688332896243,0,0,0,51,4162,0.987746275828928,"TMMwsp",FALSE,FALSE,1.52984078608031,"batch_ignored",16,3,0.7,TRUE,5,585685
14126,111,107,4,1720,0.0622093023255814,0.963963963963964,0.036036036036036,0.1,0.230296498370205,0,0,0,70,2874,0.981210855949896,"TMMwsp",TRUE,FALSE,1.32628413064678,"ctc_pipeline",16,4,0,FALSE,5,802308
11038,498,208,290,1720,0.12093023255814,0.417670682730924,0.582329317269076,0.1,0.197580375324352,0,0,0,70,4161,0.983177120884403,"TMMwsp",FALSE,FALSE,0.848104669472377,"batch_removed",16,4,0,FALSE,5,802308
11038,162,149,13,1720,0.0866279069767442,0.919753086419753,0.0802469135802469,0.1,0.250026535419716,0,0,0,70,4161,0.983177120884403,"TMMwsp",FALSE,FALSE,0.980466782027796,"batch_ignored",16,4,0,FALSE,5,802308
13595,77,76,1,1720,0.0441860465116279,0.987012987012987,0.012987012987013,0.1,0.218161989355741,0,0,0,67,2870,0.97979094076655,"TMMwsp",TRUE,FALSE,1.4252617221862,"ctc_pipeline",16,5,0.35,FALSE,5,905955
10339,1069,243,826,1720,0.141279069767442,0.227315247895229,0.772684752104771,0.1,0.160991382234527,0,0.00235849056603774,0,67,4069,0.983534037847137,"TMMwsp",FALSE,FALSE,0.919342540310524,"batch_removed",16,5,0.35,FALSE,5,905955
10339,197,152,45,1720,0.0883720930232558,0.771573604060914,0.228426395939086,0.1,0.225703486115673,0,0,0,67,4069,0.983534037847137,"TMMwsp",FALSE,FALSE,1.08525054213774,"batch_ignored",16,5,0.35,FALSE,5,905955
12862,44,42,2,1720,0.0244186046511628,0.954545454545455,0.0454545454545455,0.1,0.184122668782072,0,0,0,57,2934,0.985344239945467,"TMMwsp",TRUE,FALSE,1.485625710463,"ctc_pipeline",16,6,0.7,FALSE,5,757860
9763,886,189,697,1720,0.109883720930233,0.213318284424379,0.786681715575621,0.1,0.136293715489177,0,0,0,57,4262,0.98662599718442,"TMMwsp",FALSE,FALSE,0.931690559423571,"batch_removed",16,6,0.7,FALSE,5,757860
9763,205,103,102,1720,0.0598837209302326,0.502439024390244,0.497560975609756,0.1,0.156417089818885,0,0,0,57,4262,0.98662599718442,"TMMwsp",FALSE,FALSE,1.40063068223391,"batch_ignored",16,6,0.7,FALSE,5,757860
13255,166,162,4,1720,0.0941860465116279,0.975903614457831,0.0240963855421687,0.1,0.288767591890298,0,0,0,80,3547,0.978573442345644,"TMMwsp",TRUE,FALSE,1.19447181161752,"ctc_pipeline",17,1,0,TRUE,5,1136633.5
11052,256,209,47,1720,0.121511627906977,0.81640625,0.18359375,0.1,0.271802429477941,0,0,0,80,3846,0.979199167966719,"TMMwsp",FALSE,FALSE,0.881389437067037,"batch_removed",17,1,0,TRUE,5,1136633.5
11052,185,177,8,1720,0.102906976744186,0.956756756756757,0.0432432432432432,0.1,0.284186083358337,0,0,0,80,3846,0.979199167966719,"TMMwsp",FALSE,FALSE,0.967722128232858,"batch_ignored",17,1,0,TRUE,5,1136633.5
12485,162,157,5,1720,0.0912790697674419,0.969135802469136,0.0308641975308642,0.1,0.268231713091553,0,0.00261096605744125,0,56,3661,0.985523081125376,"TMMwsp",TRUE,FALSE,1.25767851106125,"ctc_pipeline",17,2,0.35,TRUE,5,647981
10370,217,190,27,1720,0.11046511627907,0.875576036866359,0.124423963133641,0.1,0.252444742916394,0,0.00261096605744125,0,56,3970,0.985894206549118,"TMMwsp",FALSE,FALSE,0.923236683042947,"batch_removed",17,2,0.35,TRUE,5,647981
10370,156,150,6,1720,0.0872093023255814,0.961538461538462,0.0384615384615385,0.1,0.260143864515948,0,0.00261096605744125,0,56,3970,0.985894206549118,"TMMwsp",FALSE,FALSE,1.13808033631485,"batch_ignored",17,2,0.35,TRUE,5,647981
12235,122,121,1,1720,0.0703488372093023,0.991803278688525,0.00819672131147541,0.1,0.243584326691392,0,0,0,58,3755,0.984553928095872,"TMMwsp",TRUE,FALSE,1.23101458860299,"ctc_pipeline",17,3,0.7,TRUE,5,901897
10085,176,138,38,1720,0.0802325581395349,0.784090909090909,0.215909090909091,0.1,0.214231379680267,0,0,0,58,4038,0.985636453689946,"TMMwsp",FALSE,FALSE,0.90102505916346,"batch_removed",17,3,0.7,TRUE,5,901897
10085,65,65,0,1720,0.0377906976744186,1,0,0.1,0.225035458404831,0,0,0,58,4038,0.985636453689946,"TMMwsp",FALSE,FALSE,1.43138653360532,"batch_ignored",17,3,0.7,TRUE,5,901897
13041,73,71,2,1720,0.0412790697674419,0.972602739726027,0.0273972602739726,0.1,0.189267593794215,0,0.00252525252525253,0,66,2856,0.984943977591036,"TMMwsp",TRUE,FALSE,1.48693739023308,"ctc_pipeline",17,4,0,FALSE,5,1035120
9912,1329,255,1074,1720,0.148255813953488,0.191873589164786,0.808126410835214,0.1,0.149689350502362,0,0.00505050505050505,0,66,4015,0.983561643835616,"TMMwsp",FALSE,FALSE,0.922894986510793,"batch_removed",17,4,0,FALSE,5,1035120
9912,155,136,19,1720,0.0790697674418605,0.87741935483871,0.12258064516129,0.1,0.256646468449136,0,0.00505050505050505,0,66,4015,0.983561643835616,"TMMwsp",FALSE,FALSE,1.06319144153279,"batch_ignored",17,4,0,FALSE,5,1035120
13180,56,55,1,1720,0.0319767441860465,0.982142857142857,0.0178571428571429,0.1,0.189615464356085,0,0,0,61,2845,0.985588752196837,"TMMwsp",TRUE,FALSE,1.41707523794532,"ctc_pipeline",17,5,0.35,FALSE,5,902934
10018,960,215,745,1720,0.125,0.223958333333333,0.776041666666667,0.1,0.146342868432817,0,0.00492610837438424,0,61,4008,0.984780439121757,"TMMwsp",FALSE,FALSE,0.886518597693094,"batch_removed",17,5,0.35,FALSE,5,902934
10018,147,112,35,1720,0.0651162790697674,0.761904761904762,0.238095238095238,0.1,0.196586033575531,0,0,0,61,4008,0.984780439121757,"TMMwsp",FALSE,FALSE,1.08920181615943,"batch_ignored",17,5,0.35,FALSE,5,902934
12791,51,49,2,1720,0.0284883720930233,0.96078431372549,0.0392156862745098,0.1,0.175478725585955,0,0,0,47,2992,0.987967914438503,"TMMwsp",TRUE,FALSE,1.5175092793902,"ctc_pipeline",17,6,0.7,FALSE,5,707590.5
9737,1131,222,909,1720,0.12906976744186,0.196286472148541,0.803713527851459,0.1,0.14096746553199,0,0,0,47,4233,0.988896763524687,"TMMwsp",FALSE,FALSE,0.976689393740742,"batch_removed",17,6,0.7,FALSE,5,707590.5
9737,282,121,161,1720,0.0703488372093023,0.429078014184397,0.570921985815603,0.1,0.155339094909411,0,0,0,47,4233,0.988896763524687,"TMMwsp",FALSE,FALSE,1.38192796522692,"batch_ignored",17,6,0.7,FALSE,5,707590.5
12607,140,131,9,1720,0.0761627906976744,0.935714285714286,0.0642857142857143,0.1,0.266703604777851,0,0,0,53,3659,0.985788466794206,"TMMwsp",TRUE,FALSE,1.25543519749466,"ctc_pipeline",18,1,0,TRUE,5,841909.5
10470,210,169,41,1720,0.0982558139534884,0.804761904761905,0.195238095238095,0.1,0.249546822291862,0,0,0,53,3974,0.986663311524912,"TMMwsp",FALSE,FALSE,0.928797121819575,"batch_removed",18,1,0,TRUE,5,841909.5
10470,153,145,8,1720,0.0843023255813953,0.947712418300654,0.0522875816993464,0.1,0.261994420005178,0,0,0,53,3974,0.986663311524912,"TMMwsp",FALSE,FALSE,1.00651980331521,"batch_ignored",18,1,0,TRUE,5,841909.5
12693,140,133,7,1720,0.0773255813953488,0.95,0.05,0.1,0.257680257746818,0,0.00251256281407035,0,55,3767,0.98539952216618,"TMMwsp",TRUE,FALSE,1.22031376543237,"ctc_pipeline",18,2,0.35,TRUE,5,775654
10457,196,148,48,1720,0.086046511627907,0.755102040816326,0.244897959183673,0.1,0.227477432567395,0,0.00251256281407035,0,55,4084,0.986532810969638,"TMMwsp",FALSE,FALSE,0.920491041160158,"batch_removed",18,2,0.35,TRUE,5,775654
10457,126,118,8,1720,0.0686046511627907,0.936507936507937,0.0634920634920635,0.1,0.246400600845521,0,0.00251256281407035,0,55,4084,0.986532810969638,"TMMwsp",FALSE,FALSE,1.10165526773874,"batch_ignored",18,2,0.35,TRUE,5,775654
12775,153,142,11,1720,0.0825581395348837,0.928104575163399,0.0718954248366013,0.1,0.27533991409263,0,0.00512820512820513,0,67,3607,0.982256723038536,"TMMwsp",TRUE,FALSE,1.20416432294413,"ctc_pipeline",18,3,0.7,TRUE,5,1180510.5
10454,248,174,74,1720,0.101162790697674,0.701612903225806,0.298387096774194,0.1,0.242952393990199,0,0.00512820512820513,0,67,3892,0.9827852004111,"TMMwsp",FALSE,FALSE,0.887238152171596,"batch_removed",18,3,0.7,TRUE,5,1180510.5
10454,86,85,1,1720,0.0494186046511628,0.988372093023256,0.0116279069767442,0.1,0.248274634171377,0,0.00512820512820513,0,67,3892,0.9827852004111,"TMMwsp",FALSE,FALSE,1.39170999039656,"batch_ignored",18,3,0.7,TRUE,5,1180510.5
13662,79,74,5,1720,0.0430232558139535,0.936708860759494,0.0632911392405063,0.1,0.186103118618832,0,0,0,63,2788,0.982783357245337,"TMMwsp",TRUE,FALSE,1.38243433891699,"ctc_pipeline",18,4,0,FALSE,5,715154.5
10507,1241,238,1003,1720,0.138372093023256,0.191780821917808,0.808219178082192,0.1,0.149968459140111,0,0,0,63,3907,0.983875095981572,"TMMwsp",FALSE,FALSE,0.878827180421249,"batch_removed",18,4,0,FALSE,5,715154.5
10507,147,139,8,1720,0.0808139534883721,0.945578231292517,0.054421768707483,0.1,0.242365820010499,0,0,0,63,3907,0.983875095981572,"TMMwsp",FALSE,FALSE,0.997053940597285,"batch_ignored",18,4,0,FALSE,5,715154.5
13597,59,54,5,1720,0.0313953488372093,0.915254237288136,0.0847457627118644,0.1,0.200917950517155,0,0,0,62,2808,0.983618233618234,"TMMwsp",TRUE,FALSE,1.3831749765203,"ctc_pipeline",18,5,0.35,FALSE,5,966971.5
10379,1125,247,878,1720,0.143604651162791,0.219555555555556,0.780444444444444,0.1,0.150133355366977,0,0.00259067357512953,0,62,3984,0.984437751004016,"TMMwsp",FALSE,FALSE,0.87590854650685,"batch_removed",18,5,0.35,FALSE,5,966971.5
10379,193,139,54,1720,0.0808139534883721,0.72020725388601,0.27979274611399,0.1,0.208801441949351,0,0,0,62,3984,0.984437751004016,"TMMwsp",FALSE,FALSE,1.07784177002435,"batch_ignored",18,5,0.35,FALSE,5,966971.5
13343,92,90,2,1720,0.0523255813953488,0.978260869565217,0.0217391304347826,0.1,0.22569880799555,0,0.00253164556962025,0,55,2871,0.986415882967607,"TMMwsp",TRUE,FALSE,1.40360188295948,"ctc_pipeline",18,6,0.7,FALSE,5,863559.5
10038,724,227,497,1720,0.131976744186047,0.31353591160221,0.68646408839779,0.1,0.182542524893187,0,0.00506329113924051,0,55,4025,0.986335403726708,"TMMwsp",FALSE,FALSE,0.856795065173187,"batch_removed",18,6,0.7,FALSE,5,863559.5
10038,237,133,104,1720,0.0773255813953488,0.561181434599156,0.438818565400844,0.1,0.18879606083638,0,0.00253164556962025,0,55,4025,0.986335403726708,"TMMwsp",FALSE,FALSE,1.32782921538271,"batch_ignored",18,6,0.7,FALSE,5,863559.5
12378,110,104,6,1720,0.0604651162790698,0.945454545454545,0.0545454545454545,0.1,0.251062291747872,0,0.0024390243902439,0,58,3641,0.984344960175776,"TMMwsp",TRUE,FALSE,1.29868078469287,"ctc_pipeline",19,1,0,TRUE,5,652435.5
10193,185,147,38,1720,0.0854651162790698,0.794594594594595,0.205405405405405,0.1,0.23274590495637,0,0.0024390243902439,0,58,3972,0.98539778449144,"TMMwsp",FALSE,FALSE,0.966531768072501,"batch_removed",19,1,0,TRUE,5,652435.5
10193,136,126,10,1720,0.0732558139534884,0.926470588235294,0.0735294117647059,0.1,0.248444312213197,0,0.0048780487804878,0,58,3972,0.98539778449144,"TMMwsp",FALSE,FALSE,1.03694204155953,"batch_ignored",19,1,0,TRUE,5,652435.5
12724,132,129,3,1720,0.075,0.977272727272727,0.0227272727272727,0.1,0.253472569950825,0,0,0,58,3613,0.985053971768613,"TMMwsp",TRUE,FALSE,1.23381209929134,"ctc_pipeline",19,2,0.35,TRUE,5,1028652.5
10494,203,163,40,1720,0.0947674418604651,0.80295566502463,0.197044334975369,0.1,0.236526058482631,0,0,0,58,3914,0.985181400102197,"TMMwsp",FALSE,FALSE,0.896412384023396,"batch_removed",19,2,0.35,TRUE,5,1028652.5
10494,137,127,10,1720,0.0738372093023256,0.927007299270073,0.072992700729927,0.1,0.246221532135294,0,0,0,58,3914,0.985181400102197,"TMMwsp",FALSE,FALSE,1.111168766009,"batch_ignored",19,2,0.35,TRUE,5,1028652.5
12131,127,124,3,1720,0.072093023255814,0.976377952755906,0.0236220472440945,0.1,0.243463869198054,0,0,0,55,3781,0.98598254430045,"TMMwsp",TRUE,FALSE,1.28168299821054,"ctc_pipeline",19,3,0.7,TRUE,5,708515
9825,205,148,57,1720,0.086046511627907,0.721951219512195,0.278048780487805,0.1,0.206749711525064,0,0,0,55,4063,0.986463204528673,"TMMwsp",FALSE,FALSE,0.916030189866679,"batch_removed",19,3,0.7,TRUE,5,708515
9825,84,83,1,1720,0.0482558139534884,0.988095238095238,0.0119047619047619,0.1,0.21750156000145,0,0,0,55,4063,0.986463204528673,"TMMwsp",FALSE,FALSE,1.45406514149029,"batch_ignored",19,3,0.7,TRUE,5,708515
14633,113,109,4,1720,0.0633720930232558,0.964601769911504,0.0353982300884956,0.1,0.239324573267709,0,0.0026246719160105,0,79,2592,0.979552469135803,"TMMwsp",TRUE,FALSE,1.24663842363041,"ctc_pipeline",19,4,0,FALSE,5,1152148
11503,760,242,518,1720,0.140697674418605,0.318421052631579,0.681578947368421,0.1,0.190228819339854,0,0.0026246719160105,0,79,3752,0.978944562899787,"TMMwsp",FALSE,FALSE,0.797854065713048,"batch_removed",19,4,0,FALSE,5,1152148
11503,175,167,8,1720,0.097093023255814,0.954285714285714,0.0457142857142857,0.1,0.275527129894817,0,0.0026246719160105,0,79,3752,0.978944562899787,"TMMwsp",FALSE,FALSE,0.92799226026323,"batch_ignored",19,4,0,FALSE,5,1152148
13887,102,98,4,1720,0.0569767441860465,0.96078431372549,0.0392156862745098,0.1,0.229731862264567,0,0,0,67,2829,0.983739837398374,"TMMwsp",TRUE,FALSE,1.37462877666322,"ctc_pipeline",19,5,0.35,FALSE,5,677190
10649,879,253,626,1720,0.147093023255814,0.287827076222981,0.712172923777019,0.1,0.182086063869701,0,0,0,67,3986,0.983191169091821,"TMMwsp",FALSE,FALSE,0.896737600749469,"batch_removed",19,5,0.35,FALSE,5,677190
10649,176,150,26,1720,0.0872093023255814,0.852272727272727,0.147727272727273,0.1,0.240313727925406,0,0.0025974025974026,0,67,3986,0.983191169091821,"TMMwsp",FALSE,FALSE,1.10249426091814,"batch_ignored",19,5,0.35,FALSE,5,677190
11295,51,50,1,1720,0.0290697674418605,0.980392156862745,0.0196078431372549,0.1,0.173820527422571,0,0,0,50,3101,0.987423411802644,"TMMwsp",TRUE,FALSE,1.68684221630272,"ctc_pipeline",19,6,0.7,FALSE,5,697750
8483,424,129,295,1720,0.075,0.304245283018868,0.695754716981132,0.1,0.146856496877914,0,0,0,50,4272,0.988295880149813,"TMMwsp",FALSE,FALSE,1.03132506581458,"batch_removed",19,6,0.7,FALSE,5,697750
8483,139,79,60,1720,0.0459302325581395,0.568345323741007,0.431654676258993,0.1,0.15544653512877,0,0,0,50,4272,0.988295880149813,"TMMwsp",FALSE,FALSE,1.5441958510893,"batch_ignored",19,6,0.7,FALSE,5,697750
13264,158,148,10,1720,0.086046511627907,0.936708860759494,0.0632911392405063,0.1,0.285113967098606,0,0,0,76,3502,0.979725870930897,"TMMwsp",TRUE,FALSE,1.17664977187868,"ctc_pipeline",20,1,0,TRUE,5,1180905.5
11081,234,183,51,1720,0.106395348837209,0.782051282051282,0.217948717948718,0.1,0.255801387130586,0,0,0,76,3824,0.980125523012552,"TMMwsp",FALSE,FALSE,0.849228718278884,"batch_removed",20,1,0,TRUE,5,1180905.5
11081,175,158,17,1720,0.0918604651162791,0.902857142857143,0.0971428571428571,0.1,0.274459163932147,0,0,0,76,3824,0.980125523012552,"TMMwsp",FALSE,FALSE,0.93832570550457,"batch_ignored",20,1,0,TRUE,5,1180905.5
12792,117,114,3,1720,0.0662790697674419,0.974358974358974,0.0256410256410256,0.1,0.267478814458156,0,0,0,69,3533,0.981035946787433,"TMMwsp",TRUE,FALSE,1.20757964319871,"ctc_pipeline",20,2,0.35,TRUE,5,776754
10546,182,147,35,1720,0.0854651162790698,0.807692307692308,0.192307692307692,0.1,0.24070894713568,0,0.0025706940874036,0,69,3809,0.981885009188763,"TMMwsp",FALSE,FALSE,0.873547266852009,"batch_removed",20,2,0.35,TRUE,5,776754
10546,106,102,4,1720,0.0593023255813954,0.962264150943396,0.0377358490566038,0.1,0.260797446842206,0,0,0,69,3809,0.981885009188763,"TMMwsp",FALSE,FALSE,1.08930977125255,"batch_ignored",20,2,0.35,TRUE,5,776754
12695,136,132,4,1720,0.0767441860465116,0.970588235294118,0.0294117647058824,0.1,0.263755000436941,0,0,0,60,3671,0.9847453010079,"TMMwsp",TRUE,FALSE,1.2189434610026,"ctc_pipeline",20,3,0.7,TRUE,5,910604
10355,270,186,84,1720,0.108139534883721,0.688888888888889,0.311111111111111,0.1,0.232785829151109,0,0,0,60,3945,0.984790874524715,"TMMwsp",FALSE,FALSE,0.888244762186212,"batch_removed",20,3,0.7,TRUE,5,910604
10355,70,70,0,1720,0.0406976744186047,1,0,0.1,0.243381700654144,0,0,0,60,3945,0.984790874524715,"TMMwsp",FALSE,FALSE,1.40359817425815,"batch_ignored",20,3,0.7,TRUE,5,910604
13773,98,93,5,1720,0.0540697674418605,0.948979591836735,0.0510204081632653,0.1,0.232155725349914,0,0,0,64,2775,0.982702702702703,"TMMwsp",TRUE,FALSE,1.39826689185887,"ctc_pipeline",20,4,0,FALSE,5,674924
10647,561,219,342,1720,0.127325581395349,0.390374331550802,0.609625668449198,0.1,0.187956813392601,0,0,0,64,3949,0.983793365408964,"TMMwsp",FALSE,FALSE,0.88715474575208,"batch_removed",20,4,0,FALSE,5,674924
10647,167,155,12,1720,0.0901162790697674,0.92814371257485,0.0718562874251497,0.1,0.251817808347081,0,0,0,64,3949,0.983793365408964,"TMMwsp",FALSE,FALSE,1.03401641640205,"batch_ignored",20,4,0,FALSE,5,674924
13055,61,60,1,1720,0.0348837209302326,0.983606557377049,0.0163934426229508,0.1,0.211540145822316,0,0,0,68,2923,0.982210058159425,"TMMwsp",TRUE,FALSE,1.44942613172113,"ctc_pipeline",20,5,0.35,FALSE,5,791613.5
9977,549,185,364,1720,0.107558139534884,0.336976320582878,0.663023679417122,0.1,0.171363517413308,0,0.00238095238095238,0,68,4106,0.98343886994642,"TMMwsp",FALSE,FALSE,0.902245261722809,"batch_removed",20,5,0.35,FALSE,5,791613.5
9977,148,117,31,1720,0.0680232558139535,0.790540540540541,0.209459459459459,0.1,0.208754838287636,0,0,0,68,4106,0.98343886994642,"TMMwsp",FALSE,FALSE,1.12763200277158,"batch_ignored",20,5,0.35,FALSE,5,791613.5
13563,81,78,3,1720,0.0453488372093023,0.962962962962963,0.037037037037037,0.1,0.224350517766115,0,0.00251889168765743,0,59,2916,0.982853223593964,"TMMwsp",TRUE,FALSE,1.37087526344438,"ctc_pipeline",20,6,0.7,FALSE,5,1027106
10313,692,217,475,1720,0.126162790697674,0.313583815028902,0.686416184971098,0.1,0.173993933172159,0,0,0,59,4057,0.985457234409662,"TMMwsp",FALSE,FALSE,0.86419717907291,"batch_removed",20,6,0.7,FALSE,5,1027106
10313,247,142,105,1720,0.0825581395348837,0.574898785425101,0.425101214574899,0.1,0.194273398899838,0,0,0,59,4057,0.985457234409662,"TMMwsp",FALSE,FALSE,1.32791286326926,"batch_ignored",20,6,0.7,FALSE,5,1027106
12464,121,115,6,1720,0.0668604651162791,0.950413223140496,0.0495867768595041,0.1,0.239894691152474,0,0,0,68,3645,0.98161865569273,"TMMwsp",TRUE,FALSE,1.31505246008248,"ctc_pipeline",21,1,0,TRUE,5,911316.5
10253,189,137,52,1720,0.0796511627906977,0.724867724867725,0.275132275132275,0.1,0.215197942009196,0,0,0,68,4004,0.983016983016983,"TMMwsp",FALSE,FALSE,0.938249443110846,"batch_removed",21,1,0,TRUE,5,911316.5
10253,142,131,11,1720,0.0761627906976744,0.922535211267606,0.0774647887323944,0.1,0.235977350898145,0,0,0,68,4004,0.983016983016983,"TMMwsp",FALSE,FALSE,1.03186646556007,"batch_ignored",21,1,0,TRUE,5,911316.5
12748,125,120,5,1720,0.0697674418604651,0.96,0.04,0.1,0.251679174654109,0,0.0022271714922049,0,73,3666,0.981723949809056,"TMMwsp",TRUE,FALSE,1.25532341707892,"ctc_pipeline",21,2,0.35,TRUE,5,979547.5
10650,179,149,30,1720,0.0866279069767442,0.832402234636871,0.167597765363128,0.1,0.228421875815949,0,0.0022271714922049,0,73,4014,0.98181365221724,"TMMwsp",FALSE,FALSE,0.907859355996529,"batch_removed",21,2,0.35,TRUE,5,979547.5
10650,113,109,4,1720,0.0633720930232558,0.964601769911504,0.0353982300884956,0.1,0.245382158167602,0,0.0022271714922049,0,73,4014,0.98181365221724,"TMMwsp",FALSE,FALSE,1.12075707756101,"batch_ignored",21,2,0.35,TRUE,5,979547.5
12200,104,99,5,1720,0.0575581395348837,0.951923076923077,0.0480769230769231,0.1,0.238077321569253,0,0,0,49,3826,0.987192890747517,"TMMwsp",TRUE,FALSE,1.28192631350313,"ctc_pipeline",21,3,0.7,TRUE,5,555952.5
9956,141,117,24,1720,0.0680232558139535,0.829787234042553,0.170212765957447,0.1,0.217524451944799,0,0,0,49,4132,0.988141335914811,"TMMwsp",FALSE,FALSE,0.920960570366124,"batch_removed",21,3,0.7,TRUE,5,555952.5
9956,68,67,1,1720,0.038953488372093,0.985294117647059,0.0147058823529412,0.1,0.218960524483003,0,0,0,49,4132,0.988141335914811,"TMMwsp",FALSE,FALSE,1.45386173635988,"batch_ignored",21,3,0.7,TRUE,5,555952.5
13613,52,50,2,1720,0.0290697674418605,0.961538461538462,0.0384615384615385,0.1,0.177789781965389,0,0,0,62,2925,0.984957264957265,"TMMwsp",TRUE,FALSE,1.41555688756892,"ctc_pipeline",21,4,0,FALSE,5,1085043
10412,1497,260,1237,1720,0.151162790697674,0.173680694722779,0.826319305277221,0.1,0.13249684079778,0,0.00245098039215686,0,62,4014,0.984554060787245,"TMMwsp",FALSE,FALSE,0.88856999870095,"batch_removed",21,4,0,FALSE,5,1085043
10412,145,132,13,1720,0.0767441860465116,0.910344827586207,0.0896551724137931,0.1,0.242297022864472,0,0,0,62,4014,0.984554060787245,"TMMwsp",FALSE,FALSE,0.995108124931382,"batch_ignored",21,4,0,FALSE,5,1085043
13558,61,59,2,1720,0.0343023255813954,0.967213114754098,0.0327868852459016,0.1,0.178423838587538,0,0.00241545893719807,0,60,2837,0.98625308424392,"TMMwsp",TRUE,FALSE,1.44502063414118,"ctc_pipeline",21,5,0.35,FALSE,5,708829
10378,1325,251,1074,1720,0.14593023255814,0.189433962264151,0.810566037735849,0.1,0.13478779866137,0,0.0072463768115942,0,60,4035,0.985130111524164,"TMMwsp",FALSE,FALSE,0.911892685264075,"batch_removed",21,5,0.35,FALSE,5,708829
10378,171,114,57,1720,0.0662790697674419,0.666666666666667,0.333333333333333,0.1,0.191965681470388,0,0.00483091787439614,0,60,4035,0.985130111524164,"TMMwsp",FALSE,FALSE,1.11295440598652,"batch_ignored",21,5,0.35,FALSE,5,708829
13577,83,80,3,1720,0.0465116279069767,0.963855421686747,0.036144578313253,0.1,0.196492438077185,0,0,0,73,2903,0.985532208060627,"TMMwsp",TRUE,FALSE,1.38242063388551,"ctc_pipeline",21,6,0.7,FALSE,5,849376.5
10487,976,230,746,1720,0.133720930232558,0.235655737704918,0.764344262295082,0.1,0.156153391161118,0.00833333333333333,0.00744416873449132,1,73,4234,0.982758620689655,"TMMwsp",FALSE,FALSE,0.853159222129871,"batch_removed",21,6,0.7,FALSE,5,849376.5
10487,250,124,126,1720,0.072093023255814,0.496,0.504,0.1,0.173789759152529,0,0.00248138957816377,0,73,4234,0.982758620689655,"TMMwsp",FALSE,FALSE,1.33018132854423,"batch_ignored",21,6,0.7,FALSE,5,849376.5
12078,111,101,10,1720,0.0587209302325581,0.90990990990991,0.0900900900900901,0.1,0.241949203646292,0,0,0,60,3770,0.984350132625995,"TMMwsp",TRUE,FALSE,1.34616761086912,"ctc_pipeline",22,1,0,TRUE,5,868704.5
9901,178,143,35,1720,0.0831395348837209,0.803370786516854,0.196629213483146,0.1,0.226189518159708,0,0,0,60,4056,0.985207100591716,"TMMwsp",FALSE,FALSE,0.968409802299492,"batch_removed",22,1,0,TRUE,5,868704.5
9901,133,121,12,1720,0.0703488372093023,0.909774436090226,0.0902255639097744,0.1,0.233976016080128,0,0,0,60,4056,0.985207100591716,"TMMwsp",FALSE,FALSE,1.06450637833926,"batch_ignored",22,1,0,TRUE,5,868704.5
13023,142,135,7,1720,0.0784883720930233,0.950704225352113,0.0492957746478873,0.1,0.265248936899201,0,0.00255754475703325,0,75,3582,0.979620323841429,"TMMwsp",TRUE,FALSE,1.21513241224178,"ctc_pipeline",22,2,0.35,TRUE,5,908808.5
10777,202,163,39,1720,0.0947674418604651,0.806930693069307,0.193069306930693,0.1,0.2402535204575,0,0.00255754475703325,0,75,3864,0.980590062111801,"TMMwsp",FALSE,FALSE,0.897215579938594,"batch_removed",22,2,0.35,TRUE,5,908808.5
10777,134,126,8,1720,0.0732558139534884,0.940298507462687,0.0597014925373134,0.1,0.253967679270465,0,0.00255754475703325,0,75,3864,0.980590062111801,"TMMwsp",FALSE,FALSE,1.09885819376774,"batch_ignored",22,2,0.35,TRUE,5,908808.5
11382,100,98,2,1720,0.0569767441860465,0.98,0.02,0.1,0.216413358209459,0,0,0,54,3872,0.986311983471074,"TMMwsp",TRUE,FALSE,1.3830114052874,"ctc_pipeline",22,3,0.7,TRUE,5,573231.5
9207,113,97,16,1720,0.0563953488372093,0.858407079646018,0.141592920353982,0.1,0.19905504575963,0,0,0,54,4133,0.986934430195984,"TMMwsp",FALSE,FALSE,0.99090748946439,"batch_removed",22,3,0.7,TRUE,5,573231.5
9207,69,69,0,1720,0.0401162790697674,1,0,0.1,0.196841531601081,0,0,0,54,4133,0.986934430195984,"TMMwsp",FALSE,FALSE,1.53118447104431,"batch_ignored",22,3,0.7,TRUE,5,573231.5
13747,75,72,3,1720,0.0418604651162791,0.96,0.04,0.1,0.203165517721889,0,0.00246913580246914,0,59,2733,0.982070984266374,"TMMwsp",TRUE,FALSE,1.38275628204748,"ctc_pipeline",22,4,0,FALSE,5,647176
10645,1229,267,962,1720,0.155232558139535,0.217249796582587,0.782750203417413,0.1,0.151872097533497,0,0.00493827160493827,0,59,3858,0.984707102125454,"TMMwsp",FALSE,FALSE,0.878918549346282,"batch_removed",22,4,0,FALSE,5,647176
10645,148,137,11,1720,0.0796511627906977,0.925675675675676,0.0743243243243243,0.1,0.245716535082677,0,0.00493827160493827,0,59,3858,0.984707102125454,"TMMwsp",FALSE,FALSE,1.00485339334885,"batch_ignored",22,4,0,FALSE,5,647176
13405,75,70,5,1720,0.0406976744186047,0.933333333333333,0.0666666666666667,0.1,0.200157502029971,0,0,0,56,2947,0.984390906006108,"TMMwsp",TRUE,FALSE,1.42668883148637,"ctc_pipeline",22,5,0.35,FALSE,5,665552.5
10239,1112,255,857,1720,0.148255813953488,0.22931654676259,0.77068345323741,0.1,0.148692080826193,0,0,0,56,4050,0.986172839506173,"TMMwsp",FALSE,FALSE,0.928530387812433,"batch_removed",22,5,0.35,FALSE,5,665552.5
10239,170,132,38,1720,0.0767441860465116,0.776470588235294,0.223529411764706,0.1,0.218056714489049,0,0,0,56,4050,0.986172839506173,"TMMwsp",FALSE,FALSE,1.10412433976353,"batch_ignored",22,5,0.35,FALSE,5,665552.5
13112,83,80,3,1720,0.0465116279069767,0.963855421686747,0.036144578313253,0.1,0.215114342907583,0,0,0,50,2934,0.987048398091343,"TMMwsp",TRUE,FALSE,1.41683461634143,"ctc_pipeline",22,6,0.7,FALSE,5,856631.5
9965,483,166,317,1720,0.0965116279069767,0.343685300207039,0.656314699792961,0.1,0.165730666587181,0,0,0,50,4085,0.987760097919217,"TMMwsp",FALSE,FALSE,0.881181387321178,"batch_removed",22,6,0.7,FALSE,5,856631.5
9965,258,129,129,1720,0.075,0.5,0.5,0.1,0.166619501466567,0,0.00254452926208651,0,50,4085,0.987760097919217,"TMMwsp",FALSE,FALSE,1.37422637020794,"batch_ignored",22,6,0.7,FALSE,5,856631.5
12953,138,134,4,1720,0.077906976744186,0.971014492753623,0.0289855072463768,0.1,0.264505305885885,0,0,0,68,3755,0.982423435419441,"TMMwsp",TRUE,FALSE,1.2333527984036,"ctc_pipeline",23,1,0,TRUE,5,745655.5
10832,206,167,39,1720,0.097093023255814,0.810679611650485,0.189320388349515,0.1,0.245034143787085,0,0,0,68,4046,0.983193277310924,"TMMwsp",FALSE,FALSE,0.905675070328249,"batch_removed",23,1,0,TRUE,5,745655.5
10832,160,147,13,1720,0.0854651162790698,0.91875,0.08125,0.1,0.258545815670141,0,0,0,68,4046,0.983193277310924,"TMMwsp",FALSE,FALSE,0.991474772547061,"batch_ignored",23,1,0,TRUE,5,745655.5
12956,139,134,5,1720,0.077906976744186,0.964028776978417,0.0359712230215827,0.1,0.260535074362548,0,0,0,66,3662,0.983342435827417,"TMMwsp",TRUE,FALSE,1.23842977245568,"ctc_pipeline",23,2,0.35,TRUE,5,1240981.5
10698,203,163,40,1720,0.0947674418604651,0.80295566502463,0.197044334975369,0.1,0.240315718918248,0,0,0,66,3972,0.983383685800604,"TMMwsp",FALSE,FALSE,0.88964860623531,"batch_removed",23,2,0.35,TRUE,5,1240981.5
10698,136,128,8,1720,0.0744186046511628,0.941176470588235,0.0588235294117647,0.1,0.251055444458567,0,0,0,66,3972,0.983383685800604,"TMMwsp",FALSE,FALSE,1.10744803183614,"batch_ignored",23,2,0.35,TRUE,5,1240981.5
12337,138,131,7,1720,0.0761627906976744,0.949275362318841,0.0507246376811594,0.1,0.252599847448985,0,0,0,64,3672,0.98338779956427,"TMMwsp",TRUE,FALSE,1.23467943842194,"ctc_pipeline",23,3,0.7,TRUE,5,869422.5
10267,212,156,56,1720,0.0906976744186047,0.735849056603774,0.264150943396226,0.1,0.229779638807396,0,0,0,64,3971,0.983883152858222,"TMMwsp",FALSE,FALSE,0.874779214689893,"batch_removed",23,3,0.7,TRUE,5,869422.5
10267,83,79,4,1720,0.0459302325581395,0.951807228915663,0.0481927710843374,0.1,0.23639692072421,0,0,0,64,3971,0.983883152858222,"TMMwsp",FALSE,FALSE,1.4266743485966,"batch_ignored",23,3,0.7,TRUE,5,869422.5
14713,81,79,2,1720,0.0459302325581395,0.975308641975309,0.0246913580246914,0.1,0.220188849778895,0,0,0,70,2693,0.982547344968437,"TMMwsp",TRUE,FALSE,1.32623123425311,"ctc_pipeline",23,4,0,FALSE,5,1019148
11388,1631,329,1302,1720,0.191279069767442,0.201716738197425,0.798283261802575,0.1,0.155515784151523,0,0.00505050505050505,0,70,3819,0.981670594396439,"TMMwsp",FALSE,FALSE,0.840372298134348,"batch_removed",23,4,0,FALSE,5,1019148
11388,183,173,10,1720,0.100581395348837,0.945355191256831,0.0546448087431694,0.1,0.286356396037536,0,0.00757575757575758,0,70,3819,0.981670594396439,"TMMwsp",FALSE,FALSE,0.951438388394278,"batch_ignored",23,4,0,FALSE,5,1019148
13589,62,62,0,1720,0.036046511627907,1,0,0.1,0.190028922187832,0,0,0,66,2800,0.981428571428571,"TMMwsp",TRUE,FALSE,1.39903177275883,"ctc_pipeline",23,5,0.35,FALSE,5,927918.5
10441,1380,260,1120,1720,0.151162790697674,0.188405797101449,0.811594202898551,0.1,0.14188682384217,0.00833333333333333,0,1,66,3973,0.983387868109741,"TMMwsp",FALSE,FALSE,0.882034499129137,"batch_removed",23,5,0.35,FALSE,5,927918.5
10441,221,147,74,1720,0.0854651162790698,0.665158371040724,0.334841628959276,0.1,0.213872946544309,0,0,0,66,3973,0.983387868109741,"TMMwsp",FALSE,FALSE,1.08043126184935,"batch_ignored",23,5,0.35,FALSE,5,927918.5
12183,51,51,0,1720,0.0296511627906977,1,0,0.1,0.200040084741094,0,0,0,44,3027,0.989428477039974,"TMMwsp",TRUE,FALSE,1.52914249231525,"ctc_pipeline",23,6,0.7,FALSE,5,612047.5
9148,336,139,197,1720,0.0808139534883721,0.413690476190476,0.586309523809524,0.1,0.161682534537982,0,0,0,44,4156,0.989412897016362,"TMMwsp",FALSE,FALSE,0.917045454471355,"batch_removed",23,6,0.7,FALSE,5,612047.5
9148,187,92,95,1720,0.0534883720930233,0.491978609625668,0.508021390374332,0.1,0.156908890572462,0,0,0,44,4156,0.989412897016362,"TMMwsp",FALSE,FALSE,1.44020994575828,"batch_ignored",23,6,0.7,FALSE,5,612047.5
12415,115,110,5,1720,0.063953488372093,0.956521739130435,0.0434782608695652,0.1,0.242612378973375,0,0,0,56,3704,0.985151187904968,"TMMwsp",TRUE,FALSE,1.28127068777625,"ctc_pipeline",24,1,0,TRUE,5,937913
10205,177,138,39,1720,0.0802325581395349,0.779661016949153,0.220338983050847,0.1,0.229592431456696,0,0,0,56,4036,0.986124876114965,"TMMwsp",FALSE,FALSE,0.904726755523729,"batch_removed",24,1,0,TRUE,5,937913
10205,132,120,12,1720,0.0697674418604651,0.909090909090909,0.0909090909090909,0.1,0.242119816058459,0,0,0,56,4036,0.986124876114965,"TMMwsp",FALSE,FALSE,1.01480869077143,"batch_ignored",24,1,0,TRUE,5,937913
12090,125,119,6,1720,0.0691860465116279,0.952,0.048,0.1,0.243147637510993,0,0.00255102040816327,0,51,3708,0.986245954692557,"TMMwsp",TRUE,FALSE,1.33864978444684,"ctc_pipeline",24,2,0.35,TRUE,5,699637.5
9866,202,153,49,1720,0.088953488372093,0.757425742574257,0.242574257425743,0.1,0.219701252262842,0,0.00255102040816327,0,51,3998,0.987243621810905,"TMMwsp",FALSE,FALSE,0.965038672170608,"batch_removed",24,2,0.35,TRUE,5,699637.5
9866,123,116,7,1720,0.0674418604651163,0.943089430894309,0.056910569105691,0.1,0.236474516429448,0,0.00255102040816327,0,51,3998,0.987243621810905,"TMMwsp",FALSE,FALSE,1.18942952910685,"batch_ignored",24,2,0.35,TRUE,5,699637.5
12052,124,117,7,1720,0.0680232558139535,0.943548387096774,0.0564516129032258,0.1,0.22471394634008,0,0.00239808153477218,0,62,3643,0.983804556684052,"TMMwsp",TRUE,FALSE,1.3222006071073,"ctc_pipeline",24,3,0.7,TRUE,5,723626.5
9794,167,133,34,1720,0.0773255813953488,0.796407185628742,0.203592814371257,0.1,0.211381410088283,0,0,0,62,3907,0.984131046839007,"TMMwsp",FALSE,FALSE,0.932386024917434,"batch_removed",24,3,0.7,TRUE,5,723626.5
9794,71,71,0,1720,0.0412790697674419,1,0,0.1,0.208359703302495,0,0.00239808153477218,0,62,3907,0.984131046839007,"TMMwsp",FALSE,FALSE,1.49103138680714,"batch_ignored",24,3,0.7,TRUE,5,723626.5
13840,93,89,4,1720,0.0517441860465116,0.956989247311828,0.043010752688172,0.1,0.231407708855649,0,0.00242718446601942,0,69,2782,0.983465132997843,"TMMwsp",TRUE,FALSE,1.33523650862076,"ctc_pipeline",24,4,0,FALSE,5,846972
10663,771,242,529,1720,0.140697674418605,0.313878080415045,0.686121919584955,0.1,0.181656079208153,0.00833333333333333,0.00485436893203883,0,69,3883,0.982487767190317,"TMMwsp",FALSE,FALSE,0.841232909142628,"batch_removed",24,4,0,FALSE,5,846972
10663,152,139,13,1720,0.0808139534883721,0.914473684210526,0.0855263157894737,0.1,0.253177097703999,0,0.00485436893203883,0,69,3883,0.982487767190317,"TMMwsp",FALSE,FALSE,0.963379460209121,"batch_ignored",24,4,0,FALSE,5,846972
13332,66,63,3,1720,0.0366279069767442,0.954545454545455,0.0454545454545455,0.1,0.193346175296943,0,0.00233644859813084,0,63,2901,0.984488107549121,"TMMwsp",TRUE,FALSE,1.42242859179998,"ctc_pipeline",24,5,0.35,FALSE,5,848557
10341,867,195,672,1720,0.113372093023256,0.224913494809689,0.775086505190311,0.1,0.145976475500529,0,0.00467289719626168,0,63,4268,0.985238987816307,"TMMwsp",FALSE,FALSE,0.917267341314159,"batch_removed",24,5,0.35,FALSE,5,848557
10341,140,110,30,1720,0.063953488372093,0.785714285714286,0.214285714285714,0.1,0.196003776930541,0,0.00467289719626168,0,63,4268,0.985238987816307,"TMMwsp",FALSE,FALSE,1.12009275386383,"batch_ignored",24,5,0.35,FALSE,5,848557
12242,62,60,2,1720,0.0348837209302326,0.967741935483871,0.032258064516129,0.1,0.208476196182615,0,0,0,52,2976,0.987903225806452,"TMMwsp",TRUE,FALSE,1.62589844310766,"ctc_pipeline",24,6,0.7,FALSE,5,765780.5
9174,344,161,183,1720,0.0936046511627907,0.468023255813953,0.531976744186046,0.1,0.175896132115817,0,0,0,52,4141,0.987442646703695,"TMMwsp",FALSE,FALSE,0.947746773438013,"batch_removed",24,6,0.7,FALSE,5,765780.5
9174,199,99,100,1720,0.0575581395348837,0.49748743718593,0.50251256281407,0.1,0.169575956010679,0,0,0,52,4141,0.987442646703695,"TMMwsp",FALSE,FALSE,1.4764071538278,"batch_ignored",24,6,0.7,FALSE,5,765780.5
11945,125,120,5,1720,0.0697674418604651,0.96,0.04,0.1,0.242387964754466,0,0,0,51,3747,0.987189751801441,"TMMwsp",TRUE,FALSE,1.34049167311204,"ctc_pipeline",25,1,0,TRUE,5,622586.5
9889,177,146,31,1720,0.0848837209302326,0.824858757062147,0.175141242937853,0.1,0.226997433744604,0,0,0,51,4038,0.987369985141159,"TMMwsp",FALSE,FALSE,0.962266124947803,"batch_removed",25,1,0,TRUE,5,622586.5
9889,147,134,13,1720,0.077906976744186,0.91156462585034,0.0884353741496599,0.1,0.236653641230183,0,0,0,51,4038,0.987369985141159,"TMMwsp",FALSE,FALSE,1.05965567402194,"batch_ignored",25,1,0,TRUE,5,622586.5
12164,90,86,4,1720,0.05,0.955555555555556,0.0444444444444444,0.1,0.22849630387518,0,0,0,72,3750,0.9816,"TMMwsp",TRUE,FALSE,1.33282157041256,"ctc_pipeline",25,2,0.35,TRUE,5,757666.5
9991,155,120,35,1720,0.0697674418604651,0.774193548387097,0.225806451612903,0.1,0.203250684737472,0,0,0,72,4082,0.982361587457129,"TMMwsp",FALSE,FALSE,0.943038407748874,"batch_removed",25,2,0.35,TRUE,5,757666.5
9991,87,84,3,1720,0.0488372093023256,0.96551724137931,0.0344827586206897,0.1,0.218574441650921,0,0,0,72,4082,0.982361587457129,"TMMwsp",FALSE,FALSE,1.18189418825447,"batch_ignored",25,2,0.35,TRUE,5,757666.5
12285,136,127,9,1720,0.0738372093023256,0.933823529411765,0.0661764705882353,0.1,0.239620604063796,0,0,0,59,3653,0.984396386531618,"TMMwsp",TRUE,FALSE,1.24350214606864,"ctc_pipeline",25,3,0.7,TRUE,5,914302
10089,171,143,28,1720,0.0831395348837209,0.83625730994152,0.16374269005848,0.1,0.220884529603186,0,0,0,59,3924,0.984964322120285,"TMMwsp",FALSE,FALSE,0.890540430387986,"batch_removed",25,3,0.7,TRUE,5,914302
10089,73,71,2,1720,0.0412790697674419,0.972602739726027,0.0273972602739726,0.1,0.227323390389919,0,0,0,59,3924,0.984964322120285,"TMMwsp",FALSE,FALSE,1.44011709792071,"batch_ignored",25,3,0.7,TRUE,5,914302
13399,78,72,6,1720,0.0418604651162791,0.923076923076923,0.0769230769230769,0.1,0.195820207538604,0,0,0,61,2803,0.985016054227613,"TMMwsp",TRUE,FALSE,1.44589702700165,"ctc_pipeline",25,4,0,FALSE,5,838057.5
10226,1495,290,1205,1720,0.168604651162791,0.193979933110368,0.806020066889632,0.1,0.145889418928109,0,0,0,61,3933,0.984490211034833,"TMMwsp",FALSE,FALSE,0.924083231984494,"batch_removed",25,4,0,FALSE,5,838057.5
10226,164,150,14,1720,0.0872093023255814,0.914634146341463,0.0853658536585366,0.1,0.256083127307142,0,0.0023696682464455,0,61,3933,0.984490211034833,"TMMwsp",FALSE,FALSE,1.03503701137429,"batch_ignored",25,4,0,FALSE,5,838057.5
13354,73,69,4,1720,0.0401162790697674,0.945205479452055,0.0547945205479452,0.1,0.194250239021125,0,0,0,68,2950,0.982372881355932,"TMMwsp",TRUE,FALSE,1.46694972265065,"ctc_pipeline",25,5,0.35,FALSE,5,663251
10188,1368,259,1109,1720,0.150581395348837,0.189327485380117,0.810672514619883,0.1,0.137980405809529,0.00833333333333333,0.00496277915632754,1,68,4089,0.9833700171191,"TMMwsp",FALSE,FALSE,0.953465020205051,"batch_removed",25,5,0.35,FALSE,5,663251
10188,211,156,55,1720,0.0906976744186047,0.739336492890995,0.260663507109005,0.1,0.213307580263472,0,0.00248138957816377,0,68,4089,0.9833700171191,"TMMwsp",FALSE,FALSE,1.12749303155275,"batch_ignored",25,5,0.35,FALSE,5,663251
13677,102,96,6,1720,0.0558139534883721,0.941176470588235,0.0588235294117647,0.1,0.23258111534478,0,0,0,67,2817,0.985090521831736,"TMMwsp",TRUE,FALSE,1.36788991293985,"ctc_pipeline",25,6,0.7,FALSE,5,906162.5
10487,913,257,656,1720,0.149418604651163,0.281489594742607,0.718510405257393,0.1,0.176733059153898,0,0.00261096605744125,0,67,4081,0.983582455280569,"TMMwsp",FALSE,FALSE,0.845067275588711,"batch_removed",25,6,0.7,FALSE,5,906162.5
10487,271,144,127,1720,0.0837209302325581,0.531365313653137,0.468634686346863,0.1,0.196859655605584,0,0,0,67,4081,0.983582455280569,"TMMwsp",FALSE,FALSE,1.33226957299157,"batch_ignored",25,6,0.7,FALSE,5,906162.5
11972,121,118,3,1720,0.0686046511627907,0.975206611570248,0.0247933884297521,0.1,0.235437485794696,0,0,0,61,3695,0.984303112313938,"TMMwsp",TRUE,FALSE,1.31770718975815,"ctc_pipeline",26,1,0,TRUE,5,863902.5
9914,167,136,31,1720,0.0790697674418605,0.81437125748503,0.18562874251497,0.1,0.217579822939266,0,0,0,61,3997,0.984738553915437,"TMMwsp",FALSE,FALSE,0.950514273129376,"batch_removed",26,1,0,TRUE,5,863902.5
9914,142,131,11,1720,0.0761627906976744,0.922535211267606,0.0774647887323944,0.1,0.231920332871214,0,0,0,61,3997,0.984738553915437,"TMMwsp",FALSE,FALSE,1.04982935184406,"batch_ignored",26,1,0,TRUE,5,863902.5
12092,107,100,7,1720,0.0581395348837209,0.934579439252336,0.0654205607476635,0.1,0.220987357652486,0,0,0,70,3798,0.982885729331227,"TMMwsp",TRUE,FALSE,1.3348329066207,"ctc_pipeline",26,2,0.35,TRUE,5,860767.5
9938,169,127,42,1720,0.0738372093023256,0.751479289940828,0.248520710059172,0.1,0.197042646852677,0,0,0,70,4161,0.983177120884403,"TMMwsp",FALSE,FALSE,0.938854839182108,"batch_removed",26,2,0.35,TRUE,5,860767.5
9938,106,97,9,1720,0.0563953488372093,0.915094339622642,0.0849056603773585,0.1,0.217127414559653,0,0,0,70,4161,0.983177120884403,"TMMwsp",FALSE,FALSE,1.16527585546192,"batch_ignored",26,2,0.35,TRUE,5,860767.5
12711,141,135,6,1720,0.0784883720930233,0.957446808510638,0.0425531914893617,0.1,0.257909524527547,0,0,0,58,3594,0.984418475236505,"TMMwsp",TRUE,FALSE,1.19434273669731,"ctc_pipeline",26,3,0.7,TRUE,5,1136877.5
10376,205,162,43,1720,0.0941860465116279,0.790243902439024,0.209756097560976,0.1,0.233793108835059,0,0,0,58,3889,0.985086140395989,"TMMwsp",FALSE,FALSE,0.86179097963548,"batch_removed",26,3,0.7,TRUE,5,1136877.5
10376,72,71,1,1720,0.0412790697674419,0.986111111111111,0.0138888888888889,0.1,0.239934644248822,0,0,0,58,3889,0.985086140395989,"TMMwsp",FALSE,FALSE,1.39531438642407,"batch_ignored",26,3,0.7,TRUE,5,1136877.5
13584,70,70,0,1720,0.0406976744186047,1,0,0.1,0.229885309199317,0.00833333333333333,0,0,51,2715,0.985635359116022,"TMMwsp",TRUE,FALSE,1.42827713854097,"ctc_pipeline",26,4,0,FALSE,5,932292.5
10368,871,262,609,1720,0.152325581395349,0.300803673938002,0.699196326061998,0.1,0.176785693374556,0.00833333333333333,0,1,51,3801,0.986582478295186,"TMMwsp",FALSE,FALSE,0.865393648602613,"batch_removed",26,4,0,FALSE,5,932292.5
10368,168,157,11,1720,0.0912790697674419,0.93452380952381,0.0654761904761905,0.1,0.264964848360967,0.00833333333333333,0,1,51,3801,0.986582478295186,"TMMwsp",FALSE,FALSE,1.02337177651107,"batch_ignored",26,4,0,FALSE,5,932292.5
13844,72,68,4,1720,0.0395348837209302,0.944444444444444,0.0555555555555556,0.1,0.195730685578562,0,0,0,58,2802,0.982512491077802,"TMMwsp",TRUE,FALSE,1.35741521562071,"ctc_pipeline",26,5,0.35,FALSE,5,845943
10691,1287,269,1018,1720,0.156395348837209,0.209013209013209,0.790986790986791,0.1,0.150344419580401,0,0,0,58,4019,0.985568549390396,"TMMwsp",FALSE,FALSE,0.864065814742977,"batch_removed",26,5,0.35,FALSE,5,845943
10691,190,137,53,1720,0.0796511627906977,0.721052631578947,0.278947368421053,0.1,0.208424896347419,0,0,0,58,4019,0.985568549390396,"TMMwsp",FALSE,FALSE,1.05821272229678,"batch_ignored",26,5,0.35,FALSE,5,845943
13238,94,87,7,1720,0.0505813953488372,0.925531914893617,0.074468085106383,0.1,0.197738976494761,0,0.00244498777506112,0,64,2855,0.985288966725044,"TMMwsp",TRUE,FALSE,1.37949398085368,"ctc_pipeline",26,6,0.7,FALSE,5,509859.5
10243,1231,251,980,1720,0.14593023255814,0.203899268887084,0.796100731112916,0.1,0.151348433376708,0,0.00244498777506112,0,64,4343,0.985263642643334,"TMMwsp",FALSE,FALSE,0.905772533936756,"batch_removed",26,6,0.7,FALSE,5,509859.5
10243,262,138,124,1720,0.0802325581395349,0.526717557251908,0.473282442748092,0.1,0.180782884151965,0,0.00244498777506112,0,64,4343,0.985263642643334,"TMMwsp",FALSE,FALSE,1.33495161602486,"batch_ignored",26,6,0.7,FALSE,5,509859.5
12822,118,116,2,1720,0.0674418604651163,0.983050847457627,0.0169491525423729,0.1,0.2429369359953,0,0,0,71,3668,0.981461286804798,"TMMwsp",TRUE,FALSE,1.26618838512103,"ctc_pipeline",27,1,0,TRUE,5,994967.5
10609,183,146,37,1720,0.0848837209302326,0.797814207650273,0.202185792349727,0.1,0.219728001541444,0,0.00249376558603491,0,71,4005,0.98227215980025,"TMMwsp",FALSE,FALSE,0.919507383571834,"batch_removed",27,1,0,TRUE,5,994967.5
10609,157,144,13,1720,0.0837209302325581,0.917197452229299,0.0828025477707006,0.1,0.243108478584619,0,0.00249376558603491,0,71,4005,0.98227215980025,"TMMwsp",FALSE,FALSE,1.01248312083502,"batch_ignored",27,1,0,TRUE,5,994967.5
12366,124,118,6,1720,0.0686046511627907,0.951612903225806,0.0483870967741935,0.1,0.244426264470336,0,0,0,61,3683,0.984795004072767,"TMMwsp",TRUE,FALSE,1.28002451493324,"ctc_pipeline",27,2,0.35,TRUE,5,814415.5
10225,185,141,44,1720,0.0819767441860465,0.762162162162162,0.237837837837838,0.1,0.226873048325344,0,0,0,61,4009,0.984784235470192,"TMMwsp",FALSE,FALSE,0.924492959048935,"batch_removed",27,2,0.35,TRUE,5,814415.5
10225,119,111,8,1720,0.0645348837209302,0.932773109243697,0.0672268907563025,0.1,0.240140393180445,0,0,0,61,4009,0.984784235470192,"TMMwsp",FALSE,FALSE,1.15696623780632,"batch_ignored",27,2,0.35,TRUE,5,814415.5
12500,124,120,4,1720,0.0697674418604651,0.967741935483871,0.032258064516129,0.1,0.249237554464896,0,0,0,64,3818,0.983761131482452,"TMMwsp",TRUE,FALSE,1.23753363536528,"ctc_pipeline",27,3,0.7,TRUE,5,967495
10332,187,143,44,1720,0.0831395348837209,0.764705882352941,0.235294117647059,0.1,0.219948938667326,0,0,0,64,4182,0.984696317551411,"TMMwsp",FALSE,FALSE,0.876171172066376,"batch_removed",27,3,0.7,TRUE,5,967495
10332,63,62,1,1720,0.036046511627907,0.984126984126984,0.0158730158730159,0.1,0.227721869696512,0,0,0,64,4182,0.984696317551411,"TMMwsp",FALSE,FALSE,1.44647835473477,"batch_ignored",27,3,0.7,TRUE,5,967495
13624,79,76,3,1720,0.0441860465116279,0.962025316455696,0.0379746835443038,0.1,0.193206737708294,0,0,0,72,2886,0.983021483021483,"TMMwsp",TRUE,FALSE,1.42444938237691,"ctc_pipeline",27,4,0,FALSE,5,985550.5
10874,754,194,560,1720,0.112790697674419,0.257294429708223,0.742705570291777,0.1,0.147645168985667,0,0,0,72,4630,0.984449244060475,"TMMwsp",FALSE,FALSE,0.873702070203941,"batch_removed",27,4,0,FALSE,5,985550.5
10874,126,114,12,1720,0.0662790697674419,0.904761904761905,0.0952380952380952,0.1,0.215318225518112,0,0,0,72,4630,0.984449244060475,"TMMwsp",FALSE,FALSE,1.05698206770388,"batch_ignored",27,4,0,FALSE,5,985550.5
13640,92,90,2,1720,0.0523255813953488,0.978260869565217,0.0217391304347826,0.1,0.238354994000127,0,0.0025706940874036,0,63,2784,0.985632183908046,"TMMwsp",TRUE,FALSE,1.39534371761942,"ctc_pipeline",27,5,0.35,FALSE,5,924112.5
10533,462,196,266,1720,0.113953488372093,0.424242424242424,0.575757575757576,0.1,0.19006019727358,0,0,0,63,3991,0.984214482585818,"TMMwsp",FALSE,FALSE,0.875313837474891,"batch_removed",27,5,0.35,FALSE,5,924112.5
10533,170,133,37,1720,0.0773255813953488,0.782352941176471,0.217647058823529,0.1,0.218020826399441,0,0,0,63,3991,0.984214482585818,"TMMwsp",FALSE,FALSE,1.10827729177095,"batch_ignored",27,5,0.35,FALSE,5,924112.5
13118,75,72,3,1720,0.0418604651162791,0.96,0.04,0.1,0.195004034751658,0,0,0,62,3156,0.98384030418251,"TMMwsp",TRUE,FALSE,1.45744831867024,"ctc_pipeline",27,6,0.7,FALSE,5,894010
10141,1094,235,859,1720,0.136627906976744,0.214808043875686,0.785191956124314,0.1,0.14773183179497,0,0,0,62,4428,0.985998193315267,"TMMwsp",FALSE,FALSE,0.902152179084768,"batch_removed",27,6,0.7,FALSE,5,894010
10141,296,132,164,1720,0.0767441860465116,0.445945945945946,0.554054054054054,0.1,0.171286571272452,0,0,0,62,4428,0.985998193315267,"TMMwsp",FALSE,FALSE,1.37653914381315,"batch_ignored",27,6,0.7,FALSE,5,894010
12713,144,139,5,1720,0.0808139534883721,0.965277777777778,0.0347222222222222,0.1,0.260871911217481,0,0,0,73,3678,0.981783578031539,"TMMwsp",TRUE,FALSE,1.26553772795741,"ctc_pipeline",28,1,0,TRUE,5,829698
10510,222,170,52,1720,0.0988372093023256,0.765765765765766,0.234234234234234,0.1,0.235043268574482,0,0,0,73,3990,0.981704260651629,"TMMwsp",FALSE,FALSE,0.921696494758286,"batch_removed",28,1,0,TRUE,5,829698
10510,168,158,10,1720,0.0918604651162791,0.94047619047619,0.0595238095238095,0.1,0.257364992295517,0,0,0,73,3990,0.981704260651629,"TMMwsp",FALSE,FALSE,1.01079495539916,"batch_ignored",28,1,0,TRUE,5,829698
12281,113,108,5,1720,0.0627906976744186,0.955752212389381,0.0442477876106195,0.1,0.236599209312224,0,0,0,43,3728,0.988465665236052,"TMMwsp",TRUE,FALSE,1.30659575280797,"ctc_pipeline",28,2,0.35,TRUE,5,986877.5
10217,177,140,37,1720,0.0813953488372093,0.790960451977401,0.209039548022599,0.1,0.21730275645484,0,0,0,43,4124,0.989573229873909,"TMMwsp",FALSE,FALSE,0.936733988137448,"batch_removed",28,2,0.35,TRUE,5,986877.5
10217,98,95,3,1720,0.0552325581395349,0.969387755102041,0.0306122448979592,0.1,0.231511734861567,0,0,0,43,4124,0.989573229873909,"TMMwsp",FALSE,FALSE,1.17788977289677,"batch_ignored",28,2,0.35,TRUE,5,986877.5
12522,113,111,2,1720,0.0645348837209302,0.982300884955752,0.0176991150442478,0.1,0.253646332667682,0,0,0,59,3737,0.984479529033985,"TMMwsp",TRUE,FALSE,1.25170344433908,"ctc_pipeline",28,3,0.7,TRUE,5,869722.5
10281,196,151,45,1720,0.0877906976744186,0.770408163265306,0.229591836734694,0.1,0.221621406095738,0,0,0,59,4023,0.985334327616207,"TMMwsp",FALSE,FALSE,0.883798501504562,"batch_removed",28,3,0.7,TRUE,5,869722.5
10281,54,54,0,1720,0.0313953488372093,1,0,0.1,0.232450689518457,0,0,0,59,4023,0.985334327616207,"TMMwsp",FALSE,FALSE,1.43947016624766,"batch_ignored",28,3,0.7,TRUE,5,869722.5
13962,94,91,3,1720,0.052906976744186,0.968085106382979,0.0319148936170213,0.1,0.22319199867333,0,0,0,66,2720,0.982720588235294,"TMMwsp",TRUE,FALSE,1.30529928144535,"ctc_pipeline",28,4,0,FALSE,5,992007.5
10835,893,265,628,1720,0.15406976744186,0.296752519596864,0.703247480403135,0.1,0.178791445274894,0.00833333333333333,0,1,66,3873,0.98295894655306,"TMMwsp",FALSE,FALSE,0.798225466520868,"batch_removed",28,4,0,FALSE,5,992007.5
10835,174,164,10,1720,0.0953488372093023,0.942528735632184,0.0574712643678161,0.1,0.258329136723495,0,0.00255754475703325,0,66,3873,0.98295894655306,"TMMwsp",FALSE,FALSE,0.940458836871409,"batch_ignored",28,4,0,FALSE,5,992007.5
13235,70,68,2,1720,0.0395348837209302,0.971428571428571,0.0285714285714286,0.1,0.21189086298125,0,0,0,53,2994,0.98563794255177,"TMMwsp",TRUE,FALSE,1.41098252509694,"ctc_pipeline",28,5,0.35,FALSE,5,489090
10024,700,216,484,1720,0.125581395348837,0.308571428571429,0.691428571428571,0.1,0.166306011171862,0,0.00239808153477218,0,53,4113,0.987114028689521,"TMMwsp",FALSE,FALSE,0.910953807189161,"batch_removed",28,5,0.35,FALSE,5,489090
10024,172,137,35,1720,0.0796511627906977,0.796511627906977,0.203488372093023,0.1,0.218374136099727,0,0,0,53,4113,0.987114028689521,"TMMwsp",FALSE,FALSE,1.08635887762508,"batch_ignored",28,5,0.35,FALSE,5,489090
13194,56,52,4,1720,0.0302325581395349,0.928571428571429,0.0714285714285714,0.1,0.201121267523771,0,0,0,75,2942,0.984364377974167,"TMMwsp",TRUE,FALSE,1.37922570805798,"ctc_pipeline",28,6,0.7,FALSE,5,954798.5
9965,428,155,273,1720,0.0901162790697674,0.36214953271028,0.63785046728972,0.1,0.169325730625871,0,0,0,75,4066,0.981554353172651,"TMMwsp",FALSE,FALSE,0.864550132237716,"batch_removed",28,6,0.7,FALSE,5,954798.5
9965,160,92,68,1720,0.0534883720930233,0.575,0.425,0.1,0.163815969370694,0,0,0,75,4066,0.981554353172651,"TMMwsp",FALSE,FALSE,1.32960748092557,"batch_ignored",28,6,0.7,FALSE,5,954798.5
13136,146,144,2,1720,0.0837209302325581,0.986301369863014,0.0136986301369863,0.1,0.271055427562409,0,0,0,65,3502,0.982295830953741,"TMMwsp",TRUE,FALSE,1.23034749194103,"ctc_pipeline",29,1,0,TRUE,5,921119.5
10835,195,169,26,1720,0.0982558139534884,0.866666666666667,0.133333333333333,0.1,0.250579970507197,0,0,0,65,3790,0.982849604221636,"TMMwsp",FALSE,FALSE,0.915214902092996,"batch_removed",29,1,0,TRUE,5,921119.5
10835,160,156,4,1720,0.0906976744186047,0.975,0.025,0.1,0.262577340014263,0,0,0,65,3790,0.982849604221636,"TMMwsp",FALSE,FALSE,0.997743595989231,"batch_ignored",29,1,0,TRUE,5,921119.5
11913,105,100,5,1720,0.0581395348837209,0.952380952380952,0.0476190476190476,0.1,0.2348981844977,0,0,0,67,3726,0.982286634460548,"TMMwsp",TRUE,FALSE,1.32851224684429,"ctc_pipeline",29,2,0.35,TRUE,5,714067
9696,160,128,32,1720,0.0744186046511628,0.8,0.2,0.1,0.20884723462064,0,0,0,67,3994,0.983224837255884,"TMMwsp",FALSE,FALSE,0.94946404341243,"batch_removed",29,2,0.35,TRUE,5,714067
9696,97,89,8,1720,0.0517441860465116,0.917525773195876,0.0824742268041237,0.1,0.220667496995299,0,0,0,67,3994,0.983224837255884,"TMMwsp",FALSE,FALSE,1.17935761988372,"batch_ignored",29,2,0.35,TRUE,5,714067
12381,128,124,4,1720,0.072093023255814,0.96875,0.03125,0.1,0.249619272662861,0,0.0024390243902439,0,62,3840,0.98515625,"TMMwsp",TRUE,FALSE,1.27511940354644,"ctc_pipeline",29,3,0.7,TRUE,5,860548.5
10104,168,139,29,1720,0.0808139534883721,0.827380952380952,0.172619047619048,0.1,0.221808949483129,0,0.0024390243902439,0,62,4137,0.985013294657965,"TMMwsp",FALSE,FALSE,0.879355954460151,"batch_removed",29,3,0.7,TRUE,5,860548.5
10104,86,85,1,1720,0.0494186046511628,0.988372093023256,0.0116279069767442,0.1,0.225548360453462,0,0.0024390243902439,0,62,4137,0.985013294657965,"TMMwsp",FALSE,FALSE,1.45903554722228,"batch_ignored",29,3,0.7,TRUE,5,860548.5
13673,103,97,6,1720,0.0563953488372093,0.941747572815534,0.058252427184466,0.1,0.228106505621163,0,0,0,61,2758,0.983683828861494,"TMMwsp",TRUE,FALSE,1.36127903407065,"ctc_pipeline",29,4,0,FALSE,5,785862.5
10503,935,267,668,1720,0.155232558139535,0.285561497326203,0.714438502673797,0.1,0.177382623047962,0,0.00251256281407035,0,61,3937,0.984505969011938,"TMMwsp",FALSE,FALSE,0.85930777157013,"batch_removed",29,4,0,FALSE,5,785862.5
10503,186,174,12,1720,0.101162790697674,0.935483870967742,0.0645161290322581,0.1,0.273357996446213,0,0,0,61,3937,0.984505969011938,"TMMwsp",FALSE,FALSE,0.986109147956306,"batch_ignored",29,4,0,FALSE,5,785862.5
13636,72,67,5,1720,0.038953488372093,0.930555555555556,0.0694444444444444,0.1,0.199135259321415,0,0,0,59,2773,0.984493328525063,"TMMwsp",TRUE,FALSE,1.38691947144511,"ctc_pipeline",29,5,0.35,FALSE,5,761218.5
10441,959,245,714,1720,0.142441860465116,0.255474452554745,0.744525547445255,0.1,0.157073763736309,0,0,0,59,3937,0.98501397002794,"TMMwsp",FALSE,FALSE,0.867567363974729,"batch_removed",29,5,0.35,FALSE,5,761218.5
10441,209,146,63,1720,0.0848837209302326,0.698564593301435,0.301435406698565,0.1,0.202878747612176,0,0.00246913580246914,0,59,3937,0.98501397002794,"TMMwsp",FALSE,FALSE,1.08361112201401,"batch_ignored",29,5,0.35,FALSE,5,761218.5
12956,60,60,0,1720,0.0348837209302326,1,0,0.1,0.195095534399964,0,0,0,56,3082,0.988643737832576,"TMMwsp",TRUE,FALSE,1.47416631217126,"ctc_pipeline",29,6,0.7,FALSE,5,697559.5
9833,790,189,601,1720,0.109883720930233,0.239240506329114,0.760759493670886,0.1,0.147989624331662,0,0,0,56,4332,0.987072945521699,"TMMwsp",FALSE,FALSE,0.94634767126454,"batch_removed",29,6,0.7,FALSE,5,697559.5
9833,324,131,193,1720,0.0761627906976744,0.404320987654321,0.595679012345679,0.1,0.162526997744111,0,0,0,56,4332,0.987072945521699,"TMMwsp",FALSE,FALSE,1.35184177488785,"batch_ignored",29,6,0.7,FALSE,5,697559.5
12318,132,123,9,1720,0.0715116279069767,0.931818181818182,0.0681818181818182,0.1,0.25131261490962,0,0,0,64,3639,0.983237153064029,"TMMwsp",TRUE,FALSE,1.31659703077876,"ctc_pipeline",30,1,0,TRUE,5,783764.5
10164,186,155,31,1720,0.0901162790697674,0.833333333333333,0.166666666666667,0.1,0.236201972713786,0,0,0,64,3926,0.983698420784514,"TMMwsp",FALSE,FALSE,0.970140177388878,"batch_removed",30,1,0,TRUE,5,783764.5
10164,146,133,13,1720,0.0773255813953488,0.910958904109589,0.089041095890411,0.1,0.24452948227197,0,0,0,64,3926,0.983698420784514,"TMMwsp",FALSE,FALSE,1.04560878695387,"batch_ignored",30,1,0,TRUE,5,783764.5
12588,142,137,5,1720,0.0796511627906977,0.964788732394366,0.0352112676056338,0.1,0.254184819387465,0,0,0,55,3630,0.98595041322314,"TMMwsp",TRUE,FALSE,1.24975043223497,"ctc_pipeline",30,2,0.35,TRUE,5,706061
10354,220,166,54,1720,0.0965116279069767,0.754545454545455,0.245454545454545,0.1,0.227423102213908,0,0,0,55,3931,0.986008649198677,"TMMwsp",FALSE,FALSE,0.930183551843685,"batch_removed",30,2,0.35,TRUE,5,706061
10354,139,131,8,1720,0.0761627906976744,0.942446043165468,0.0575539568345324,0.1,0.243694703136617,0,0,0,55,3931,0.986008649198677,"TMMwsp",FALSE,FALSE,1.11681090023962,"batch_ignored",30,2,0.35,TRUE,5,706061
12751,110,107,3,1720,0.0622093023255814,0.972727272727273,0.0272727272727273,0.1,0.2534414917288,0,0,0,52,3606,0.986688851913478,"TMMwsp",TRUE,FALSE,1.20051784694217,"ctc_pipeline",30,3,0.7,TRUE,5,1123622
10442,164,130,34,1720,0.0755813953488372,0.792682926829268,0.207317073170732,0.1,0.223042744203299,0,0,0,52,3907,0.986690555413361,"TMMwsp",FALSE,FALSE,0.858397196652811,"batch_removed",30,3,0.7,TRUE,5,1123622
10442,46,46,0,1720,0.0267441860465116,1,0,0.1,0.225512096347175,0,0,0,52,3907,0.986690555413361,"TMMwsp",FALSE,FALSE,1.37797041378703,"batch_ignored",30,3,0.7,TRUE,5,1123622
14524,100,95,5,1720,0.0552325581395349,0.95,0.05,0.1,0.234486879061297,0,0.00503778337531486,0,70,2755,0.983666061705989,"TMMwsp",TRUE,FALSE,1.26870307427182,"ctc_pipeline",30,4,0,FALSE,5,1142880
11434,712,236,476,1720,0.137209302325581,0.331460674157303,0.668539325842697,0.1,0.190412384774118,0,0.00503778337531486,0,70,3979,0.982407640110581,"TMMwsp",FALSE,FALSE,0.807250490922277,"batch_removed",30,4,0,FALSE,5,1142880
11434,174,161,13,1720,0.0936046511627907,0.925287356321839,0.0747126436781609,0.1,0.267622597935735,0,0.00503778337531486,0,70,3979,0.982407640110581,"TMMwsp",FALSE,FALSE,0.937451502706335,"batch_ignored",30,4,0,FALSE,5,1142880
13148,63,60,3,1720,0.0348837209302326,0.952380952380952,0.0476190476190476,0.1,0.204541959070603,0,0,0,71,2920,0.982534246575342,"TMMwsp",TRUE,FALSE,1.45946584396453,"ctc_pipeline",30,5,0.35,FALSE,5,764081
10046,709,198,511,1720,0.115116279069767,0.279266572637518,0.720733427362482,0.1,0.157000709428294,0,0,0,71,4182,0.983022477283596,"TMMwsp",FALSE,FALSE,0.906116793360233,"batch_removed",30,5,0.35,FALSE,5,764081
10046,150,118,32,1720,0.0686046511627907,0.786666666666667,0.213333333333333,0.1,0.211310500258848,0,0,0,71,4182,0.983022477283596,"TMMwsp",FALSE,FALSE,1.13607778939473,"batch_ignored",30,5,0.35,FALSE,5,764081
13523,75,72,3,1720,0.0418604651162791,0.96,0.04,0.1,0.213024702917675,0,0,0,64,2829,0.984093319194062,"TMMwsp",TRUE,FALSE,1.40727354924641,"ctc_pipeline",30,6,0.7,FALSE,5,917665
10391,1047,241,806,1720,0.140116279069767,0.23018147086915,0.76981852913085,0.1,0.160253060360803,0,0,0,64,4122,0.984473556525958,"TMMwsp",FALSE,FALSE,0.869938397739136,"batch_removed",30,6,0.7,FALSE,5,917665
10391,357,146,211,1720,0.0848837209302326,0.408963585434174,0.591036414565826,0.1,0.174933588949375,0,0,0,64,4122,0.984473556525958,"TMMwsp",FALSE,FALSE,1.31648282902909,"batch_ignored",30,6,0.7,FALSE,5,917665
12574,151,140,11,1720,0.0813953488372093,0.927152317880795,0.0728476821192053,0.1,0.253366359604268,0,0,0,51,3578,0.98630519843488,"TMMwsp",TRUE,FALSE,1.27210995482664,"ctc_pipeline",31,1,0,TRUE,5,743073.5
10453,216,173,43,1720,0.100581395348837,0.800925925925926,0.199074074074074,0.1,0.239891425326621,0,0,0,51,3907,0.986946506270796,"TMMwsp",FALSE,FALSE,0.920710869349453,"batch_removed",31,1,0,TRUE,5,743073.5
10453,169,153,16,1720,0.088953488372093,0.905325443786982,0.0946745562130177,0.1,0.251181068228027,0,0,0,51,3907,0.986946506270796,"TMMwsp",FALSE,FALSE,1.0213414394628,"batch_ignored",31,1,0,TRUE,5,743073.5
12552,126,123,3,1720,0.0715116279069767,0.976190476190476,0.0238095238095238,0.1,0.25668335609556,0,0,0,53,3785,0.986525759577279,"TMMwsp",TRUE,FALSE,1.28395441690313,"ctc_pipeline",31,2,0.35,TRUE,5,796029
10281,169,145,24,1720,0.0843023255813953,0.857988165680473,0.142011834319527,0.1,0.23289865235402,0,0,0,53,4063,0.986955451636722,"TMMwsp",FALSE,FALSE,0.960065925148021,"batch_removed",31,2,0.35,TRUE,5,796029
10281,114,110,4,1720,0.063953488372093,0.964912280701754,0.0350877192982456,0.1,0.244215662731989,0,0,0,53,4063,0.986955451636722,"TMMwsp",FALSE,FALSE,1.13454997330835,"batch_ignored",31,2,0.35,TRUE,5,796029
12766,141,133,8,1720,0.0773255813953488,0.943262411347518,0.0567375886524823,0.1,0.259165341324731,0,0,0,60,3616,0.985619469026549,"TMMwsp",TRUE,FALSE,1.2241517178192,"ctc_pipeline",31,3,0.7,TRUE,5,1065831.5
10484,180,146,34,1720,0.0848837209302326,0.811111111111111,0.188888888888889,0.1,0.231227935378489,0,0,0,60,3902,0.984879548949257,"TMMwsp",FALSE,FALSE,0.86890322454204,"batch_removed",31,3,0.7,TRUE,5,1065831.5
10484,68,68,0,1720,0.0395348837209302,1,0,0.1,0.238860828725126,0,0,0,60,3902,0.984879548949257,"TMMwsp",FALSE,FALSE,1.41141400649372,"batch_ignored",31,3,0.7,TRUE,5,1065831.5
13129,66,66,0,1720,0.0383720930232558,1,0,0.1,0.202931004359715,0,0,0,61,2964,0.982118758434548,"TMMwsp",TRUE,FALSE,1.43650405471225,"ctc_pipeline",31,4,0,FALSE,5,630437.5
10045,703,200,503,1720,0.116279069767442,0.284495021337127,0.715504978662873,0.1,0.160968445238635,0,0,0,61,4055,0.984956843403206,"TMMwsp",FALSE,FALSE,0.900508294807269,"batch_removed",31,4,0,FALSE,5,630437.5
10045,112,104,8,1720,0.0604651162790698,0.928571428571429,0.0714285714285714,0.1,0.225276988822022,0,0,0,61,4055,0.984956843403206,"TMMwsp",FALSE,FALSE,1.02636504461593,"batch_ignored",31,4,0,FALSE,5,630437.5
13423,61,59,2,1720,0.0343023255813954,0.967213114754098,0.0327868852459016,0.1,0.19362907198372,0,0,0,66,2795,0.982468694096601,"TMMwsp",TRUE,FALSE,1.44606411788426,"ctc_pipeline",31,5,0.35,FALSE,5,625508.5
10129,1219,241,978,1720,0.140116279069767,0.197703035274815,0.802296964725185,0.1,0.141734974811505,0.00833333333333333,0,1,66,3983,0.983429575696711,"TMMwsp",FALSE,FALSE,0.910444637133693,"batch_removed",31,5,0.35,FALSE,5,625508.5
10129,189,129,60,1720,0.075,0.682539682539683,0.317460317460317,0.1,0.203690523958409,0,0,0,66,3983,0.983429575696711,"TMMwsp",FALSE,FALSE,1.09606628248954,"batch_ignored",31,5,0.35,FALSE,5,625508.5
13698,83,78,5,1720,0.0453488372093023,0.939759036144578,0.0602409638554217,0.1,0.207063195365392,0,0.0053475935828877,0,53,2866,0.988136775994417,"TMMwsp",TRUE,FALSE,1.37183749497264,"ctc_pipeline",31,6,0.7,FALSE,5,1119319.5
10574,1134,263,871,1720,0.152906976744186,0.231922398589065,0.768077601410935,0.1,0.167020755280971,0.00833333333333333,0.0053475935828877,1,53,4203,0.9873899595527,"TMMwsp",FALSE,FALSE,0.835350613354619,"batch_removed",31,6,0.7,FALSE,5,1119319.5
10574,257,127,130,1720,0.0738372093023256,0.494163424124514,0.505836575875486,0.1,0.178312671015672,0,0.0053475935828877,0,53,4203,0.9873899595527,"TMMwsp",FALSE,FALSE,1.30408280189061,"batch_ignored",31,6,0.7,FALSE,5,1119319.5
12209,118,115,3,1720,0.0668604651162791,0.974576271186441,0.0254237288135593,0.1,0.245637194586799,0,0,0,71,3843,0.981785063752277,"TMMwsp",TRUE,FALSE,1.3269334149577,"ctc_pipeline",32,1,0,TRUE,5,1157477
9991,177,145,32,1720,0.0843023255813953,0.819209039548023,0.180790960451977,0.1,0.228057188983642,0,0,0,71,4122,0.982775351770985,"TMMwsp",FALSE,FALSE,0.944194888773413,"batch_removed",32,1,0,TRUE,5,1157477
9991,136,129,7,1720,0.075,0.948529411764706,0.0514705882352941,0.1,0.236862419771406,0,0,0,71,4122,0.982775351770985,"TMMwsp",FALSE,FALSE,1.04412081088935,"batch_ignored",32,1,0,TRUE,5,1157477
13042,160,154,6,1720,0.0895348837209302,0.9625,0.0375,0.1,0.291261112970407,0,0.00256410256410256,0,64,3452,0.982618771726535,"TMMwsp",TRUE,FALSE,1.20342911277474,"ctc_pipeline",32,2,0.35,TRUE,5,975893.5
10829,243,198,45,1720,0.115116279069767,0.814814814814815,0.185185185185185,0.1,0.264150554968627,0,0.00256410256410256,0,64,3758,0.982969664715274,"TMMwsp",FALSE,FALSE,0.86763165723933,"batch_removed",32,2,0.35,TRUE,5,975893.5
10829,148,147,1,1720,0.0854651162790698,0.993243243243243,0.00675675675675676,0.1,0.283398371430946,0,0.00256410256410256,0,64,3758,0.982969664715274,"TMMwsp",FALSE,FALSE,1.09012393208667,"batch_ignored",32,2,0.35,TRUE,5,975893.5
11492,110,106,4,1720,0.0616279069767442,0.963636363636364,0.0363636363636364,0.1,0.238139836665287,0,0,0,51,3767,0.986461375099549,"TMMwsp",TRUE,FALSE,1.34584657249643,"ctc_pipeline",32,3,0.7,TRUE,5,719454
9407,187,150,37,1720,0.0872093023255814,0.802139037433155,0.197860962566845,0.1,0.217269169130394,0,0.00246913580246914,0,51,4043,0.987385604748949,"TMMwsp",FALSE,FALSE,0.905706097180803,"batch_removed",32,3,0.7,TRUE,5,719454
9407,55,54,1,1720,0.0313953488372093,0.981818181818182,0.0181818181818182,0.1,0.227390915875386,0,0,0,51,4043,0.987385604748949,"TMMwsp",FALSE,FALSE,1.49269068423313,"batch_ignored",32,3,0.7,TRUE,5,719454
13495,73,66,7,1720,0.0383720930232558,0.904109589041096,0.0958904109589041,0.1,0.189225058187254,0,0,0,58,2908,0.985213204951857,"TMMwsp",TRUE,FALSE,1.45564139593784,"ctc_pipeline",32,4,0,FALSE,5,838498.5
10357,1390,268,1122,1720,0.155813953488372,0.192805755395683,0.807194244604317,0.1,0.147628703730519,0,0.00483091787439614,0,58,4019,0.985568549390396,"TMMwsp",FALSE,FALSE,0.910106281899686,"batch_removed",32,4,0,FALSE,5,838498.5
10357,143,138,5,1720,0.0802325581395349,0.965034965034965,0.034965034965035,0.1,0.246412238127057,0,0.00241545893719807,0,58,4019,0.985568549390396,"TMMwsp",FALSE,FALSE,1.04739268853884,"batch_ignored",32,4,0,FALSE,5,838498.5
13706,87,85,2,1720,0.0494186046511628,0.977011494252874,0.0229885057471264,0.1,0.219838353323875,0,0,0,63,2753,0.982201235016346,"TMMwsp",TRUE,FALSE,1.36278755801969,"ctc_pipeline",32,5,0.35,FALSE,5,870418.5
10560,1078,291,787,1720,0.169186046511628,0.269944341372913,0.730055658627087,0.1,0.172952048171769,0,0,0,63,3934,0.983985765124555,"TMMwsp",FALSE,FALSE,0.854721384654325,"batch_removed",32,5,0.35,FALSE,5,870418.5
10560,185,151,34,1720,0.0877906976744186,0.816216216216216,0.183783783783784,0.1,0.232402140190099,0,0,0,63,3934,0.983985765124555,"TMMwsp",FALSE,FALSE,1.06861893569064,"batch_ignored",32,5,0.35,FALSE,5,870418.5
12768,44,43,1,1720,0.025,0.977272727272727,0.0227272727272727,0.1,0.169174111888092,0,0,0,49,2992,0.989304812834225,"TMMwsp",TRUE,FALSE,1.47735848473245,"ctc_pipeline",32,6,0.7,FALSE,5,943898
9709,1185,228,957,1720,0.132558139534884,0.192405063291139,0.807594936708861,0.1,0.134085610207298,0,0.00246305418719212,0,49,4357,0.98875372963048,"TMMwsp",FALSE,FALSE,0.90573865521787,"batch_removed",32,6,0.7,FALSE,5,943898
9709,212,94,118,1720,0.0546511627906977,0.443396226415094,0.556603773584906,0.1,0.15656277398627,0,0.00246305418719212,0,49,4357,0.98875372963048,"TMMwsp",FALSE,FALSE,1.33881210505752,"batch_ignored",32,6,0.7,FALSE,5,943898
12207,121,121,0,1720,0.0703488372093023,1,0,0.1,0.267387510742185,0,0,0,69,3707,0.981926085783653,"TMMwsp",TRUE,FALSE,1.31757497432192,"ctc_pipeline",33,1,0,TRUE,5,793457
10132,189,156,33,1720,0.0906976744186047,0.825396825396825,0.174603174603175,0.1,0.236902854291387,0,0,0,69,4021,0.982840089529968,"TMMwsp",FALSE,FALSE,0.962674867978418,"batch_removed",33,1,0,TRUE,5,793457
10132,135,130,5,1720,0.0755813953488372,0.962962962962963,0.037037037037037,0.1,0.256983162417608,0,0,0,69,4021,0.982840089529968,"TMMwsp",FALSE,FALSE,1.05944886285456,"batch_ignored",33,1,0,TRUE,5,793457
12871,139,132,7,1720,0.0767441860465116,0.949640287769784,0.0503597122302158,0.1,0.263355740879984,0,0,0,66,3655,0.982489740082079,"TMMwsp",TRUE,FALSE,1.22637062751894,"ctc_pipeline",33,2,0.35,TRUE,5,878701.5
10626,201,161,40,1720,0.0936046511627907,0.800995024875622,0.199004975124378,0.1,0.237169316095222,0,0,0,66,3930,0.983206106870229,"TMMwsp",FALSE,FALSE,0.904001473279946,"batch_removed",33,2,0.35,TRUE,5,878701.5
10626,122,118,4,1720,0.0686046511627907,0.967213114754098,0.0327868852459016,0.1,0.25157193730867,0,0,0,66,3930,0.983206106870229,"TMMwsp",FALSE,FALSE,1.11115700261972,"batch_ignored",33,2,0.35,TRUE,5,878701.5
12496,111,107,4,1720,0.0622093023255814,0.963963963963964,0.036036036036036,0.1,0.257699395061013,0,0,0,65,3738,0.983948635634029,"TMMwsp",TRUE,FALSE,1.22387541264021,"ctc_pipeline",33,3,0.7,TRUE,5,1015639.5
10293,176,145,31,1720,0.0843023255813953,0.823863636363636,0.176136363636364,0.1,0.232492981151122,0,0,0,65,4003,0.983762178366225,"TMMwsp",FALSE,FALSE,0.880642091780109,"batch_removed",33,3,0.7,TRUE,5,1015639.5
10293,52,52,0,1720,0.0302325581395349,1,0,0.1,0.237574294581782,0,0,0,65,4003,0.983762178366225,"TMMwsp",FALSE,FALSE,1.41577243064622,"batch_ignored",33,3,0.7,TRUE,5,1015639.5
12977,76,72,4,1720,0.0418604651162791,0.947368421052632,0.0526315789473684,0.1,0.201551286651546,0,0,0,59,2977,0.981525025193147,"TMMwsp",TRUE,FALSE,1.52650049370204,"ctc_pipeline",33,4,0,FALSE,5,795808.5
9817,907,224,683,1720,0.130232558139535,0.24696802646086,0.75303197353914,0.1,0.154394844883808,0,0,0,59,4077,0.985528574932548,"TMMwsp",FALSE,FALSE,0.960713230457302,"batch_removed",33,4,0,FALSE,5,795808.5
9817,148,134,14,1720,0.077906976744186,0.905405405405405,0.0945945945945946,0.1,0.240971034647617,0,0,0,59,4077,0.985528574932548,"TMMwsp",FALSE,FALSE,1.07772750679725,"batch_ignored",33,4,0,FALSE,5,795808.5
13440,76,70,6,1720,0.0406976744186047,0.921052631578947,0.0789473684210526,0.1,0.220115207944648,0,0,0,61,2916,0.985253772290809,"TMMwsp",TRUE,FALSE,1.44221631471332,"ctc_pipeline",33,5,0.35,FALSE,5,931641
10352,519,196,323,1720,0.113953488372093,0.377649325626204,0.622350674373796,0.1,0.180979380168718,0,0,0,61,4301,0.985817251801906,"TMMwsp",FALSE,FALSE,0.907620772515451,"batch_removed",33,5,0.35,FALSE,5,931641
10352,162,124,38,1720,0.072093023255814,0.765432098765432,0.234567901234568,0.1,0.211825660873237,0,0,0,61,4301,0.985817251801906,"TMMwsp",FALSE,FALSE,1.14501812528702,"batch_ignored",33,5,0.35,FALSE,5,931641
13101,61,61,0,1720,0.0354651162790698,1,0,0.1,0.198470960198518,0,0,0,56,2928,0.984972677595628,"TMMwsp",TRUE,FALSE,1.43835351179827,"ctc_pipeline",33,6,0.7,FALSE,5,1007441
9937,814,191,623,1720,0.111046511627907,0.234643734643735,0.765356265356265,0.1,0.151326646770462,0,0,0,56,4192,0.986641221374046,"TMMwsp",FALSE,FALSE,0.881721927601235,"batch_removed",33,6,0.7,FALSE,5,1007441
9937,240,125,115,1720,0.0726744186046512,0.520833333333333,0.479166666666667,0.1,0.174843755849461,0,0,0,56,4192,0.986641221374046,"TMMwsp",FALSE,FALSE,1.3419849042801,"batch_ignored",33,6,0.7,FALSE,5,1007441
12333,110,105,5,1720,0.061046511627907,0.954545454545455,0.0454545454545455,0.1,0.254682058978693,0,0,0,47,3749,0.987463323552947,"TMMwsp",TRUE,FALSE,1.29304329430681,"ctc_pipeline",34,1,0,TRUE,5,559745
10189,182,145,37,1720,0.0843023255813953,0.796703296703297,0.203296703296703,0.1,0.233474625093497,0,0,0,47,4077,0.988471915624234,"TMMwsp",FALSE,FALSE,0.91009143153919,"batch_removed",34,1,0,TRUE,5,559745
10189,124,117,7,1720,0.0680232558139535,0.943548387096774,0.0564516129032258,0.1,0.250244671594912,0,0,0,47,4077,0.988471915624234,"TMMwsp",FALSE,FALSE,1.02929829402443,"batch_ignored",34,1,0,TRUE,5,559745
11590,105,99,6,1720,0.0575581395348837,0.942857142857143,0.0571428571428571,0.1,0.241929342043946,0,0,0,56,3730,0.984986595174263,"TMMwsp",TRUE,FALSE,1.38094639065252,"ctc_pipeline",34,2,0.35,TRUE,5,804674.5
9487,177,134,43,1720,0.077906976744186,0.757062146892655,0.242937853107345,0.1,0.220357346660874,0,0,0,56,4027,0.986093866401788,"TMMwsp",FALSE,FALSE,0.995958161356894,"batch_removed",34,2,0.35,TRUE,5,804674.5
9487,91,87,4,1720,0.0505813953488372,0.956043956043956,0.043956043956044,0.1,0.233181098315443,0,0,0,56,4027,0.986093866401788,"TMMwsp",FALSE,FALSE,1.21055625614588,"batch_ignored",34,2,0.35,TRUE,5,804674.5
13057,130,124,6,1720,0.072093023255814,0.953846153846154,0.0461538461538462,0.1,0.259638294064743,0,0.00493827160493827,0,64,3499,0.983709631323235,"TMMwsp",TRUE,FALSE,1.18028806280371,"ctc_pipeline",34,3,0.7,TRUE,5,981600.5
10701,171,143,28,1720,0.0831395348837209,0.83625730994152,0.16374269005848,0.1,0.235589271650038,0,0.00246913580246914,0,64,3783,0.983082209886334,"TMMwsp",FALSE,FALSE,0.854113732280224,"batch_removed",34,3,0.7,TRUE,5,981600.5
10701,62,62,0,1720,0.036046511627907,1,0,0.1,0.239637370966598,0,0.00246913580246914,0,64,3783,0.983082209886334,"TMMwsp",FALSE,FALSE,1.37005799587376,"batch_ignored",34,3,0.7,TRUE,5,981600.5
13691,79,77,2,1720,0.0447674418604651,0.974683544303797,0.0253164556962025,0.1,0.232795516524529,0,0,0,72,2723,0.981270657363202,"TMMwsp",TRUE,FALSE,1.3977932340866,"ctc_pipeline",34,4,0,FALSE,5,896328.5
10417,678,231,447,1720,0.134302325581395,0.34070796460177,0.65929203539823,0.1,0.18933161961523,0,0.00242718446601942,0,72,3857,0.981332641949702,"TMMwsp",FALSE,FALSE,0.85678374405709,"batch_removed",34,4,0,FALSE,5,896328.5
10417,160,148,12,1720,0.086046511627907,0.925,0.075,0.1,0.257849496760669,0,0,0,72,3857,0.981332641949702,"TMMwsp",FALSE,FALSE,0.988633359284934,"batch_ignored",34,4,0,FALSE,5,896328.5
14022,95,89,6,1720,0.0517441860465116,0.936842105263158,0.0631578947368421,0.1,0.215075421356713,0,0,0,64,2807,0.984681154257214,"TMMwsp",TRUE,FALSE,1.32696635763272,"ctc_pipeline",34,5,0.35,FALSE,5,1035074.5
10944,956,239,717,1720,0.138953488372093,0.25,0.75,0.1,0.163696558175171,0,0.00236406619385343,0,64,3957,0.983826130907253,"TMMwsp",FALSE,FALSE,0.828613510328875,"batch_removed",34,5,0.35,FALSE,5,1035074.5
10944,172,143,29,1720,0.0831395348837209,0.831395348837209,0.168604651162791,0.1,0.222741085726411,0,0.00236406619385343,0,64,3957,0.983826130907253,"TMMwsp",FALSE,FALSE,1.05809478726894,"batch_ignored",34,5,0.35,FALSE,5,1035074.5
13325,91,88,3,1720,0.0511627906976744,0.967032967032967,0.032967032967033,0.1,0.234530626911049,0,0,0,71,2908,0.986244841815681,"TMMwsp",TRUE,FALSE,1.38507840905893,"ctc_pipeline",34,6,0.7,FALSE,5,782859.5
10350,684,231,453,1720,0.134302325581395,0.337719298245614,0.662280701754386,0.1,0.187329446416585,0,0,0,71,4280,0.983411214953271,"TMMwsp",FALSE,FALSE,0.854842926200046,"batch_removed",34,6,0.7,FALSE,5,782859.5
10350,307,158,149,1720,0.0918604651162791,0.514657980456026,0.485342019543974,0.1,0.194873590283579,0,0,0,71,4280,0.983411214953271,"TMMwsp",FALSE,FALSE,1.35074299303503,"batch_ignored",34,6,0.7,FALSE,5,782859.5
12673,134,130,4,1720,0.0755813953488372,0.970149253731343,0.0298507462686567,0.1,0.274398718003483,0,0,0,63,3642,0.983800109829764,"TMMwsp",TRUE,FALSE,1.22088715821163,"ctc_pipeline",35,1,0,TRUE,5,893525.5
10479,235,187,48,1720,0.108720930232558,0.795744680851064,0.204255319148936,0.1,0.254927834330506,0,0,0,63,3936,0.983993902439024,"TMMwsp",FALSE,FALSE,0.876397859492776,"batch_removed",35,1,0,TRUE,5,893525.5
10479,157,149,8,1720,0.0866279069767442,0.949044585987261,0.0509554140127389,0.1,0.270376480989363,0,0,0,63,3936,0.983993902439024,"TMMwsp",FALSE,FALSE,0.979564803885066,"batch_ignored",35,1,0,TRUE,5,893525.5
12800,155,144,11,1720,0.0837209302325581,0.929032258064516,0.0709677419354839,0.1,0.27150670599084,0,0,0,79,3515,0.978093883357041,"TMMwsp",TRUE,FALSE,1.19823574666612,"ctc_pipeline",35,2,0.35,TRUE,5,1218576
10575,232,182,50,1720,0.105813953488372,0.78448275862069,0.21551724137931,0.1,0.251828186909542,0,0,0,79,3858,0.979523068947641,"TMMwsp",FALSE,FALSE,0.863509934185213,"batch_removed",35,2,0.35,TRUE,5,1218576
10575,145,136,9,1720,0.0790697674418605,0.937931034482759,0.0620689655172414,0.1,0.265780032224291,0,0,0,79,3858,0.979523068947641,"TMMwsp",FALSE,FALSE,1.08035487414585,"batch_ignored",35,2,0.35,TRUE,5,1218576
12728,142,136,6,1720,0.0790697674418605,0.957746478873239,0.0422535211267606,0.1,0.249636300729636,0,0,0,73,3655,0.981395348837209,"TMMwsp",TRUE,FALSE,1.22019803252608,"ctc_pipeline",35,3,0.7,TRUE,5,1116484
10482,174,143,31,1720,0.0831395348837209,0.82183908045977,0.17816091954023,0.1,0.220589222960885,0,0,0,73,3977,0.981644455619814,"TMMwsp",FALSE,FALSE,0.863050583612897,"batch_removed",35,3,0.7,TRUE,5,1116484
10482,99,94,5,1720,0.0546511627906977,0.94949494949495,0.0505050505050505,0.1,0.234361563574554,0,0,0,73,3977,0.981644455619814,"TMMwsp",FALSE,FALSE,1.38716091639738,"batch_ignored",35,3,0.7,TRUE,5,1116484
14124,81,76,5,1720,0.0441860465116279,0.938271604938272,0.0617283950617284,0.1,0.213050079833941,0,0.0024390243902439,0,70,2842,0.981703026038001,"TMMwsp",TRUE,FALSE,1.32223900231149,"ctc_pipeline",35,4,0,FALSE,5,1192635
11090,974,252,722,1720,0.146511627906977,0.258726899383984,0.741273100616016,0.1,0.161983822603584,0,0.0048780487804878,0,70,4228,0.983443708609272,"TMMwsp",FALSE,FALSE,0.845228425102673,"batch_removed",35,4,0,FALSE,5,1192635
11090,141,130,11,1720,0.0755813953488372,0.921985815602837,0.0780141843971631,0.1,0.251002567556511,0,0.0048780487804878,0,70,4228,0.983443708609272,"TMMwsp",FALSE,FALSE,0.982587779740785,"batch_ignored",35,4,0,FALSE,5,1192635
13641,77,74,3,1720,0.0430232558139535,0.961038961038961,0.038961038961039,0.1,0.203167488513085,0,0,0,62,2818,0.983321504613201,"TMMwsp",TRUE,FALSE,1.41814043738787,"ctc_pipeline",35,5,0.35,FALSE,5,959364
10447,1051,254,797,1720,0.147674418604651,0.241674595623216,0.758325404376784,0.1,0.164223134850684,0,0,0,62,4063,0.984740339650505,"TMMwsp",FALSE,FALSE,0.889658036292661,"batch_removed",35,5,0.35,FALSE,5,959364
10447,181,139,42,1720,0.0808139534883721,0.767955801104972,0.232044198895028,0.1,0.216266678217772,0,0,0,62,4063,0.984740339650505,"TMMwsp",FALSE,FALSE,1.10403453145955,"batch_ignored",35,5,0.35,FALSE,5,959364
13157,63,57,6,1720,0.0331395348837209,0.904761904761905,0.0952380952380952,0.1,0.185994885388,0,0,0,55,2882,0.985773768216516,"TMMwsp",TRUE,FALSE,1.4255269786889,"ctc_pipeline",35,6,0.7,FALSE,5,888243
10131,1140,225,915,1720,0.130813953488372,0.197368421052632,0.802631578947368,0.1,0.134891011419624,0,0.0025062656641604,0,55,4208,0.986929657794677,"TMMwsp",FALSE,FALSE,0.880168564863987,"batch_removed",35,6,0.7,FALSE,5,888243
10131,301,114,187,1720,0.0662790697674419,0.378737541528239,0.621262458471761,0.1,0.154521593691823,0,0,0,55,4208,0.986929657794677,"TMMwsp",FALSE,FALSE,1.32416306918597,"batch_ignored",35,6,0.7,FALSE,5,888243
11930,100,98,2,1720,0.0569767441860465,0.98,0.02,0.1,0.222761277139761,0,0,0,69,3732,0.983386923901393,"TMMwsp",TRUE,FALSE,1.35198123826503,"ctc_pipeline",36,1,0,TRUE,5,834772.5
9738,159,127,32,1720,0.0738372093023256,0.79874213836478,0.20125786163522,0.1,0.206570447137771,0,0,0,69,4023,0.982848620432513,"TMMwsp",FALSE,FALSE,0.952129593168369,"batch_removed",36,1,0,TRUE,5,834772.5
9738,122,114,8,1720,0.0662790697674419,0.934426229508197,0.0655737704918033,0.1,0.217507623784037,0,0,0,69,4023,0.982848620432513,"TMMwsp",FALSE,FALSE,1.06653065076823,"batch_ignored",36,1,0,TRUE,5,834772.5
12306,124,122,2,1720,0.0709302325581395,0.983870967741935,0.0161290322580645,0.1,0.244431932926835,0,0,0,51,3706,0.986778197517539,"TMMwsp",TRUE,FALSE,1.29913293796739,"ctc_pipeline",36,2,0.35,TRUE,5,817458
10128,186,151,35,1720,0.0877906976744186,0.811827956989247,0.188172043010753,0.1,0.227357577756235,0,0,0,51,3997,0.987240430322742,"TMMwsp",FALSE,FALSE,0.946692680509025,"batch_removed",36,2,0.35,TRUE,5,817458
10128,109,104,5,1720,0.0604651162790698,0.954128440366973,0.0458715596330275,0.1,0.236275789571549,0,0,0,51,3997,0.987240430322742,"TMMwsp",FALSE,FALSE,1.14820179839181,"batch_ignored",36,2,0.35,TRUE,5,817458
12917,134,129,5,1720,0.075,0.962686567164179,0.0373134328358209,0.1,0.268923967271168,0,0,0,70,3591,0.982456140350877,"TMMwsp",TRUE,FALSE,1.18383438943305,"ctc_pipeline",36,3,0.7,TRUE,5,1176332
10580,184,142,42,1720,0.0825581395348837,0.771739130434783,0.228260869565217,0.1,0.238453492547843,0,0,0,70,3894,0.982023626091423,"TMMwsp",FALSE,FALSE,0.857324303613044,"batch_removed",36,3,0.7,TRUE,5,1176332
10580,71,70,1,1720,0.0406976744186047,0.985915492957746,0.0140845070422535,0.1,0.246755678749693,0,0,0,70,3894,0.982023626091423,"TMMwsp",FALSE,FALSE,1.36326755983215,"batch_ignored",36,3,0.7,TRUE,5,1176332
13899,100,97,3,1720,0.0563953488372093,0.97,0.03,0.1,0.205461135676174,0,0,0,71,2870,0.983275261324042,"TMMwsp",TRUE,FALSE,1.39709151708443,"ctc_pipeline",36,4,0,FALSE,5,880751
10721,1029,230,799,1720,0.133720930232558,0.223517978620019,0.776482021379981,0.1,0.161862708996625,0,0.00241545893719807,0,71,4078,0.982589504659147,"TMMwsp",FALSE,FALSE,0.886935916783192,"batch_removed",36,4,0,FALSE,5,880751
10721,157,146,11,1720,0.0848837209302326,0.929936305732484,0.0700636942675159,0.1,0.2478403770134,0,0.00241545893719807,0,71,4078,0.982589504659147,"TMMwsp",FALSE,FALSE,1.02263655418834,"batch_ignored",36,4,0,FALSE,5,880751
13930,92,89,3,1720,0.0517441860465116,0.967391304347826,0.0326086956521739,0.1,0.221048751693073,0,0,0,51,2748,0.986171761280932,"TMMwsp",TRUE,FALSE,1.31616096573306,"ctc_pipeline",36,5,0.35,FALSE,5,906670.5
10850,738,231,507,1720,0.134302325581395,0.313008130081301,0.686991869918699,0.1,0.174868417274441,0,0,0,51,3964,0.987134207870837,"TMMwsp",FALSE,FALSE,0.834362429429514,"batch_removed",36,5,0.35,FALSE,5,906670.5
10850,223,170,53,1720,0.0988372093023256,0.762331838565022,0.237668161434978,0.1,0.229285194414323,0,0,0,51,3964,0.987134207870837,"TMMwsp",FALSE,FALSE,1.05246405258603,"batch_ignored",36,5,0.35,FALSE,5,906670.5
13093,57,57,0,1720,0.0331395348837209,1,0,0.1,0.191818344468919,0,0,0,61,2863,0.984631505413902,"TMMwsp",TRUE,FALSE,1.40940062042591,"ctc_pipeline",36,6,0.7,FALSE,5,910414.5
10129,796,197,599,1720,0.11453488372093,0.24748743718593,0.75251256281407,0.1,0.155391271331634,0.00833333333333333,0.00232558139534884,1,61,4117,0.985183385960651,"TMMwsp",FALSE,FALSE,0.874919098208958,"batch_removed",36,6,0.7,FALSE,5,910414.5
10129,239,112,127,1720,0.0651162790697674,0.468619246861925,0.531380753138075,0.1,0.161208523147997,0,0.00232558139534884,0,61,4117,0.985183385960651,"TMMwsp",FALSE,FALSE,1.35087369646574,"batch_ignored",36,6,0.7,FALSE,5,910414.5
12942,116,113,3,1720,0.0656976744186046,0.974137931034483,0.0258620689655172,0.1,0.256152667156843,0,0.0026525198938992,0,65,3534,0.982739105829089,"TMMwsp",TRUE,FALSE,1.24155085588889,"ctc_pipeline",37,1,0,TRUE,5,918354.5
10741,178,151,27,1720,0.0877906976744186,0.848314606741573,0.151685393258427,0.1,0.234870870002807,0,0.0026525198938992,0,65,3846,0.983099323972959,"TMMwsp",FALSE,FALSE,0.894623570577914,"batch_removed",37,1,0,TRUE,5,918354.5
10741,131,126,5,1720,0.0732558139534884,0.961832061068702,0.0381679389312977,0.1,0.249190749424167,0,0.0026525198938992,0,65,3846,0.983099323972959,"TMMwsp",FALSE,FALSE,0.997856071497925,"batch_ignored",37,1,0,TRUE,5,918354.5
12864,133,127,6,1720,0.0738372093023256,0.954887218045113,0.0451127819548872,0.1,0.249143361851991,0,0,0,72,3730,0.982037533512064,"TMMwsp",TRUE,FALSE,1.2582521160153,"ctc_pipeline",37,2,0.35,TRUE,5,813128.5
10671,214,152,62,1720,0.0883720930232558,0.710280373831776,0.289719626168224,0.1,0.227946311579876,0,0,0,72,4083,0.982365907421014,"TMMwsp",FALSE,FALSE,0.911569068711138,"batch_removed",37,2,0.35,TRUE,5,813128.5
10671,131,121,10,1720,0.0703488372093023,0.923664122137405,0.0763358778625954,0.1,0.244934013404103,0,0,0,72,4083,0.982365907421014,"TMMwsp",FALSE,FALSE,1.13486041627795,"batch_ignored",37,2,0.35,TRUE,5,813128.5
12103,133,127,6,1720,0.0738372093023256,0.954887218045113,0.0451127819548872,0.1,0.24745016459518,0,0,0,55,3729,0.986055242692411,"TMMwsp",TRUE,FALSE,1.26555378071892,"ctc_pipeline",37,3,0.7,TRUE,5,741002.5
9965,177,135,42,1720,0.0784883720930233,0.76271186440678,0.23728813559322,0.1,0.221022389232194,0,0,0,55,4043,0.986396240415533,"TMMwsp",FALSE,FALSE,0.889244994286581,"batch_removed",37,3,0.7,TRUE,5,741002.5
9965,64,63,1,1720,0.0366279069767442,0.984375,0.015625,0.1,0.225197202241807,0,0,0,55,4043,0.986396240415533,"TMMwsp",FALSE,FALSE,1.45132227325753,"batch_ignored",37,3,0.7,TRUE,5,741002.5
13893,95,89,6,1720,0.0517441860465116,0.936842105263158,0.0631578947368421,0.1,0.221351824079578,0,0,0,63,2715,0.984530386740331,"TMMwsp",TRUE,FALSE,1.33787573520255,"ctc_pipeline",37,4,0,FALSE,5,931116
10730,757,206,551,1720,0.119767441860465,0.272126816380449,0.727873183619551,0.1,0.172100919576142,0,0,0,63,3884,0.983779608650875,"TMMwsp",FALSE,FALSE,0.839231545195279,"batch_removed",37,4,0,FALSE,5,931116
10730,148,133,15,1720,0.0773255813953488,0.898648648648649,0.101351351351351,0.1,0.250376186006847,0,0,0,63,3884,0.983779608650875,"TMMwsp",FALSE,FALSE,0.975880270183486,"batch_ignored",37,4,0,FALSE,5,931116
12509,57,56,1,1720,0.0325581395348837,0.982456140350877,0.0175438596491228,0.1,0.198082699446975,0,0,0,47,2929,0.98736770228747,"TMMwsp",TRUE,FALSE,1.50352938242192,"ctc_pipeline",37,5,0.35,FALSE,5,655519
9510,384,149,235,1720,0.0866279069767442,0.388020833333333,0.611979166666667,0.1,0.165888947491184,0,0,0,47,4065,0.988437884378844,"TMMwsp",FALSE,FALSE,0.914789153922602,"batch_removed",37,5,0.35,FALSE,5,655519
9510,119,95,24,1720,0.0552325581395349,0.798319327731092,0.201680672268908,0.1,0.196346080862991,0,0,0,47,4065,0.988437884378844,"TMMwsp",FALSE,FALSE,1.16257902720632,"batch_ignored",37,5,0.35,FALSE,5,655519
13504,74,71,3,1720,0.0412790697674419,0.959459459459459,0.0405405405405405,0.1,0.200065244380041,0,0,0,60,2798,0.986776268763402,"TMMwsp",TRUE,FALSE,1.39244546353011,"ctc_pipeline",37,6,0.7,FALSE,5,1049590.5
10368,1192,256,936,1720,0.148837209302326,0.214765100671141,0.785234899328859,0.1,0.14789802688645,0,0.00245700245700246,0,60,4098,0.985358711566618,"TMMwsp",FALSE,FALSE,0.879031453289776,"batch_removed",37,6,0.7,FALSE,5,1049590.5
10368,263,122,141,1720,0.0709302325581395,0.463878326996198,0.536121673003802,0.1,0.176811052572578,0,0,0,60,4098,0.985358711566618,"TMMwsp",FALSE,FALSE,1.31625826850672,"batch_ignored",37,6,0.7,FALSE,5,1049590.5
13085,123,123,0,1720,0.0715116279069767,1,0,0.1,0.247342529914367,0,0,0,73,3812,0.981374606505771,"TMMwsp",TRUE,FALSE,1.26464459074959,"ctc_pipeline",38,1,0,TRUE,5,1077225.5
10956,185,143,42,1720,0.0831395348837209,0.772972972972973,0.227027027027027,0.1,0.218878813761764,0,0,0,73,4291,0.982987648566768,"TMMwsp",FALSE,FALSE,0.91522865108037,"batch_removed",38,1,0,TRUE,5,1077225.5
10956,149,140,9,1720,0.0813953488372093,0.939597315436242,0.0604026845637584,0.1,0.248773509862849,0,0,0,73,4291,0.982987648566768,"TMMwsp",FALSE,FALSE,1.02190622798578,"batch_ignored",38,1,0,TRUE,5,1077225.5
11760,109,105,4,1720,0.061046511627907,0.963302752293578,0.036697247706422,0.1,0.226383368624831,0,0,0,52,3892,0.986896197327852,"TMMwsp",TRUE,FALSE,1.3631569345373,"ctc_pipeline",38,2,0.35,TRUE,5,647331
9734,154,127,27,1720,0.0738372093023256,0.824675324675325,0.175324675324675,0.1,0.210251598595964,0,0,0,52,4277,0.987841945288754,"TMMwsp",FALSE,FALSE,0.972199440386975,"batch_removed",38,2,0.35,TRUE,5,647331
9734,99,98,1,1720,0.0569767441860465,0.98989898989899,0.0101010101010101,0.1,0.222273143062958,0,0,0,52,4277,0.987841945288754,"TMMwsp",FALSE,FALSE,1.20035751851235,"batch_ignored",38,2,0.35,TRUE,5,647331
12661,120,115,5,1720,0.0668604651162791,0.958333333333333,0.0416666666666667,0.1,0.254677953580056,0,0.00251889168765743,0,58,3664,0.986080786026201,"TMMwsp",TRUE,FALSE,1.25631999155878,"ctc_pipeline",38,3,0.7,TRUE,5,915030.5
10314,186,146,40,1720,0.0848837209302326,0.78494623655914,0.21505376344086,0.1,0.229890472817961,0,0.00251889168765743,0,58,3979,0.985423473234481,"TMMwsp",FALSE,FALSE,0.897411348513784,"batch_removed",38,3,0.7,TRUE,5,915030.5
10314,56,55,1,1720,0.0319767441860465,0.982142857142857,0.0178571428571429,0.1,0.239860960580246,0,0.00251889168765743,0,58,3979,0.985423473234481,"TMMwsp",FALSE,FALSE,1.44840627169658,"batch_ignored",38,3,0.7,TRUE,5,915030.5
13875,81,76,5,1720,0.0441860465116279,0.938271604938272,0.0617283950617284,0.1,0.194120985051714,0,0,0,57,2768,0.985910404624277,"TMMwsp",TRUE,FALSE,1.38273968651088,"ctc_pipeline",38,4,0,FALSE,5,919129.5
10585,1430,270,1160,1720,0.156976744186047,0.188811188811189,0.811188811188811,0.1,0.144017955764024,0,0,0,57,3922,0.985466598674146,"TMMwsp",FALSE,FALSE,0.874734110539267,"batch_removed",38,4,0,FALSE,5,919129.5
10585,165,153,12,1720,0.088953488372093,0.927272727272727,0.0727272727272727,0.1,0.259928105268701,0,0,0,57,3922,0.985466598674146,"TMMwsp",FALSE,FALSE,0.983124650525192,"batch_ignored",38,4,0,FALSE,5,919129.5
13617,81,78,3,1720,0.0453488372093023,0.962962962962963,0.037037037037037,0.1,0.209595187183648,0,0,0,70,2736,0.982090643274854,"TMMwsp",TRUE,FALSE,1.40411059474867,"ctc_pipeline",38,5,0.35,FALSE,5,984472
10531,1249,257,992,1720,0.149418604651163,0.205764611689351,0.794235388310649,0.1,0.154199415439737,0,0.00245700245700246,0,70,4032,0.982638888888889,"TMMwsp",FALSE,FALSE,0.877927450847375,"batch_removed",38,5,0.35,FALSE,5,984472
10531,234,160,74,1720,0.0930232558139535,0.683760683760684,0.316239316239316,0.1,0.217903526020258,0,0.00245700245700246,0,70,4032,0.982638888888889,"TMMwsp",FALSE,FALSE,1.10074865867513,"batch_ignored",38,5,0.35,FALSE,5,984472
13421,73,70,3,1720,0.0406976744186047,0.958904109589041,0.0410958904109589,0.1,0.216989601001249,0,0,0,71,2884,0.983356449375867,"TMMwsp",TRUE,FALSE,1.41769262422082,"ctc_pipeline",38,6,0.7,FALSE,5,770782.5
10210,683,207,476,1720,0.120348837209302,0.30307467057101,0.69692532942899,0.1,0.172005049260093,0,0,0,71,4061,0.982762866289091,"TMMwsp",FALSE,FALSE,0.880744029138291,"batch_removed",38,6,0.7,FALSE,5,770782.5
10210,196,118,78,1720,0.0686046511627907,0.602040816326531,0.397959183673469,0.1,0.184931777554738,0,0,0,71,4061,0.982762866289091,"TMMwsp",FALSE,FALSE,1.34546041050112,"batch_ignored",38,6,0.7,FALSE,5,770782.5
12479,147,139,8,1720,0.0808139534883721,0.945578231292517,0.054421768707483,0.1,0.252971992008353,0,0,0,59,3683,0.984795004072767,"TMMwsp",TRUE,FALSE,1.25285121339721,"ctc_pipeline",39,1,0,TRUE,5,1030624.5
10239,231,176,55,1720,0.102325581395349,0.761904761904762,0.238095238095238,0.1,0.237837598614069,0,0.00248138957816377,0,59,3974,0.985153497735279,"TMMwsp",FALSE,FALSE,0.89939501547419,"batch_removed",39,1,0,TRUE,5,1030624.5
10239,175,157,18,1720,0.0912790697674419,0.897142857142857,0.102857142857143,0.1,0.249179015469749,0,0.00248138957816377,0,59,3974,0.985153497735279,"TMMwsp",FALSE,FALSE,0.990019376081044,"batch_ignored",39,1,0,TRUE,5,1030624.5
13004,154,151,3,1720,0.0877906976744186,0.980519480519481,0.0194805194805195,0.1,0.264714034239534,0,0.00240963855421687,0,76,3683,0.980993755090958,"TMMwsp",TRUE,FALSE,1.24563772007084,"ctc_pipeline",39,2,0.35,TRUE,5,839125
10815,202,163,39,1720,0.0947674418604651,0.806930693069307,0.193069306930693,0.1,0.243757497907994,0,0.00240963855421687,0,76,4035,0.981164807930607,"TMMwsp",FALSE,FALSE,0.905678761757211,"batch_removed",39,2,0.35,TRUE,5,839125
10815,139,133,6,1720,0.0773255813953488,0.956834532374101,0.0431654676258993,0.1,0.260544994078056,0,0.00240963855421687,0,76,4035,0.981164807930607,"TMMwsp",FALSE,FALSE,1.11638067530662,"batch_ignored",39,2,0.35,TRUE,5,839125
12680,119,111,8,1720,0.0645348837209302,0.932773109243697,0.0672268907563025,0.1,0.26884355910667,0,0,0,53,3539,0.985871715173778,"TMMwsp",TRUE,FALSE,1.2057378945473,"ctc_pipeline",39,3,0.7,TRUE,5,985791
10483,186,147,39,1720,0.0854651162790698,0.790322580645161,0.209677419354839,0.1,0.240249356077154,0,0,0,53,3813,0.986100183582481,"TMMwsp",FALSE,FALSE,0.86528335057063,"batch_removed",39,3,0.7,TRUE,5,985791
10483,53,52,1,1720,0.0302325581395349,0.981132075471698,0.0188679245283019,0.1,0.255081616933194,0,0,0,53,3813,0.986100183582481,"TMMwsp",FALSE,FALSE,1.4073050464415,"batch_ignored",39,3,0.7,TRUE,5,985791
13915,87,84,3,1720,0.0488372093023256,0.96551724137931,0.0344827586206897,0.1,0.22534917336837,0,0,0,65,2824,0.985127478753541,"TMMwsp",TRUE,FALSE,1.35517084803779,"ctc_pipeline",39,4,0,FALSE,5,880994.5
10811,733,230,503,1720,0.133720930232558,0.313778990450205,0.686221009549795,0.1,0.175318217467565,0,0,0,65,4032,0.983878968253968,"TMMwsp",FALSE,FALSE,0.846104825483403,"batch_removed",39,4,0,FALSE,5,880994.5
10811,148,140,8,1720,0.0813953488372093,0.945945945945946,0.0540540540540541,0.1,0.254580667144597,0,0,0,65,4032,0.983878968253968,"TMMwsp",FALSE,FALSE,0.98608475862045,"batch_ignored",39,4,0,FALSE,5,880994.5
13710,70,70,0,1720,0.0406976744186047,1,0,0.1,0.208478919070962,0,0,0,56,2864,0.987081005586592,"TMMwsp",TRUE,FALSE,1.38790406983031,"ctc_pipeline",39,5,0.35,FALSE,5,773326
10454,721,219,502,1720,0.127325581395349,0.30374479889043,0.69625520110957,0.1,0.166218524764616,0,0,0,56,4051,0.986176252777092,"TMMwsp",FALSE,FALSE,0.8777364095003,"batch_removed",39,5,0.35,FALSE,5,773326
10454,153,129,24,1720,0.075,0.843137254901961,0.156862745098039,0.1,0.214712469516734,0,0,0,56,4051,0.986176252777092,"TMMwsp",FALSE,FALSE,1.08237610123605,"batch_ignored",39,5,0.35,FALSE,5,773326
13202,80,77,3,1720,0.0447674418604651,0.9625,0.0375,0.1,0.201850747214646,0,0,0,69,2860,0.984615384615385,"TMMwsp",TRUE,FALSE,1.43277177772559,"ctc_pipeline",39,6,0.7,FALSE,5,861615.5
10045,771,211,560,1720,0.122674418604651,0.27367055771725,0.72632944228275,0.1,0.160950459884905,0.00833333333333333,0,1,69,4155,0.983393501805054,"TMMwsp",FALSE,FALSE,0.860099016809867,"batch_removed",39,6,0.7,FALSE,5,861615.5
10045,255,116,139,1720,0.0674418604651163,0.454901960784314,0.545098039215686,0.1,0.169678613701684,0,0,0,69,4155,0.983393501805054,"TMMwsp",FALSE,FALSE,1.31798389495773,"batch_ignored",39,6,0.7,FALSE,5,861615.5
12734,154,149,5,1720,0.0866279069767442,0.967532467532468,0.0324675324675325,0.1,0.272163014795311,0,0,0,82,3607,0.979207097310785,"TMMwsp",TRUE,FALSE,1.25029401377669,"ctc_pipeline",40,1,0,TRUE,5,979203.5
10585,222,179,43,1720,0.10406976744186,0.806306306306306,0.193693693693694,0.1,0.249240746574092,0,0,0,82,3977,0.979381443298969,"TMMwsp",FALSE,FALSE,0.891709524357476,"batch_removed",40,1,0,TRUE,5,979203.5
10585,178,165,13,1720,0.0959302325581395,0.926966292134832,0.0730337078651685,0.1,0.264979770298852,0,0,0,82,3977,0.979381443298969,"TMMwsp",FALSE,FALSE,0.988055099420941,"batch_ignored",40,1,0,TRUE,5,979203.5
12851,133,128,5,1720,0.0744186046511628,0.962406015037594,0.037593984962406,0.1,0.274318947925272,0,0,0,67,3563,0.981195621667134,"TMMwsp",TRUE,FALSE,1.23478709729252,"ctc_pipeline",40,2,0.35,TRUE,5,1033451
10557,213,170,43,1720,0.0988372093023256,0.7981220657277,0.2018779342723,0.1,0.250370008495707,0,0,0,67,3845,0.98257477243173,"TMMwsp",FALSE,FALSE,0.887979607179221,"batch_removed",40,2,0.35,TRUE,5,1033451
10557,127,117,10,1720,0.0680232558139535,0.921259842519685,0.078740157480315,0.1,0.262809793628225,0,0,0,67,3845,0.98257477243173,"TMMwsp",FALSE,FALSE,1.08999290239645,"batch_ignored",40,2,0.35,TRUE,5,1033451
11703,88,86,2,1720,0.05,0.977272727272727,0.0227272727272727,0.1,0.231860654859904,0,0,0,49,3790,0.987071240105541,"TMMwsp",TRUE,FALSE,1.31302264339732,"ctc_pipeline",40,3,0.7,TRUE,5,657524.5
9434,131,104,27,1720,0.0604651162790698,0.793893129770992,0.206106870229008,0.1,0.200800757981235,0,0,0,49,4038,0.987865279841506,"TMMwsp",FALSE,FALSE,0.958749031033221,"batch_removed",40,3,0.7,TRUE,5,657524.5
9434,46,46,0,1720,0.0267441860465116,1,0,0.1,0.213916349334813,0,0,0,49,4038,0.987865279841506,"TMMwsp",FALSE,FALSE,1.46727212296007,"batch_ignored",40,3,0.7,TRUE,5,657524.5
14560,91,84,7,1720,0.0488372093023256,0.923076923076923,0.0769230769230769,0.1,0.22974883049359,0,0,0,76,2593,0.98264558426533,"TMMwsp",TRUE,FALSE,1.24398617619458,"ctc_pipeline",40,4,0,FALSE,5,1026477.5
11393,852,259,593,1720,0.150581395348837,0.303990610328638,0.696009389671362,0.1,0.188765518447886,0,0,0,76,3730,0.979624664879357,"TMMwsp",FALSE,FALSE,0.794826831146747,"batch_removed",40,4,0,FALSE,5,1026477.5
11393,161,149,12,1720,0.0866279069767442,0.925465838509317,0.0745341614906832,0.1,0.269217374674571,0,0,0,76,3730,0.979624664879357,"TMMwsp",FALSE,FALSE,0.913818284705109,"batch_ignored",40,4,0,FALSE,5,1026477.5
13707,95,95,0,1720,0.0552325581395349,1,0,0.1,0.226807084174789,0,0.00240963855421687,0,62,2683,0.983600447260529,"TMMwsp",TRUE,FALSE,1.3487257708343,"ctc_pipeline",40,5,0.35,FALSE,5,1072983.5
10550,735,237,498,1720,0.137790697674419,0.322448979591837,0.677551020408163,0.1,0.185116741616874,0,0.00240963855421687,0,62,3759,0.983506251662676,"TMMwsp",FALSE,FALSE,0.832288034690399,"batch_removed",40,5,0.35,FALSE,5,1072983.5
10550,182,148,34,1720,0.086046511627907,0.813186813186813,0.186813186813187,0.1,0.230326873908557,0,0.00240963855421687,0,62,3759,0.983506251662676,"TMMwsp",FALSE,FALSE,1.06220217695282,"batch_ignored",40,5,0.35,FALSE,5,1072983.5
12794,72,70,2,1720,0.0406976744186047,0.972222222222222,0.0277777777777778,0.1,0.211022297376324,0,0.00242130750605327,0,44,2985,0.987939698492462,"TMMwsp",TRUE,FALSE,1.49247876569245,"ctc_pipeline",40,6,0.7,FALSE,5,825101.5
9631,402,163,239,1720,0.0947674418604651,0.40547263681592,0.59452736318408,0.1,0.180427479325793,0,0,0,44,4174,0.989458552946814,"TMMwsp",FALSE,FALSE,0.888437678532928,"batch_removed",40,6,0.7,FALSE,5,825101.5
9631,247,119,128,1720,0.0691860465116279,0.481781376518219,0.518218623481781,0.1,0.168659881474454,0,0,0,44,4174,0.989458552946814,"TMMwsp",FALSE,FALSE,1.39253690506075,"batch_ignored",40,6,0.7,FALSE,5,825101.5
12994,130,125,5,1720,0.0726744186046512,0.961538461538462,0.0384615384615385,0.1,0.260061133863606,0,0,0,63,3665,0.984174624829468,"TMMwsp",TRUE,FALSE,1.27487091409226,"ctc_pipeline",41,1,0,TRUE,5,932539.5
10719,211,168,43,1720,0.0976744186046512,0.796208530805687,0.203791469194313,0.1,0.240235052092263,0,0,0,63,3956,0.98407482305359,"TMMwsp",FALSE,FALSE,0.938757644710174,"batch_removed",41,1,0,TRUE,5,932539.5
10719,153,143,10,1720,0.0831395348837209,0.934640522875817,0.065359477124183,0.1,0.256809966705289,0,0.00261096605744125,0,63,3956,0.98407482305359,"TMMwsp",FALSE,FALSE,1.01686715686744,"batch_ignored",41,1,0,TRUE,5,932539.5
12500,131,126,5,1720,0.0732558139534884,0.961832061068702,0.0381679389312977,0.1,0.259130346422731,0,0,0,54,3721,0.986025262026337,"TMMwsp",TRUE,FALSE,1.28687322287053,"ctc_pipeline",41,2,0.35,TRUE,5,694855
10212,189,157,32,1720,0.0912790697674419,0.830687830687831,0.169312169312169,0.1,0.235304075588034,0,0.00240963855421687,0,54,3961,0.986367079020449,"TMMwsp",FALSE,FALSE,0.941418568486721,"batch_removed",41,2,0.35,TRUE,5,694855
10212,123,118,5,1720,0.0686046511627907,0.959349593495935,0.040650406504065,0.1,0.244962477523764,0,0,0,54,3961,0.986367079020449,"TMMwsp",FALSE,FALSE,1.15446271201538,"batch_ignored",41,2,0.35,TRUE,5,694855
13143,134,130,4,1720,0.0755813953488372,0.970149253731343,0.0298507462686567,0.1,0.266906188046847,0,0,0,61,3617,0.984241083771081,"TMMwsp",TRUE,FALSE,1.18362902056725,"ctc_pipeline",41,3,0.7,TRUE,5,1076502.5
10778,203,160,43,1720,0.0930232558139535,0.788177339901478,0.211822660098522,0.1,0.234819373034896,0,0,0,61,3894,0.984334874165383,"TMMwsp",FALSE,FALSE,0.840302283851111,"batch_removed",41,3,0.7,TRUE,5,1076502.5
10778,65,65,0,1720,0.0377906976744186,1,0,0.1,0.243465028399662,0,0,0,61,3894,0.984334874165383,"TMMwsp",FALSE,FALSE,1.39415403168084,"batch_ignored",41,3,0.7,TRUE,5,1076502.5
13245,79,75,4,1720,0.0436046511627907,0.949367088607595,0.0506329113924051,0.1,0.210660272495512,0,0,0,53,2930,0.986348122866894,"TMMwsp",TRUE,FALSE,1.48917870107144,"ctc_pipeline",41,4,0,FALSE,5,662483
10047,873,240,633,1720,0.13953488372093,0.274914089347079,0.725085910652921,0.1,0.16319546473556,0,0.00237529691211401,0,53,4027,0.986838837844549,"TMMwsp",FALSE,FALSE,0.935844082976078,"batch_removed",41,4,0,FALSE,5,662483
10047,155,148,7,1720,0.086046511627907,0.954838709677419,0.0451612903225806,0.1,0.249868336233626,0,0.00237529691211401,0,53,4027,0.986838837844549,"TMMwsp",FALSE,FALSE,1.0686736298118,"batch_ignored",41,4,0,FALSE,5,662483
13706,80,78,2,1720,0.0453488372093023,0.975,0.025,0.1,0.22779278719126,0,0,0,67,2751,0.984005816066885,"TMMwsp",TRUE,FALSE,1.38301652384806,"ctc_pipeline",41,5,0.35,FALSE,5,959350
10515,681,238,443,1720,0.138372093023256,0.349486049926579,0.650513950073421,0.1,0.18848047227144,0,0,0,67,3936,0.982977642276423,"TMMwsp",FALSE,FALSE,0.852982890781218,"batch_removed",41,5,0.35,FALSE,5,959350
10515,191,150,41,1720,0.0872093023255814,0.785340314136126,0.214659685863874,0.1,0.228066879007607,0,0,0,67,3936,0.982977642276423,"TMMwsp",FALSE,FALSE,1.07361098336699,"batch_ignored",41,5,0.35,FALSE,5,959350
13011,78,76,2,1720,0.0441860465116279,0.974358974358974,0.0256410256410256,0.1,0.217514667261669,0,0,0,57,2995,0.985976627712855,"TMMwsp",TRUE,FALSE,1.46099533203003,"ctc_pipeline",41,6,0.7,FALSE,5,903740
9820,621,214,407,1720,0.124418604651163,0.344605475040258,0.655394524959742,0.1,0.179780391762502,0,0.00246305418719212,0,57,4154,0.986278285989408,"TMMwsp",FALSE,FALSE,0.896026695613206,"batch_removed",41,6,0.7,FALSE,5,903740
9820,219,128,91,1720,0.0744186046511628,0.584474885844749,0.415525114155251,0.1,0.184740029968754,0,0.00246305418719212,0,57,4154,0.986278285989408,"TMMwsp",FALSE,FALSE,1.38038115352641,"batch_ignored",41,6,0.7,FALSE,5,903740
12206,119,114,5,1720,0.0662790697674419,0.957983193277311,0.0420168067226891,0.1,0.242904370019498,0,0,0,64,3741,0.98342689120556,"TMMwsp",TRUE,FALSE,1.32314178240498,"ctc_pipeline",42,1,0,TRUE,5,778534.5
10008,201,147,54,1720,0.0854651162790698,0.73134328358209,0.26865671641791,0.1,0.221317190117358,0,0,0,64,4033,0.984130919910736,"TMMwsp",FALSE,FALSE,0.939769663089046,"batch_removed",42,1,0,TRUE,5,778534.5
10008,146,132,14,1720,0.0767441860465116,0.904109589041096,0.0958904109589041,0.1,0.235321306160724,0,0,0,64,4033,0.984130919910736,"TMMwsp",FALSE,FALSE,1.05580053657149,"batch_ignored",42,1,0,TRUE,5,778534.5
12910,88,86,2,1720,0.05,0.977272727272727,0.0227272727272727,0.1,0.227376454891919,0,0,0,52,3718,0.986820871436256,"TMMwsp",TRUE,FALSE,1.24114236219929,"ctc_pipeline",42,2,0.35,TRUE,5,850205.5
10744,150,120,30,1720,0.0697674418604651,0.8,0.2,0.1,0.20755773678386,0,0,0,52,4016,0.987051792828685,"TMMwsp",FALSE,FALSE,0.906237936350924,"batch_removed",42,2,0.35,TRUE,5,850205.5
10744,69,67,2,1720,0.038953488372093,0.971014492753623,0.0289855072463768,0.1,0.214747104484789,0,0,0,52,4016,0.987051792828685,"TMMwsp",FALSE,FALSE,1.12744298188096,"batch_ignored",42,2,0.35,TRUE,5,850205.5
12643,144,141,3,1720,0.0819767441860465,0.979166666666667,0.0208333333333333,0.1,0.262969872815129,0,0,0,69,3665,0.982264665757162,"TMMwsp",TRUE,FALSE,1.20619301145764,"ctc_pipeline",42,3,0.7,TRUE,5,1002083
10387,193,159,34,1720,0.0924418604651163,0.823834196891192,0.176165803108808,0.1,0.23242212045325,0,0,0,69,3923,0.982411419831761,"TMMwsp",FALSE,FALSE,0.851347108536774,"batch_removed",42,3,0.7,TRUE,5,1002083
10387,83,83,0,1720,0.0482558139534884,1,0,0.1,0.23918644286055,0,0,0,69,3923,0.982411419831761,"TMMwsp",FALSE,FALSE,1.40337649231605,"batch_ignored",42,3,0.7,TRUE,5,1002083
13886,83,81,2,1720,0.047093023255814,0.975903614457831,0.0240963855421687,0.1,0.230244154331946,0,0,0,67,2772,0.97979797979798,"TMMwsp",TRUE,FALSE,1.36939464787299,"ctc_pipeline",42,4,0,FALSE,5,1055820.5
10632,696,243,453,1720,0.141279069767442,0.349137931034483,0.650862068965517,0.1,0.192748214198479,0,0,0,67,3875,0.982709677419355,"TMMwsp",FALSE,FALSE,0.855471329571189,"batch_removed",42,4,0,FALSE,5,1055820.5
10632,153,143,10,1720,0.0831395348837209,0.934640522875817,0.065359477124183,0.1,0.260501499126143,0,0,0,67,3875,0.982709677419355,"TMMwsp",FALSE,FALSE,0.993167846449829,"batch_ignored",42,4,0,FALSE,5,1055820.5
13456,101,94,7,1720,0.0546511627906977,0.930693069306931,0.0693069306930693,0.1,0.226997400667739,0,0.00260416666666667,0,63,2875,0.984,"TMMwsp",TRUE,FALSE,1.38136819005099,"ctc_pipeline",42,5,0.35,FALSE,5,500171.5
10549,746,237,509,1720,0.137790697674419,0.31769436997319,0.68230563002681,0.1,0.179491486406142,0,0.00260416666666667,0,63,4351,0.985520569983912,"TMMwsp",FALSE,FALSE,0.88043731213216,"batch_removed",42,5,0.35,FALSE,5,500171.5
10549,156,127,29,1720,0.0738372093023256,0.814102564102564,0.185897435897436,0.1,0.221816808934387,0,0.00260416666666667,0,63,4351,0.985520569983912,"TMMwsp",FALSE,FALSE,1.11264295141166,"batch_ignored",42,5,0.35,FALSE,5,500171.5
12884,79,74,5,1720,0.0430232558139535,0.936708860759494,0.0632911392405063,0.1,0.182736163430919,0,0,0,49,2928,0.988729508196721,"TMMwsp",TRUE,FALSE,1.46782641117572,"ctc_pipeline",42,6,0.7,FALSE,5,851566
9816,1256,214,1042,1720,0.124418604651163,0.170382165605096,0.829617834394904,0.1,0.135965800128767,0,0.00239234449760766,0,49,4279,0.98854872633793,"TMMwsp",FALSE,FALSE,0.900902480281934,"batch_removed",42,6,0.7,FALSE,5,851566
9816,296,127,169,1720,0.0738372093023256,0.429054054054054,0.570945945945946,0.1,0.167019194933847,0,0.00478468899521531,0,49,4279,0.98854872633793,"TMMwsp",FALSE,FALSE,1.35304409611177,"batch_ignored",42,6,0.7,FALSE,5,851566
12736,132,126,6,1720,0.0732558139534884,0.954545454545455,0.0454545454545455,0.1,0.250841523424997,0,0,0,68,3657,0.981678971834837,"TMMwsp",TRUE,FALSE,1.28206856556414,"ctc_pipeline",43,1,0,TRUE,5,871204.5
10521,204,161,43,1720,0.0936046511627907,0.78921568627451,0.21078431372549,0.1,0.224631028957847,0,0,0,68,3971,0.982875849911861,"TMMwsp",FALSE,FALSE,0.946308536401248,"batch_removed",43,1,0,TRUE,5,871204.5
10521,161,148,13,1720,0.086046511627907,0.919254658385093,0.0807453416149068,0.1,0.246364068767068,0,0,0,68,3971,0.982875849911861,"TMMwsp",FALSE,FALSE,1.02194136616249,"batch_ignored",43,1,0,TRUE,5,871204.5
12133,141,138,3,1720,0.0802325581395349,0.978723404255319,0.0212765957446809,0.1,0.267206703357737,0,0,0,64,3775,0.983841059602649,"TMMwsp",TRUE,FALSE,1.30593918886094,"ctc_pipeline",43,2,0.35,TRUE,5,956491
9953,200,174,26,1720,0.101162790697674,0.87,0.13,0.1,0.247405514609557,0,0,0,64,4038,0.984150569588905,"TMMwsp",FALSE,FALSE,0.941545395593857,"batch_removed",43,2,0.35,TRUE,5,956491
9953,136,128,8,1720,0.0744186046511628,0.941176470588235,0.0588235294117647,0.1,0.254835822235311,0,0,0,64,4038,0.984150569588905,"TMMwsp",FALSE,FALSE,1.15390291370212,"batch_ignored",43,2,0.35,TRUE,5,956491
12007,125,122,3,1720,0.0709302325581395,0.976,0.024,0.1,0.247536495373895,0,0,0,66,3789,0.983372921615202,"TMMwsp",TRUE,FALSE,1.29302725938075,"ctc_pipeline",43,3,0.7,TRUE,5,925681.5
9833,180,147,33,1720,0.0854651162790698,0.816666666666667,0.183333333333333,0.1,0.226551854215322,0,0,0,66,4076,0.983807654563297,"TMMwsp",FALSE,FALSE,0.888398447086304,"batch_removed",43,3,0.7,TRUE,5,925681.5
9833,78,78,0,1720,0.0453488372093023,1,0,0.1,0.236751371751884,0,0,0,66,4076,0.983807654563297,"TMMwsp",FALSE,FALSE,1.44672380706395,"batch_ignored",43,3,0.7,TRUE,5,925681.5
14256,79,76,3,1720,0.0441860465116279,0.962025316455696,0.0379746835443038,0.1,0.218742396686074,0,0,0,61,2725,0.984954128440367,"TMMwsp",TRUE,FALSE,1.31808203663768,"ctc_pipeline",43,4,0,FALSE,5,1038717
10966,1145,253,892,1720,0.147093023255814,0.220960698689956,0.779039301310044,0.1,0.156252136083631,0,0.00253807106598985,0,61,3834,0.984089723526343,"TMMwsp",FALSE,FALSE,0.837574163814682,"batch_removed",43,4,0,FALSE,5,1038717
10966,174,157,17,1720,0.0912790697674419,0.902298850574713,0.0977011494252874,0.1,0.261869810173472,0,0.00253807106598985,0,61,3834,0.984089723526343,"TMMwsp",FALSE,FALSE,0.947477751376686,"batch_ignored",43,4,0,FALSE,5,1038717
13676,89,85,4,1720,0.0494186046511628,0.955056179775281,0.0449438202247191,0.1,0.214562339362715,0,0,0,65,2903,0.984498794350672,"TMMwsp",TRUE,FALSE,1.36336311738884,"ctc_pipeline",43,5,0.35,FALSE,5,921795
10563,960,227,733,1720,0.131976744186047,0.236458333333333,0.763541666666667,0.1,0.165788488475438,0,0,0,65,4088,0.984099804305284,"TMMwsp",FALSE,FALSE,0.87798202660278,"batch_removed",43,5,0.35,FALSE,5,921795
10563,206,142,64,1720,0.0825581395348837,0.689320388349515,0.310679611650485,0.1,0.216397734442317,0,0,0,65,4088,0.984099804305284,"TMMwsp",FALSE,FALSE,1.08339761086872,"batch_ignored",43,5,0.35,FALSE,5,921795
13333,66,62,4,1720,0.036046511627907,0.93939393939394,0.0606060606060606,0.1,0.195945336727689,0,0.0024390243902439,0,47,2894,0.987214927436075,"TMMwsp",TRUE,FALSE,1.411493780465,"ctc_pipeline",43,6,0.7,FALSE,5,836618.5
10288,868,212,656,1720,0.123255813953488,0.244239631336406,0.755760368663594,0.1,0.154082737744657,0.025,0.0024390243902439,3,47,4197,0.988801524898737,"TMMwsp",FALSE,FALSE,0.873321090498341,"batch_removed",43,6,0.7,FALSE,5,836618.5
10288,292,117,175,1720,0.0680232558139535,0.400684931506849,0.599315068493151,0.1,0.158832517413448,0,0.0024390243902439,0,47,4197,0.988801524898737,"TMMwsp",FALSE,FALSE,1.32561574950987,"batch_ignored",43,6,0.7,FALSE,5,836618.5
13568,144,136,8,1720,0.0790697674418605,0.944444444444444,0.0555555555555556,0.1,0.281101005457245,0,0,0,67,3408,0.980927230046948,"TMMwsp",TRUE,FALSE,1.13499484035189,"ctc_pipeline",44,1,0,TRUE,5,1202074.5
11320,229,188,41,1720,0.109302325581395,0.820960698689956,0.179039301310044,0.1,0.262142020496938,0,0.00495049504950495,0,67,3713,0.981955292216537,"TMMwsp",FALSE,FALSE,0.825540509116969,"batch_removed",44,1,0,TRUE,5,1202074.5
11320,170,156,14,1720,0.0906976744186047,0.917647058823529,0.0823529411764706,0.1,0.273323603034487,0,0,0,67,3713,0.981955292216537,"TMMwsp",FALSE,FALSE,0.914832176333134,"batch_ignored",44,1,0,TRUE,5,1202074.5
12849,139,129,10,1720,0.075,0.928057553956835,0.0719424460431655,0.1,0.267723348215608,0,0,0,80,3659,0.979502596337797,"TMMwsp",TRUE,FALSE,1.21964063173998,"ctc_pipeline",44,2,0.35,TRUE,5,1078395.5
10658,235,181,54,1720,0.105232558139535,0.770212765957447,0.229787234042553,0.1,0.246725715272574,0,0,0,80,3965,0.979823455233291,"TMMwsp",FALSE,FALSE,0.891001904873761,"batch_removed",44,2,0.35,TRUE,5,1078395.5
10658,130,122,8,1720,0.0709302325581395,0.938461538461538,0.0615384615384615,0.1,0.259704208924508,0,0,0,80,3965,0.979823455233291,"TMMwsp",FALSE,FALSE,1.10221430648065,"batch_ignored",44,2,0.35,TRUE,5,1078395.5
12312,108,102,6,1720,0.0593023255813954,0.944444444444444,0.0555555555555556,0.1,0.235091610303404,0,0.00241545893719807,0,59,3672,0.983932461873638,"TMMwsp",TRUE,FALSE,1.22599806063985,"ctc_pipeline",44,3,0.7,TRUE,5,905191.5
10153,154,124,30,1720,0.072093023255814,0.805194805194805,0.194805194805195,0.1,0.213717639094513,0,0,0,59,3949,0.985059508736389,"TMMwsp",FALSE,FALSE,0.859953765082672,"batch_removed",44,3,0.7,TRUE,5,905191.5
10153,48,48,0,1720,0.027906976744186,1,0,0.1,0.219659684232293,0,0,0,59,3949,0.985059508736389,"TMMwsp",FALSE,FALSE,1.41174961224131,"batch_ignored",44,3,0.7,TRUE,5,905191.5
14117,105,98,7,1720,0.0569767441860465,0.933333333333333,0.0666666666666667,0.1,0.234340542712814,0,0,0,83,2758,0.980058013052937,"TMMwsp",TRUE,FALSE,1.31335970319628,"ctc_pipeline",44,4,0,FALSE,5,1237355.5
10919,1139,293,846,1720,0.170348837209302,0.257243195785777,0.742756804214223,0.1,0.178284048053517,0,0,0,83,3838,0.978374153204794,"TMMwsp",FALSE,FALSE,0.815456546353866,"batch_removed",44,4,0,FALSE,5,1237355.5
10919,186,169,17,1720,0.0982558139534884,0.908602150537634,0.0913978494623656,0.1,0.279127509575001,0,0,0,83,3838,0.978374153204794,"TMMwsp",FALSE,FALSE,0.958710527321975,"batch_ignored",44,4,0,FALSE,5,1237355.5
13099,81,74,7,1720,0.0430232558139535,0.91358024691358,0.0864197530864197,0.1,0.193649989509613,0,0,0,66,3063,0.982696702579171,"TMMwsp",TRUE,FALSE,1.46718989454418,"ctc_pipeline",44,5,0.35,FALSE,5,647695
10094,919,224,695,1720,0.130232558139535,0.243743199129489,0.756256800870511,0.1,0.149246507358481,0,0,0,66,4235,0.984415584415584,"TMMwsp",FALSE,FALSE,0.926790717020561,"batch_removed",44,5,0.35,FALSE,5,647695
10094,139,113,26,1720,0.0656976744186046,0.81294964028777,0.18705035971223,0.1,0.208853535450882,0,0,0,66,4235,0.984415584415584,"TMMwsp",FALSE,FALSE,1.14317011925807,"batch_ignored",44,5,0.35,FALSE,5,647695
12950,69,63,6,1720,0.0366279069767442,0.91304347826087,0.0869565217391304,0.1,0.175207370838651,0,0,0,72,2901,0.981730437780076,"TMMwsp",TRUE,FALSE,1.4741786686028,"ctc_pipeline",44,6,0.7,FALSE,5,815854.5
9948,1240,225,1015,1720,0.130813953488372,0.181451612903226,0.818548387096774,0.1,0.137989126113701,0,0,0,72,4221,0.982942430703625,"TMMwsp",FALSE,FALSE,0.907792461226691,"batch_removed",44,6,0.7,FALSE,5,815854.5
9948,332,132,200,1720,0.0767441860465116,0.397590361445783,0.602409638554217,0.1,0.160004534774406,0,0,0,72,4221,0.982942430703625,"TMMwsp",FALSE,FALSE,1.34498606907949,"batch_ignored",44,6,0.7,FALSE,5,815854.5
12624,134,122,12,1720,0.0709302325581395,0.91044776119403,0.0895522388059701,0.1,0.247955681719712,0,0,0,43,3785,0.988639365918098,"TMMwsp",TRUE,FALSE,1.31227602729809,"ctc_pipeline",45,1,0,TRUE,5,650143.5
10307,180,140,40,1720,0.0813953488372093,0.777777777777778,0.222222222222222,0.1,0.228458370042078,0,0,0,43,4059,0.989406257698941,"TMMwsp",FALSE,FALSE,0.989830171343716,"batch_removed",45,1,0,TRUE,5,650143.5
10307,157,137,20,1720,0.0796511627906977,0.872611464968153,0.127388535031847,0.1,0.245499235584079,0,0,0,43,4059,0.989406257698941,"TMMwsp",FALSE,FALSE,1.02065014540795,"batch_ignored",45,1,0,TRUE,5,650143.5
12231,137,133,4,1720,0.0773255813953488,0.970802919708029,0.0291970802919708,0.1,0.24444138699291,0,0,0,57,3711,0.985179196981946,"TMMwsp",TRUE,FALSE,1.3098023520907,"ctc_pipeline",45,2,0.35,TRUE,5,890819
10045,188,155,33,1720,0.0901162790697674,0.824468085106383,0.175531914893617,0.1,0.22625571797979,0,0,0,57,3975,0.98566037735849,"TMMwsp",FALSE,FALSE,0.940307332462188,"batch_removed",45,2,0.35,TRUE,5,890819
10045,124,118,6,1720,0.0686046511627907,0.951612903225806,0.0483870967741935,0.1,0.235971720863665,0,0,0,57,3975,0.98566037735849,"TMMwsp",FALSE,FALSE,1.16429526647443,"batch_ignored",45,2,0.35,TRUE,5,890819
12731,167,155,12,1720,0.0901162790697674,0.92814371257485,0.0718562874251497,0.1,0.28122420344936,0,0,0,68,3672,0.982570806100218,"TMMwsp",TRUE,FALSE,1.21350113199326,"ctc_pipeline",45,3,0.7,TRUE,5,1006618.5
10526,237,179,58,1720,0.10406976744186,0.755274261603376,0.244725738396624,0.1,0.245475231093784,0,0.0025974025974026,0,68,4002,0.983008495752124,"TMMwsp",FALSE,FALSE,0.871895668342619,"batch_removed",45,3,0.7,TRUE,5,1006618.5
10526,91,89,2,1720,0.0517441860465116,0.978021978021978,0.021978021978022,0.1,0.254764563172952,0,0,0,68,4002,0.983008495752124,"TMMwsp",FALSE,FALSE,1.39839271054031,"batch_ignored",45,3,0.7,TRUE,5,1006618.5
13638,70,65,5,1720,0.0377906976744186,0.928571428571429,0.0714285714285714,0.1,0.19317633441411,0,0,0,58,2820,0.985815602836879,"TMMwsp",TRUE,FALSE,1.4239325961572,"ctc_pipeline",45,4,0,FALSE,5,735317
10432,1528,292,1236,1720,0.169767441860465,0.191099476439791,0.80890052356021,0.1,0.146924407732163,0,0.00506329113924051,0,58,3966,0.985375693393848,"TMMwsp",FALSE,FALSE,0.901160781118852,"batch_removed",45,4,0,FALSE,5,735317
10432,154,144,10,1720,0.0837209302325581,0.935064935064935,0.0649350649350649,0.1,0.259084281038327,0,0,0,58,3966,0.985375693393848,"TMMwsp",FALSE,FALSE,1.0146169044755,"batch_ignored",45,4,0,FALSE,5,735317
13343,86,83,3,1720,0.0482558139534884,0.965116279069767,0.0348837209302326,0.1,0.203202218783445,0,0.00248138957816377,0,71,2904,0.982093663911846,"TMMwsp",TRUE,FALSE,1.4253693693063,"ctc_pipeline",45,5,0.35,FALSE,5,1021927.5
10171,1007,233,774,1720,0.13546511627907,0.231380337636544,0.768619662363456,0.1,0.154028257255262,0.00833333333333333,0.00248138957816377,1,71,3981,0.982165285104245,"TMMwsp",FALSE,FALSE,0.894933242768256,"batch_removed",45,5,0.35,FALSE,5,1021927.5
10171,204,142,62,1720,0.0825581395348837,0.696078431372549,0.303921568627451,0.1,0.207710237249477,0,0.00248138957816377,0,71,3981,0.982165285104245,"TMMwsp",FALSE,FALSE,1.10538650577146,"batch_ignored",45,5,0.35,FALSE,5,1021927.5
12886,60,59,1,1720,0.0343023255813954,0.983333333333333,0.0166666666666667,0.1,0.191544473826961,0,0,0,29,2953,0.99153403318659,"TMMwsp",TRUE,FALSE,1.45786622853422,"ctc_pipeline",45,6,0.7,FALSE,5,759694.5
10018,750,194,556,1720,0.112790697674419,0.258666666666667,0.741333333333333,0.1,0.152280861879844,0,0,0,29,4474,0.993518104604381,"TMMwsp",FALSE,FALSE,0.887832083332638,"batch_removed",45,6,0.7,FALSE,5,759694.5
10018,216,102,114,1720,0.0593023255813954,0.472222222222222,0.527777777777778,0.1,0.162751692225137,0,0,0,29,4474,0.993518104604381,"TMMwsp",FALSE,FALSE,1.39743948435198,"batch_ignored",45,6,0.7,FALSE,5,759694.5
12195,130,127,3,1720,0.0738372093023256,0.976923076923077,0.0230769230769231,0.1,0.254464307583193,0,0,0,62,3744,0.983707264957265,"TMMwsp",TRUE,FALSE,1.33755197974638,"ctc_pipeline",46,1,0,TRUE,5,692458.5
10006,184,157,27,1720,0.0912790697674419,0.853260869565217,0.146739130434783,0.1,0.238554334928674,0,0,0,62,4048,0.984683794466403,"TMMwsp",FALSE,FALSE,0.972138136288991,"batch_removed",46,1,0,TRUE,5,692458.5
10006,155,142,13,1720,0.0825581395348837,0.916129032258065,0.0838709677419355,0.1,0.243634785029703,0,0,0,62,4048,0.984683794466403,"TMMwsp",FALSE,FALSE,1.04998434209009,"batch_ignored",46,1,0,TRUE,5,692458.5
10216,134,90,44,1720,0.0523255813953488,0.671641791044776,0.328358208955224,0.1,0.162157682358904,0,0.00254452926208651,0,59,5254,0.988770460601446,"TMMwsp",FALSE,FALSE,0.984533028957765,"batch_removed",46,2,0.35,TRUE,5,749835.5
10216,81,70,11,1720,0.0406976744186047,0.864197530864197,0.135802469135802,0.1,0.178116522708058,0,0.00254452926208651,0,59,5254,0.988770460601446,"TMMwsp",FALSE,FALSE,1.28565070551807,"batch_ignored",46,2,0.35,TRUE,5,749835.5
13021,140,136,4,1720,0.0790697674418605,0.971428571428571,0.0285714285714286,0.1,0.278599979497514,0,0,0,70,3671,0.982293652955598,"TMMwsp",TRUE,FALSE,1.20741128894569,"ctc_pipeline",46,3,0.7,TRUE,5,1104761.5
10772,205,159,46,1720,0.0924418604651163,0.775609756097561,0.224390243902439,0.1,0.245629758395688,0,0,0,70,4038,0.982664685487865,"TMMwsp",FALSE,FALSE,0.873096683351487,"batch_removed",46,3,0.7,TRUE,5,1104761.5
10772,81,80,1,1720,0.0465116279069767,0.987654320987654,0.0123456790123457,0.1,0.254577674977758,0,0,0,70,4038,0.982664685487865,"TMMwsp",FALSE,FALSE,1.40975260892494,"batch_ignored",46,3,0.7,TRUE,5,1104761.5
13530,63,62,1,1720,0.036046511627907,0.984126984126984,0.0158730158730159,0.1,0.232100860262319,0,0,0,62,2735,0.986471663619744,"TMMwsp",TRUE,FALSE,1.43064117059642,"ctc_pipeline",46,4,0,FALSE,5,799431
10422,513,208,305,1720,0.12093023255814,0.405458089668616,0.594541910331384,0.1,0.19203934119982,0,0,0,62,3866,0.983962752198655,"TMMwsp",FALSE,FALSE,0.891041397893294,"batch_removed",46,4,0,FALSE,5,799431
10422,127,118,9,1720,0.0686046511627907,0.929133858267717,0.0708661417322835,0.1,0.253573525555048,0,0,0,62,3866,0.983962752198655,"TMMwsp",FALSE,FALSE,1.02704857372874,"batch_ignored",46,4,0,FALSE,5,799431
13582,86,83,3,1720,0.0482558139534884,0.965116279069767,0.0348837209302326,0.1,0.207036642887596,0,0,0,68,2828,0.982319660537482,"TMMwsp",TRUE,FALSE,1.3946146598674,"ctc_pipeline",46,5,0.35,FALSE,5,964983
10493,777,220,557,1720,0.127906976744186,0.283140283140283,0.716859716859717,0.1,0.166351603092084,0,0,0,68,3996,0.982982982982983,"TMMwsp",FALSE,FALSE,0.863549692208344,"batch_removed",46,5,0.35,FALSE,5,964983
10493,163,130,33,1720,0.0755813953488372,0.797546012269939,0.202453987730061,0.1,0.210053586795329,0,0,0,68,3996,0.982982982982983,"TMMwsp",FALSE,FALSE,1.09793253837647,"batch_ignored",46,5,0.35,FALSE,5,964983
13017,89,86,3,1720,0.05,0.966292134831461,0.0337078651685393,0.1,0.217320585489714,0,0.00249376558603491,0,69,2970,0.984848484848485,"TMMwsp",TRUE,FALSE,1.42901449841529,"ctc_pipeline",46,6,0.7,FALSE,5,958829
10073,516,168,348,1720,0.0976744186046512,0.325581395348837,0.674418604651163,0.1,0.16645405575911,0,0.00249376558603491,0,69,4467,0.984553391537945,"TMMwsp",FALSE,FALSE,0.894978208169342,"batch_removed",46,6,0.7,FALSE,5,958829
10073,196,118,78,1720,0.0686046511627907,0.602040816326531,0.397959183673469,0.1,0.183065021415657,0,0.00249376558603491,0,69,4467,0.984553391537945,"TMMwsp",FALSE,FALSE,1.4161022022919,"batch_ignored",46,6,0.7,FALSE,5,958829
12582,119,116,3,1720,0.0674418604651163,0.974789915966387,0.0252100840336134,0.1,0.2543386332366,0,0.00264550264550265,0,67,3610,0.982825484764543,"TMMwsp",TRUE,FALSE,1.26272844992093,"ctc_pipeline",47,1,0,TRUE,5,724177
10399,169,141,28,1720,0.0819767441860465,0.834319526627219,0.165680473372781,0.1,0.233402438249287,0,0.00264550264550265,0,67,3903,0.982833717653087,"TMMwsp",FALSE,FALSE,0.915842522821039,"batch_removed",47,1,0,TRUE,5,724177
10399,135,128,7,1720,0.0744186046511628,0.948148148148148,0.0518518518518519,0.1,0.246540674931834,0,0.00264550264550265,0,67,3903,0.982833717653087,"TMMwsp",FALSE,FALSE,1.00873245826801,"batch_ignored",47,1,0,TRUE,5,724177
12261,117,111,6,1720,0.0645348837209302,0.948717948717949,0.0512820512820513,0.1,0.24197018516687,0,0,0,75,3625,0.979862068965517,"TMMwsp",TRUE,FALSE,1.28595848525171,"ctc_pipeline",47,2,0.35,TRUE,5,805921
10086,173,135,38,1720,0.0784883720930233,0.780346820809249,0.219653179190751,0.1,0.218436510994019,0,0,0,75,3952,0.981022267206478,"TMMwsp",FALSE,FALSE,0.909918890088211,"batch_removed",47,2,0.35,TRUE,5,805921
10086,114,109,5,1720,0.0633720930232558,0.956140350877193,0.043859649122807,0.1,0.2307790659027,0,0,0,75,3952,0.981022267206478,"TMMwsp",FALSE,FALSE,1.14326303241688,"batch_ignored",47,2,0.35,TRUE,5,805921
11336,86,84,2,1720,0.0488372093023256,0.976744186046512,0.0232558139534884,0.1,0.205380810447217,0,0,0,37,3892,0.99049331963001,"TMMwsp",TRUE,FALSE,1.37774861580565,"ctc_pipeline",47,3,0.7,TRUE,5,618705
9181,135,104,31,1720,0.0604651162790698,0.77037037037037,0.22962962962963,0.1,0.181369657234122,0,0,0,37,4132,0.991045498547919,"TMMwsp",FALSE,FALSE,0.9765013989293,"batch_removed",47,3,0.7,TRUE,5,618705
9181,47,47,0,1720,0.0273255813953488,1,0,0.1,0.18863578097991,0,0,0,37,4132,0.991045498547919,"TMMwsp",FALSE,FALSE,1.53762165038393,"batch_ignored",47,3,0.7,TRUE,5,618705
12744,58,53,5,1720,0.0308139534883721,0.913793103448276,0.0862068965517241,0.1,0.178928162265553,0,0,0,73,2951,0.985089800067774,"TMMwsp",TRUE,FALSE,1.55836560218747,"ctc_pipeline",47,4,0,FALSE,5,890096
9709,919,191,728,1720,0.111046511627907,0.207834602829162,0.792165397170838,0.1,0.138184068024143,0,0.00251256281407035,0,73,4135,0.982345828295042,"TMMwsp",FALSE,FALSE,0.954844009657457,"batch_removed",47,4,0,FALSE,5,890096
9709,108,100,8,1720,0.0581395348837209,0.925925925925926,0.0740740740740741,0.1,0.222278526744637,0,0,0,73,4135,0.982345828295042,"TMMwsp",FALSE,FALSE,1.11363639433899,"batch_ignored",47,4,0,FALSE,5,890096
13711,89,88,1,1720,0.0511627906976744,0.98876404494382,0.0112359550561798,0.1,0.223498752896236,0,0,0,65,2913,0.98043254376931,"TMMwsp",TRUE,FALSE,1.38364634829331,"ctc_pipeline",47,5,0.35,FALSE,5,992185
10497,773,231,542,1720,0.134302325581395,0.298835705045278,0.701164294954722,0.1,0.177317074057403,0,0,0,65,4079,0.984064721745526,"TMMwsp",FALSE,FALSE,0.86545699814667,"batch_removed",47,5,0.35,FALSE,5,992185
10497,194,148,46,1720,0.086046511627907,0.762886597938144,0.237113402061856,0.1,0.229453216968417,0,0,0,65,4079,0.984064721745526,"TMMwsp",FALSE,FALSE,1.07962282200549,"batch_ignored",47,5,0.35,FALSE,5,992185
13078,70,67,3,1720,0.038953488372093,0.957142857142857,0.0428571428571429,0.1,0.194964651887073,0,0,0,51,2869,0.986406413384455,"TMMwsp",TRUE,FALSE,1.41436884247177,"ctc_pipeline",47,6,0.7,FALSE,5,960374.5
9985,872,218,654,1720,0.126744186046512,0.25,0.75,0.1,0.154243485864412,0,0,0,51,4076,0.987487733071639,"TMMwsp",FALSE,FALSE,0.881322966300106,"batch_removed",47,6,0.7,FALSE,5,960374.5
9985,317,131,186,1720,0.0761627906976744,0.413249211356467,0.586750788643533,0.1,0.167945590358241,0,0,0,51,4076,0.987487733071639,"TMMwsp",FALSE,FALSE,1.34144694944879,"batch_ignored",47,6,0.7,FALSE,5,960374.5
12635,109,107,2,1720,0.0622093023255814,0.981651376146789,0.018348623853211,0.1,0.256269145857106,0,0.00251889168765743,0,65,3689,0.983464353483329,"TMMwsp",TRUE,FALSE,1.25404081567741,"ctc_pipeline",48,1,0,TRUE,5,763833
10423,143,125,18,1720,0.0726744186046512,0.874125874125874,0.125874125874126,0.1,0.237800067928704,0,0.00251889168765743,0,65,4007,0.983778387821313,"TMMwsp",FALSE,FALSE,0.926948321104526,"batch_removed",48,1,0,TRUE,5,763833
10423,128,119,9,1720,0.0691860465116279,0.9296875,0.0703125,0.1,0.248122818647836,0,0.00251889168765743,0,65,4007,0.983778387821313,"TMMwsp",FALSE,FALSE,1.00773778214765,"batch_ignored",48,1,0,TRUE,5,763833
12229,104,103,1,1720,0.0598837209302326,0.990384615384615,0.00961538461538462,0.1,0.237263268665036,0,0,0,54,3693,0.986731654481451,"TMMwsp",TRUE,FALSE,1.27705666053694,"ctc_pipeline",48,2,0.35,TRUE,5,799492.5
10037,164,131,33,1720,0.0761627906976744,0.798780487804878,0.201219512195122,0.1,0.218392872151958,0,0,0,54,3987,0.986455981941309,"TMMwsp",FALSE,FALSE,0.914885724596306,"batch_removed",48,2,0.35,TRUE,5,799492.5
10037,96,93,3,1720,0.0540697674418605,0.96875,0.03125,0.1,0.228139222501834,0,0,0,54,3987,0.986455981941309,"TMMwsp",FALSE,FALSE,1.13221008251936,"batch_ignored",48,2,0.35,TRUE,5,799492.5
11279,78,76,2,1720,0.0441860465116279,0.974358974358974,0.0256410256410256,0.1,0.218800178073202,0,0,0,69,3817,0.982446947864815,"TMMwsp",TRUE,FALSE,1.36237430941449,"ctc_pipeline",48,3,0.7,TRUE,5,881261
9155,130,104,26,1720,0.0604651162790698,0.8,0.2,0.1,0.202829367561144,0,0,0,69,4077,0.983321069413785,"TMMwsp",FALSE,FALSE,0.949136053587365,"batch_removed",48,3,0.7,TRUE,5,881261
9155,34,34,0,1720,0.0197674418604651,1,0,0.1,0.206745500421977,0,0,0,69,4077,0.983321069413785,"TMMwsp",FALSE,FALSE,1.51490446629232,"batch_ignored",48,3,0.7,TRUE,5,881261
13622,82,82,0,1720,0.0476744186046512,1,0,0.1,0.232427164827185,0,0,0,67,2815,0.98259325044405,"TMMwsp",TRUE,FALSE,1.40412790781777,"ctc_pipeline",48,4,0,FALSE,5,923709
10413,601,236,365,1720,0.137209302325581,0.392678868552413,0.607321131447587,0.1,0.196539844519916,0,0,0,67,3957,0.98306798079353,"TMMwsp",FALSE,FALSE,0.854740881353914,"batch_removed",48,4,0,FALSE,5,923709
10413,161,148,13,1720,0.086046511627907,0.919254658385093,0.0807453416149068,0.1,0.256183063034468,0,0,0,67,3957,0.98306798079353,"TMMwsp",FALSE,FALSE,0.998024249173112,"batch_ignored",48,4,0,FALSE,5,923709
13665,86,83,3,1720,0.0482558139534884,0.965116279069767,0.0348837209302326,0.1,0.217129873415639,0,0,0,64,2942,0.984024473147519,"TMMwsp",TRUE,FALSE,1.40465137433181,"ctc_pipeline",48,5,0.35,FALSE,5,967058
10354,563,217,346,1720,0.126162790697674,0.385435168738899,0.614564831261101,0.1,0.18294203181841,0,0,0,64,4042,0.98416625432954,"TMMwsp",FALSE,FALSE,0.882527976021202,"batch_removed",48,5,0.35,FALSE,5,967058
10354,185,140,45,1720,0.0813953488372093,0.756756756756757,0.243243243243243,0.1,0.220744402756819,0,0,0,64,4042,0.98416625432954,"TMMwsp",FALSE,FALSE,1.10283460028218,"batch_ignored",48,5,0.35,FALSE,5,967058
13053,78,73,5,1720,0.0424418604651163,0.935897435897436,0.0641025641025641,0.1,0.224447735851759,0,0,0,70,2953,0.984761259735862,"TMMwsp",TRUE,FALSE,1.42033912921077,"ctc_pipeline",48,6,0.7,FALSE,5,893136.5
9838,466,187,279,1720,0.108720930232558,0.401287553648069,0.598712446351931,0.1,0.1899516648144,0,0,0,70,4078,0.982834722903384,"TMMwsp",FALSE,FALSE,0.888174644778708,"batch_removed",48,6,0.7,FALSE,5,893136.5
9838,253,130,123,1720,0.0755813953488372,0.513833992094862,0.486166007905138,0.1,0.181561158010489,0,0,0,70,4078,0.982834722903384,"TMMwsp",FALSE,FALSE,1.3626820200468,"batch_ignored",48,6,0.7,FALSE,5,893136.5
12321,118,113,5,1720,0.0656976744186046,0.957627118644068,0.0423728813559322,0.1,0.244703273940395,0,0,0,80,3757,0.980037263774288,"TMMwsp",TRUE,FALSE,1.30340239364758,"ctc_pipeline",49,1,0,TRUE,5,1129886.5
10133,159,135,24,1720,0.0784883720930233,0.849056603773585,0.150943396226415,0.1,0.225182605144595,0,0,0,80,4021,0.980104451628948,"TMMwsp",FALSE,FALSE,0.928572976249134,"batch_removed",49,1,0,TRUE,5,1129886.5
10133,130,125,5,1720,0.0726744186046512,0.961538461538462,0.0384615384615385,0.1,0.236803648330654,0,0,0,80,4021,0.980104451628948,"TMMwsp",FALSE,FALSE,1.01621694659685,"batch_ignored",49,1,0,TRUE,5,1129886.5
12703,155,147,8,1720,0.0854651162790698,0.948387096774194,0.0516129032258065,0.1,0.263615673251055,0,0,0,61,3593,0.984135819649318,"TMMwsp",TRUE,FALSE,1.24810045252502,"ctc_pipeline",49,2,0.35,TRUE,5,850219.5
10489,223,174,49,1720,0.101162790697674,0.780269058295964,0.219730941704036,0.1,0.246255248785667,0,0,0,61,3890,0.984318766066838,"TMMwsp",FALSE,FALSE,0.899832003199081,"batch_removed",49,2,0.35,TRUE,5,850219.5
10489,142,134,8,1720,0.077906976744186,0.943661971830986,0.0563380281690141,0.1,0.257602324710743,0,0,0,61,3890,0.984318766066838,"TMMwsp",FALSE,FALSE,1.11501381478879,"batch_ignored",49,2,0.35,TRUE,5,850219.5
12264,120,116,4,1720,0.0674418604651163,0.966666666666667,0.0333333333333333,0.1,0.244109783009028,0,0.00251889168765743,0,71,3719,0.983328851841893,"TMMwsp",TRUE,FALSE,1.30233709806414,"ctc_pipeline",49,3,0.7,TRUE,5,966998.5
10047,157,125,32,1720,0.0726744186046512,0.796178343949045,0.203821656050955,0.1,0.211583330203855,0,0.00251889168765743,0,71,4035,0.982403965303594,"TMMwsp",FALSE,FALSE,0.943864775245037,"batch_removed",49,3,0.7,TRUE,5,966998.5
10047,87,83,4,1720,0.0482558139534884,0.954022988505747,0.0459770114942529,0.1,0.220956937794623,0,0.00251889168765743,0,71,4035,0.982403965303594,"TMMwsp",FALSE,FALSE,1.49571106268663,"batch_ignored",49,3,0.7,TRUE,5,966998.5
13892,76,73,3,1720,0.0424418604651163,0.960526315789474,0.0394736842105263,0.1,0.223611206854466,0,0,0,73,2669,0.980891719745223,"TMMwsp",TRUE,FALSE,1.35079001263195,"ctc_pipeline",49,4,0,FALSE,5,992000.5
10650,1074,275,799,1720,0.159883720930233,0.256052141527002,0.743947858472998,0.1,0.166180835243189,0,0,0,73,3815,0.98086500655308,"TMMwsp",FALSE,FALSE,0.859803462984271,"batch_removed",49,4,0,FALSE,5,992000.5
10650,160,151,9,1720,0.0877906976744186,0.94375,0.05625,0.1,0.266831602034332,0,0,0,73,3815,0.98086500655308,"TMMwsp",FALSE,FALSE,0.969207101764639,"batch_ignored",49,4,0,FALSE,5,992000.5
14129,87,86,1,1720,0.05,0.988505747126437,0.0114942528735632,0.1,0.218317714314382,0,0,0,64,2806,0.985032074126871,"TMMwsp",TRUE,FALSE,1.35225214880341,"ctc_pipeline",49,5,0.35,FALSE,5,899689
10947,773,228,545,1720,0.132558139534884,0.294954721862872,0.705045278137128,0.1,0.176475552767898,0.00833333333333333,0.00248756218905473,1,64,3958,0.983830217281455,"TMMwsp",FALSE,FALSE,0.835989849741644,"batch_removed",49,5,0.35,FALSE,5,899689
10947,163,134,29,1720,0.077906976744186,0.822085889570552,0.177914110429448,0.1,0.221317502184438,0,0,0,64,3958,0.983830217281455,"TMMwsp",FALSE,FALSE,1.0684137254626,"batch_ignored",49,5,0.35,FALSE,5,899689
13838,56,53,3,1720,0.0308139534883721,0.946428571428571,0.0535714285714286,0.1,0.188515624928615,0,0,0,65,2885,0.981975736568457,"TMMwsp",TRUE,FALSE,1.35429046582921,"ctc_pipeline",49,6,0.7,FALSE,5,1063656.5
10836,1340,255,1085,1720,0.148255813953488,0.190298507462687,0.809701492537313,0.1,0.130674245034918,0,0.00240963855421687,0,65,4197,0.984512747200381,"TMMwsp",FALSE,FALSE,0.849613263010236,"batch_removed",49,6,0.7,FALSE,5,1063656.5
10836,276,126,150,1720,0.0732558139534884,0.456521739130435,0.543478260869565,0.1,0.167532547214608,0,0,0,65,4197,0.984512747200381,"TMMwsp",FALSE,FALSE,1.3104299903054,"batch_ignored",49,6,0.7,FALSE,5,1063656.5
12463,120,117,3,1720,0.0680232558139535,0.975,0.025,0.1,0.268479927372146,0,0,0,68,3690,0.982113821138211,"TMMwsp",TRUE,FALSE,1.28439043219015,"ctc_pipeline",50,1,0,TRUE,5,975422.5
10290,174,149,25,1720,0.0866279069767442,0.85632183908046,0.14367816091954,0.1,0.242304631753206,0,0,0,68,3973,0.982884470173672,"TMMwsp",FALSE,FALSE,0.919261854798964,"batch_removed",50,1,0,TRUE,5,975422.5
10290,135,131,4,1720,0.0761627906976744,0.97037037037037,0.0296296296296296,0.1,0.258270701455958,0,0,0,68,3973,0.982884470173672,"TMMwsp",FALSE,FALSE,1.02414578550797,"batch_ignored",50,1,0,TRUE,5,975422.5
12663,120,115,5,1720,0.0668604651162791,0.958333333333333,0.0416666666666667,0.1,0.253221226619336,0,0.00490196078431373,0,49,3601,0.986392668703138,"TMMwsp",TRUE,FALSE,1.26112198260331,"ctc_pipeline",50,2,0.35,TRUE,5,896875.5
10408,186,150,36,1720,0.0872093023255814,0.806451612903226,0.193548387096774,0.1,0.234848155983976,0,0.00490196078431373,0,49,3917,0.987490426346694,"TMMwsp",FALSE,FALSE,0.903648938977196,"batch_removed",50,2,0.35,TRUE,5,896875.5
10408,122,115,7,1720,0.0668604651162791,0.942622950819672,0.0573770491803279,0.1,0.24371794314517,0,0.00490196078431373,0,49,3917,0.987490426346694,"TMMwsp",FALSE,FALSE,1.11304212713561,"batch_ignored",50,2,0.35,TRUE,5,896875.5
11997,136,126,10,1720,0.0732558139534884,0.926470588235294,0.0735294117647059,0.1,0.249462100669773,0,0,0,55,3762,0.986177565124934,"TMMwsp",TRUE,FALSE,1.2808667465264,"ctc_pipeline",50,3,0.7,TRUE,5,873336
9757,204,151,53,1720,0.0877906976744186,0.740196078431373,0.259803921568627,0.1,0.218794919193328,0,0,0,55,4005,0.986267166042447,"TMMwsp",FALSE,FALSE,0.911237544717103,"batch_removed",50,3,0.7,TRUE,5,873336
9757,78,78,0,1720,0.0453488372093023,1,0,0.1,0.232480377284734,0,0,0,55,4005,0.986267166042447,"TMMwsp",FALSE,FALSE,1.46069988408444,"batch_ignored",50,3,0.7,TRUE,5,873336
13642,49,48,1,1720,0.027906976744186,0.979591836734694,0.0204081632653061,0.1,0.192595938412723,0,0,0,71,2879,0.984369572768322,"TMMwsp",TRUE,FALSE,1.4224756108901,"ctc_pipeline",50,4,0,FALSE,5,1062437.5
10522,1150,234,916,1720,0.136046511627907,0.203478260869565,0.796521739130435,0.1,0.141702779731145,0,0,0,71,3998,0.98224112056028,"TMMwsp",FALSE,FALSE,0.897392507782547,"batch_removed",50,4,0,FALSE,5,1062437.5
10522,145,128,17,1720,0.0744186046511628,0.882758620689655,0.117241379310345,0.1,0.245855785557094,0,0,0,71,3998,0.98224112056028,"TMMwsp",FALSE,FALSE,1.01550665838247,"batch_ignored",50,4,0,FALSE,5,1062437.5
13994,99,94,5,1720,0.0546511627906977,0.94949494949495,0.0505050505050505,0.1,0.235057349496986,0,0.00258397932816537,0,72,2852,0.985273492286115,"TMMwsp",TRUE,FALSE,1.32042679320321,"ctc_pipeline",50,5,0.35,FALSE,5,1040335.5
10937,538,212,326,1720,0.123255813953488,0.394052044609665,0.605947955390335,0.1,0.195346745071287,0,0.00258397932816537,0,72,4070,0.982309582309582,"TMMwsp",FALSE,FALSE,0.832472951233604,"batch_removed",50,5,0.35,FALSE,5,1040335.5
10937,181,147,34,1720,0.0854651162790698,0.812154696132597,0.187845303867403,0.1,0.232497656856766,0,0.00258397932816537,0,72,4070,0.982309582309582,"TMMwsp",FALSE,FALSE,1.05837294845457,"batch_ignored",50,5,0.35,FALSE,5,1040335.5
12941,72,68,4,1720,0.0395348837209302,0.944444444444444,0.0555555555555556,0.1,0.199604344468605,0,0,0,52,2970,0.989225589225589,"TMMwsp",TRUE,FALSE,1.46881048490624,"ctc_pipeline",50,6,0.7,FALSE,5,798594
9824,589,182,407,1720,0.105813953488372,0.308998302207131,0.691001697792869,0.1,0.164006303940608,0,0.00249376558603491,0,52,4157,0.987490979071446,"TMMwsp",FALSE,FALSE,0.885274389196507,"batch_removed",50,6,0.7,FALSE,5,798594
9824,279,126,153,1720,0.0732558139534884,0.451612903225806,0.548387096774194,0.1,0.164421574977438,0,0.00249376558603491,0,52,4157,0.987490979071446,"TMMwsp",FALSE,FALSE,1.38108104159858,"batch_ignored",50,6,0.7,FALSE,5,798594
