"n_tested","n_significant","true_positives","false_positives","n_true_de","sensitivity","precision","empirical_fdr","nominal_fdr","avg_precision","sens_exclusive","sens_low_abund","sig_excl_rescued","n_excl_kept","n_exclusive_added","excl_admit_fpr","norm_used","batch_in_model","shrink_applied","common_disp","arm","rep","scenario_row","n_per_group","median_lib"
11620,51,48,3,1720,0.027906976744186,0.941176470588235,0.0588235294117647,0.1,0.175219281374345,0,0,0,39,3232,0.988861386138614,"TMMwsp",TRUE,FALSE,1.16664689810127,"ctc_pipeline",1,1,3,611816
3987,55,51,4,1720,0.0296511627906977,0.927272727272727,0.0727272727272727,0.05,0.163600232498428,0,0,0,0,0,NA,"TMM",TRUE,FALSE,0.685331004630081,"edger_default",1,1,3,611816
3987,39,36,3,1720,0.0209302325581395,0.923076923076923,0.0769230769230769,0.05,0.157129217375092,0,0,0,0,0,NA,NA,TRUE,FALSE,NA,"limma_voom",1,1,3,611816
6791,120,83,37,1720,0.0482558139534884,0.691666666666667,0.308333333333333,0.05,0.16682562085686,0,0,0,0,0,NA,NA,TRUE,FALSE,NA,"deseq2",1,1,3,611816
12866,145,135,10,1720,0.0784883720930233,0.931034482758621,0.0689655172413793,0.1,0.268195003446613,0,0,0,68,3537,0.982188295165394,"TMMwsp",TRUE,FALSE,1.20175932467031,"ctc_pipeline",1,2,5,720488
4564,148,142,6,1720,0.0825581395348837,0.959459459459459,0.0405405405405405,0.05,0.230425129012713,0,0,0,0,0,NA,"TMM",TRUE,FALSE,0.651888529887966,"edger_default",1,2,5,720488
4564,108,106,2,1720,0.0616279069767442,0.981481481481482,0.0185185185185185,0.05,0.214413659228448,0,0,0,0,0,NA,NA,TRUE,FALSE,NA,"limma_voom",1,2,5,720488
9040,184,154,30,1720,0.0895348837209302,0.83695652173913,0.16304347826087,0.05,0.240396939737545,0,0,0,7,0,NA,NA,TRUE,FALSE,NA,"deseq2",1,2,5,720488
11604,221,210,11,1720,0.122093023255814,0.950226244343891,0.0497737556561086,0.1,0.318267716804959,0,0.00254452926208651,0,74,3695,0.979972936400541,"TMMwsp",TRUE,FALSE,1.12240584572941,"ctc_pipeline",1,3,8,958485.5
4395,188,180,8,1720,0.104651162790698,0.957446808510638,0.0425531914893617,0.05,0.238481003393777,0,0.00254452926208651,0,0,0,NA,"TMM",TRUE,FALSE,0.616919166904826,"edger_default",1,3,8,958485.5
4395,161,154,7,1720,0.0895348837209302,0.956521739130435,0.0434782608695652,0.05,0.221126772031418,0,0.00254452926208651,0,0,0,NA,NA,TRUE,FALSE,NA,"limma_voom",1,3,8,958485.5
10095,190,182,8,1720,0.105813953488372,0.957894736842105,0.0421052631578947,0.05,0.29682392389581,0,0.00254452926208651,0,10,0,NA,NA,TRUE,FALSE,NA,"deseq2",1,3,8,958485.5
12278,60,60,0,1720,0.0348837209302326,1,0,0.1,0.199306836339374,0,0,0,52,3186,0.986503452605147,"TMMwsp",TRUE,FALSE,1.16894430295726,"ctc_pipeline",2,1,3,1107275.5
4977,71,70,1,1720,0.0406976744186047,0.985915492957746,0.0140845070422535,0.05,0.18702763855317,0,0,0,0,0,NA,"TMM",TRUE,FALSE,0.783357955067103,"edger_default",2,1,3,1107275.5
4977,45,45,0,1720,0.0261627906976744,1,0,0.05,0.175388605859499,0,0,0,0,0,NA,NA,TRUE,FALSE,NA,"limma_voom",2,1,3,1107275.5
7437,136,105,31,1720,0.061046511627907,0.772058823529412,0.227941176470588,0.05,0.183143097567847,0,0,0,4,0,NA,NA,TRUE,FALSE,NA,"deseq2",2,1,3,1107275.5
13335,131,128,3,1720,0.0744186046511628,0.977099236641221,0.0229007633587786,0.1,0.260495048739713,0,0.00472813238770686,0,68,3657,0.983319660924255,"TMMwsp",TRUE,FALSE,1.18137444788079,"ctc_pipeline",2,2,5,926321
5283,133,130,3,1720,0.0755813953488372,0.977443609022556,0.0225563909774436,0.05,0.225127858573865,0,0.00472813238770686,0,0,0,NA,"TMM",TRUE,FALSE,0.704621338075115,"edger_default",2,2,5,926321
5283,105,104,1,1720,0.0604651162790698,0.99047619047619,0.00952380952380952,0.05,0.215074511019249,0,0.00236406619385343,0,0,0,NA,NA,TRUE,FALSE,NA,"limma_voom",2,2,5,926321
9348,149,139,10,1720,0.0808139534883721,0.932885906040268,0.0671140939597315,0.05,0.235452062570454,0,0.00236406619385343,0,6,0,NA,NA,TRUE,FALSE,NA,"deseq2",2,2,5,926321
10910,214,201,13,1720,0.116860465116279,0.939252336448598,0.0607476635514019,0.1,0.296485862829468,0,0,0,97,3880,0.975,"TMMwsp",TRUE,FALSE,1.1798405964913,"ctc_pipeline",2,3,8,716822
3541,173,162,11,1720,0.0941860465116279,0.936416184971098,0.0635838150289017,0.05,0.21357980719158,0,0,0,0,0,NA,"TMM",TRUE,FALSE,0.620312676446062,"edger_default",2,3,8,716822
3541,128,121,7,1720,0.0703488372093023,0.9453125,0.0546875,0.05,0.195048039306612,0,0,0,0,0,NA,NA,TRUE,FALSE,NA,"limma_voom",2,3,8,716822
9387,182,171,11,1720,0.0994186046511628,0.93956043956044,0.0604395604395604,0.05,0.266543029114509,0,0,0,9,0,NA,NA,TRUE,FALSE,NA,"deseq2",2,3,8,716822
12830,64,61,3,1720,0.0354651162790698,0.953125,0.046875,0.1,0.216099616708418,0,0,0,57,3243,0.985507246376812,"TMMwsp",TRUE,FALSE,1.12066577186627,"ctc_pipeline",3,1,3,1105136.5
5486,73,71,2,1720,0.0412790697674419,0.972602739726027,0.0273972602739726,0.05,0.20006927964307,0,0,0,0,0,NA,"TMM",TRUE,FALSE,0.794809044788579,"edger_default",3,1,3,1105136.5
5486,58,55,3,1720,0.0319767441860465,0.948275862068966,0.0517241379310345,0.05,0.188344420849093,0,0,0,0,0,NA,NA,TRUE,FALSE,NA,"limma_voom",3,1,3,1105136.5
8082,132,102,30,1720,0.0593023255813954,0.772727272727273,0.227272727272727,0.05,0.193577615517834,0,0,0,3,0,NA,NA,TRUE,FALSE,NA,"deseq2",3,1,3,1105136.5
11798,110,108,2,1720,0.0627906976744186,0.981818181818182,0.0181818181818182,0.1,0.241386102442784,0,0,0,50,3745,0.987449933244326,"TMMwsp",TRUE,FALSE,1.35516764855797,"ctc_pipeline",3,2,5,629120.5
3762,116,115,1,1720,0.0668604651162791,0.991379310344828,0.00862068965517241,0.05,0.205290616190854,0,0,0,0,0,NA,"TMM",TRUE,FALSE,0.754954320864851,"edger_default",3,2,5,629120.5
3762,98,95,3,1720,0.0552325581395349,0.969387755102041,0.0306122448979592,0.05,0.191518510670562,0,0,0,0,0,NA,NA,TRUE,FALSE,NA,"limma_voom",3,2,5,629120.5
7779,130,121,9,1720,0.0703488372093023,0.930769230769231,0.0692307692307692,0.05,0.217523776595,0,0,0,4,0,NA,NA,TRUE,FALSE,NA,"deseq2",3,2,5,629120.5
11533,270,248,22,1720,0.144186046511628,0.918518518518519,0.0814814814814815,0.1,0.327054628393732,0,0.00495049504950495,0,103,3678,0.972267536704731,"TMMwsp",TRUE,FALSE,1.11241752205959,"ctc_pipeline",3,3,8,942531
4296,217,206,11,1720,0.119767441860465,0.949308755760369,0.0506912442396313,0.05,0.240553307870329,0,0.00247524752475248,0,0,0,NA,"TMM",TRUE,FALSE,0.60123454425807,"edger_default",3,3,8,942531
4296,172,167,5,1720,0.097093023255814,0.97093023255814,0.0290697674418605,0.05,0.229396936687228,0,0.00247524752475248,0,0,0,NA,NA,TRUE,FALSE,NA,"limma_voom",3,3,8,942531
10052,192,185,7,1720,0.107558139534884,0.963541666666667,0.0364583333333333,0.05,0.295128840283529,0,0.00247524752475248,0,34,0,NA,NA,TRUE,FALSE,NA,"deseq2",3,3,8,942531
13093,79,78,1,1720,0.0453488372093023,0.987341772151899,0.0126582278481013,0.1,0.224459411836835,0,0,0,49,3055,0.986906710310966,"TMMwsp",TRUE,FALSE,1.09158044557766,"ctc_pipeline",4,1,3,1258057
5556,81,80,1,1720,0.0465116279069767,0.987654320987654,0.0123456790123457,0.05,0.207078537844564,0,0,0,0,0,NA,"TMM",TRUE,FALSE,0.711593281236762,"edger_default",4,1,3,1258057
5556,61,60,1,1720,0.0348837209302326,0.983606557377049,0.0163934426229508,0.05,0.195649909770071,0,0,0,0,0,NA,NA,TRUE,FALSE,NA,"limma_voom",4,1,3,1258057
8359,134,106,28,1720,0.0616279069767442,0.791044776119403,0.208955223880597,0.05,0.199920758169625,0,0,0,8,0,NA,NA,TRUE,FALSE,NA,"deseq2",4,1,3,1258057
12643,124,120,4,1720,0.0697674418604651,0.967741935483871,0.032258064516129,0.1,0.246766701463654,0,0,0,53,3680,0.985869565217391,"TMMwsp",TRUE,FALSE,1.2521155514212,"ctc_pipeline",4,2,5,633059.5
4153,138,131,7,1720,0.0761627906976744,0.949275362318841,0.0507246376811594,0.05,0.210351546479044,0,0,0,0,0,NA,"TMM",TRUE,FALSE,0.65510109432301,"edger_default",4,2,5,633059.5
4153,112,107,5,1720,0.0622093023255814,0.955357142857143,0.0446428571428571,0.05,0.19929949639328,0,0,0,0,0,NA,NA,TRUE,FALSE,NA,"limma_voom",4,2,5,633059.5
8737,155,143,12,1720,0.0831395348837209,0.92258064516129,0.0774193548387097,0.05,0.224762126775644,0,0,0,2,0,NA,NA,TRUE,FALSE,NA,"deseq2",4,2,5,633059.5
11035,199,183,16,1720,0.106395348837209,0.919597989949749,0.0804020100502513,0.1,0.286221740502161,0,0.00244498777506112,0,77,3712,0.979256465517241,"TMMwsp",TRUE,FALSE,1.13407270550611,"ctc_pipeline",4,3,8,755462.5
3724,160,158,2,1720,0.0918604651162791,0.9875,0.0125,0.05,0.216966347308405,0,0,0,0,0,NA,"TMM",TRUE,FALSE,0.568993912366266,"edger_default",4,3,8,755462.5
3724,126,124,2,1720,0.072093023255814,0.984126984126984,0.0158730158730159,0.05,0.203994696137268,0,0,0,0,0,NA,NA,TRUE,FALSE,NA,"limma_voom",4,3,8,755462.5
9575,169,159,10,1720,0.0924418604651163,0.940828402366864,0.0591715976331361,0.05,0.265358211381209,0,0.00244498777506112,0,8,0,NA,NA,TRUE,FALSE,NA,"deseq2",4,3,8,755462.5
12428,59,57,2,1720,0.0331395348837209,0.966101694915254,0.0338983050847458,0.1,0.215340072669454,0,0,0,34,3151,0.990796572516661,"TMMwsp",TRUE,FALSE,1.13437941054413,"ctc_pipeline",5,1,3,938161.5
5074,63,61,2,1720,0.0354651162790698,0.968253968253968,0.0317460317460317,0.05,0.196369897321422,0,0,0,0,0,NA,"TMM",TRUE,FALSE,0.740337697235426,"edger_default",5,1,3,938161.5
5074,37,36,1,1720,0.0209302325581395,0.972972972972973,0.027027027027027,0.05,0.188759745697849,0,0,0,0,0,NA,NA,TRUE,FALSE,NA,"limma_voom",5,1,3,938161.5
7666,153,116,37,1720,0.0674418604651163,0.758169934640523,0.241830065359477,0.05,0.191060394616394,0,0,0,1,0,NA,NA,TRUE,FALSE,NA,"deseq2",5,1,3,938161.5
12840,137,135,2,1720,0.0784883720930233,0.985401459854015,0.0145985401459854,0.1,0.266797598657127,0,0,0,70,3722,0.981998925308974,"TMMwsp",TRUE,FALSE,1.23285299570469,"ctc_pipeline",5,2,5,934229
4936,138,136,2,1720,0.0790697674418605,0.985507246376812,0.0144927536231884,0.05,0.224533497944815,0,0,0,0,0,NA,"TMM",TRUE,FALSE,0.760632294327264,"edger_default",5,2,5,934229
4936,94,92,2,1720,0.0534883720930233,0.978723404255319,0.0212765957446809,0.05,0.211559512416736,0,0,0,0,0,NA,NA,TRUE,FALSE,NA,"limma_voom",5,2,5,934229
8920,142,134,8,1720,0.077906976744186,0.943661971830986,0.0563380281690141,0.05,0.241573694719383,0,0,0,3,0,NA,NA,TRUE,FALSE,NA,"deseq2",5,2,5,934229
10952,200,182,18,1720,0.105813953488372,0.91,0.09,0.1,0.272879783614504,0,0,0,82,3671,0.977662762190139,"TMMwsp",TRUE,FALSE,1.1996721095469,"ctc_pipeline",5,3,8,865554.5
3873,165,158,7,1720,0.0918604651162791,0.957575757575758,0.0424242424242424,0.05,0.215581920904448,0,0,0,0,0,NA,"TMM",TRUE,FALSE,0.65287551727581,"edger_default",5,3,8,865554.5
3873,138,131,7,1720,0.0761627906976744,0.949275362318841,0.0507246376811594,0.05,0.203847919992392,0,0,0,0,0,NA,NA,TRUE,FALSE,NA,"limma_voom",5,3,8,865554.5
9571,170,164,6,1720,0.0953488372093023,0.964705882352941,0.0352941176470588,0.05,0.253380490842784,0,0,0,6,0,NA,NA,TRUE,FALSE,NA,"deseq2",5,3,8,865554.5
12766,82,78,4,1720,0.0453488372093023,0.951219512195122,0.048780487804878,0.1,0.230471768565858,0,0,0,50,3081,0.986692632262253,"TMMwsp",TRUE,FALSE,1.11746970489856,"ctc_pipeline",6,1,3,1052897.5
5351,94,91,3,1720,0.052906976744186,0.968085106382979,0.0319148936170213,0.05,0.21563585271768,0,0,0,1,0,NA,"TMM",TRUE,FALSE,0.736525602197642,"edger_default",6,1,3,1052897.5
5351,72,68,4,1720,0.0395348837209302,0.944444444444444,0.0555555555555556,0.05,0.203491351055291,0,0,0,1,0,NA,NA,TRUE,FALSE,NA,"limma_voom",6,1,3,1052897.5
8088,164,129,35,1720,0.075,0.786585365853659,0.213414634146341,0.05,0.206680446178014,0,0,0,2,0,NA,NA,TRUE,FALSE,NA,"deseq2",6,1,3,1052897.5
13098,151,143,8,1720,0.0831395348837209,0.947019867549669,0.0529801324503311,0.1,0.271237695671672,0,0,0,83,3533,0.977356354373054,"TMMwsp",TRUE,FALSE,1.18316222439084,"ctc_pipeline",6,2,5,1055502.5
5286,152,142,10,1720,0.0825581395348837,0.93421052631579,0.0657894736842105,0.05,0.231971982668401,0,0,0,0,0,NA,"TMM",TRUE,FALSE,0.724674438887814,"edger_default",6,2,5,1055502.5
5286,113,109,4,1720,0.0633720930232558,0.964601769911504,0.0353982300884956,0.05,0.212700239395551,0,0,0,0,0,NA,NA,TRUE,FALSE,NA,"limma_voom",6,2,5,1055502.5
9225,152,133,19,1720,0.0773255813953488,0.875,0.125,0.05,0.239752255098392,0,0,0,8,0,NA,NA,TRUE,FALSE,NA,"deseq2",6,2,5,1055502.5
11204,234,216,18,1720,0.125581395348837,0.923076923076923,0.0769230769230769,0.1,0.297598197558402,0,0.0025062656641604,0,87,3848,0.977390852390852,"TMMwsp",TRUE,FALSE,1.14296570828766,"ctc_pipeline",6,3,8,887768.5
3982,185,174,11,1720,0.101162790697674,0.940540540540541,0.0594594594594595,0.05,0.218847282504876,0,0,0,0,0,NA,"TMM",TRUE,FALSE,0.620791145992718,"edger_default",6,3,8,887768.5
3982,161,146,15,1720,0.0848837209302326,0.906832298136646,0.093167701863354,0.05,0.204167014095532,0,0,0,0,0,NA,NA,TRUE,FALSE,NA,"limma_voom",6,3,8,887768.5
9505,203,186,17,1720,0.108139534883721,0.916256157635468,0.083743842364532,0.05,0.269558872172557,0,0.0025062656641604,0,13,0,NA,NA,TRUE,FALSE,NA,"deseq2",6,3,8,887768.5
12354,54,52,2,1720,0.0302325581395349,0.962962962962963,0.037037037037037,0.1,0.20558802927523,0,0,0,44,3289,0.988446336272423,"TMMwsp",TRUE,FALSE,1.10355285212923,"ctc_pipeline",7,1,3,877252
4754,59,57,2,1720,0.0331395348837209,0.966101694915254,0.0338983050847458,0.05,0.183305577362446,0,0,0,0,0,NA,"TMM",TRUE,FALSE,0.69529672795974,"edger_default",7,1,3,877252
4754,30,30,0,1720,0.0174418604651163,1,0,0.05,0.174233895837919,0,0,0,0,0,NA,NA,TRUE,FALSE,NA,"limma_voom",7,1,3,877252
7631,118,95,23,1720,0.0552325581395349,0.805084745762712,0.194915254237288,0.05,0.186317073051185,0,0,0,1,0,NA,NA,TRUE,FALSE,NA,"deseq2",7,1,3,877252
13058,139,136,3,1720,0.0790697674418605,0.97841726618705,0.0215827338129496,0.1,0.277128214738008,0,0,0,59,3611,0.985045693713653,"TMMwsp",TRUE,FALSE,1.21571858099105,"ctc_pipeline",7,2,5,900540.5
4816,146,143,3,1720,0.0831395348837209,0.979452054794521,0.0205479452054795,0.05,0.234154746077867,0,0,0,0,0,NA,"TMM",TRUE,FALSE,0.696895840684023,"edger_default",7,2,5,900540.5
4816,120,114,6,1720,0.0662790697674419,0.95,0.05,0.05,0.221559702598794,0,0,0,0,0,NA,NA,TRUE,FALSE,NA,"limma_voom",7,2,5,900540.5
9135,164,148,16,1720,0.086046511627907,0.902439024390244,0.0975609756097561,0.05,0.246175367421267,0,0.00255754475703325,0,6,0,NA,NA,TRUE,FALSE,NA,"deseq2",7,2,5,900540.5
11583,233,226,7,1720,0.131395348837209,0.969957081545064,0.0300429184549356,0.1,0.303356310037354,0,0,0,84,3626,0.976833976833977,"TMMwsp",TRUE,FALSE,1.09741911506737,"ctc_pipeline",7,3,8,918003
4399,193,189,4,1720,0.109883720930233,0.979274611398964,0.0207253886010363,0.05,0.231092607462514,0,0,0,0,0,NA,"TMM",TRUE,FALSE,0.599393037563459,"edger_default",7,3,8,918003
4399,155,150,5,1720,0.0872093023255814,0.967741935483871,0.032258064516129,0.05,0.216164586649724,0,0,0,0,0,NA,NA,TRUE,FALSE,NA,"limma_voom",7,3,8,918003
10136,195,184,11,1720,0.106976744186047,0.943589743589744,0.0564102564102564,0.05,0.273796798637573,0,0,0,8,0,NA,NA,TRUE,FALSE,NA,"deseq2",7,3,8,918003
10830,49,49,0,1720,0.0284883720930233,1,0,0.1,0.193927351572645,0,0,0,35,3281,0.990246875952454,"TMMwsp",TRUE,FALSE,1.3204947539047,"ctc_pipeline",8,1,3,529938
3361,60,59,1,1720,0.0343023255813954,0.983333333333333,0.0166666666666667,0.05,0.173555324233953,0,0,0,0,0,NA,"TMM",TRUE,FALSE,0.767301940638915,"edger_default",8,1,3,529938
3361,53,52,1,1720,0.0302325581395349,0.981132075471698,0.0188679245283019,0.05,0.164699718239782,0,0,0,0,0,NA,NA,TRUE,FALSE,NA,"limma_voom",8,1,3,529938
5978,97,82,15,1720,0.0476744186046512,0.845360824742268,0.154639175257732,0.05,0.175102076879025,0,0,0,1,0,NA,NA,TRUE,FALSE,NA,"deseq2",8,1,3,529938
12464,122,119,3,1720,0.0691860465116279,0.975409836065574,0.0245901639344262,0.1,0.254474904853733,0,0.00251889168765743,0,64,3592,0.982461024498886,"TMMwsp",TRUE,FALSE,1.22993961292821,"ctc_pipeline",8,2,5,1053737
4778,137,130,7,1720,0.0755813953488372,0.948905109489051,0.0510948905109489,0.05,0.2250396185407,0,0.00251889168765743,0,0,0,NA,"TMM",TRUE,FALSE,0.736405473424332,"edger_default",8,2,5,1053737
4778,102,102,0,1720,0.0593023255813954,1,0,0.05,0.210913328548162,0,0,0,0,0,NA,NA,TRUE,FALSE,NA,"limma_voom",8,2,5,1053737
8544,157,136,21,1720,0.0790697674418605,0.86624203821656,0.133757961783439,0.05,0.231679151028248,0,0.00503778337531486,0,2,0,NA,NA,TRUE,FALSE,NA,"deseq2",8,2,5,1053737
10921,174,163,11,1720,0.0947674418604651,0.936781609195402,0.0632183908045977,0.1,0.269438907767388,0,0,0,93,4073,0.977166707586546,"TMMwsp",TRUE,FALSE,1.20916914547371,"ctc_pipeline",8,3,8,963707.5
3670,150,143,7,1720,0.0831395348837209,0.953333333333333,0.0466666666666667,0.05,0.196437034135102,0,0,0,0,0,NA,"TMM",TRUE,FALSE,0.65414930849728,"edger_default",8,3,8,963707.5
3670,121,114,7,1720,0.0662790697674419,0.942148760330578,0.0578512396694215,0.05,0.181404701825396,0,0,0,0,0,NA,NA,TRUE,FALSE,NA,"limma_voom",8,3,8,963707.5
9128,154,141,13,1720,0.0819767441860465,0.915584415584416,0.0844155844155844,0.05,0.240720044753509,0,0,0,15,0,NA,NA,TRUE,FALSE,NA,"deseq2",8,3,8,963707.5
10730,41,41,0,1720,0.0238372093023256,1,0,0.1,0.194053885448896,0,0,0,58,3304,0.98638014527845,"TMMwsp",TRUE,FALSE,1.35629137870943,"ctc_pipeline",9,1,3,914533.5
3512,53,51,2,1720,0.0296511627906977,0.962264150943396,0.0377358490566038,0.05,0.17304373573832,0,0,0,0,0,NA,"TMM",TRUE,FALSE,0.842658145988157,"edger_default",9,1,3,914533.5
3512,44,41,3,1720,0.0238372093023256,0.931818181818182,0.0681818181818182,0.05,0.162799432172807,0,0,0,0,0,NA,NA,TRUE,FALSE,NA,"limma_voom",9,1,3,914533.5
5857,99,76,23,1720,0.0441860465116279,0.767676767676768,0.232323232323232,0.05,0.169847579916999,0,0,0,3,0,NA,NA,TRUE,FALSE,NA,"deseq2",9,1,3,914533.5
12960,153,142,11,1720,0.0825581395348837,0.928104575163399,0.0718954248366013,0.1,0.263715597351425,0,0.0025,0,70,3691,0.98184773774045,"TMMwsp",TRUE,FALSE,1.23008966949941,"ctc_pipeline",9,2,5,787285.5
4620,156,145,11,1720,0.0843023255813953,0.92948717948718,0.0705128205128205,0.05,0.22208664686751,0,0,0,0,0,NA,"TMM",TRUE,FALSE,0.694792469454909,"edger_default",9,2,5,787285.5
4620,109,105,4,1720,0.061046511627907,0.963302752293578,0.036697247706422,0.05,0.207102037811165,0,0,0,0,0,NA,NA,TRUE,FALSE,NA,"limma_voom",9,2,5,787285.5
8926,167,145,22,1720,0.0843023255813953,0.868263473053892,0.131736526946108,0.05,0.238183707545145,0,0.0025,0,5,0,NA,NA,TRUE,FALSE,NA,"deseq2",9,2,5,787285.5
11272,234,210,24,1720,0.122093023255814,0.897435897435897,0.102564102564103,0.1,0.311251316541755,0,0,0,92,3833,0.975997912861988,"TMMwsp",TRUE,FALSE,1.16854771354675,"ctc_pipeline",9,3,8,861967
3855,176,164,12,1720,0.0953488372093023,0.931818181818182,0.0681818181818182,0.05,0.224880567226563,0,0,0,0,0,NA,"TMM",TRUE,FALSE,0.60886389818059,"edger_default",9,3,8,861967
3855,141,132,9,1720,0.0767441860465116,0.936170212765957,0.0638297872340425,0.05,0.20687669037873,0,0,0,0,0,NA,NA,TRUE,FALSE,NA,"limma_voom",9,3,8,861967
9700,209,186,23,1720,0.108139534883721,0.889952153110048,0.110047846889952,0.05,0.280245018497704,0,0,0,10,0,NA,NA,TRUE,FALSE,NA,"deseq2",9,3,8,861967
12737,62,59,3,1720,0.0343023255813954,0.951612903225806,0.0483870967741935,0.1,0.2213081217866,0,0,0,47,3189,0.988084038883663,"TMMwsp",TRUE,FALSE,1.09957836184294,"ctc_pipeline",10,1,3,1129278.5
5453,75,70,5,1720,0.0406976744186047,0.933333333333333,0.0666666666666667,0.05,0.200326099714531,0,0,0,0,0,NA,"TMM",TRUE,FALSE,0.755333455912481,"edger_default",10,1,3,1129278.5
5453,50,47,3,1720,0.0273255813953488,0.94,0.06,0.05,0.189366311660994,0,0,0,0,0,NA,NA,TRUE,FALSE,NA,"limma_voom",10,1,3,1129278.5
7954,149,110,39,1720,0.063953488372093,0.738255033557047,0.261744966442953,0.05,0.195155129524143,0,0,0,2,0,NA,NA,TRUE,FALSE,NA,"deseq2",10,1,3,1129278.5
12535,151,143,8,1720,0.0831395348837209,0.947019867549669,0.0529801324503311,0.1,0.261461130513404,0,0,0,55,3626,0.985659128516271,"TMMwsp",TRUE,FALSE,1.26821653407868,"ctc_pipeline",10,2,5,844190.5
4726,162,152,10,1720,0.0883720930232558,0.938271604938272,0.0617283950617284,0.05,0.226171693143548,0,0,0,0,0,NA,"TMM",TRUE,FALSE,0.800448397024569,"edger_default",10,2,5,844190.5
4726,122,117,5,1720,0.0680232558139535,0.959016393442623,0.040983606557377,0.05,0.212480833970197,0,0,0,0,0,NA,NA,TRUE,FALSE,NA,"limma_voom",10,2,5,844190.5
8745,158,143,15,1720,0.0831395348837209,0.90506329113924,0.0949367088607595,0.05,0.236286703019306,0,0,0,4,0,NA,NA,TRUE,FALSE,NA,"deseq2",10,2,5,844190.5
10871,203,186,17,1720,0.108139534883721,0.916256157635468,0.083743842364532,0.1,0.292836933046401,0,0,0,85,3713,0.97710746027471,"TMMwsp",TRUE,FALSE,1.19479572639216,"ctc_pipeline",10,3,8,851950
3711,181,173,8,1720,0.100581395348837,0.955801104972376,0.0441988950276243,0.05,0.218466447453733,0,0,0,0,0,NA,"TMM",TRUE,FALSE,0.637491909220159,"edger_default",10,3,8,851950
3711,146,138,8,1720,0.0802325581395349,0.945205479452055,0.0547945205479452,0.05,0.207816585711205,0,0,0,0,0,NA,NA,TRUE,FALSE,NA,"limma_voom",10,3,8,851950
9491,181,167,14,1720,0.097093023255814,0.922651933701657,0.0773480662983425,0.05,0.265680769705724,0,0,0,5,0,NA,NA,TRUE,FALSE,NA,"deseq2",10,3,8,851950
12601,62,62,0,1720,0.036046511627907,1,0,0.1,0.209138356465354,0,0,0,60,3296,0.983313106796116,"TMMwsp",TRUE,FALSE,1.14902463191453,"ctc_pipeline",11,1,3,1236517
5243,70,70,0,1720,0.0406976744186047,1,0,0.05,0.193609166373212,0,0,0,0,0,NA,"TMM",TRUE,FALSE,0.797902297977253,"edger_default",11,1,3,1236517
5243,51,50,1,1720,0.0290697674418605,0.980392156862745,0.0196078431372549,0.05,0.186060356002158,0,0,0,0,0,NA,NA,TRUE,FALSE,NA,"limma_voom",11,1,3,1236517
7760,156,117,39,1720,0.0680232558139535,0.75,0.25,0.05,0.187438665845641,0,0,0,2,0,NA,NA,TRUE,FALSE,NA,"deseq2",11,1,3,1236517
13049,104,104,0,1720,0.0604651162790698,1,0,0.1,0.256667383023416,0,0,0,75,3600,0.98,"TMMwsp",TRUE,FALSE,1.22653899481663,"ctc_pipeline",11,2,5,1024220
5368,107,106,1,1720,0.0616279069767442,0.990654205607477,0.00934579439252336,0.05,0.225694449326852,0,0,0,0,0,NA,"TMM",TRUE,FALSE,0.776469702224846,"edger_default",11,2,5,1024220
5368,84,82,2,1720,0.0476744186046512,0.976190476190476,0.0238095238095238,0.05,0.205405149976398,0,0,0,0,0,NA,NA,TRUE,FALSE,NA,"limma_voom",11,2,5,1024220
9153,137,120,17,1720,0.0697674418604651,0.875912408759124,0.124087591240876,0.05,0.22262233720614,0,0,0,6,0,NA,NA,TRUE,FALSE,NA,"deseq2",11,2,5,1024220
10656,185,174,11,1720,0.101162790697674,0.940540540540541,0.0594594594594595,0.1,0.27585626701343,0,0,0,85,3774,0.977477477477477,"TMMwsp",TRUE,FALSE,1.22787192614305,"ctc_pipeline",11,3,8,881049.5
3540,152,146,6,1720,0.0848837209302326,0.960526315789474,0.0394736842105263,0.05,0.20832800574282,0,0,0,0,0,NA,"TMM",TRUE,FALSE,0.642175862162572,"edger_default",11,3,8,881049.5
3540,128,124,4,1720,0.072093023255814,0.96875,0.03125,0.05,0.200855976797748,0,0,0,0,0,NA,NA,TRUE,FALSE,NA,"limma_voom",11,3,8,881049.5
9085,165,158,7,1720,0.0918604651162791,0.957575757575758,0.0424242424242424,0.05,0.248286202873296,0,0,0,8,0,NA,NA,TRUE,FALSE,NA,"deseq2",11,3,8,881049.5
12489,71,70,1,1720,0.0406976744186047,0.985915492957746,0.0140845070422535,0.1,0.21087155212442,0,0.00247524752475248,0,44,3173,0.988339111251182,"TMMwsp",TRUE,FALSE,1.16283819235574,"ctc_pipeline",12,1,3,910896
4838,82,81,1,1720,0.047093023255814,0.98780487804878,0.0121951219512195,0.05,0.200155521233696,0,0.00247524752475248,0,0,0,NA,"TMM",TRUE,FALSE,0.752269549392005,"edger_default",12,1,3,910896
4838,53,53,0,1720,0.0308139534883721,1,0,0.05,0.189161512251299,0,0.00247524752475248,0,0,0,NA,NA,TRUE,FALSE,NA,"limma_voom",12,1,3,910896
7753,160,124,36,1720,0.072093023255814,0.775,0.225,0.05,0.193080968838366,0,0.00247524752475248,0,1,0,NA,NA,TRUE,FALSE,NA,"deseq2",12,1,3,910896
12596,123,117,6,1720,0.0680232558139535,0.951219512195122,0.048780487804878,0.1,0.248135023114984,0,0,0,81,3654,0.978653530377668,"TMMwsp",TRUE,FALSE,1.30479302416502,"ctc_pipeline",12,2,5,1084310.5
4838,141,132,9,1720,0.0767441860465116,0.936170212765957,0.0638297872340425,0.05,0.215629617342522,0,0,0,0,0,NA,"TMM",TRUE,FALSE,0.805707422294971,"edger_default",12,2,5,1084310.5
4838,91,86,5,1720,0.05,0.945054945054945,0.0549450549450549,0.05,0.196511038540559,0,0,0,0,0,NA,NA,TRUE,FALSE,NA,"limma_voom",12,2,5,1084310.5
8574,148,129,19,1720,0.075,0.871621621621622,0.128378378378378,0.05,0.219213120768341,0,0,0,6,0,NA,NA,TRUE,FALSE,NA,"deseq2",12,2,5,1084310.5
11453,261,246,15,1720,0.143023255813953,0.942528735632184,0.0574712643678161,0.1,0.316314532527942,0,0.00491400491400491,0,93,3753,0.975219824140687,"TMMwsp",TRUE,FALSE,1.12876296245501,"ctc_pipeline",12,3,8,802854
4097,199,193,6,1720,0.112209302325581,0.969849246231156,0.0301507537688442,0.05,0.228799143278266,0,0.00245700245700246,0,0,0,NA,"TMM",TRUE,FALSE,0.602953355215251,"edger_default",12,3,8,802854
4097,155,150,5,1720,0.0872093023255814,0.967741935483871,0.032258064516129,0.05,0.214289325756302,0,0.00245700245700246,0,0,0,NA,NA,TRUE,FALSE,NA,"limma_voom",12,3,8,802854
10067,202,197,5,1720,0.11453488372093,0.975247524752475,0.0247524752475248,0.05,0.288254693491774,0,0.00245700245700246,0,14,0,NA,NA,TRUE,FALSE,NA,"deseq2",12,3,8,802854
11765,58,57,1,1720,0.0331395348837209,0.982758620689655,0.0172413793103448,0.1,0.201334486354199,0,0,0,46,3213,0.987239340180517,"TMMwsp",TRUE,FALSE,1.23157957940006,"ctc_pipeline",13,1,3,1152678
4476,70,68,2,1720,0.0395348837209302,0.971428571428571,0.0285714285714286,0.05,0.190584106487356,0,0,0,0,0,NA,"TMM",TRUE,FALSE,0.827815419636942,"edger_default",13,1,3,1152678
4476,64,61,3,1720,0.0354651162790698,0.953125,0.046875,0.05,0.183736298324681,0,0,0,0,0,NA,NA,TRUE,FALSE,NA,"limma_voom",13,1,3,1152678
7009,138,102,36,1720,0.0593023255813954,0.739130434782609,0.260869565217391,0.05,0.185630930504569,0,0,0,2,0,NA,NA,TRUE,FALSE,NA,"deseq2",13,1,3,1152678
12018,115,112,3,1720,0.0651162790697674,0.973913043478261,0.0260869565217391,0.1,0.24999397020062,0,0,0,65,3766,0.984067976633032,"TMMwsp",TRUE,FALSE,1.3199243956519,"ctc_pipeline",13,2,5,1039272.5
4194,122,119,3,1720,0.0691860465116279,0.975409836065574,0.0245901639344262,0.05,0.208002182483206,0,0,0,0,0,NA,"TMM",TRUE,FALSE,0.769410066288221,"edger_default",13,2,5,1039272.5
4194,94,92,2,1720,0.0534883720930233,0.978723404255319,0.0212765957446809,0.05,0.193576098434906,0,0,0,0,0,NA,NA,TRUE,FALSE,NA,"limma_voom",13,2,5,1039272.5
7897,136,128,8,1720,0.0744186046511628,0.941176470588235,0.0588235294117647,0.05,0.224476114622035,0,0,0,3,0,NA,NA,TRUE,FALSE,NA,"deseq2",13,2,5,1039272.5
10513,170,162,8,1720,0.0941860465116279,0.952941176470588,0.0470588235294118,0.1,0.262459094913751,0,0,0,78,3942,0.980213089802131,"TMMwsp",TRUE,FALSE,1.22703509721931,"ctc_pipeline",13,3,8,594993
3141,130,124,6,1720,0.072093023255814,0.953846153846154,0.0461538461538462,0.05,0.187699634918603,0,0,0,0,0,NA,"TMM",TRUE,FALSE,0.61977952626715,"edger_default",13,3,8,594993
3141,111,103,8,1720,0.0598837209302326,0.927927927927928,0.0720720720720721,0.05,0.17409945813107,0,0,0,0,0,NA,NA,TRUE,FALSE,NA,"limma_voom",13,3,8,594993
8900,148,138,10,1720,0.0802325581395349,0.932432432432432,0.0675675675675676,0.05,0.238877978358056,0,0,0,7,0,NA,NA,TRUE,FALSE,NA,"deseq2",13,3,8,594993
12130,77,75,2,1720,0.0436046511627907,0.974025974025974,0.025974025974026,0.1,0.226061200057616,0,0,0,50,3267,0.987756351392715,"TMMwsp",TRUE,FALSE,1.16681942096136,"ctc_pipeline",14,1,3,812674.5
4553,86,83,3,1720,0.0482558139534884,0.965116279069767,0.0348837209302326,0.05,0.202771334824093,0,0,0,0,0,NA,"TMM",TRUE,FALSE,0.714094761603808,"edger_default",14,1,3,812674.5
4553,59,55,4,1720,0.0319767441860465,0.932203389830508,0.0677966101694915,0.05,0.193636397343949,0,0,0,0,0,NA,NA,TRUE,FALSE,NA,"limma_voom",14,1,3,812674.5
7337,148,118,30,1720,0.0686046511627907,0.797297297297297,0.202702702702703,0.05,0.199644522301575,0,0,0,5,0,NA,NA,TRUE,FALSE,NA,"deseq2",14,1,3,812674.5
12173,123,116,7,1720,0.0674418604651163,0.943089430894309,0.056910569105691,0.1,0.24583377370064,0,0,0,64,3730,0.984182305630027,"TMMwsp",TRUE,FALSE,1.29732404880897,"ctc_pipeline",14,2,5,671613
4191,131,124,7,1720,0.072093023255814,0.946564885496183,0.0534351145038168,0.05,0.213292286951717,0,0,0,0,0,NA,"TMM",TRUE,FALSE,0.747647404569665,"edger_default",14,2,5,671613
4191,89,86,3,1720,0.05,0.966292134831461,0.0337078651685393,0.05,0.198036639996697,0,0,0,0,0,NA,NA,TRUE,FALSE,NA,"limma_voom",14,2,5,671613
8243,145,125,20,1720,0.0726744186046512,0.862068965517241,0.137931034482759,0.05,0.220126874579486,0,0,0,5,0,NA,NA,TRUE,FALSE,NA,"deseq2",14,2,5,671613
11821,231,214,17,1720,0.124418604651163,0.926406926406926,0.0735930735930736,0.1,0.305240027755237,0,0.00245098039215686,0,94,3592,0.973830734966592,"TMMwsp",TRUE,FALSE,1.08708723499707,"ctc_pipeline",14,3,8,1062834.5
4693,194,187,7,1720,0.108720930232558,0.963917525773196,0.0360824742268041,0.05,0.228042665168903,0,0,0,0,0,NA,"TMM",TRUE,FALSE,0.608433669576262,"edger_default",14,3,8,1062834.5
4693,177,168,9,1720,0.0976744186046512,0.949152542372881,0.0508474576271186,0.05,0.215747298348774,0,0,0,0,0,NA,NA,TRUE,FALSE,NA,"limma_voom",14,3,8,1062834.5
10522,216,199,17,1720,0.115697674418605,0.921296296296296,0.0787037037037037,0.05,0.272683712207974,0,0,0,13,0,NA,NA,TRUE,FALSE,NA,"deseq2",14,3,8,1062834.5
12431,50,50,0,1720,0.0290697674418605,1,0,0.1,0.198244454589377,0,0,0,47,3204,0.987203495630462,"TMMwsp",TRUE,FALSE,1.17188336818759,"ctc_pipeline",15,1,3,821648
4784,54,54,0,1720,0.0313953488372093,1,0,0.05,0.178027887104835,0,0,0,0,0,NA,"TMM",TRUE,FALSE,0.7532815872773,"edger_default",15,1,3,821648
4784,50,47,3,1720,0.0273255813953488,0.94,0.06,0.05,0.166679402412143,0,0,0,0,0,NA,NA,TRUE,FALSE,NA,"limma_voom",15,1,3,821648
7672,107,91,16,1720,0.052906976744186,0.850467289719626,0.149532710280374,0.05,0.179332795773443,0,0,0,0,0,NA,NA,TRUE,FALSE,NA,"deseq2",15,1,3,821648
12473,111,105,6,1720,0.061046511627907,0.945945945945946,0.0540540540540541,0.1,0.245119209614262,0,0,0,59,3682,0.983976099945682,"TMMwsp",TRUE,FALSE,1.25066750025278,"ctc_pipeline",15,2,5,1140235
4744,128,123,5,1720,0.0715116279069767,0.9609375,0.0390625,0.05,0.215958542426548,0,0,0,0,0,NA,"TMM",TRUE,FALSE,0.746725858941191,"edger_default",15,2,5,1140235
4744,81,78,3,1720,0.0453488372093023,0.962962962962963,0.037037037037037,0.05,0.200688012810481,0,0,0,0,0,NA,NA,TRUE,FALSE,NA,"limma_voom",15,2,5,1140235
8452,138,123,15,1720,0.0715116279069767,0.891304347826087,0.108695652173913,0.05,0.227802289138577,0,0,0,0,0,NA,NA,TRUE,FALSE,NA,"deseq2",15,2,5,1140235
10937,194,183,11,1720,0.106395348837209,0.943298969072165,0.056701030927835,0.1,0.293723240560519,0,0,0,79,3768,0.979033970276008,"TMMwsp",TRUE,FALSE,1.18481972841506,"ctc_pipeline",15,3,8,893032
3821,165,156,9,1720,0.0906976744186047,0.945454545454545,0.0545454545454545,0.05,0.217265170507301,0,0,0,0,0,NA,"TMM",TRUE,FALSE,0.634139081463742,"edger_default",15,3,8,893032
3821,137,126,11,1720,0.0732558139534884,0.91970802919708,0.0802919708029197,0.05,0.202506610655148,0,0,0,0,0,NA,NA,TRUE,FALSE,NA,"limma_voom",15,3,8,893032
9496,173,163,10,1720,0.0947674418604651,0.942196531791908,0.0578034682080925,0.05,0.266252524826407,0,0,0,7,0,NA,NA,TRUE,FALSE,NA,"deseq2",15,3,8,893032
12277,62,61,1,1720,0.0354651162790698,0.983870967741935,0.0161290322580645,0.1,0.212102249364128,0,0,0,43,3061,0.987585756288795,"TMMwsp",TRUE,FALSE,1.20642224475742,"ctc_pipeline",16,1,3,1001830.5
4806,70,69,1,1720,0.0401162790697674,0.985714285714286,0.0142857142857143,0.05,0.200199483838414,0,0,0,0,0,NA,"TMM",TRUE,FALSE,0.748664050922315,"edger_default",16,1,3,1001830.5
4806,36,36,0,1720,0.0209302325581395,1,0,0.05,0.18965023311814,0,0,0,0,0,NA,NA,TRUE,FALSE,NA,"limma_voom",16,1,3,1001830.5
7617,161,124,37,1720,0.072093023255814,0.770186335403727,0.229813664596273,0.05,0.197978452659395,0,0,0,3,0,NA,NA,TRUE,FALSE,NA,"deseq2",16,1,3,1001830.5
12440,126,123,3,1720,0.0715116279069767,0.976190476190476,0.0238095238095238,0.1,0.254736953412418,0,0,0,53,3655,0.986046511627907,"TMMwsp",TRUE,FALSE,1.27666603255723,"ctc_pipeline",16,2,5,813615
4384,135,130,5,1720,0.0755813953488372,0.962962962962963,0.037037037037037,0.05,0.212825305146478,0,0,0,0,0,NA,"TMM",TRUE,FALSE,0.726994427654385,"edger_default",16,2,5,813615
4384,90,87,3,1720,0.0505813953488372,0.966666666666667,0.0333333333333333,0.05,0.19616926295429,0,0,0,0,0,NA,NA,TRUE,FALSE,NA,"limma_voom",16,2,5,813615
8551,139,125,14,1720,0.0726744186046512,0.899280575539568,0.100719424460432,0.05,0.224653837420084,0,0.00245700245700246,0,5,0,NA,NA,TRUE,FALSE,NA,"deseq2",16,2,5,813615
11023,241,225,16,1720,0.130813953488372,0.933609958506224,0.0663900414937759,0.1,0.303583863617342,0,0,0,77,3901,0.980261471417585,"TMMwsp",TRUE,FALSE,1.17208082617803,"ctc_pipeline",16,3,8,637334
3568,182,174,8,1720,0.101162790697674,0.956043956043956,0.043956043956044,0.05,0.213953359390916,0,0,0,0,0,NA,"TMM",TRUE,FALSE,0.596851071711499,"edger_default",16,3,8,637334
3568,136,129,7,1720,0.075,0.948529411764706,0.0514705882352941,0.05,0.202190213753668,0,0,0,0,0,NA,NA,TRUE,FALSE,NA,"limma_voom",16,3,8,637334
9412,188,176,12,1720,0.102325581395349,0.936170212765957,0.0638297872340425,0.05,0.275509776573578,0,0,0,6,0,NA,NA,TRUE,FALSE,NA,"deseq2",16,3,8,637334
12059,59,59,0,1720,0.0343023255813954,1,0,0.1,0.214524619910442,0,0,0,35,3277,0.990540128166005,"TMMwsp",TRUE,FALSE,1.26337977404268,"ctc_pipeline",17,1,3,814235.5
4420,73,73,0,1720,0.0424418604651163,1,0,0.05,0.194635800200722,0,0,0,0,0,NA,"TMM",TRUE,FALSE,0.781575477392776,"edger_default",17,1,3,814235.5
4420,30,30,0,1720,0.0174418604651163,1,0,0.05,0.188338120127853,0,0,0,0,0,NA,NA,TRUE,FALSE,NA,"limma_voom",17,1,3,814235.5
7185,127,101,26,1720,0.0587209302325581,0.795275590551181,0.204724409448819,0.05,0.192293034946457,0,0,0,0,0,NA,NA,TRUE,FALSE,NA,"deseq2",17,1,3,814235.5
12787,132,124,8,1720,0.072093023255814,0.93939393939394,0.0606060606060606,0.1,0.271258426112906,0,0.00261096605744125,0,57,3649,0.984379281995067,"TMMwsp",TRUE,FALSE,1.25943403719398,"ctc_pipeline",17,2,5,825006
4781,147,136,11,1720,0.0790697674418605,0.925170068027211,0.0748299319727891,0.05,0.234350011712769,0,0.00261096605744125,0,0,0,NA,"TMM",TRUE,FALSE,0.752225512568751,"edger_default",17,2,5,825006
4781,106,103,3,1720,0.0598837209302326,0.971698113207547,0.0283018867924528,0.05,0.218546387417958,0,0.00261096605744125,0,0,0,NA,NA,TRUE,FALSE,NA,"limma_voom",17,2,5,825006
8852,146,129,17,1720,0.075,0.883561643835616,0.116438356164384,0.05,0.236955232078326,0,0.00261096605744125,0,4,0,NA,NA,TRUE,FALSE,NA,"deseq2",17,2,5,825006
11518,250,231,19,1720,0.134302325581395,0.924,0.076,0.1,0.308429534836133,0,0.00238095238095238,0,83,3528,0.976473922902494,"TMMwsp",TRUE,FALSE,1.06929316182139,"ctc_pipeline",17,3,8,913747.5
4441,209,202,7,1720,0.117441860465116,0.966507177033493,0.0334928229665072,0.05,0.235448086159972,0,0,0,0,0,NA,"TMM",TRUE,FALSE,0.583204722537247,"edger_default",17,3,8,913747.5
4441,186,176,10,1720,0.102325581395349,0.946236559139785,0.0537634408602151,0.05,0.224196211441167,0,0,0,0,0,NA,NA,TRUE,FALSE,NA,"limma_voom",17,3,8,913747.5
10150,219,208,11,1720,0.12093023255814,0.949771689497717,0.0502283105022831,0.05,0.282037033931798,0,0.00238095238095238,0,12,0,NA,NA,TRUE,FALSE,NA,"deseq2",17,3,8,913747.5
11799,62,60,2,1720,0.0348837209302326,0.967741935483871,0.032258064516129,0.1,0.196029434631889,0,0,0,24,3267,0.993878175696358,"TMMwsp",TRUE,FALSE,1.17426676894827,"ctc_pipeline",18,1,3,797743
4570,82,77,5,1720,0.0447674418604651,0.939024390243902,0.0609756097560976,0.05,0.185587577521674,0,0,0,0,0,NA,"TMM",TRUE,FALSE,0.796361871052188,"edger_default",18,1,3,797743
4570,60,58,2,1720,0.0337209302325581,0.966666666666667,0.0333333333333333,0.05,0.177975383153749,0,0,0,0,0,NA,NA,TRUE,FALSE,NA,"limma_voom",18,1,3,797743
7020,128,98,30,1720,0.0569767441860465,0.765625,0.234375,0.05,0.177797583218284,0,0,0,0,0,NA,NA,TRUE,FALSE,NA,"deseq2",18,1,3,797743
13261,163,150,13,1720,0.0872093023255814,0.920245398773006,0.0797546012269939,0.1,0.277581480811395,0,0.00251256281407035,0,67,3597,0.982207395051432,"TMMwsp",TRUE,FALSE,1.15460067143124,"ctc_pipeline",18,2,5,951591
5210,162,149,13,1720,0.0866279069767442,0.919753086419753,0.0802469135802469,0.05,0.238699689977723,0,0,0,0,0,NA,"TMM",TRUE,FALSE,0.684264294500547,"edger_default",18,2,5,951591
5210,117,108,9,1720,0.0627906976744186,0.923076923076923,0.0769230769230769,0.05,0.221896261561204,0,0,0,0,0,NA,NA,TRUE,FALSE,NA,"limma_voom",18,2,5,951591
9329,176,155,21,1720,0.0901162790697674,0.880681818181818,0.119318181818182,0.05,0.256712800749401,0,0.00251256281407035,0,2,0,NA,NA,TRUE,FALSE,NA,"deseq2",18,2,5,951591
11838,261,247,14,1720,0.143604651162791,0.946360153256705,0.053639846743295,0.1,0.320686480072985,0,0.00256410256410256,0,91,3610,0.974792243767313,"TMMwsp",TRUE,FALSE,1.07332605398031,"ctc_pipeline",18,3,8,958276.5
4559,218,211,7,1720,0.122674418604651,0.967889908256881,0.0321100917431193,0.05,0.252116847749451,0,0,0,0,0,NA,"TMM",TRUE,FALSE,0.579780540901667,"edger_default",18,3,8,958276.5
4559,188,178,10,1720,0.103488372093023,0.946808510638298,0.0531914893617021,0.05,0.235808599462483,0,0,0,0,0,NA,NA,TRUE,FALSE,NA,"limma_voom",18,3,8,958276.5
10454,217,201,16,1720,0.116860465116279,0.926267281105991,0.0737327188940092,0.05,0.29116591431776,0,0.00256410256410256,0,8,0,NA,NA,TRUE,FALSE,NA,"deseq2",18,3,8,958276.5
11717,55,55,0,1720,0.0319767441860465,1,0,0.1,0.194018039810566,0,0,0,47,3173,0.987393633785062,"TMMwsp",TRUE,FALSE,1.21769004301135,"ctc_pipeline",19,1,3,803943.5
4341,58,57,1,1720,0.0331395348837209,0.982758620689655,0.0172413793103448,0.05,0.175624120095704,0,0,0,0,0,NA,"TMM",TRUE,FALSE,0.772886377253349,"edger_default",19,1,3,803943.5
4341,42,41,1,1720,0.0238372093023256,0.976190476190476,0.0238095238095238,0.05,0.166777749886745,0,0,0,0,0,NA,NA,TRUE,FALSE,NA,"limma_voom",19,1,3,803943.5
6996,104,79,25,1720,0.0459302325581395,0.759615384615385,0.240384615384615,0.05,0.171594618686892,0,0,0,5,0,NA,NA,TRUE,FALSE,NA,"deseq2",19,1,3,803943.5
12516,118,117,1,1720,0.0680232558139535,0.991525423728814,0.00847457627118644,0.1,0.242289526835375,0,0,0,75,3778,0.980677607199577,"TMMwsp",TRUE,FALSE,1.29423886638481,"ctc_pipeline",19,2,5,818106.5
4366,124,120,4,1720,0.0697674418604651,0.967741935483871,0.032258064516129,0.05,0.197772801039223,0,0,0,0,0,NA,"TMM",TRUE,FALSE,0.724748692287769,"edger_default",19,2,5,818106.5
4366,71,70,1,1720,0.0406976744186047,0.985915492957746,0.0140845070422535,0.05,0.183566740280522,0,0,0,0,0,NA,NA,TRUE,FALSE,NA,"limma_voom",19,2,5,818106.5
8470,149,130,19,1720,0.0755813953488372,0.87248322147651,0.12751677852349,0.05,0.212096903899267,0,0,0,12,0,NA,NA,TRUE,FALSE,NA,"deseq2",19,2,5,818106.5
11847,255,244,11,1720,0.141860465116279,0.956862745098039,0.0431372549019608,0.1,0.333057196498629,0,0,0,89,3465,0.974603174603175,"TMMwsp",TRUE,FALSE,1.09491889937025,"ctc_pipeline",19,3,8,1088072
4740,217,209,8,1720,0.121511627906977,0.963133640552995,0.0368663594470046,0.05,0.256119166281118,0,0,0,0,0,NA,"TMM",TRUE,FALSE,0.611216160911952,"edger_default",19,3,8,1088072
4740,189,180,9,1720,0.104651162790698,0.952380952380952,0.0476190476190476,0.05,0.244112237618579,0,0,0,0,0,NA,NA,TRUE,FALSE,NA,"limma_voom",19,3,8,1088072
10519,223,213,10,1720,0.123837209302326,0.955156950672646,0.0448430493273543,0.05,0.299008819968099,0,0,0,9,0,NA,NA,TRUE,FALSE,NA,"deseq2",19,3,8,1088072
12236,61,61,0,1720,0.0354651162790698,1,0,0.1,0.209483511885716,0,0,0,49,3248,0.987992610837438,"TMMwsp",TRUE,FALSE,1.16937882376274,"ctc_pipeline",20,1,3,805280
4521,61,60,1,1720,0.0348837209302326,0.983606557377049,0.0163934426229508,0.05,0.185462979027097,0,0,0,0,0,NA,"TMM",TRUE,FALSE,0.718151031704159,"edger_default",20,1,3,805280
4521,27,27,0,1720,0.0156976744186047,1,0,0.05,0.173456434675343,0,0,0,0,0,NA,NA,TRUE,FALSE,NA,"limma_voom",20,1,3,805280
7383,148,111,37,1720,0.0645348837209302,0.75,0.25,0.05,0.185951423330564,0,0,0,2,0,NA,NA,TRUE,FALSE,NA,"deseq2",20,1,3,805280
12903,134,128,6,1720,0.0744186046511628,0.955223880597015,0.0447761194029851,0.1,0.256493163244581,0,0,0,64,3617,0.983411667127454,"TMMwsp",TRUE,FALSE,1.23119085913303,"ctc_pipeline",20,2,5,988384.5
5120,128,122,6,1720,0.0709302325581395,0.953125,0.046875,0.05,0.225495741632125,0,0,0,0,0,NA,"TMM",TRUE,FALSE,0.783127834666954,"edger_default",20,2,5,988384.5
5120,102,98,4,1720,0.0569767441860465,0.96078431372549,0.0392156862745098,0.05,0.208816479901475,0,0,0,0,0,NA,NA,TRUE,FALSE,NA,"limma_voom",20,2,5,988384.5
9011,136,122,14,1720,0.0709302325581395,0.897058823529412,0.102941176470588,0.05,0.230013164262868,0,0,0,7,0,NA,NA,TRUE,FALSE,NA,"deseq2",20,2,5,988384.5
11609,253,235,18,1720,0.136627906976744,0.928853754940711,0.0711462450592885,0.1,0.311358655227837,0,0,0,89,3404,0.97385428907168,"TMMwsp",TRUE,FALSE,1.09454388552092,"ctc_pipeline",20,3,8,903914.5
4561,209,202,7,1720,0.117441860465116,0.966507177033493,0.0334928229665072,0.05,0.250724264137908,0,0,0,0,0,NA,"TMM",TRUE,FALSE,0.608447235186455,"edger_default",20,3,8,903914.5
4561,175,166,9,1720,0.0965116279069767,0.948571428571429,0.0514285714285714,0.05,0.230768581216582,0,0,0,0,0,NA,NA,TRUE,FALSE,NA,"limma_voom",20,3,8,903914.5
10434,217,202,15,1720,0.117441860465116,0.930875576036866,0.0691244239631336,0.05,0.289488986733903,0,0,0,13,0,NA,NA,TRUE,FALSE,NA,"deseq2",20,3,8,903914.5
12105,66,64,2,1720,0.0372093023255814,0.96969696969697,0.0303030303030303,0.1,0.209202760800537,0,0,0,30,3210,0.991277258566978,"TMMwsp",TRUE,FALSE,1.16859297975489,"ctc_pipeline",21,1,3,846374
4517,82,80,2,1720,0.0465116279069767,0.975609756097561,0.024390243902439,0.05,0.195395490225982,0,0,0,0,0,NA,"TMM",TRUE,FALSE,0.699537775749464,"edger_default",21,1,3,846374
4517,56,55,1,1720,0.0319767441860465,0.982142857142857,0.0178571428571429,0.05,0.184656792162398,0,0,0,0,0,NA,NA,TRUE,FALSE,NA,"limma_voom",21,1,3,846374
7266,138,113,25,1720,0.0656976744186046,0.818840579710145,0.181159420289855,0.05,0.191532263773733,0,0,0,2,0,NA,NA,TRUE,FALSE,NA,"deseq2",21,1,3,846374
12455,110,101,9,1720,0.0587209302325581,0.918181818181818,0.0818181818181818,0.1,0.218527273174409,0,0.0022271714922049,0,72,3931,0.982192826252862,"TMMwsp",TRUE,FALSE,1.31924369660369,"ctc_pipeline",21,2,5,690495
4092,121,108,13,1720,0.0627906976744186,0.892561983471074,0.107438016528926,0.05,0.186032959704568,0,0.0022271714922049,0,0,0,NA,"TMM",TRUE,FALSE,0.753150708601356,"edger_default",21,2,5,690495
4092,89,81,8,1720,0.047093023255814,0.910112359550562,0.0898876404494382,0.05,0.171714945957707,0,0.0022271714922049,0,0,0,NA,NA,TRUE,FALSE,NA,"limma_voom",21,2,5,690495
8430,146,117,29,1720,0.0680232558139535,0.801369863013699,0.198630136986301,0.05,0.199491915471286,0,0.0022271714922049,0,3,0,NA,NA,TRUE,FALSE,NA,"deseq2",21,2,5,690495
11464,258,231,27,1720,0.134302325581395,0.895348837209302,0.104651162790698,0.1,0.3113376569541,0,0,0,86,3583,0.975997767234161,"TMMwsp",TRUE,FALSE,1.12499548993129,"ctc_pipeline",21,3,8,981278
4426,210,198,12,1720,0.115116279069767,0.942857142857143,0.0571428571428571,0.05,0.238462903820717,0,0,0,0,0,NA,"TMM",TRUE,FALSE,0.632495308925162,"edger_default",21,3,8,981278
4426,174,163,11,1720,0.0947674418604651,0.936781609195402,0.0632183908045977,0.05,0.223243067035416,0,0,0,0,0,NA,NA,TRUE,FALSE,NA,"limma_voom",21,3,8,981278
10142,198,191,7,1720,0.111046511627907,0.964646464646465,0.0353535353535354,0.05,0.286152172540029,0,0,0,15,0,NA,NA,TRUE,FALSE,NA,"deseq2",21,3,8,981278
11121,30,30,0,1720,0.0174418604651163,1,0,0.1,0.17989153232282,0,0,0,37,3312,0.989734299516908,"TMMwsp",TRUE,FALSE,1.26270947210772,"ctc_pipeline",22,1,3,893398
3838,43,43,0,1720,0.025,1,0,0.05,0.172091279255745,0,0,0,0,0,NA,"TMM",TRUE,FALSE,0.804339063001342,"edger_default",22,1,3,893398
3838,34,34,0,1720,0.0197674418604651,1,0,0.05,0.162794939237908,0,0,0,0,0,NA,NA,TRUE,FALSE,NA,"limma_voom",22,1,3,893398
6222,103,85,18,1720,0.0494186046511628,0.825242718446602,0.174757281553398,0.05,0.174237376865823,0,0,0,1,0,NA,NA,TRUE,FALSE,NA,"deseq2",22,1,3,893398
12820,140,136,4,1720,0.0790697674418605,0.971428571428571,0.0285714285714286,0.1,0.258040900049883,0,0.00255754475703325,0,70,3652,0.981380065717415,"TMMwsp",TRUE,FALSE,1.23577772063341,"ctc_pipeline",22,2,5,1031754.5
4963,145,138,7,1720,0.0802325581395349,0.951724137931034,0.0482758620689655,0.05,0.222163987433043,0,0.00255754475703325,0,0,0,NA,"TMM",TRUE,FALSE,0.743696491604661,"edger_default",22,2,5,1031754.5
4963,121,112,9,1720,0.0651162790697674,0.925619834710744,0.0743801652892562,0.05,0.20708002491336,0,0,0,0,0,NA,NA,TRUE,FALSE,NA,"limma_voom",22,2,5,1031754.5
8848,140,131,9,1720,0.0761627906976744,0.935714285714286,0.0642857142857143,0.05,0.228579463941718,0,0.00255754475703325,0,7,0,NA,NA,TRUE,FALSE,NA,"deseq2",22,2,5,1031754.5
11371,202,184,18,1720,0.106976744186047,0.910891089108911,0.0891089108910891,0.1,0.30179057953408,0,0,0,89,3625,0.975448275862069,"TMMwsp",TRUE,FALSE,1.13720522345313,"ctc_pipeline",22,3,8,1142338
4416,181,171,10,1720,0.0994186046511628,0.94475138121547,0.0552486187845304,0.05,0.237892484978897,0,0,0,0,0,NA,"TMM",TRUE,FALSE,0.656477212322999,"edger_default",22,3,8,1142338
4416,156,150,6,1720,0.0872093023255814,0.961538461538462,0.0384615384615385,0.05,0.219916287853916,0,0,0,0,0,NA,NA,TRUE,FALSE,NA,"limma_voom",22,3,8,1142338
9945,177,167,10,1720,0.097093023255814,0.943502824858757,0.0564971751412429,0.05,0.277388920232843,0,0,0,7,0,NA,NA,TRUE,FALSE,NA,"deseq2",22,3,8,1142338
12087,52,50,2,1720,0.0290697674418605,0.961538461538462,0.0384615384615385,0.1,0.199438837337522,0,0,0,23,3278,0.994813910921293,"TMMwsp",TRUE,FALSE,1.16024729279142,"ctc_pipeline",23,1,3,772619
4530,66,63,3,1720,0.0366279069767442,0.954545454545455,0.0454545454545455,0.05,0.191199668461408,0,0,0,0,0,NA,"TMM",TRUE,FALSE,0.702636973155336,"edger_default",23,1,3,772619
4530,36,35,1,1720,0.0203488372093023,0.972222222222222,0.0277777777777778,0.05,0.182247134251118,0,0,0,0,0,NA,NA,TRUE,FALSE,NA,"limma_voom",23,1,3,772619
7310,134,100,34,1720,0.0581395348837209,0.746268656716418,0.253731343283582,0.05,0.183888383381188,0,0,0,1,0,NA,NA,TRUE,FALSE,NA,"deseq2",23,1,3,772619
12767,140,132,8,1720,0.0767441860465116,0.942857142857143,0.0571428571428571,0.1,0.265459226643153,0,0,0,75,3670,0.980381471389646,"TMMwsp",TRUE,FALSE,1.24179186222077,"ctc_pipeline",23,2,5,1063199
4871,149,141,8,1720,0.0819767441860465,0.946308724832215,0.0536912751677852,0.05,0.227089319683515,0,0,0,0,0,NA,"TMM",TRUE,FALSE,0.765175367372977,"edger_default",23,2,5,1063199
4871,114,107,7,1720,0.0622093023255814,0.93859649122807,0.0614035087719298,0.05,0.214131764605923,0,0,0,0,0,NA,NA,TRUE,FALSE,NA,"limma_voom",23,2,5,1063199
8729,155,136,19,1720,0.0790697674418605,0.87741935483871,0.12258064516129,0.05,0.24000494173921,0,0,0,7,0,NA,NA,TRUE,FALSE,NA,"deseq2",23,2,5,1063199
10859,227,214,13,1720,0.124418604651163,0.94273127753304,0.0572687224669604,0.1,0.293798944840078,0,0,0,71,3748,0.981056563500534,"TMMwsp",TRUE,FALSE,1.17150412465399,"ctc_pipeline",23,3,8,694956.5
3685,183,180,3,1720,0.104651162790698,0.983606557377049,0.0163934426229508,0.05,0.221586315168174,0,0,0,0,0,NA,"TMM",TRUE,FALSE,0.612255819687596,"edger_default",23,3,8,694956.5
3685,153,149,4,1720,0.0866279069767442,0.973856209150327,0.0261437908496732,0.05,0.208834312358446,0,0,0,0,0,NA,NA,TRUE,FALSE,NA,"limma_voom",23,3,8,694956.5
9212,191,179,12,1720,0.10406976744186,0.93717277486911,0.06282722513089,0.05,0.271885101088603,0,0,0,7,0,NA,NA,TRUE,FALSE,NA,"deseq2",23,3,8,694956.5
11808,50,50,0,1720,0.0290697674418605,1,0,0.1,0.19462767655529,0,0,0,42,3302,0.988794669897032,"TMMwsp",TRUE,FALSE,1.22743157370481,"ctc_pipeline",24,1,3,931005.5
4267,59,57,2,1720,0.0331395348837209,0.966101694915254,0.0338983050847458,0.05,0.172945323007685,0,0,0,0,0,NA,"TMM",TRUE,FALSE,0.742398889905036,"edger_default",24,1,3,931005.5
4267,23,23,0,1720,0.0133720930232558,1,0,0.05,0.166880633042274,0,0,0,0,0,NA,NA,TRUE,FALSE,NA,"limma_voom",24,1,3,931005.5
6956,116,92,24,1720,0.0534883720930233,0.793103448275862,0.206896551724138,0.05,0.176919141176759,0,0,0,1,0,NA,NA,TRUE,FALSE,NA,"deseq2",24,1,3,931005.5
12781,134,130,4,1720,0.0755813953488372,0.970149253731343,0.0298507462686567,0.1,0.259987141269138,0,0.00510204081632653,0,76,3692,0.980769230769231,"TMMwsp",TRUE,FALSE,1.29622733489766,"ctc_pipeline",24,2,5,1087659
4883,129,121,8,1720,0.0703488372093023,0.937984496124031,0.062015503875969,0.05,0.217053405928143,0,0.00255102040816327,0,0,0,NA,"TMM",TRUE,FALSE,0.792774489643219,"edger_default",24,2,5,1087659
4883,92,90,2,1720,0.0523255813953488,0.978260869565217,0.0217391304347826,0.05,0.199473030489054,0,0.00255102040816327,0,0,0,NA,NA,TRUE,FALSE,NA,"limma_voom",24,2,5,1087659
8843,136,125,11,1720,0.0726744186046512,0.919117647058823,0.0808823529411765,0.05,0.22718058677012,0,0.00255102040816327,0,10,0,NA,NA,TRUE,FALSE,NA,"deseq2",24,2,5,1087659
11704,209,198,11,1720,0.115116279069767,0.947368421052632,0.0526315789473684,0.1,0.295735303285758,0,0.00479616306954436,0,97,3541,0.972606608302739,"TMMwsp",TRUE,FALSE,1.10504262383647,"ctc_pipeline",24,3,8,932025
4464,185,179,6,1720,0.10406976744186,0.967567567567568,0.0324324324324324,0.05,0.229507923577058,0,0,0,0,0,NA,"TMM",TRUE,FALSE,0.59957049247794,"edger_default",24,3,8,932025
4464,151,143,8,1720,0.0831395348837209,0.947019867549669,0.0529801324503311,0.05,0.213364457197351,0,0,0,0,0,NA,NA,TRUE,FALSE,NA,"limma_voom",24,3,8,932025
10415,192,178,14,1720,0.103488372093023,0.927083333333333,0.0729166666666667,0.05,0.263329258825906,0,0.00239808153477218,0,24,0,NA,NA,TRUE,FALSE,NA,"deseq2",24,3,8,932025
12032,47,47,0,1720,0.0273255813953488,1,0,0.1,0.220197484802226,0,0,0,43,3230,0.988235294117647,"TMMwsp",TRUE,FALSE,1.20116443213888,"ctc_pipeline",25,1,3,981837
4656,66,66,0,1720,0.0383720930232558,1,0,0.05,0.201090480507025,0,0,0,0,0,NA,"TMM",TRUE,FALSE,0.802015226822931,"edger_default",25,1,3,981837
4656,69,67,2,1720,0.038953488372093,0.971014492753623,0.0289855072463768,0.05,0.189338879275461,0,0,0,0,0,NA,NA,TRUE,FALSE,NA,"limma_voom",25,1,3,981837
7198,141,118,23,1720,0.0686046511627907,0.836879432624113,0.163120567375887,0.05,0.198398165783504,0,0,0,3,0,NA,NA,TRUE,FALSE,NA,"deseq2",25,1,3,981837
11818,82,81,1,1720,0.047093023255814,0.98780487804878,0.0121951219512195,0.1,0.214724724016082,0,0,0,67,3803,0.982908230344465,"TMMwsp",TRUE,FALSE,1.36582294867472,"ctc_pipeline",25,2,5,479438
3287,90,89,1,1720,0.0517441860465116,0.988888888888889,0.0111111111111111,0.05,0.175623217335951,0,0,0,0,0,NA,"TMM",TRUE,FALSE,0.694643124991007,"edger_default",25,2,5,479438
3287,59,57,2,1720,0.0331395348837209,0.966101694915254,0.0338983050847458,0.05,0.161068715067697,0,0,0,0,0,NA,NA,TRUE,FALSE,NA,"limma_voom",25,2,5,479438
7930,92,90,2,1720,0.0523255813953488,0.978260869565217,0.0217391304347826,0.05,0.194859251743344,0,0,0,2,0,NA,NA,TRUE,FALSE,NA,"deseq2",25,2,5,479438
11093,215,193,22,1720,0.112209302325581,0.897674418604651,0.102325581395349,0.1,0.282765720347447,0,0,0,79,3814,0.979286837965391,"TMMwsp",TRUE,FALSE,1.16968403693031,"ctc_pipeline",25,3,8,837582.5
3915,173,166,7,1720,0.0965116279069767,0.959537572254335,0.0404624277456647,0.05,0.220113799109369,0,0,0,0,0,NA,"TMM",TRUE,FALSE,0.626967569849573,"edger_default",25,3,8,837582.5
3915,148,144,4,1720,0.0837209302325581,0.972972972972973,0.027027027027027,0.05,0.206001926712613,0,0,0,0,0,NA,NA,TRUE,FALSE,NA,"limma_voom",25,3,8,837582.5
9482,190,176,14,1720,0.102325581395349,0.926315789473684,0.0736842105263158,0.05,0.25831180136127,0,0,0,10,0,NA,NA,TRUE,FALSE,NA,"deseq2",25,3,8,837582.5
11654,69,67,2,1720,0.038953488372093,0.971014492753623,0.0289855072463768,0.1,0.207680895309134,0,0,0,35,3231,0.990714948932219,"TMMwsp",TRUE,FALSE,1.18500051872319,"ctc_pipeline",26,1,3,817210.5
4348,75,72,3,1720,0.0418604651162791,0.96,0.04,0.05,0.192318802846542,0,0,0,0,0,NA,"TMM",TRUE,FALSE,0.73388300474102,"edger_default",26,1,3,817210.5
4348,43,42,1,1720,0.0244186046511628,0.976744186046512,0.0232558139534884,0.05,0.184152166526256,0,0,0,0,0,NA,NA,TRUE,FALSE,NA,"limma_voom",26,1,3,817210.5
6875,137,115,22,1720,0.0668604651162791,0.83941605839416,0.160583941605839,0.05,0.192497497948221,0,0,0,2,0,NA,NA,TRUE,FALSE,NA,"deseq2",26,1,3,817210.5
12688,132,123,9,1720,0.0715116279069767,0.931818181818182,0.0681818181818182,0.1,0.248449267942674,0,0,0,77,3735,0.979651941097724,"TMMwsp",TRUE,FALSE,1.26709838333011,"ctc_pipeline",26,2,5,1011702.5
4657,132,124,8,1720,0.072093023255814,0.93939393939394,0.0606060606060606,0.05,0.211526440193993,0,0,0,0,0,NA,"TMM",TRUE,FALSE,0.745283036634132,"edger_default",26,2,5,1011702.5
4657,106,103,3,1720,0.0598837209302326,0.971698113207547,0.0283018867924528,0.05,0.197147574500296,0,0,0,0,0,NA,NA,TRUE,FALSE,NA,"limma_voom",26,2,5,1011702.5
8718,142,128,14,1720,0.0744186046511628,0.901408450704225,0.0985915492957746,0.05,0.222493322455897,0,0,0,15,0,NA,NA,TRUE,FALSE,NA,"deseq2",26,2,5,1011702.5
11366,261,246,15,1720,0.143023255813953,0.942528735632184,0.0574712643678161,0.1,0.326016805640404,0,0,0,84,3593,0.976621207904258,"TMMwsp",TRUE,FALSE,1.11620132381246,"ctc_pipeline",26,3,8,1016881
4394,221,215,6,1720,0.125,0.972850678733032,0.0271493212669683,0.05,0.252915756575538,0,0,0,0,0,NA,"TMM",TRUE,FALSE,0.631914567007763,"edger_default",26,3,8,1016881
4394,196,186,10,1720,0.108139534883721,0.948979591836735,0.0510204081632653,0.05,0.238847104696362,0,0,0,0,0,NA,NA,TRUE,FALSE,NA,"limma_voom",26,3,8,1016881
9990,222,210,12,1720,0.122093023255814,0.945945945945946,0.0540540540540541,0.05,0.293043076514422,0,0,0,13,0,NA,NA,TRUE,FALSE,NA,"deseq2",26,3,8,1016881
12088,42,42,0,1720,0.0244186046511628,1,0,0.1,0.187534408216844,0,0,0,37,3428,0.989789964994166,"TMMwsp",TRUE,FALSE,1.14902172801469,"ctc_pipeline",27,1,3,593755.5
3976,54,54,0,1720,0.0313953488372093,1,0,0.05,0.174618951117011,0,0,0,0,0,NA,"TMM",TRUE,FALSE,0.666039812569599,"edger_default",27,1,3,593755.5
3976,42,42,0,1720,0.0244186046511628,1,0,0.05,0.166371362491665,0,0,0,0,0,NA,NA,TRUE,FALSE,NA,"limma_voom",27,1,3,593755.5
7159,117,89,28,1720,0.0517441860465116,0.760683760683761,0.239316239316239,0.05,0.173381181658104,0,0,0,1,0,NA,NA,TRUE,FALSE,NA,"deseq2",27,1,3,593755.5
12260,121,113,8,1720,0.0656976744186046,0.933884297520661,0.0661157024793388,0.1,0.247854948319839,0,0,0,62,3675,0.983945578231292,"TMMwsp",TRUE,FALSE,1.29727375645559,"ctc_pipeline",27,2,5,638554.5
3896,120,115,5,1720,0.0668604651162791,0.958333333333333,0.0416666666666667,0.05,0.205945700201041,0,0,0,0,0,NA,"TMM",TRUE,FALSE,0.685455822878265,"edger_default",27,2,5,638554.5
3896,75,71,4,1720,0.0412790697674419,0.946666666666667,0.0533333333333333,0.05,0.188523229164587,0,0,0,0,0,NA,NA,TRUE,FALSE,NA,"limma_voom",27,2,5,638554.5
8443,125,114,11,1720,0.0662790697674419,0.912,0.088,0.05,0.215858234951227,0,0,0,5,0,NA,NA,TRUE,FALSE,NA,"deseq2",27,2,5,638554.5
11185,243,222,21,1720,0.12906976744186,0.91358024691358,0.0864197530864197,0.1,0.313854047178628,0,0,0,73,3589,0.979660072443578,"TMMwsp",TRUE,FALSE,1.12772138368416,"ctc_pipeline",27,3,8,922027
4129,200,190,10,1720,0.11046511627907,0.95,0.05,0.05,0.233338478218557,0,0,0,0,0,NA,"TMM",TRUE,FALSE,0.616693001815774,"edger_default",27,3,8,922027
4129,145,141,4,1720,0.0819767441860465,0.972413793103448,0.0275862068965517,0.05,0.220310998360486,0,0,0,0,0,NA,NA,TRUE,FALSE,NA,"limma_voom",27,3,8,922027
9823,189,179,10,1720,0.10406976744186,0.947089947089947,0.0529100529100529,0.05,0.285112839856393,0,0,0,10,0,NA,NA,TRUE,FALSE,NA,"deseq2",27,3,8,922027
12733,68,67,1,1720,0.038953488372093,0.985294117647059,0.0147058823529412,0.1,0.224352303559502,0,0,0,51,3132,0.985951468710089,"TMMwsp",TRUE,FALSE,1.10790673550045,"ctc_pipeline",28,1,3,1323833.5
5430,68,67,1,1720,0.038953488372093,0.985294117647059,0.0147058823529412,0.05,0.213629720540235,0,0,0,0,0,NA,"TMM",TRUE,FALSE,0.75642863070211,"edger_default",28,1,3,1323833.5
5430,55,55,0,1720,0.0319767441860465,1,0,0.05,0.202107415898751,0,0,0,0,0,NA,NA,TRUE,FALSE,NA,"limma_voom",28,1,3,1323833.5
7999,147,121,26,1720,0.0703488372093023,0.82312925170068,0.17687074829932,0.05,0.203199809836887,0,0,0,0,0,NA,NA,TRUE,FALSE,NA,"deseq2",28,1,3,1323833.5
11791,107,99,8,1720,0.0575581395348837,0.925233644859813,0.0747663551401869,0.1,0.228260977746739,0,0,0,57,3785,0.985997357992074,"TMMwsp",TRUE,FALSE,1.36690755080033,"ctc_pipeline",28,2,5,746057
3929,110,104,6,1720,0.0604651162790698,0.945454545454545,0.0545454545454545,0.05,0.199503639287522,0,0,0,0,0,NA,"TMM",TRUE,FALSE,0.800783919921111,"edger_default",28,2,5,746057
3929,69,68,1,1720,0.0395348837209302,0.985507246376812,0.0144927536231884,0.05,0.187721222002591,0,0,0,0,0,NA,NA,TRUE,FALSE,NA,"limma_voom",28,2,5,746057
7844,114,105,9,1720,0.061046511627907,0.921052631578947,0.0789473684210526,0.05,0.208606507034226,0,0,0,5,0,NA,NA,TRUE,FALSE,NA,"deseq2",28,2,5,746057
11570,239,226,13,1720,0.131395348837209,0.94560669456067,0.0543933054393305,0.1,0.317599477886024,0,0.00245700245700246,0,86,3591,0.976051239209134,"TMMwsp",TRUE,FALSE,1.10629624058413,"ctc_pipeline",28,3,8,956398
4453,212,198,14,1720,0.115116279069767,0.933962264150943,0.0660377358490566,0.05,0.239055841814017,0,0,0,0,0,NA,"TMM",TRUE,FALSE,0.615635607105761,"edger_default",28,3,8,956398
4453,168,160,8,1720,0.0930232558139535,0.952380952380952,0.0476190476190476,0.05,0.220917240133264,0,0,0,0,0,NA,NA,TRUE,FALSE,NA,"limma_voom",28,3,8,956398
10265,212,196,16,1720,0.113953488372093,0.924528301886792,0.0754716981132075,0.05,0.285045056635725,0,0,0,12,0,NA,NA,TRUE,FALSE,NA,"deseq2",28,3,8,956398
12699,75,74,1,1720,0.0430232558139535,0.986666666666667,0.0133333333333333,0.1,0.216226941173592,0,0,0,54,3200,0.9859375,"TMMwsp",TRUE,FALSE,1.09057759613699,"ctc_pipeline",29,1,3,994961
5284,75,73,2,1720,0.0424418604651163,0.973333333333333,0.0266666666666667,0.05,0.197983309068473,0,0,0,0,0,NA,"TMM",TRUE,FALSE,0.711708408345375,"edger_default",29,1,3,994961
5284,59,56,3,1720,0.0325581395348837,0.949152542372881,0.0508474576271186,0.05,0.191150520165736,0,0,0,0,0,NA,NA,TRUE,FALSE,NA,"limma_voom",29,1,3,994961
7880,154,122,32,1720,0.0709302325581395,0.792207792207792,0.207792207792208,0.05,0.192496307293337,0,0,0,2,0,NA,NA,TRUE,FALSE,NA,"deseq2",29,1,3,994961
12458,122,115,7,1720,0.0668604651162791,0.942622950819672,0.0573770491803279,0.1,0.242626966765914,0,0,0,57,3607,0.984751871361242,"TMMwsp",TRUE,FALSE,1.27123610299316,"ctc_pipeline",29,2,5,1193081.5
4712,123,114,9,1720,0.0662790697674419,0.926829268292683,0.0731707317073171,0.05,0.208338539623463,0,0,0,0,0,NA,"TMM",TRUE,FALSE,0.765781842819572,"edger_default",29,2,5,1193081.5
4712,95,89,6,1720,0.0517441860465116,0.936842105263158,0.0631578947368421,0.05,0.191031520324869,0,0,0,0,0,NA,NA,TRUE,FALSE,NA,"limma_voom",29,2,5,1193081.5
8498,124,114,10,1720,0.0662790697674419,0.919354838709677,0.0806451612903226,0.05,0.221237233077596,0,0,0,2,0,NA,NA,TRUE,FALSE,NA,"deseq2",29,2,5,1193081.5
11679,232,213,19,1720,0.123837209302326,0.918103448275862,0.0818965517241379,0.1,0.312485092365412,0,0.0024390243902439,0,92,3589,0.974366118696016,"TMMwsp",TRUE,FALSE,1.11565055844511,"ctc_pipeline",29,3,8,1061159.5
4507,186,182,4,1720,0.105813953488372,0.978494623655914,0.021505376344086,0.05,0.242153740267217,0,0.0024390243902439,0,0,0,NA,"TMM",TRUE,FALSE,0.615904355137004,"edger_default",29,3,8,1061159.5
4507,162,157,5,1720,0.0912790697674419,0.969135802469136,0.0308641975308642,0.05,0.229162558235032,0,0.0024390243902439,0,0,0,NA,NA,TRUE,FALSE,NA,"limma_voom",29,3,8,1061159.5
10315,206,193,13,1720,0.112209302325581,0.936893203883495,0.0631067961165049,0.05,0.286603610770272,0,0.0024390243902439,0,10,0,NA,NA,TRUE,FALSE,NA,"deseq2",29,3,8,1061159.5
11770,59,57,2,1720,0.0331395348837209,0.966101694915254,0.0338983050847458,0.1,0.196699137070291,0,0,0,55,3318,0.985232067510548,"TMMwsp",TRUE,FALSE,1.29303831154839,"ctc_pipeline",30,1,3,859817.5
4424,62,59,3,1720,0.0343023255813954,0.951612903225806,0.0483870967741935,0.05,0.173868248977492,0,0,0,1,0,NA,"TMM",TRUE,FALSE,0.891891723933195,"edger_default",30,1,3,859817.5
4424,39,37,2,1720,0.0215116279069767,0.948717948717949,0.0512820512820513,0.05,0.163660275498341,0,0,0,1,0,NA,NA,TRUE,FALSE,NA,"limma_voom",30,1,3,859817.5
6987,104,76,28,1720,0.0441860465116279,0.730769230769231,0.269230769230769,0.05,0.173477281778168,0,0,0,3,0,NA,NA,TRUE,FALSE,NA,"deseq2",30,1,3,859817.5
13307,165,158,7,1720,0.0918604651162791,0.957575757575758,0.0424242424242424,0.1,0.272291759612134,0,0,0,71,3603,0.980849292256453,"TMMwsp",TRUE,FALSE,1.18139083072377,"ctc_pipeline",30,2,5,967162
5115,159,156,3,1720,0.0906976744186047,0.981132075471698,0.0188679245283019,0.05,0.237260054276119,0,0,0,0,0,NA,"TMM",TRUE,FALSE,0.67249525776643,"edger_default",30,2,5,967162
5115,123,122,1,1720,0.0709302325581395,0.991869918699187,0.00813008130081301,0.05,0.224408846412341,0,0,0,0,0,NA,NA,TRUE,FALSE,NA,"limma_voom",30,2,5,967162
9369,175,156,19,1720,0.0906976744186047,0.891428571428571,0.108571428571429,0.05,0.242657867820318,0,0,0,4,0,NA,NA,TRUE,FALSE,NA,"deseq2",30,2,5,967162
11180,219,199,20,1720,0.115697674418605,0.908675799086758,0.091324200913242,0.1,0.281509572785668,0,0,0,77,3651,0.978909887702,"TMMwsp",TRUE,FALSE,1.14683652191855,"ctc_pipeline",30,3,8,732272.5
3904,179,166,13,1720,0.0965116279069767,0.927374301675978,0.0726256983240224,0.05,0.218467368117459,0,0,0,0,0,NA,"TMM",TRUE,FALSE,0.596337558273623,"edger_default",30,3,8,732272.5
3904,143,135,8,1720,0.0784883720930233,0.944055944055944,0.0559440559440559,0.05,0.204034015668452,0,0,0,0,0,NA,NA,TRUE,FALSE,NA,"limma_voom",30,3,8,732272.5
9719,179,169,10,1720,0.0982558139534884,0.94413407821229,0.0558659217877095,0.05,0.26449563129306,0,0,0,8,0,NA,NA,TRUE,FALSE,NA,"deseq2",30,3,8,732272.5
12464,69,66,3,1720,0.0383720930232558,0.956521739130435,0.0434782608695652,0.1,0.208205866636509,0,0,0,45,3297,0.988777676675766,"TMMwsp",TRUE,FALSE,1.16501862706031,"ctc_pipeline",31,1,3,800349
4743,83,79,4,1720,0.0459302325581395,0.951807228915663,0.0481927710843374,0.05,0.194094290631821,0,0,0,0,0,NA,"TMM",TRUE,FALSE,0.731381816170617,"edger_default",31,1,3,800349
4743,31,31,0,1720,0.0180232558139535,1,0,0.05,0.186420831785173,0,0,0,0,0,NA,NA,TRUE,FALSE,NA,"limma_voom",31,1,3,800349
7666,138,109,29,1720,0.0633720930232558,0.789855072463768,0.210144927536232,0.05,0.191755887425295,0,0,0,4,0,NA,NA,TRUE,FALSE,NA,"deseq2",31,1,3,800349
12695,134,130,4,1720,0.0755813953488372,0.970149253731343,0.0298507462686567,0.1,0.255067256300006,0,0,0,60,3664,0.984443231441048,"TMMwsp",TRUE,FALSE,1.23679849866246,"ctc_pipeline",31,2,5,839657.5
4505,141,136,5,1720,0.0790697674418605,0.964539007092199,0.0354609929078014,0.05,0.221071086896423,0,0,0,0,0,NA,"TMM",TRUE,FALSE,0.702380572384044,"edger_default",31,2,5,839657.5
4505,114,111,3,1720,0.0645348837209302,0.973684210526316,0.0263157894736842,0.05,0.210941018134214,0,0,0,0,0,NA,NA,TRUE,FALSE,NA,"limma_voom",31,2,5,839657.5
8685,158,143,15,1720,0.0831395348837209,0.90506329113924,0.0949367088607595,0.05,0.234555014143162,0,0,0,4,0,NA,NA,TRUE,FALSE,NA,"deseq2",31,2,5,839657.5
11477,235,217,18,1720,0.126162790697674,0.923404255319149,0.0765957446808511,0.1,0.296049697938418,0,0,0,68,3787,0.982043834169527,"TMMwsp",TRUE,FALSE,1.13242499121988,"ctc_pipeline",31,3,8,867749.5
4266,187,182,5,1720,0.105813953488372,0.973262032085562,0.0267379679144385,0.05,0.233738233723152,0,0,0,0,0,NA,"TMM",TRUE,FALSE,0.625914983513125,"edger_default",31,3,8,867749.5
4266,172,162,10,1720,0.0941860465116279,0.941860465116279,0.0581395348837209,0.05,0.218667966975361,0,0,0,0,0,NA,NA,TRUE,FALSE,NA,"limma_voom",31,3,8,867749.5
9995,192,182,10,1720,0.105813953488372,0.947916666666667,0.0520833333333333,0.05,0.271223643657062,0,0,0,9,0,NA,NA,TRUE,FALSE,NA,"deseq2",31,3,8,867749.5
11500,38,37,1,1720,0.0215116279069767,0.973684210526316,0.0263157894736842,0.1,0.169814213362648,0,0,0,42,3369,0.989314336598397,"TMMwsp",TRUE,FALSE,1.28361564463242,"ctc_pipeline",32,1,3,780571
3799,51,49,2,1720,0.0284883720930233,0.96078431372549,0.0392156862745098,0.05,0.158052533886049,0,0,0,0,0,NA,"TMM",TRUE,FALSE,0.798651135627907,"edger_default",32,1,3,780571
3799,35,34,1,1720,0.0197674418604651,0.971428571428571,0.0285714285714286,0.05,0.147672387136475,0,0,0,0,0,NA,NA,TRUE,FALSE,NA,"limma_voom",32,1,3,780571
6673,85,62,23,1720,0.036046511627907,0.729411764705882,0.270588235294118,0.05,0.153575793730355,0,0,0,0,0,NA,NA,TRUE,FALSE,NA,"deseq2",32,1,3,780571
12601,136,131,5,1720,0.0761627906976744,0.963235294117647,0.0367647058823529,0.1,0.25947430178801,0,0.00256410256410256,0,60,3630,0.984022038567493,"TMMwsp",TRUE,FALSE,1.28269404923129,"ctc_pipeline",32,2,5,735554
4470,142,138,4,1720,0.0802325581395349,0.971830985915493,0.028169014084507,0.05,0.21535579663641,0,0.00256410256410256,0,0,0,NA,"TMM",TRUE,FALSE,0.721704508102606,"edger_default",32,2,5,735554
4470,98,92,6,1720,0.0534883720930233,0.938775510204082,0.0612244897959184,0.05,0.20602771055341,0,0.00256410256410256,0,0,0,NA,NA,TRUE,FALSE,NA,"limma_voom",32,2,5,735554
8696,144,130,14,1720,0.0755813953488372,0.902777777777778,0.0972222222222222,0.05,0.236860167767593,0,0.00256410256410256,0,3,0,NA,NA,TRUE,FALSE,NA,"deseq2",32,2,5,735554
10919,229,208,21,1720,0.12093023255814,0.908296943231441,0.091703056768559,0.1,0.299154240391382,0,0.00246913580246914,0,82,3717,0.977939198278181,"TMMwsp",TRUE,FALSE,1.16509032764242,"ctc_pipeline",32,3,8,837878
3852,166,160,6,1720,0.0930232558139535,0.963855421686747,0.036144578313253,0.05,0.216030019670047,0,0.00246913580246914,0,0,0,NA,"TMM",TRUE,FALSE,0.632190675947211,"edger_default",32,3,8,837878
3852,140,135,5,1720,0.0784883720930233,0.964285714285714,0.0357142857142857,0.05,0.200539825000816,0,0.00246913580246914,0,0,0,NA,NA,TRUE,FALSE,NA,"limma_voom",32,3,8,837878
9482,181,174,7,1720,0.101162790697674,0.961325966850829,0.0386740331491713,0.05,0.274811987643515,0,0.00246913580246914,0,11,0,NA,NA,TRUE,FALSE,NA,"deseq2",32,3,8,837878
11521,38,38,0,1720,0.022093023255814,1,0,0.1,0.204314341019896,0,0,0,41,3245,0.988906009244992,"TMMwsp",TRUE,FALSE,1.24968037109216,"ctc_pipeline",33,1,3,783638.5
4214,50,50,0,1720,0.0290697674418605,1,0,0.05,0.181474092861268,0,0,0,0,0,NA,"TMM",TRUE,FALSE,0.819870065308674,"edger_default",33,1,3,783638.5
4214,26,26,0,1720,0.0151162790697674,1,0,0.05,0.172307197694075,0,0,0,0,0,NA,NA,TRUE,FALSE,NA,"limma_voom",33,1,3,783638.5
6750,112,94,18,1720,0.0546511627906977,0.839285714285714,0.160714285714286,0.05,0.179221471659143,0,0,0,3,0,NA,NA,TRUE,FALSE,NA,"deseq2",33,1,3,783638.5
12397,118,114,4,1720,0.0662790697674419,0.966101694915254,0.0338983050847458,0.1,0.236414574496761,0,0,0,51,3634,0.98651623555311,"TMMwsp",TRUE,FALSE,1.25465565442223,"ctc_pipeline",33,2,5,586431
4078,129,125,4,1720,0.0726744186046512,0.968992248062015,0.0310077519379845,0.05,0.203179448961427,0,0,0,0,0,NA,"TMM",TRUE,FALSE,0.675683303468571,"edger_default",33,2,5,586431
4078,90,88,2,1720,0.0511627906976744,0.977777777777778,0.0222222222222222,0.05,0.190301380555329,0,0,0,0,0,NA,NA,TRUE,FALSE,NA,"limma_voom",33,2,5,586431
8458,138,123,15,1720,0.0715116279069767,0.891304347826087,0.108695652173913,0.05,0.223798371824372,0,0,0,3,0,NA,NA,TRUE,FALSE,NA,"deseq2",33,2,5,586431
11607,242,222,20,1720,0.12906976744186,0.917355371900826,0.0826446280991736,0.1,0.317422102005592,0,0,0,99,3581,0.972354091036023,"TMMwsp",TRUE,FALSE,1.08546132171451,"ctc_pipeline",33,3,8,1103015
4647,216,203,13,1720,0.118023255813953,0.939814814814815,0.0601851851851852,0.05,0.248913351912401,0,0,0,0,0,NA,"TMM",TRUE,FALSE,0.620609043161862,"edger_default",33,3,8,1103015
4647,170,163,7,1720,0.0947674418604651,0.958823529411765,0.0411764705882353,0.05,0.233540234538167,0,0,0,0,0,NA,NA,TRUE,FALSE,NA,"limma_voom",33,3,8,1103015
10215,197,188,9,1720,0.109302325581395,0.954314720812183,0.0456852791878173,0.05,0.29222658702644,0,0,0,11,0,NA,NA,TRUE,FALSE,NA,"deseq2",33,3,8,1103015
11837,39,39,0,1720,0.0226744186046512,1,0,0.1,0.194622051447012,0,0,0,43,3278,0.989322757779134,"TMMwsp",TRUE,FALSE,1.19029713705291,"ctc_pipeline",34,1,3,587623
4072,54,53,1,1720,0.0308139534883721,0.981481481481482,0.0185185185185185,0.05,0.17302061701548,0,0,0,0,0,NA,"TMM",TRUE,FALSE,0.722166877566974,"edger_default",34,1,3,587623
4072,36,36,0,1720,0.0209302325581395,1,0,0.05,0.163999550079483,0,0,0,0,0,NA,NA,TRUE,FALSE,NA,"limma_voom",34,1,3,587623
7141,117,89,28,1720,0.0517441860465116,0.760683760683761,0.239316239316239,0.05,0.170617269194856,0,0,0,1,0,NA,NA,TRUE,FALSE,NA,"deseq2",34,1,3,587623
11470,93,89,4,1720,0.0517441860465116,0.956989247311828,0.043010752688172,0.1,0.237189841686737,0,0,0,57,3808,0.985031512605042,"TMMwsp",TRUE,FALSE,1.38192366873698,"ctc_pipeline",34,2,5,642323
3415,113,106,7,1720,0.0616279069767442,0.938053097345133,0.0619469026548673,0.05,0.197695165285434,0,0,0,0,0,NA,"TMM",TRUE,FALSE,0.723378770830518,"edger_default",34,2,5,642323
3415,78,75,3,1720,0.0436046511627907,0.961538461538462,0.0384615384615385,0.05,0.185733569568156,0,0,0,0,0,NA,NA,TRUE,FALSE,NA,"limma_voom",34,2,5,642323
7414,115,99,16,1720,0.0575581395348837,0.860869565217391,0.139130434782609,0.05,0.211508943248793,0,0,0,3,0,NA,NA,TRUE,FALSE,NA,"deseq2",34,2,5,642323
11825,239,217,22,1720,0.126162790697674,0.907949790794979,0.0920502092050209,0.1,0.309303236815465,0,0.00246913580246914,0,80,3387,0.976380277531739,"TMMwsp",TRUE,FALSE,1.06867301799465,"ctc_pipeline",34,3,8,1054789
4793,208,202,6,1720,0.117441860465116,0.971153846153846,0.0288461538461538,0.05,0.244435173514344,0,0.00246913580246914,0,0,0,NA,"TMM",TRUE,FALSE,0.59636836487954,"edger_default",34,3,8,1054789
4793,170,164,6,1720,0.0953488372093023,0.964705882352941,0.0352941176470588,0.05,0.232003288956384,0,0.00246913580246914,0,0,0,NA,NA,TRUE,FALSE,NA,"limma_voom",34,3,8,1054789
10741,198,188,10,1720,0.109302325581395,0.94949494949495,0.0505050505050505,0.05,0.286979702523461,0,0.00246913580246914,0,7,0,NA,NA,TRUE,FALSE,NA,"deseq2",34,3,8,1054789
12718,71,69,2,1720,0.0401162790697674,0.971830985915493,0.028169014084507,0.1,0.230048746415839,0,0,0,54,3098,0.984183344092963,"TMMwsp",TRUE,FALSE,1.14221479741321,"ctc_pipeline",35,1,3,1250885
5433,81,79,2,1720,0.0459302325581395,0.975308641975309,0.0246913580246914,0.05,0.212394174700654,0,0,0,0,0,NA,"TMM",TRUE,FALSE,0.768489834609703,"edger_default",35,1,3,1250885
5433,62,59,3,1720,0.0343023255813954,0.951612903225806,0.0483870967741935,0.05,0.199883064732925,0,0,0,0,0,NA,NA,TRUE,FALSE,NA,"limma_voom",35,1,3,1250885
8012,154,123,31,1720,0.0715116279069767,0.798701298701299,0.201298701298701,0.05,0.209607141534238,0,0,0,1,0,NA,NA,TRUE,FALSE,NA,"deseq2",35,1,3,1250885
12772,134,129,5,1720,0.075,0.962686567164179,0.0373134328358209,0.1,0.27550179468569,0,0,0,68,3604,0.982519422863485,"TMMwsp",TRUE,FALSE,1.21289430477161,"ctc_pipeline",35,2,5,1015029
4792,140,134,6,1720,0.077906976744186,0.957142857142857,0.0428571428571429,0.05,0.230532501496134,0,0,0,0,0,NA,"TMM",TRUE,FALSE,0.729837025599795,"edger_default",35,2,5,1015029
4792,92,89,3,1720,0.0517441860465116,0.967391304347826,0.0326086956521739,0.05,0.214515583164715,0,0,0,0,0,NA,NA,TRUE,FALSE,NA,"limma_voom",35,2,5,1015029
8794,149,134,15,1720,0.077906976744186,0.899328859060403,0.100671140939597,0.05,0.246036948473738,0,0.00254452926208651,0,2,0,NA,NA,TRUE,FALSE,NA,"deseq2",35,2,5,1015029
11103,202,190,12,1720,0.11046511627907,0.94059405940594,0.0594059405940594,0.1,0.287927871020513,0,0,0,97,3678,0.973626971179989,"TMMwsp",TRUE,FALSE,1.15476056337751,"ctc_pipeline",35,3,8,921554.5
4079,166,160,6,1720,0.0930232558139535,0.963855421686747,0.036144578313253,0.05,0.217517814212663,0,0,0,0,0,NA,"TMM",TRUE,FALSE,0.641551327912366,"edger_default",35,3,8,921554.5
4079,152,144,8,1720,0.0837209302325581,0.947368421052632,0.0526315789473684,0.05,0.202258022513484,0,0,0,0,0,NA,NA,TRUE,FALSE,NA,"limma_voom",35,3,8,921554.5
9668,175,167,8,1720,0.097093023255814,0.954285714285714,0.0457142857142857,0.05,0.257732275299856,0,0,0,7,0,NA,NA,TRUE,FALSE,NA,"deseq2",35,3,8,921554.5
11931,55,54,1,1720,0.0313953488372093,0.981818181818182,0.0181818181818182,0.1,0.185747726601908,0,0,0,54,3405,0.986490455212922,"TMMwsp",TRUE,FALSE,1.1892034536609,"ctc_pipeline",36,1,3,1041461.5
4287,65,60,5,1720,0.0348837209302326,0.923076923076923,0.0769230769230769,0.05,0.167013539421548,0,0,0,0,0,NA,"TMM",TRUE,FALSE,0.738696249482544,"edger_default",36,1,3,1041461.5
4287,40,40,0,1720,0.0232558139534884,1,0,0.05,0.160480142947777,0,0,0,0,0,NA,NA,TRUE,FALSE,NA,"limma_voom",36,1,3,1041461.5
6920,120,76,44,1720,0.0441860465116279,0.633333333333333,0.366666666666667,0.05,0.161755221645479,0,0,0,5,0,NA,NA,TRUE,FALSE,NA,"deseq2",36,1,3,1041461.5
12464,111,108,3,1720,0.0627906976744186,0.972972972972973,0.027027027027027,0.1,0.24481853227481,0,0,0,74,3617,0.980646944982029,"TMMwsp",TRUE,FALSE,1.26132412778639,"ctc_pipeline",36,2,5,765681.5
4324,120,117,3,1720,0.0680232558139535,0.975,0.025,0.05,0.207937577303753,0,0,0,0,0,NA,"TMM",TRUE,FALSE,0.694618988853195,"edger_default",36,2,5,765681.5
4324,85,82,3,1720,0.0476744186046512,0.964705882352941,0.0352941176470588,0.05,0.193801528014011,0,0,0,0,0,NA,NA,TRUE,FALSE,NA,"limma_voom",36,2,5,765681.5
8565,123,110,13,1720,0.063953488372093,0.894308943089431,0.105691056910569,0.05,0.217145230611267,0,0,0,4,0,NA,NA,TRUE,FALSE,NA,"deseq2",36,2,5,765681.5
11853,253,239,14,1720,0.138953488372093,0.944664031620553,0.0553359683794466,0.1,0.323559056437684,0,0,0,86,3600,0.976111111111111,"TMMwsp",TRUE,FALSE,1.08572849490373,"ctc_pipeline",36,3,8,1068399
4676,204,200,4,1720,0.116279069767442,0.980392156862745,0.0196078431372549,0.05,0.237436738713025,0,0,0,0,0,NA,"TMM",TRUE,FALSE,0.602853472654988,"edger_default",36,3,8,1068399
4676,172,163,9,1720,0.0947674418604651,0.947674418604651,0.0523255813953488,0.05,0.224803449940348,0,0,0,0,0,NA,NA,TRUE,FALSE,NA,"limma_voom",36,3,8,1068399
10327,210,200,10,1720,0.116279069767442,0.952380952380952,0.0476190476190476,0.05,0.293010329015355,0,0,0,14,0,NA,NA,TRUE,FALSE,NA,"deseq2",36,3,8,1068399
12933,61,57,4,1720,0.0331395348837209,0.934426229508197,0.0655737704918033,0.1,0.214429869016572,0,0,0,52,3164,0.985777496839444,"TMMwsp",TRUE,FALSE,1.06663600761815,"ctc_pipeline",37,1,3,1292140.5
5652,67,63,4,1720,0.0366279069767442,0.940298507462687,0.0597014925373134,0.05,0.196746242082753,0,0,0,0,0,NA,"TMM",TRUE,FALSE,0.720137976624801,"edger_default",37,1,3,1292140.5
5652,46,44,2,1720,0.0255813953488372,0.956521739130435,0.0434782608695652,0.05,0.185442062215089,0,0,0,0,0,NA,NA,TRUE,FALSE,NA,"limma_voom",37,1,3,1292140.5
8215,127,99,28,1720,0.0575581395348837,0.779527559055118,0.220472440944882,0.05,0.192349209278297,0,0,0,2,0,NA,NA,TRUE,FALSE,NA,"deseq2",37,1,3,1292140.5
12465,118,111,7,1720,0.0645348837209302,0.940677966101695,0.0593220338983051,0.1,0.24427341619402,0,0,0,68,3835,0.982268578878748,"TMMwsp",TRUE,FALSE,1.31400475326202,"ctc_pipeline",37,2,5,647840.5
4195,120,112,8,1720,0.0651162790697674,0.933333333333333,0.0666666666666667,0.05,0.205073137445768,0,0,0,0,0,NA,"TMM",TRUE,FALSE,0.728074546341475,"edger_default",37,2,5,647840.5
4195,98,96,2,1720,0.0558139534883721,0.979591836734694,0.0204081632653061,0.05,0.189863953670452,0,0,0,0,0,NA,NA,TRUE,FALSE,NA,"limma_voom",37,2,5,647840.5
8386,147,124,23,1720,0.072093023255814,0.843537414965986,0.156462585034014,0.05,0.221557647753,0,0,0,2,0,NA,NA,TRUE,FALSE,NA,"deseq2",37,2,5,647840.5
10877,215,202,13,1720,0.117441860465116,0.93953488372093,0.0604651162790698,0.1,0.293320264035192,0,0,0,70,3878,0.981949458483754,"TMMwsp",TRUE,FALSE,1.19586742097273,"ctc_pipeline",37,3,8,659996
3517,172,169,3,1720,0.0982558139534884,0.982558139534884,0.0174418604651163,0.05,0.219636889607416,0,0,0,0,0,NA,"TMM",TRUE,FALSE,0.611452945199844,"edger_default",37,3,8,659996
3517,132,127,5,1720,0.0738372093023256,0.962121212121212,0.0378787878787879,0.05,0.202839026733817,0,0,0,0,0,NA,NA,TRUE,FALSE,NA,"limma_voom",37,3,8,659996
9355,175,168,7,1720,0.0976744186046512,0.96,0.04,0.05,0.270723628336395,0,0,0,2,0,NA,NA,TRUE,FALSE,NA,"deseq2",37,3,8,659996
12444,76,74,2,1720,0.0430232558139535,0.973684210526316,0.0263157894736842,0.1,0.211256509396393,0,0,0,51,3283,0.987206823027719,"TMMwsp",TRUE,FALSE,1.17392755507093,"ctc_pipeline",38,1,3,869314
4701,87,85,2,1720,0.0494186046511628,0.977011494252874,0.0229885057471264,0.05,0.201387890627071,0,0,0,0,0,NA,"TMM",TRUE,FALSE,0.721087889182561,"edger_default",38,1,3,869314
4701,50,49,1,1720,0.0284883720930233,0.98,0.02,0.05,0.1885889025671,0,0,0,0,0,NA,NA,TRUE,FALSE,NA,"limma_voom",38,1,3,869314
7547,154,119,35,1720,0.0691860465116279,0.772727272727273,0.227272727272727,0.05,0.193479960922374,0,0,0,5,0,NA,NA,TRUE,FALSE,NA,"deseq2",38,1,3,869314
12616,130,124,6,1720,0.072093023255814,0.953846153846154,0.0461538461538462,0.1,0.239253276553591,0,0,0,76,3663,0.981708981708982,"TMMwsp",TRUE,FALSE,1.24420617921951,"ctc_pipeline",38,2,5,945910.5
4627,129,123,6,1720,0.0715116279069767,0.953488372093023,0.0465116279069767,0.05,0.20483259815166,0,0,0,0,0,NA,"TMM",TRUE,FALSE,0.712850464625479,"edger_default",38,2,5,945910.5
4627,98,95,3,1720,0.0552325581395349,0.969387755102041,0.0306122448979592,0.05,0.193190311913843,0,0,0,0,0,NA,NA,TRUE,FALSE,NA,"limma_voom",38,2,5,945910.5
8556,150,133,17,1720,0.0773255813953488,0.886666666666667,0.113333333333333,0.05,0.21408247601599,0,0,0,10,0,NA,NA,TRUE,FALSE,NA,"deseq2",38,2,5,945910.5
11804,242,232,10,1720,0.134883720930233,0.958677685950413,0.0413223140495868,0.1,0.31945312459866,0,0.00251889168765743,0,88,3537,0.975120158326265,"TMMwsp",TRUE,FALSE,1.10255389798609,"ctc_pipeline",38,3,8,1095599
4725,205,200,5,1720,0.116279069767442,0.975609756097561,0.024390243902439,0.05,0.24978439995826,0,0.00251889168765743,0,0,0,NA,"TMM",TRUE,FALSE,0.623278406999388,"edger_default",38,3,8,1095599
4725,171,166,5,1720,0.0965116279069767,0.970760233918129,0.0292397660818713,0.05,0.232920843378087,0,0.00251889168765743,0,0,0,NA,NA,TRUE,FALSE,NA,"limma_voom",38,3,8,1095599
10483,204,196,8,1720,0.113953488372093,0.96078431372549,0.0392156862745098,0.05,0.29490914887935,0,0.00251889168765743,0,13,0,NA,NA,TRUE,FALSE,NA,"deseq2",38,3,8,1095599
12020,56,56,0,1720,0.0325581395348837,1,0,0.1,0.190741615173746,0,0,0,50,3203,0.987511707773962,"TMMwsp",TRUE,FALSE,1.16172351105907,"ctc_pipeline",39,1,3,982751
4459,62,61,1,1720,0.0354651162790698,0.983870967741935,0.0161290322580645,0.05,0.178856349452192,0,0,0,0,0,NA,"TMM",TRUE,FALSE,0.722041959689337,"edger_default",39,1,3,982751
4459,42,39,3,1720,0.0226744186046512,0.928571428571429,0.0714285714285714,0.05,0.166675769418483,0,0,0,0,0,NA,NA,TRUE,FALSE,NA,"limma_voom",39,1,3,982751
7195,130,92,38,1720,0.0534883720930233,0.707692307692308,0.292307692307692,0.05,0.175203275020927,0,0.00248138957816377,0,4,0,NA,NA,TRUE,FALSE,NA,"deseq2",39,1,3,982751
12188,125,122,3,1720,0.0709302325581395,0.976,0.024,0.1,0.246030170367734,0,0,0,56,3769,0.985407269832847,"TMMwsp",TRUE,FALSE,1.32878277393126,"ctc_pipeline",39,2,5,651973.5
4008,126,123,3,1720,0.0715116279069767,0.976190476190476,0.0238095238095238,0.05,0.207535279078228,0,0,0,0,0,NA,"TMM",TRUE,FALSE,0.742938751859558,"edger_default",39,2,5,651973.5
4008,103,100,3,1720,0.0581395348837209,0.970873786407767,0.029126213592233,0.05,0.198326131271651,0,0,0,0,0,NA,NA,TRUE,FALSE,NA,"limma_voom",39,2,5,651973.5
8187,140,124,16,1720,0.072093023255814,0.885714285714286,0.114285714285714,0.05,0.220734568173158,0,0,0,2,0,NA,NA,TRUE,FALSE,NA,"deseq2",39,2,5,651973.5
11573,224,214,10,1720,0.124418604651163,0.955357142857143,0.0446428571428571,0.1,0.315959945970626,0.00833333333333333,0,1,82,3559,0.976959820174206,"TMMwsp",TRUE,FALSE,1.0944718306096,"ctc_pipeline",39,3,8,937679
4499,191,186,5,1720,0.108139534883721,0.973821989528796,0.0261780104712042,0.05,0.238242426368389,0,0,0,0,0,NA,"TMM",TRUE,FALSE,0.627413166578645,"edger_default",39,3,8,937679
4499,152,148,4,1720,0.086046511627907,0.973684210526316,0.0263157894736842,0.05,0.223478243763847,0,0,0,0,0,NA,NA,TRUE,FALSE,NA,"limma_voom",39,3,8,937679
10330,189,180,9,1720,0.104651162790698,0.952380952380952,0.0476190476190476,0.05,0.284480903603832,0,0,0,12,0,NA,NA,TRUE,FALSE,NA,"deseq2",39,3,8,937679
11876,66,66,0,1720,0.0383720930232558,1,0,0.1,0.211523044624985,0,0,0,35,3251,0.989849277145494,"TMMwsp",TRUE,FALSE,1.28119451866598,"ctc_pipeline",40,1,3,750651
4224,87,82,5,1720,0.0476744186046512,0.942528735632184,0.0574712643678161,0.05,0.18959643333664,0,0,0,0,0,NA,"TMM",TRUE,FALSE,0.796678889205645,"edger_default",40,1,3,750651
4224,60,57,3,1720,0.0331395348837209,0.95,0.05,0.05,0.18010835561669,0,0,0,0,0,NA,NA,TRUE,FALSE,NA,"limma_voom",40,1,3,750651
7114,161,118,43,1720,0.0686046511627907,0.732919254658385,0.267080745341615,0.05,0.191631623196495,0,0,0,0,0,NA,NA,TRUE,FALSE,NA,"deseq2",40,1,3,750651
12678,138,133,5,1720,0.0773255813953488,0.963768115942029,0.036231884057971,0.1,0.259585407546052,0,0,0,58,3619,0.984802431610942,"TMMwsp",TRUE,FALSE,1.27791646443973,"ctc_pipeline",40,2,5,894873
4855,137,130,7,1720,0.0755813953488372,0.948905109489051,0.0510948905109489,0.05,0.227749359819595,0,0,0,0,0,NA,"TMM",TRUE,FALSE,0.777112676932664,"edger_default",40,2,5,894873
4855,102,97,5,1720,0.0563953488372093,0.950980392156863,0.0490196078431373,0.05,0.212466914828158,0,0,0,0,0,NA,NA,TRUE,FALSE,NA,"limma_voom",40,2,5,894873
8765,152,133,19,1720,0.0773255813953488,0.875,0.125,0.05,0.233056481923756,0,0,0,4,0,NA,NA,TRUE,FALSE,NA,"deseq2",40,2,5,894873
11068,213,196,17,1720,0.113953488372093,0.92018779342723,0.07981220657277,0.1,0.287477621783776,0,0,0,69,3782,0.981755684822845,"TMMwsp",TRUE,FALSE,1.14460463518813,"ctc_pipeline",40,3,8,745401.5
3850,187,177,10,1720,0.102906976744186,0.946524064171123,0.053475935828877,0.05,0.220778837303781,0,0,0,0,0,NA,"TMM",TRUE,FALSE,0.599089616745836,"edger_default",40,3,8,745401.5
3850,149,139,10,1720,0.0808139534883721,0.932885906040268,0.0671140939597315,0.05,0.209030379451056,0,0,0,0,0,NA,NA,TRUE,FALSE,NA,"limma_voom",40,3,8,745401.5
9455,186,175,11,1720,0.101744186046512,0.940860215053763,0.0591397849462366,0.05,0.263558933065313,0,0,0,4,0,NA,NA,TRUE,FALSE,NA,"deseq2",40,3,8,745401.5
12685,65,65,0,1720,0.0377906976744186,1,0,0.1,0.211338917629715,0,0,0,56,3186,0.986817325800377,"TMMwsp",TRUE,FALSE,1.15398787752355,"ctc_pipeline",41,1,3,1073608
5128,64,62,2,1720,0.036046511627907,0.96875,0.03125,0.05,0.183109310881912,0,0,0,0,0,NA,"TMM",TRUE,FALSE,0.760763229354695,"edger_default",41,1,3,1073608
5128,30,30,0,1720,0.0174418604651163,1,0,0.05,0.17302950048667,0,0,0,0,0,NA,NA,TRUE,FALSE,NA,"limma_voom",41,1,3,1073608
7976,121,92,29,1720,0.0534883720930233,0.760330578512397,0.239669421487603,0.05,0.174399539518731,0,0,0,3,0,NA,NA,TRUE,FALSE,NA,"deseq2",41,1,3,1073608
12281,116,114,2,1720,0.0662790697674419,0.982758620689655,0.0172413793103448,0.1,0.250649519964889,0,0,0,57,3629,0.984568751722238,"TMMwsp",TRUE,FALSE,1.3255571995753,"ctc_pipeline",41,2,5,796744
4452,125,123,2,1720,0.0715116279069767,0.984,0.016,0.05,0.216819239362658,0,0,0,0,0,NA,"TMM",TRUE,FALSE,0.794416020218694,"edger_default",41,2,5,796744
4452,96,91,5,1720,0.052906976744186,0.947916666666667,0.0520833333333333,0.05,0.203836046555896,0,0,0,0,0,NA,NA,TRUE,FALSE,NA,"limma_voom",41,2,5,796744
8348,138,122,16,1720,0.0709302325581395,0.884057971014493,0.115942028985507,0.05,0.225336485510322,0,0,0,4,0,NA,NA,TRUE,FALSE,NA,"deseq2",41,2,5,796744
11380,259,239,20,1720,0.138953488372093,0.922779922779923,0.0772200772200772,0.1,0.316593781909491,0,0,0,75,3484,0.978473019517796,"TMMwsp",TRUE,FALSE,1.12175854586496,"ctc_pipeline",41,3,8,840187.5
4369,208,198,10,1720,0.115116279069767,0.951923076923077,0.0480769230769231,0.05,0.239904769363386,0,0,0,0,0,NA,"TMM",TRUE,FALSE,0.618385301452702,"edger_default",41,3,8,840187.5
4369,154,147,7,1720,0.0854651162790698,0.954545454545455,0.0454545454545455,0.05,0.226218570750415,0,0,0,0,0,NA,NA,TRUE,FALSE,NA,"limma_voom",41,3,8,840187.5
10197,214,197,17,1720,0.11453488372093,0.920560747663551,0.0794392523364486,0.05,0.28738244415912,0,0,0,5,0,NA,NA,TRUE,FALSE,NA,"deseq2",41,3,8,840187.5
12103,62,60,2,1720,0.0348837209302326,0.967741935483871,0.032258064516129,0.1,0.195298515662983,0,0,0,61,3353,0.985684461676111,"TMMwsp",TRUE,FALSE,1.22441026810509,"ctc_pipeline",42,1,3,880695.5
4451,66,65,1,1720,0.0377906976744186,0.984848484848485,0.0151515151515152,0.05,0.176124085660332,0,0,0,0,0,NA,"TMM",TRUE,FALSE,0.774577946809928,"edger_default",42,1,3,880695.5
4451,53,52,1,1720,0.0302325581395349,0.981132075471698,0.0188679245283019,0.05,0.165949630250414,0,0,0,0,0,NA,NA,TRUE,FALSE,NA,"limma_voom",42,1,3,880695.5
7182,115,88,27,1720,0.0511627906976744,0.765217391304348,0.234782608695652,0.05,0.167623502333373,0,0,0,6,0,NA,NA,TRUE,FALSE,NA,"deseq2",42,1,3,880695.5
12539,96,90,6,1720,0.0523255813953488,0.9375,0.0625,0.1,0.225162307153768,0,0,0,64,3645,0.983539094650206,"TMMwsp",TRUE,FALSE,1.25876741908062,"ctc_pipeline",42,2,5,816963.5
4619,97,89,8,1720,0.0517441860465116,0.917525773195876,0.0824742268041237,0.05,0.192083571543899,0,0,0,0,0,NA,"TMM",TRUE,FALSE,0.738280545396816,"edger_default",42,2,5,816963.5
4619,72,69,3,1720,0.0401162790697674,0.958333333333333,0.0416666666666667,0.05,0.179746164688765,0,0,0,0,0,NA,NA,TRUE,FALSE,NA,"limma_voom",42,2,5,816963.5
8608,124,103,21,1720,0.0598837209302326,0.830645161290323,0.169354838709677,0.05,0.20544449031717,0,0,0,6,0,NA,NA,TRUE,FALSE,NA,"deseq2",42,2,5,816963.5
11625,249,234,15,1720,0.136046511627907,0.939759036144578,0.0602409638554217,0.1,0.322418475419677,0,0,0,88,3506,0.974900171135197,"TMMwsp",TRUE,FALSE,1.08787465518403,"ctc_pipeline",42,3,8,963244.5
4478,204,195,9,1720,0.113372093023256,0.955882352941177,0.0441176470588235,0.05,0.241812579466899,0,0,0,0,0,NA,"TMM",TRUE,FALSE,0.596727812640754,"edger_default",42,3,8,963244.5
4478,175,168,7,1720,0.0976744186046512,0.96,0.04,0.05,0.229440777065837,0,0,0,0,0,NA,NA,TRUE,FALSE,NA,"limma_voom",42,3,8,963244.5
10369,204,191,13,1720,0.111046511627907,0.936274509803922,0.0637254901960784,0.05,0.293162522870429,0,0,0,8,0,NA,NA,TRUE,FALSE,NA,"deseq2",42,3,8,963244.5
12007,52,50,2,1720,0.0290697674418605,0.961538461538462,0.0384615384615385,0.1,0.202456238172477,0,0,0,36,3233,0.990411382616765,"TMMwsp",TRUE,FALSE,1.20645796998278,"ctc_pipeline",43,1,3,712859
4329,66,61,5,1720,0.0354651162790698,0.924242424242424,0.0757575757575758,0.05,0.181810497373619,0,0,0,0,0,NA,"TMM",TRUE,FALSE,0.773708696818189,"edger_default",43,1,3,712859
4329,48,45,3,1720,0.0261627906976744,0.9375,0.0625,0.05,0.170809304634761,0,0,0,0,0,NA,NA,TRUE,FALSE,NA,"limma_voom",43,1,3,712859
7254,121,96,25,1720,0.0558139534883721,0.793388429752066,0.206611570247934,0.05,0.180113546336619,0,0,0,3,0,NA,NA,TRUE,FALSE,NA,"deseq2",43,1,3,712859
12497,166,156,10,1720,0.0906976744186047,0.939759036144578,0.0602409638554217,0.1,0.275881284503581,0,0,0,78,3689,0.981566820276498,"TMMwsp",TRUE,FALSE,1.2651132399976,"ctc_pipeline",43,2,5,1156374.5
4733,154,142,12,1720,0.0825581395348837,0.922077922077922,0.0779220779220779,0.05,0.236954179656337,0,0,0,0,0,NA,"TMM",TRUE,FALSE,0.759647372333732,"edger_default",43,2,5,1156374.5
4733,141,128,13,1720,0.0744186046511628,0.907801418439716,0.0921985815602837,0.05,0.218959116888284,0,0,0,0,0,NA,NA,TRUE,FALSE,NA,"limma_voom",43,2,5,1156374.5
8563,189,160,29,1720,0.0930232558139535,0.846560846560847,0.153439153439153,0.05,0.243134805434884,0,0,0,12,0,NA,NA,TRUE,FALSE,NA,"deseq2",43,2,5,1156374.5
10942,242,221,21,1720,0.128488372093023,0.913223140495868,0.0867768595041322,0.1,0.308531515893909,0,0,0,98,3772,0.974019088016967,"TMMwsp",TRUE,FALSE,1.19432628263915,"ctc_pipeline",43,3,8,979003.5
3890,191,183,8,1720,0.106395348837209,0.958115183246073,0.0418848167539267,0.05,0.224241558664206,0,0,0,0,0,NA,"TMM",TRUE,FALSE,0.657407238702126,"edger_default",43,3,8,979003.5
3890,176,169,7,1720,0.0982558139534884,0.960227272727273,0.0397727272727273,0.05,0.214540998553437,0,0,0,0,0,NA,NA,TRUE,FALSE,NA,"limma_voom",43,3,8,979003.5
9496,192,182,10,1720,0.105813953488372,0.947916666666667,0.0520833333333333,0.05,0.274085196825418,0,0,0,21,0,NA,NA,TRUE,FALSE,NA,"deseq2",43,3,8,979003.5
12395,70,69,1,1720,0.0401162790697674,0.985714285714286,0.0142857142857143,0.1,0.20953776271765,0,0,0,36,3054,0.989194499017682,"TMMwsp",TRUE,FALSE,1.14716506082833,"ctc_pipeline",44,1,3,806499
4803,79,77,2,1720,0.0447674418604651,0.974683544303797,0.0253164556962025,0.05,0.195960499812236,0,0,0,0,0,NA,"TMM",TRUE,FALSE,0.715619162501492,"edger_default",44,1,3,806499
4803,62,61,1,1720,0.0354651162790698,0.983870967741935,0.0161290322580645,0.05,0.185215407586296,0,0,0,0,0,NA,NA,TRUE,FALSE,NA,"limma_voom",44,1,3,806499
7578,134,111,23,1720,0.0645348837209302,0.828358208955224,0.171641791044776,0.05,0.196435883367518,0,0,0,0,0,NA,NA,TRUE,FALSE,NA,"deseq2",44,1,3,806499
12579,131,127,4,1720,0.0738372093023256,0.969465648854962,0.0305343511450382,0.1,0.254873774439223,0,0,0,69,3669,0.982556554919597,"TMMwsp",TRUE,FALSE,1.27402626842803,"ctc_pipeline",44,2,5,828574
4484,143,137,6,1720,0.0796511627906977,0.958041958041958,0.041958041958042,0.05,0.218871243437081,0,0,0,0,0,NA,"TMM",TRUE,FALSE,0.726498741236818,"edger_default",44,2,5,828574
4484,100,96,4,1720,0.0558139534883721,0.96,0.04,0.05,0.203390572279176,0,0,0,0,0,NA,NA,TRUE,FALSE,NA,"limma_voom",44,2,5,828574
8703,145,130,15,1720,0.0755813953488372,0.896551724137931,0.103448275862069,0.05,0.227687832771754,0,0,0,4,0,NA,NA,TRUE,FALSE,NA,"deseq2",44,2,5,828574
11069,199,185,14,1720,0.107558139534884,0.92964824120603,0.0703517587939698,0.1,0.281902089360519,0,0.00483091787439614,0,78,3648,0.978618421052632,"TMMwsp",TRUE,FALSE,1.12115443513376,"ctc_pipeline",44,3,8,995842
4201,160,151,9,1720,0.0877906976744186,0.94375,0.05625,0.05,0.216414752328494,0,0.00241545893719807,0,0,0,NA,"TMM",TRUE,FALSE,0.648176632833404,"edger_default",44,3,8,995842
4201,121,114,7,1720,0.0662790697674419,0.942148760330578,0.0578512396694215,0.05,0.20330439360289,0,0.00241545893719807,0,0,0,NA,NA,TRUE,FALSE,NA,"limma_voom",44,3,8,995842
9632,164,155,9,1720,0.0901162790697674,0.945121951219512,0.0548780487804878,0.05,0.263025584946709,0,0.00241545893719807,0,7,0,NA,NA,TRUE,FALSE,NA,"deseq2",44,3,8,995842
12362,62,62,0,1720,0.036046511627907,1,0,0.1,0.20758688631937,0,0,0,30,3207,0.990957280947926,"TMMwsp",TRUE,FALSE,1.19962115137412,"ctc_pipeline",45,1,3,1007491.5
5189,75,72,3,1720,0.0418604651162791,0.96,0.04,0.05,0.200122194744449,0,0,0,0,0,NA,"TMM",TRUE,FALSE,0.844933396357759,"edger_default",45,1,3,1007491.5
5189,52,52,0,1720,0.0302325581395349,1,0,0.05,0.18986107393207,0,0,0,0,0,NA,NA,TRUE,FALSE,NA,"limma_voom",45,1,3,1007491.5
7647,130,99,31,1720,0.0575581395348837,0.761538461538461,0.238461538461538,0.05,0.190940914539466,0,0,0,0,0,NA,NA,TRUE,FALSE,NA,"deseq2",45,1,3,1007491.5
12746,155,149,6,1720,0.0866279069767442,0.961290322580645,0.0387096774193548,0.1,0.258202314231589,0,0,0,70,3691,0.98184773774045,"TMMwsp",TRUE,FALSE,1.2277764930694,"ctc_pipeline",45,2,5,965967.5
4762,165,158,7,1720,0.0918604651162791,0.957575757575758,0.0424242424242424,0.05,0.223743632618792,0,0,0,0,0,NA,"TMM",TRUE,FALSE,0.718482114220905,"edger_default",45,2,5,965967.5
4762,121,119,2,1720,0.0691860465116279,0.983471074380165,0.0165289256198347,0.05,0.210107941321195,0,0,0,0,0,NA,NA,TRUE,FALSE,NA,"limma_voom",45,2,5,965967.5
8741,155,143,12,1720,0.0831395348837209,0.92258064516129,0.0774193548387097,0.05,0.229503832117276,0,0,0,2,0,NA,NA,TRUE,FALSE,NA,"deseq2",45,2,5,965967.5
10976,255,241,14,1720,0.140116279069767,0.945098039215686,0.0549019607843137,0.1,0.334120591640575,0,0.0051948051948052,0,74,3612,0.979512735326689,"TMMwsp",TRUE,FALSE,1.1373970492019,"ctc_pipeline",45,3,8,735787.5
3886,185,183,2,1720,0.106395348837209,0.989189189189189,0.0108108108108108,0.05,0.23221652750804,0,0,0,0,0,NA,"TMM",TRUE,FALSE,0.6129837747689,"edger_default",45,3,8,735787.5
3886,159,155,4,1720,0.0901162790697674,0.974842767295597,0.0251572327044025,0.05,0.218484422638294,0,0,0,0,0,NA,NA,TRUE,FALSE,NA,"limma_voom",45,3,8,735787.5
9613,201,194,7,1720,0.112790697674419,0.965174129353234,0.0348258706467662,0.05,0.302508970200268,0,0,0,6,0,NA,NA,TRUE,FALSE,NA,"deseq2",45,3,8,735787.5
11595,52,51,1,1720,0.0296511627906977,0.980769230769231,0.0192307692307692,0.1,0.201714735110751,0,0,0,52,3354,0.985688729874776,"TMMwsp",TRUE,FALSE,1.24793351087465,"ctc_pipeline",46,1,3,598179
3852,60,58,2,1720,0.0337209302325581,0.966666666666667,0.0333333333333333,0.05,0.17383275312604,0,0,0,0,0,NA,"TMM",TRUE,FALSE,0.780154647833811,"edger_default",46,1,3,598179
3852,42,41,1,1720,0.0238372093023256,0.976190476190476,0.0238095238095238,0.05,0.168960023775972,0,0,0,0,0,NA,NA,TRUE,FALSE,NA,"limma_voom",46,1,3,598179
6750,107,87,20,1720,0.0505813953488372,0.813084112149533,0.186915887850467,0.05,0.175886536778768,0,0,0,1,0,NA,NA,TRUE,FALSE,NA,"deseq2",46,1,3,598179
11066,64,54,10,1720,0.0313953488372093,0.84375,0.15625,0.1,0.161807834600562,0,0,0,49,4392,0.98884335154827,"TMMwsp (UQ fallback unusable)",TRUE,FALSE,1.49496659820091,"ctc_pipeline",46,2,5,516618.5
2941,74,66,8,1720,0.0383720930232558,0.891891891891892,0.108108108108108,0.05,0.147418152452284,0,0,0,0,0,NA,"TMM",TRUE,FALSE,0.811968857497279,"edger_default",46,2,5,516618.5
2941,65,46,19,1720,0.0267441860465116,0.707692307692308,0.292307692307692,0.05,0.129782614094273,0,0,0,0,0,NA,NA,TRUE,FALSE,NA,"limma_voom",46,2,5,516618.5
6833,117,79,38,1720,0.0459302325581395,0.675213675213675,0.324786324786325,0.05,0.152268352691353,0,0,0,5,0,NA,NA,TRUE,FALSE,NA,"deseq2",46,2,5,516618.5
11617,260,249,11,1720,0.144767441860465,0.957692307692308,0.0423076923076923,0.1,0.312318995776325,0,0,0,92,3516,0.973833902161547,"TMMwsp",TRUE,FALSE,1.12479703080032,"ctc_pipeline",46,3,8,1099461.5
4561,212,207,5,1720,0.120348837209302,0.976415094339623,0.0235849056603774,0.05,0.250910137133427,0,0,0,0,0,NA,"TMM",TRUE,FALSE,0.638588195930788,"edger_default",46,3,8,1099461.5
4561,182,171,11,1720,0.0994186046511628,0.93956043956044,0.0604395604395604,0.05,0.231771114802047,0,0,0,0,0,NA,NA,TRUE,FALSE,NA,"limma_voom",46,3,8,1099461.5
10350,225,212,13,1720,0.123255813953488,0.942222222222222,0.0577777777777778,0.05,0.289395623804379,0,0,0,13,0,NA,NA,TRUE,FALSE,NA,"deseq2",46,3,8,1099461.5
12419,57,55,2,1720,0.0319767441860465,0.964912280701754,0.0350877192982456,0.1,0.205050800107571,0,0.00264550264550265,0,50,3255,0.986482334869432,"TMMwsp",TRUE,FALSE,1.14927320467666,"ctc_pipeline",47,1,3,855348
4731,60,59,1,1720,0.0343023255813954,0.983333333333333,0.0166666666666667,0.05,0.185741359343586,0,0.00264550264550265,0,0,0,NA,"TMM",TRUE,FALSE,0.709371469170686,"edger_default",47,1,3,855348
4731,43,42,1,1720,0.0244186046511628,0.976744186046512,0.0232558139534884,0.05,0.176509197217216,0,0,0,0,0,NA,NA,TRUE,FALSE,NA,"limma_voom",47,1,3,855348
7613,119,86,33,1720,0.05,0.722689075630252,0.277310924369748,0.05,0.180730609993066,0,0.00264550264550265,0,2,0,NA,NA,TRUE,FALSE,NA,"deseq2",47,1,3,855348
12796,143,135,8,1720,0.0784883720930233,0.944055944055944,0.0559440559440559,0.1,0.269081224385486,0,0,0,64,3612,0.983111849390919,"TMMwsp",TRUE,FALSE,1.21837184440596,"ctc_pipeline",47,2,5,1100739.5
4968,149,140,9,1720,0.0813953488372093,0.939597315436242,0.0604026845637584,0.05,0.227251362435008,0,0,0,0,0,NA,"TMM",TRUE,FALSE,0.733135508648334,"edger_default",47,2,5,1100739.5
4968,118,112,6,1720,0.0651162790697674,0.949152542372881,0.0508474576271186,0.05,0.214604959102801,0,0,0,0,0,NA,NA,TRUE,FALSE,NA,"limma_voom",47,2,5,1100739.5
8897,162,142,20,1720,0.0825581395348837,0.876543209876543,0.123456790123457,0.05,0.245677310207853,0,0.00256410256410256,0,3,0,NA,NA,TRUE,FALSE,NA,"deseq2",47,2,5,1100739.5
10570,181,165,16,1720,0.0959302325581395,0.911602209944751,0.0883977900552486,0.1,0.265495746069825,0,0,0,76,3857,0.980295566502463,"TMMwsp",TRUE,FALSE,1.20926841988567,"ctc_pipeline",47,3,8,687365.5
3383,142,134,8,1720,0.077906976744186,0.943661971830986,0.0563380281690141,0.05,0.188042195957265,0,0,0,0,0,NA,"TMM",TRUE,FALSE,0.631400718209721,"edger_default",47,3,8,687365.5
3383,122,118,4,1720,0.0686046511627907,0.967213114754098,0.0327868852459016,0.05,0.182466701041615,0,0,0,0,0,NA,NA,TRUE,FALSE,NA,"limma_voom",47,3,8,687365.5
8953,156,144,12,1720,0.0837209302325581,0.923076923076923,0.0769230769230769,0.05,0.238002590952215,0,0,0,5,0,NA,NA,TRUE,FALSE,NA,"deseq2",47,3,8,687365.5
12367,49,47,2,1720,0.0273255813953488,0.959183673469388,0.0408163265306122,0.1,0.194602256080303,0,0,0,39,3259,0.990487879717705,"TMMwsp",TRUE,FALSE,1.16054124635635,"ctc_pipeline",48,1,3,914225
4945,59,55,4,1720,0.0319767441860465,0.932203389830508,0.0677966101694915,0.05,0.185502247770301,0,0,0,0,0,NA,"TMM",TRUE,FALSE,0.786391392177826,"edger_default",48,1,3,914225
4945,43,39,4,1720,0.0226744186046512,0.906976744186046,0.0930232558139535,0.05,0.170729376953956,0,0,0,0,0,NA,NA,TRUE,FALSE,NA,"limma_voom",48,1,3,914225
7583,114,84,30,1720,0.0488372093023256,0.736842105263158,0.263157894736842,0.05,0.177130574375103,0,0,0,1,0,NA,NA,TRUE,FALSE,NA,"deseq2",48,1,3,914225
13114,132,127,5,1720,0.0738372093023256,0.962121212121212,0.0378787878787879,0.1,0.264233578740403,0,0,0,70,3551,0.981695297099409,"TMMwsp",TRUE,FALSE,1.18622512163077,"ctc_pipeline",48,2,5,1226913
5215,141,135,6,1720,0.0784883720930233,0.957446808510638,0.0425531914893617,0.05,0.233611418344614,0,0,0,0,0,NA,"TMM",TRUE,FALSE,0.716782926100296,"edger_default",48,2,5,1226913
5215,112,106,6,1720,0.0616279069767442,0.946428571428571,0.0535714285714286,0.05,0.215879939584375,0,0,0,0,0,NA,NA,TRUE,FALSE,NA,"limma_voom",48,2,5,1226913
9176,163,145,18,1720,0.0843023255813953,0.889570552147239,0.110429447852761,0.05,0.239101763015235,0,0,0,4,0,NA,NA,TRUE,FALSE,NA,"deseq2",48,2,5,1226913
10360,189,173,16,1720,0.100581395348837,0.915343915343915,0.0846560846560847,0.1,0.27837598372331,0,0,0,86,3820,0.977486910994764,"TMMwsp",TRUE,FALSE,1.23540471938572,"ctc_pipeline",48,3,8,891178
3263,150,144,6,1720,0.0837209302325581,0.96,0.04,0.05,0.205632939866714,0,0,0,0,0,NA,"TMM",TRUE,FALSE,0.628932755363668,"edger_default",48,3,8,891178
3263,117,112,5,1720,0.0651162790697674,0.957264957264957,0.0427350427350427,0.05,0.195476337829065,0,0,0,0,0,NA,NA,TRUE,FALSE,NA,"limma_voom",48,3,8,891178
8659,157,148,9,1720,0.086046511627907,0.942675159235669,0.0573248407643312,0.05,0.25822975992879,0,0,0,8,0,NA,NA,TRUE,FALSE,NA,"deseq2",48,3,8,891178
10815,44,44,0,1720,0.0255813953488372,1,0,0.1,0.170660223972656,0,0,0,44,3330,0.987387387387387,"TMMwsp",TRUE,FALSE,1.33771310244703,"ctc_pipeline",49,1,3,780301.5
3589,44,44,0,1720,0.0255813953488372,1,0,0.05,0.162742728193219,0,0,0,0,0,NA,"TMM",TRUE,FALSE,0.82492959106183,"edger_default",49,1,3,780301.5
3589,35,34,1,1720,0.0197674418604651,0.971428571428571,0.0285714285714286,0.05,0.157749666407137,0,0,0,0,0,NA,NA,TRUE,FALSE,NA,"limma_voom",49,1,3,780301.5
6163,102,78,24,1720,0.0453488372093023,0.764705882352941,0.235294117647059,0.05,0.162483276038208,0,0,0,2,0,NA,NA,TRUE,FALSE,NA,"deseq2",49,1,3,780301.5
12307,115,109,6,1720,0.0633720930232558,0.947826086956522,0.0521739130434783,0.1,0.240252260651192,0,0,0,61,3622,0.983158475980122,"TMMwsp",TRUE,FALSE,1.29417071166343,"ctc_pipeline",49,2,5,664980.5
4183,114,109,5,1720,0.0633720930232558,0.956140350877193,0.043859649122807,0.05,0.201403911520402,0,0,0,0,0,NA,"TMM",TRUE,FALSE,0.708766472423229,"edger_default",49,2,5,664980.5
4183,85,84,1,1720,0.0488372093023256,0.988235294117647,0.0117647058823529,0.05,0.189348326024117,0,0,0,0,0,NA,NA,TRUE,FALSE,NA,"limma_voom",49,2,5,664980.5
8302,131,116,15,1720,0.0674418604651163,0.885496183206107,0.114503816793893,0.05,0.212788972089819,0,0,0,3,0,NA,NA,TRUE,FALSE,NA,"deseq2",49,2,5,664980.5
11530,250,236,14,1720,0.137209302325581,0.944,0.056,0.1,0.318820802583289,0,0.00251889168765743,0,83,3577,0.976796197931227,"TMMwsp",TRUE,FALSE,1.12856822249076,"ctc_pipeline",49,3,8,1081317
4363,197,192,5,1720,0.111627906976744,0.974619289340102,0.0253807106598985,0.05,0.242924322261979,0,0.00251889168765743,0,0,0,NA,"TMM",TRUE,FALSE,0.626540583708428,"edger_default",49,3,8,1081317
4363,154,151,3,1720,0.0877906976744186,0.980519480519481,0.0194805194805195,0.05,0.228783777119026,0,0.00251889168765743,0,0,0,NA,NA,TRUE,FALSE,NA,"limma_voom",49,3,8,1081317
10126,200,191,9,1720,0.111046511627907,0.955,0.045,0.05,0.292615176383631,0,0.00251889168765743,0,4,0,NA,NA,TRUE,FALSE,NA,"deseq2",49,3,8,1081317
12479,66,66,0,1720,0.0383720930232558,1,0,0.1,0.231964593662068,0,0,0,50,3119,0.98941968579673,"TMMwsp",TRUE,FALSE,1.16090902494946,"ctc_pipeline",50,1,3,1116728
4883,89,89,0,1720,0.0517441860465116,1,0,0.05,0.210936674117903,0,0.00245700245700246,0,0,0,NA,"TMM",TRUE,FALSE,0.736722346259679,"edger_default",50,1,3,1116728
4883,67,66,1,1720,0.0383720930232558,0.985074626865672,0.0149253731343284,0.05,0.197351608504313,0,0,0,0,0,NA,NA,TRUE,FALSE,NA,"limma_voom",50,1,3,1116728
7685,153,121,32,1720,0.0703488372093023,0.790849673202614,0.209150326797386,0.05,0.203872935715877,0,0.00245700245700246,0,4,0,NA,NA,TRUE,FALSE,NA,"deseq2",50,1,3,1116728
12768,143,135,8,1720,0.0784883720930233,0.944055944055944,0.0559440559440559,0.1,0.256230625035932,0,0.00490196078431373,0,52,3556,0.986782902137233,"TMMwsp",TRUE,FALSE,1.25023763666424,"ctc_pipeline",50,2,5,789510.5
4528,146,140,6,1720,0.0813953488372093,0.958904109589041,0.0410958904109589,0.05,0.214981027425708,0,0.00490196078431373,0,0,0,NA,"TMM",TRUE,FALSE,0.69274023783125,"edger_default",50,2,5,789510.5
4528,103,103,0,1720,0.0598837209302326,1,0,0.05,0.206904168592158,0,0.00245098039215686,0,0,0,NA,NA,TRUE,FALSE,NA,"limma_voom",50,2,5,789510.5
8861,157,135,22,1720,0.0784883720930233,0.859872611464968,0.140127388535032,0.05,0.231106156066467,0,0.00490196078431373,0,6,0,NA,NA,TRUE,FALSE,NA,"deseq2",50,2,5,789510.5
11255,221,208,13,1720,0.12093023255814,0.941176470588235,0.0588235294117647,0.1,0.293384084179512,0,0.00259067357512953,0,76,3721,0.979575382961569,"TMMwsp",TRUE,FALSE,1.14316424769269,"ctc_pipeline",50,3,8,922366.5
4046,191,185,6,1720,0.107558139534884,0.968586387434555,0.031413612565445,0.05,0.234662451111996,0,0,0,0,0,NA,"TMM",TRUE,FALSE,0.619436183024042,"edger_default",50,3,8,922366.5
4046,168,162,6,1720,0.0941860465116279,0.964285714285714,0.0357142857142857,0.05,0.226043096348546,0,0,0,0,0,NA,NA,TRUE,FALSE,NA,"limma_voom",50,3,8,922366.5
9727,191,183,8,1720,0.106395348837209,0.958115183246073,0.0418848167539267,0.05,0.283651561046027,0,0,0,11,0,NA,NA,TRUE,FALSE,NA,"deseq2",50,3,8,922366.5
