"n_tested","n_significant","true_positives","false_positives","n_true_de","sensitivity","precision","empirical_fdr","nominal_fdr","avg_precision","sens_exclusive","sens_low_abund","sig_excl_rescued","n_excl_kept","n_exclusive_added","excl_admit_fpr","norm_used","batch_in_model","shrink_applied","common_disp","arm","rep","scenario_row","exclusive_cpm","n_per_group","median_lib"
12819,128,121,7,1720,0.0703488372093023,0.9453125,0.0546875,0.1,0.248799449558988,0,0,0,9,3696,0.997564935064935,"TMMwsp",TRUE,FALSE,1.19539036411104,"ctc_pipeline",1,1,0.1,5,922620.5
9123,148,137,11,1720,0.0796511627906977,0.925675675675676,0.0743243243243243,0.1,0.238126359597946,0,0,0,0,0,NA,"TMMwsp",TRUE,FALSE,1.13453241615914,"ablate_exclusive",1,1,0.1,5,922620.5
4646,140,134,6,1720,0.077906976744186,0.957142857142857,0.0428571428571429,0.05,0.214989820530275,0,0,0,0,0,NA,"TMM",TRUE,FALSE,0.664950288049155,"edger_default",1,1,0.1,5,922620.5
12894,139,129,10,1720,0.075,0.928057553956835,0.0719424460431655,0.1,0.262147226383181,0,0,0,40,3649,0.989038092628117,"TMMwsp",TRUE,FALSE,1.23076501317285,"ctc_pipeline",1,2,0.5,5,821673
9245,144,133,11,1720,0.0773255813953488,0.923611111111111,0.0763888888888889,0.1,0.248897644094534,0,0,0,0,0,NA,"TMMwsp",TRUE,FALSE,1.17382026046696,"ablate_exclusive",1,2,0.5,5,821673
4798,139,129,10,1720,0.075,0.928057553956835,0.0719424460431655,0.05,0.223112149216724,0,0,0,0,0,NA,"TMM",TRUE,FALSE,0.726285082440476,"edger_default",1,2,0.5,5,821673
13091,134,131,3,1720,0.0761627906976744,0.977611940298508,0.0223880597014925,0.1,0.270019044127564,0,0.00254452926208651,0,57,3609,0.984760321418676,"TMMwsp",TRUE,FALSE,1.20122366206116,"ctc_pipeline",1,3,1,5,1073275.5
9482,151,146,5,1720,0.0848837209302326,0.966887417218543,0.033112582781457,0.1,0.254267319980703,0,0.00254452926208651,0,2,0,NA,"TMMwsp",TRUE,FALSE,1.14434388229759,"ablate_exclusive",1,3,1,5,1073275.5
5254,139,136,3,1720,0.0790697674418605,0.97841726618705,0.0215827338129496,0.05,0.234811639025421,0,0.00254452926208651,0,0,0,NA,"TMM",TRUE,FALSE,0.745572022037341,"edger_default",1,3,1,5,1073275.5
12423,132,127,5,1720,0.0738372093023256,0.962121212121212,0.0378787878787879,0.1,0.267784255698687,0,0,0,77,3682,0.982889733840304,"TMMwsp",TRUE,FALSE,1.31199972072055,"ctc_pipeline",1,4,2,5,854440
8741,145,137,8,1720,0.0796511627906977,0.944827586206897,0.0551724137931034,0.1,0.256191791678632,0,0,0,14,0,NA,"TMMwsp",TRUE,FALSE,1.25435175036194,"ablate_exclusive",1,4,2,5,854440
4545,139,133,6,1720,0.0773255813953488,0.956834532374101,0.0431654676258993,0.05,0.224237671876851,0,0,0,0,0,NA,"TMM",TRUE,FALSE,0.78496201931146,"edger_default",1,4,2,5,854440
13469,142,133,9,1720,0.0773255813953488,0.936619718309859,0.0633802816901408,0.1,0.30399092764919,0.00833333333333333,0.00246305418719212,1,115,3512,0.980922551252847,"TMMwsp",TRUE,FALSE,1.16986693061916,"ctc_pipeline",1,5,5,5,1031869
9957,158,147,11,1720,0.0854651162790698,0.930379746835443,0.069620253164557,0.1,0.284348184384045,0,0.00246305418719212,0,48,0,NA,"TMMwsp",TRUE,FALSE,1.11639554462416,"ablate_exclusive",1,5,5,5,1031869
5365,148,139,9,1720,0.0808139534883721,0.939189189189189,0.0608108108108108,0.05,0.238712663307669,0,0.00246305418719212,0,3,0,NA,"TMM",TRUE,FALSE,0.697546038680988,"edger_default",1,5,5,5,1031869
13225,177,170,7,1720,0.0988372093023256,0.96045197740113,0.0395480225988701,0.1,0.325118213948138,0.0833333333333333,0,0,120,3497,0.994280812124678,"TMMwsp",TRUE,FALSE,1.19090687037702,"ctc_pipeline",1,6,10,5,1001631.5
9728,199,186,13,1720,0.108139534883721,0.934673366834171,0.0653266331658292,0.1,0.308806942646661,0.1,0,0,100,0,NA,"TMMwsp",TRUE,FALSE,1.13410743023586,"ablate_exclusive",1,6,10,5,1001631.5
5210,180,174,6,1720,0.101162790697674,0.966666666666667,0.0333333333333333,0.05,0.245960624467737,0.0833333333333333,0,0,24,0,NA,"TMM",TRUE,FALSE,0.705438675597207,"edger_default",1,6,10,5,1001631.5
12042,206,195,11,1720,0.113372093023256,0.946601941747573,0.0533980582524272,0.1,0.319745166761902,0.483333333333333,0,0,120,3706,0.997571505666487,"TMMwsp",TRUE,FALSE,1.31254052669282,"ctc_pipeline",1,7,20,5,819923.5
8336,222,209,13,1720,0.121511627906977,0.941441441441441,0.0585585585585586,0.1,0.306267227522254,0.525,0,0,111,0,NA,"TMMwsp",TRUE,FALSE,1.24134882432705,"ablate_exclusive",1,7,20,5,819923.5
4261,194,183,11,1720,0.106395348837209,0.943298969072165,0.056701030927835,0.05,0.251261469864364,0.375,0,0,54,0,NA,"TMM",TRUE,FALSE,0.777164761648898,"edger_default",1,7,20,5,819923.5
12851,274,260,14,1720,0.151162790697674,0.948905109489051,0.0510948905109489,0.1,0.336703543786632,0.991666666666667,0,0,120,3613,1,"TMMwsp",TRUE,FALSE,1.2417636964689,"ctc_pipeline",1,8,50,5,1157493.5
9238,294,271,23,1720,0.157558139534884,0.921768707482993,0.0782312925170068,0.1,0.330467930636279,0.991666666666667,0,0,120,0,NA,"TMMwsp",TRUE,FALSE,1.17759046136255,"ablate_exclusive",1,8,50,5,1157493.5
5069,276,260,16,1720,0.151162790697674,0.942028985507246,0.0579710144927536,0.05,0.302121498410629,0.991666666666667,0,0,119,0,NA,"TMM",TRUE,FALSE,0.754228069939013,"edger_default",1,8,50,5,1157493.5
12355,107,102,5,1720,0.0593023255813954,0.953271028037383,0.0467289719626168,0.1,0.239110027810576,0,0,0,7,3590,0.998050139275766,"TMMwsp",TRUE,FALSE,1.27810913058013,"ctc_pipeline",2,1,0.1,5,885271
8765,130,121,9,1720,0.0703488372093023,0.930769230769231,0.0692307692307692,0.1,0.234860846104898,0,0,0,0,0,NA,"TMMwsp",TRUE,FALSE,1.21242075893815,"ablate_exclusive",2,1,0.1,5,885271
4490,121,114,7,1720,0.0662790697674419,0.942148760330578,0.0578512396694215,0.05,0.207115099276224,0,0,0,0,0,NA,"TMM",TRUE,FALSE,0.736348120129897,"edger_default",2,1,0.1,5,885271
13214,152,148,4,1720,0.086046511627907,0.973684210526316,0.0263157894736842,0.1,0.265811705665571,0,0.00472813238770686,0,56,3674,0.985302123026674,"TMMwsp",TRUE,FALSE,1.25530348052369,"ctc_pipeline",2,2,0.5,5,733458.5
9540,162,156,6,1720,0.0906976744186047,0.962962962962963,0.037037037037037,0.1,0.252357221972611,0,0.00472813238770686,0,2,0,NA,"TMMwsp",TRUE,FALSE,1.18709374656822,"ablate_exclusive",2,2,0.5,5,733458.5
4770,155,151,4,1720,0.0877906976744186,0.974193548387097,0.0258064516129032,0.05,0.225677287863227,0,0.00472813238770686,0,0,0,NA,"TMM",TRUE,FALSE,0.710747318311496,"edger_default",2,2,0.5,5,733458.5
12807,153,142,11,1720,0.0825581395348837,0.928104575163399,0.0718954248366013,0.1,0.268372271817528,0,0,0,75,3683,0.980993755090958,"TMMwsp",TRUE,FALSE,1.22748089963766,"ctc_pipeline",2,3,1,5,1033279
9124,164,153,11,1720,0.088953488372093,0.932926829268293,0.0670731707317073,0.1,0.255991576015916,0,0,0,5,0,NA,"TMMwsp",TRUE,FALSE,1.16420595907803,"ablate_exclusive",2,3,1,5,1033279
4839,152,143,9,1720,0.0831395348837209,0.94078947368421,0.0592105263157895,0.05,0.233032599257995,0,0,0,0,0,NA,"TMM",TRUE,FALSE,0.703239985943648,"edger_default",2,3,1,5,1033279
12271,111,110,1,1720,0.063953488372093,0.990990990990991,0.00900900900900901,0.1,0.247721610446517,0,0,0,90,3876,0.980650154798762,"TMMwsp",TRUE,FALSE,1.28155141915955,"ctc_pipeline",2,4,2,5,1004312
8395,128,121,7,1720,0.0703488372093023,0.9453125,0.0546875,0.1,0.235387755964425,0,0,0,15,0,NA,"TMMwsp",TRUE,FALSE,1.20502878588237,"ablate_exclusive",2,4,2,5,1004312
4362,119,116,3,1720,0.0674418604651163,0.974789915966387,0.0252100840336134,0.05,0.209441116996171,0,0,0,0,0,NA,"TMM",TRUE,FALSE,0.751974612241306,"edger_default",2,4,2,5,1004312
13286,167,163,4,1720,0.0947674418604651,0.976047904191617,0.0239520958083832,0.1,0.322515061916975,0,0,0,118,3545,0.981664315937941,"TMMwsp",TRUE,FALSE,1.21824139840083,"ctc_pipeline",2,5,5,5,1101875.5
9741,180,175,5,1720,0.101744186046512,0.972222222222222,0.0277777777777778,0.1,0.297942516156579,0,0,0,53,0,NA,"TMMwsp",TRUE,FALSE,1.16178262397443,"ablate_exclusive",2,5,5,5,1101875.5
5562,168,164,4,1720,0.0953488372093023,0.976190476190476,0.0238095238095238,0.05,0.258698146942787,0,0,0,0,0,NA,"TMM",TRUE,FALSE,0.770921555728651,"edger_default",2,5,5,5,1101875.5
12964,153,149,4,1720,0.0866279069767442,0.973856209150327,0.0261437908496732,0.1,0.317622708306677,0.0333333333333333,0.00238663484486874,0,120,3656,0.991794310722101,"TMMwsp",TRUE,FALSE,1.22421919836788,"ctc_pipeline",2,6,10,5,1019124.5
9308,171,161,10,1720,0.0936046511627907,0.941520467836257,0.0584795321637427,0.1,0.303042608123937,0.0583333333333333,0.00238663484486874,0,90,0,NA,"TMMwsp",TRUE,FALSE,1.16555600081894,"ablate_exclusive",2,6,10,5,1019124.5
5055,162,154,8,1720,0.0895348837209302,0.950617283950617,0.0493827160493827,0.05,0.239182338856263,0.0416666666666667,0.00238663484486874,0,15,0,NA,"TMM",TRUE,FALSE,0.742872425416165,"edger_default",2,6,10,5,1019124.5
12359,205,200,5,1720,0.116279069767442,0.975609756097561,0.024390243902439,0.1,0.321381113110891,0.616666666666667,0,2,120,3661,0.996995356459984,"TMMwsp",TRUE,FALSE,1.31887093199463,"ctc_pipeline",2,7,20,5,1059754.5
8698,227,220,7,1720,0.127906976744186,0.969162995594714,0.0308370044052863,0.1,0.308114667269135,0.666666666666667,0,0,109,0,NA,"TMMwsp",TRUE,FALSE,1.25769871441338,"ablate_exclusive",2,7,20,5,1059754.5
4704,198,191,7,1720,0.111046511627907,0.964646464646465,0.0353535353535354,0.05,0.256305047807444,0.541666666666667,0,0,71,0,NA,"TMM",TRUE,FALSE,0.839501768505485,"edger_default",2,7,20,5,1059754.5
12925,300,285,15,1720,0.165697674418605,0.95,0.05,0.1,0.343114575938861,0.991666666666667,0,0,120,3512,1,"TMMwsp",TRUE,FALSE,1.22670004945156,"ctc_pipeline",2,8,50,5,779873.5
9413,313,294,19,1720,0.17093023255814,0.939297124600639,0.060702875399361,0.1,0.332066241272711,1,0,0,120,0,NA,"TMMwsp",TRUE,FALSE,1.17803164663435,"ablate_exclusive",2,8,50,5,779873.5
4829,290,276,14,1720,0.16046511627907,0.951724137931034,0.0482758620689655,0.05,0.298739125392092,0.966666666666667,0,0,116,0,NA,"TMM",TRUE,FALSE,0.702719809237901,"edger_default",2,8,50,5,779873.5
13120,166,153,13,1720,0.088953488372093,0.921686746987952,0.0783132530120482,0.1,0.287898535123132,0,0,0,7,3324,0.997894103489771,"TMMwsp",TRUE,FALSE,1.18890629080501,"ctc_pipeline",3,1,0.1,5,1068889
9796,190,175,15,1720,0.101744186046512,0.921052631578947,0.0789473684210526,0.1,0.277607597792145,0,0,0,0,0,NA,"TMMwsp",TRUE,FALSE,1.13939565256215,"ablate_exclusive",3,1,0.1,5,1068889
5396,168,161,7,1720,0.0936046511627907,0.958333333333333,0.0416666666666667,0.05,0.254588530578473,0,0,0,0,0,NA,"TMM",TRUE,FALSE,0.714830095245352,"edger_default",3,1,0.1,5,1068889
12208,119,115,4,1720,0.0668604651162791,0.966386554621849,0.0336134453781513,0.1,0.234063916764737,0,0,0,35,3779,0.990738290553056,"TMMwsp",TRUE,FALSE,1.3051055492368,"ctc_pipeline",3,2,0.5,5,744337.5
8429,137,127,10,1720,0.0738372093023256,0.927007299270073,0.072992700729927,0.1,0.224056418108047,0,0,0,0,0,NA,"TMMwsp",TRUE,FALSE,1.23583263633008,"ablate_exclusive",3,2,0.5,5,744337.5
4099,130,124,6,1720,0.072093023255814,0.953846153846154,0.0461538461538462,0.05,0.207276865582055,0,0,0,0,0,NA,"TMM",TRUE,FALSE,0.717390021954648,"edger_default",3,2,0.5,5,744337.5
12532,146,140,6,1720,0.0813953488372093,0.958904109589041,0.0410958904109589,0.1,0.274216770406847,0,0,0,97,3735,0.978313253012048,"TMMwsp",TRUE,FALSE,1.26688615552218,"ctc_pipeline",3,3,1,5,810061.5
8797,163,152,11,1720,0.0883720930232558,0.932515337423313,0.0674846625766871,0.1,0.259460190236075,0,0,0,16,0,NA,"TMMwsp",TRUE,FALSE,1.2010773167795,"ablate_exclusive",3,3,1,5,810061.5
4547,157,146,11,1720,0.0848837209302326,0.929936305732484,0.0700636942675159,0.05,0.222291224601658,0,0,0,0,0,NA,"TMM",TRUE,FALSE,0.755123652068336,"edger_default",3,3,1,5,810061.5
12978,158,149,9,1720,0.0866279069767442,0.943037974683544,0.0569620253164557,0.1,0.27006367294406,0,0.00253807106598985,0,89,3535,0.977934936350778,"TMMwsp",TRUE,FALSE,1.18913655065969,"ctc_pipeline",3,4,2,5,875945
9443,173,158,15,1720,0.0918604651162791,0.913294797687861,0.0867052023121387,0.1,0.259298688211736,0,0.00253807106598985,0,11,0,NA,"TMMwsp",TRUE,FALSE,1.13108878826188,"ablate_exclusive",3,4,2,5,875945
5056,163,153,10,1720,0.088953488372093,0.938650306748466,0.0613496932515337,0.05,0.23580225971677,0,0,0,0,0,NA,"TMM",TRUE,FALSE,0.69954782247371,"edger_default",3,4,2,5,875945
11769,108,106,2,1720,0.0616279069767442,0.981481481481482,0.0185185185185185,0.1,0.266970746569833,0,0,0,112,3742,0.979957242116515,"TMMwsp",TRUE,FALSE,1.3909058203111,"ctc_pipeline",3,5,5,5,949467.5
8027,125,120,5,1720,0.0697674418604651,0.96,0.04,0.1,0.241783760141069,0,0,0,37,0,NA,"TMMwsp",TRUE,FALSE,1.32943846734782,"ablate_exclusive",3,5,5,5,949467.5
4031,117,113,4,1720,0.0656976744186046,0.965811965811966,0.0341880341880342,0.05,0.211063200889296,0,0,0,3,0,NA,"TMM",TRUE,FALSE,0.866055114734192,"edger_default",3,5,5,5,949467.5
13269,181,174,7,1720,0.101162790697674,0.961325966850829,0.0386740331491713,0.1,0.326860653527997,0.0833333333333333,0,0,120,3592,0.996102449888641,"TMMwsp",TRUE,FALSE,1.22846146950421,"ctc_pipeline",3,6,10,5,1133375.5
9677,207,190,17,1720,0.11046511627907,0.917874396135266,0.0821256038647343,0.1,0.31646110298078,0.116666666666667,0,0,106,0,NA,"TMMwsp",TRUE,FALSE,1.17046179272928,"ablate_exclusive",3,6,10,5,1133375.5
5377,181,168,13,1720,0.0976744186046512,0.92817679558011,0.0718232044198895,0.05,0.258254405217578,0.0833333333333333,0,0,30,0,NA,"TMM",TRUE,FALSE,0.759334932091513,"edger_default",3,6,10,5,1133375.5
12484,228,223,5,1720,0.129651162790698,0.978070175438597,0.0219298245614035,0.1,0.349279442169422,0.633333333333333,0,0,120,3652,0.997535596933187,"TMMwsp",TRUE,FALSE,1.25414033017151,"ctc_pipeline",3,7,20,5,1049218.5
8832,248,240,8,1720,0.13953488372093,0.967741935483871,0.032258064516129,0.1,0.332895990367662,0.683333333333333,0,0,111,0,NA,"TMMwsp",TRUE,FALSE,1.18751947705928,"ablate_exclusive",3,7,20,5,1049218.5
4745,231,222,9,1720,0.12906976744186,0.961038961038961,0.038961038961039,0.05,0.280322586464568,0.575,0,0,72,0,NA,"TMM",TRUE,FALSE,0.763652757662009,"edger_default",3,7,20,5,1049218.5
13050,284,275,9,1720,0.159883720930233,0.96830985915493,0.0316901408450704,0.1,0.344429949602793,0.991666666666667,0,0,120,3574,1,"TMMwsp",TRUE,FALSE,1.24222730405283,"ctc_pipeline",3,8,50,5,761969
9476,308,292,16,1720,0.169767441860465,0.948051948051948,0.051948051948052,0.1,0.338185407421241,0.991666666666667,0,0,120,0,NA,"TMMwsp",TRUE,FALSE,1.18758225390473,"ablate_exclusive",3,8,50,5,761969
5015,280,270,10,1720,0.156976744186047,0.964285714285714,0.0357142857142857,0.05,0.302525901012689,0.958333333333333,0,0,115,0,NA,"TMM",TRUE,FALSE,0.737571741150629,"edger_default",3,8,50,5,761969
12131,81,80,1,1720,0.0465116279069767,0.987654320987654,0.0123456790123457,0.1,0.225676364078425,0,0,0,4,3694,0.998917162966973,"TMMwsp",TRUE,FALSE,1.29687219279454,"ctc_pipeline",4,1,0.1,5,678020.5
8437,101,96,5,1720,0.0558139534883721,0.95049504950495,0.0495049504950495,0.1,0.220729534207037,0,0,0,0,0,NA,"TMMwsp",TRUE,FALSE,1.23009585600089,"ablate_exclusive",4,1,0.1,5,678020.5
4166,92,90,2,1720,0.0523255813953488,0.978260869565217,0.0217391304347826,0.05,0.197461196448517,0,0,0,0,0,NA,"TMM",TRUE,FALSE,0.732286293486776,"edger_default",4,1,0.1,5,678020.5
13250,150,146,4,1720,0.0848837209302326,0.973333333333333,0.0266666666666667,0.1,0.267090338367141,0,0,0,40,3554,0.988745075970737,"TMMwsp",TRUE,FALSE,1.21068177611776,"ctc_pipeline",4,2,0.5,5,1177942
9696,160,151,9,1720,0.0877906976744186,0.94375,0.05625,0.1,0.256547283903261,0,0,0,0,0,NA,"TMMwsp",TRUE,FALSE,1.15241612062201,"ablate_exclusive",4,2,0.5,5,1177942
5487,154,147,7,1720,0.0854651162790698,0.954545454545455,0.0454545454545455,0.05,0.233359104034035,0,0,0,0,0,NA,"TMM",TRUE,FALSE,0.75609599744168,"edger_default",4,2,0.5,5,1177942
12473,107,100,7,1720,0.0581395348837209,0.934579439252336,0.0654205607476635,0.1,0.240393769323576,0,0.00244498777506112,0,70,3659,0.981962284777262,"TMMwsp",TRUE,FALSE,1.25124526594271,"ctc_pipeline",4,3,1,5,907999.5
8814,123,113,10,1720,0.0656976744186046,0.91869918699187,0.0813008130081301,0.1,0.22716126020827,0,0.00244498777506112,0,4,0,NA,"TMMwsp",TRUE,FALSE,1.18903899911377,"ablate_exclusive",4,3,1,5,907999.5
4607,112,105,7,1720,0.061046511627907,0.9375,0.0625,0.05,0.207199045413412,0,0.00244498777506112,0,0,0,NA,"TMM",TRUE,FALSE,0.733311501176126,"edger_default",4,3,1,5,907999.5
12355,130,124,6,1720,0.072093023255814,0.953846153846154,0.0461538461538462,0.1,0.259866610381051,0,0,0,81,3721,0.979306638000538,"TMMwsp",TRUE,FALSE,1.27401065455921,"ctc_pipeline",4,4,2,5,771607.5
8634,144,135,9,1720,0.0784883720930233,0.9375,0.0625,0.1,0.238000532714271,0,0,0,4,0,NA,"TMMwsp",TRUE,FALSE,1.21731801428116,"ablate_exclusive",4,4,2,5,771607.5
4360,144,135,9,1720,0.0784883720930233,0.9375,0.0625,0.05,0.213418657363714,0,0,0,0,0,NA,"TMM",TRUE,FALSE,0.736687404170222,"edger_default",4,4,2,5,771607.5
13100,148,142,6,1720,0.0825581395348837,0.959459459459459,0.0405405405405405,0.1,0.300709537945129,0,0,0,117,3611,0.980891719745223,"TMMwsp",TRUE,FALSE,1.21249971470969,"ctc_pipeline",4,5,5,5,850751
9489,162,151,11,1720,0.0877906976744186,0.932098765432099,0.0679012345679012,0.1,0.282455024884546,0,0,0,48,0,NA,"TMMwsp",TRUE,FALSE,1.15736923125989,"ablate_exclusive",4,5,5,5,850751
5032,144,135,9,1720,0.0784883720930233,0.9375,0.0625,0.05,0.239293072176589,0,0,0,1,0,NA,"TMM",TRUE,FALSE,0.733350504942725,"edger_default",4,5,5,5,850751
12761,151,146,5,1720,0.0848837209302326,0.966887417218543,0.033112582781457,0.1,0.315947388510595,0.0583333333333333,0,0,119,3656,0.99398249452954,"TMMwsp",TRUE,FALSE,1.22741194642013,"ctc_pipeline",4,6,10,5,947692
9105,165,157,8,1720,0.0912790697674419,0.951515151515152,0.0484848484848485,0.1,0.29842502695582,0.075,0,0,97,0,NA,"TMMwsp",TRUE,FALSE,1.16717377201496,"ablate_exclusive",4,6,10,5,947692
4819,153,149,4,1720,0.0866279069767442,0.973856209150327,0.0261437908496732,0.05,0.23093507340764,0.0583333333333333,0,0,18,0,NA,"TMM",TRUE,FALSE,0.734992874826317,"edger_default",4,6,10,5,947692
12116,233,225,8,1720,0.130813953488372,0.965665236051502,0.0343347639484979,0.1,0.33277880205091,0.683333333333333,0,3,120,3669,0.995094031071137,"TMMwsp",TRUE,FALSE,1.29229561227728,"ctc_pipeline",4,7,20,5,865371.5
8447,267,253,14,1720,0.147093023255814,0.947565543071161,0.052434456928839,0.1,0.314801984875298,0.733333333333333,0,0,102,0,NA,"TMMwsp",TRUE,FALSE,1.23084132585132,"ablate_exclusive",4,7,20,5,865371.5
4152,215,208,7,1720,0.12093023255814,0.967441860465116,0.0325581395348837,0.05,0.261476073267585,0.466666666666667,0,0,57,0,NA,"TMM",TRUE,FALSE,0.735800628411314,"edger_default",4,7,20,5,865371.5
12737,272,255,17,1720,0.148255813953488,0.9375,0.0625,0.1,0.333135684657057,1,0,0,120,3563,1,"TMMwsp",TRUE,FALSE,1.24442256452411,"ctc_pipeline",4,8,50,5,853205
9174,301,276,25,1720,0.16046511627907,0.916943521594684,0.0830564784053156,0.1,0.321360190183254,1,0,0,120,0,NA,"TMMwsp",TRUE,FALSE,1.1879626165706,"ablate_exclusive",4,8,50,5,853205
4794,275,259,16,1720,0.150581395348837,0.941818181818182,0.0581818181818182,0.05,0.292136842421893,0.991666666666667,0,0,119,0,NA,"TMM",TRUE,FALSE,0.740262277314702,"edger_default",4,8,50,5,853205
12099,99,97,2,1720,0.0563953488372093,0.97979797979798,0.0202020202020202,0.1,0.239172535194608,0,0,0,3,3724,0.999194414607948,"TMMwsp",TRUE,FALSE,1.2987767299144,"ctc_pipeline",5,1,0.1,5,633482.5
8375,110,106,4,1720,0.0616279069767442,0.963636363636364,0.0363636363636364,0.1,0.229893748177198,0,0,0,0,0,NA,"TMMwsp",TRUE,FALSE,1.23063312553615,"ablate_exclusive",5,1,0.1,5,633482.5
4135,101,100,1,1720,0.0581395348837209,0.99009900990099,0.0099009900990099,0.05,0.209061842940646,0,0,0,0,0,NA,"TMM",TRUE,FALSE,0.739223878601218,"edger_default",5,1,0.1,5,633482.5
12763,142,137,5,1720,0.0796511627906977,0.964788732394366,0.0352112676056338,0.1,0.268676041084258,0,0.00256410256410256,0,40,3609,0.9889165973954,"TMMwsp",TRUE,FALSE,1.20650502804137,"ctc_pipeline",5,2,0.5,5,909456.5
9154,156,149,7,1720,0.0866279069767442,0.955128205128205,0.0448717948717949,0.1,0.257533949608284,0,0.00256410256410256,0,0,0,NA,"TMMwsp",TRUE,FALSE,1.14561502319555,"ablate_exclusive",5,2,0.5,5,909456.5
4951,145,140,5,1720,0.0813953488372093,0.96551724137931,0.0344827586206897,0.05,0.231197398786794,0,0,0,0,0,NA,"TMM",TRUE,FALSE,0.71427151063556,"edger_default",5,2,0.5,5,909456.5
12563,118,116,2,1720,0.0674418604651163,0.983050847457627,0.0169491525423729,0.1,0.245073440483011,0,0,0,66,3627,0.984284532671629,"TMMwsp",TRUE,FALSE,1.286430980642,"ctc_pipeline",5,3,1,5,982437
8936,139,129,10,1720,0.075,0.928057553956835,0.0719424460431655,0.1,0.230935780362047,0,0,0,9,0,NA,"TMMwsp",TRUE,FALSE,1.22969563552315,"ablate_exclusive",5,3,1,5,982437
4603,131,123,8,1720,0.0715116279069767,0.938931297709924,0.0610687022900763,0.05,0.208194263990519,0,0,0,0,0,NA,"TMM",TRUE,FALSE,0.746799269780966,"edger_default",5,3,1,5,982437
12385,133,128,5,1720,0.0744186046511628,0.962406015037594,0.037593984962406,0.1,0.261132899171523,0,0,0,90,3654,0.978379857690203,"TMMwsp",TRUE,FALSE,1.29825936421187,"ctc_pipeline",5,4,2,5,905121.5
8731,142,133,9,1720,0.0773255813953488,0.936619718309859,0.0633802816901408,0.1,0.246581633012371,0,0,0,11,0,NA,"TMMwsp",TRUE,FALSE,1.2397666762874,"ablate_exclusive",5,4,2,5,905121.5
4454,138,130,8,1720,0.0755813953488372,0.942028985507246,0.0579710144927536,0.05,0.215738747194186,0,0,0,0,0,NA,"TMM",TRUE,FALSE,0.747959517168114,"edger_default",5,4,2,5,905121.5
12748,128,122,6,1720,0.0709302325581395,0.953125,0.046875,0.1,0.284158904229227,0,0,0,106,3717,0.982243744955609,"TMMwsp",TRUE,FALSE,1.29998670728308,"ctc_pipeline",5,5,5,5,790864
9031,147,136,11,1720,0.0790697674418605,0.925170068027211,0.0748299319727891,0.1,0.260772676921634,0,0,0,40,0,NA,"TMMwsp",TRUE,FALSE,1.24363593772973,"ablate_exclusive",5,5,5,5,790864
4603,132,127,5,1720,0.0738372093023256,0.962121212121212,0.0378787878787879,0.05,0.213673046468454,0,0,0,1,0,NA,"TMM",TRUE,FALSE,0.765172343321353,"edger_default",5,5,5,5,790864
12355,124,119,5,1720,0.0691860465116279,0.959677419354839,0.0403225806451613,0.1,0.286191123069963,0.0333333333333333,0,0,117,3745,0.989052069425901,"TMMwsp",TRUE,FALSE,1.32318192555229,"ctc_pipeline",5,6,10,5,890677
8610,141,134,7,1720,0.077906976744186,0.950354609929078,0.049645390070922,0.1,0.264393315916093,0.05,0,0,76,0,NA,"TMMwsp",TRUE,FALSE,1.25918420485077,"ablate_exclusive",5,6,10,5,890677
4286,137,131,6,1720,0.0761627906976744,0.956204379562044,0.0437956204379562,0.05,0.214145739942682,0.0416666666666667,0,0,9,0,NA,"TMM",TRUE,FALSE,0.761270214121896,"edger_default",5,6,10,5,890677
12181,176,170,6,1720,0.0988372093023256,0.965909090909091,0.0340909090909091,0.1,0.303830170743133,0.416666666666667,0,0,120,3657,0.995351380913317,"TMMwsp",TRUE,FALSE,1.30846884764129,"ctc_pipeline",5,7,20,5,755602.5
8524,199,190,9,1720,0.11046511627907,0.954773869346734,0.0452261306532663,0.1,0.287883911123064,0.45,0,0,103,0,NA,"TMMwsp",TRUE,FALSE,1.24698396798839,"ablate_exclusive",5,7,20,5,755602.5
4235,174,168,6,1720,0.0976744186046512,0.96551724137931,0.0344827586206897,0.05,0.242151522668316,0.358333333333333,0,0,53,0,NA,"TMM",TRUE,FALSE,0.752641198306378,"edger_default",5,7,20,5,755602.5
12820,306,293,13,1720,0.170348837209302,0.957516339869281,0.042483660130719,0.1,0.348497295522626,1,0.00253807106598985,1,120,3562,0.999719258843346,"TMMwsp",TRUE,FALSE,1.18956719400745,"ctc_pipeline",5,8,50,5,949503
9258,325,301,24,1720,0.175,0.926153846153846,0.0738461538461539,0.1,0.338743223495777,0.991666666666667,0.00253807106598985,0,119,0,NA,"TMMwsp",TRUE,FALSE,1.13636415192292,"ablate_exclusive",5,8,50,5,949503
5073,292,281,11,1720,0.163372093023256,0.962328767123288,0.0376712328767123,0.05,0.305066526331517,0.983333333333333,0.00253807106598985,0,118,0,NA,"TMM",TRUE,FALSE,0.727629711356107,"edger_default",5,8,50,5,949503
12533,171,162,9,1720,0.0941860465116279,0.947368421052632,0.0526315789473684,0.1,0.266215839014848,0,0.00255102040816327,0,7,3596,0.99805339265851,"TMMwsp",TRUE,FALSE,1.24512328863709,"ctc_pipeline",6,1,0.1,5,830402.5
8937,177,167,10,1720,0.097093023255814,0.943502824858757,0.0564971751412429,0.1,0.256755083389027,0,0.00255102040816327,0,0,0,NA,"TMMwsp",TRUE,FALSE,1.18847235768186,"ablate_exclusive",6,1,0.1,5,830402.5
4626,167,160,7,1720,0.0930232558139535,0.958083832335329,0.0419161676646707,0.05,0.239428894086061,0,0.00255102040816327,0,0,0,NA,"TMM",TRUE,FALSE,0.726562039061727,"edger_default",6,1,0.1,5,830402.5
12654,147,138,9,1720,0.0802325581395349,0.938775510204082,0.0612244897959184,0.1,0.262389132597922,0,0,0,38,3680,0.989673913043478,"TMMwsp",TRUE,FALSE,1.24777863904743,"ctc_pipeline",6,2,0.5,5,645574
8974,161,149,12,1720,0.0866279069767442,0.925465838509317,0.0745341614906832,0.1,0.246741552094877,0,0,0,0,0,NA,"TMMwsp",TRUE,FALSE,1.1881552127465,"ablate_exclusive",6,2,0.5,5,645574
4237,142,135,7,1720,0.0784883720930233,0.950704225352113,0.0492957746478873,0.05,0.21632422282271,0,0,0,0,0,NA,"TMM",TRUE,FALSE,0.67158574099293,"edger_default",6,2,0.5,5,645574
12740,148,141,7,1720,0.0819767441860465,0.952702702702703,0.0472972972972973,0.1,0.262889316018283,0,0.0050125313283208,0,75,3787,0.980723527858463,"TMMwsp",TRUE,FALSE,1.23081549463431,"ctc_pipeline",6,3,1,5,1212886.5
8953,164,153,11,1720,0.088953488372093,0.932926829268293,0.0670731707317073,0.1,0.248817480977028,0,0.0050125313283208,0,2,0,NA,"TMMwsp",TRUE,FALSE,1.16572389254598,"ablate_exclusive",6,3,1,5,1212886.5
5101,149,141,8,1720,0.0819767441860465,0.946308724832215,0.0536912751677852,0.05,0.225542128850798,0,0.0050125313283208,0,0,0,NA,"TMM",TRUE,FALSE,0.805813047499563,"edger_default",6,3,1,5,1212886.5
12508,118,113,5,1720,0.0656976744186046,0.957627118644068,0.0423728813559322,0.1,0.251930240719977,0,0,0,77,3694,0.980779642663779,"TMMwsp",TRUE,FALSE,1.26781444996431,"ctc_pipeline",6,4,2,5,687951
8814,128,121,7,1720,0.0703488372093023,0.9453125,0.0546875,0.1,0.235081273724001,0,0,0,6,0,NA,"TMMwsp",TRUE,FALSE,1.20795665648543,"ablate_exclusive",6,4,2,5,687951
4376,124,120,4,1720,0.0697674418604651,0.967741935483871,0.032258064516129,0.05,0.217605658706532,0,0,0,0,0,NA,"TMM",TRUE,FALSE,0.715430499102074,"edger_default",6,4,2,5,687951
12537,124,122,2,1720,0.0709302325581395,0.983870967741935,0.0161290322580645,0.1,0.263226682648826,0,0,0,111,3687,0.979658258746949,"TMMwsp",TRUE,FALSE,1.27415368028526,"ctc_pipeline",6,5,5,5,851486
8850,138,134,4,1720,0.077906976744186,0.971014492753623,0.0289855072463768,0.1,0.249104982113589,0,0,0,36,0,NA,"TMMwsp",TRUE,FALSE,1.2104580988746,"ablate_exclusive",6,5,5,5,851486
4603,128,126,2,1720,0.0732558139534884,0.984375,0.015625,0.05,0.219051054045366,0,0,0,0,0,NA,"TMM",TRUE,FALSE,0.752258042543041,"edger_default",6,5,5,5,851486
12993,167,162,5,1720,0.0941860465116279,0.970059880239521,0.029940119760479,0.1,0.317019358962862,0.141666666666667,0,0,120,3616,0.989214601769911,"TMMwsp",TRUE,FALSE,1.22368386319338,"ctc_pipeline",6,6,10,5,1036352
9377,183,173,10,1720,0.100581395348837,0.945355191256831,0.0546448087431694,0.1,0.296767424508348,0.166666666666667,0,0,81,0,NA,"TMMwsp",TRUE,FALSE,1.16425511205359,"ablate_exclusive",6,6,10,5,1036352
5006,163,155,8,1720,0.0901162790697674,0.950920245398773,0.049079754601227,0.05,0.2376245735789,0.0666666666666667,0,0,13,0,NA,"TMM",TRUE,FALSE,0.727450392512174,"edger_default",6,6,10,5,1036352
12227,196,191,5,1720,0.111046511627907,0.974489795918367,0.0255102040816327,0.1,0.318890117385903,0.491666666666667,0.00247524752475248,1,120,3690,0.994308943089431,"TMMwsp",TRUE,FALSE,1.35084662243577,"ctc_pipeline",6,7,20,5,771556
8537,214,206,8,1720,0.119767441860465,0.962616822429907,0.0373831775700935,0.1,0.303794682330124,0.516666666666667,0.00247524752475248,0,99,0,NA,"TMMwsp",TRUE,FALSE,1.28250286548978,"ablate_exclusive",6,7,20,5,771556
4236,181,178,3,1720,0.103488372093023,0.983425414364641,0.0165745856353591,0.05,0.246981984583579,0.333333333333333,0.00247524752475248,0,47,0,NA,"TMM",TRUE,FALSE,0.773513329015251,"edger_default",6,7,20,5,771556
12432,304,288,16,1720,0.167441860465116,0.947368421052632,0.0526315789473684,0.1,0.338205989904884,0.991666666666667,0,0,120,3554,1,"TMMwsp",TRUE,FALSE,1.27980577546784,"ctc_pipeline",6,8,50,5,845289.5
8878,319,299,20,1720,0.173837209302326,0.93730407523511,0.0626959247648903,0.1,0.332282660868598,0.991666666666667,0,0,120,0,NA,"TMMwsp",TRUE,FALSE,1.21487312314496,"ablate_exclusive",6,8,50,5,845289.5
4381,305,291,14,1720,0.169186046511628,0.954098360655738,0.0459016393442623,0.05,0.309832577885359,0.966666666666667,0,0,117,0,NA,"TMM",TRUE,FALSE,0.681109793358135,"edger_default",6,8,50,5,845289.5
12943,124,121,3,1720,0.0703488372093023,0.975806451612903,0.0241935483870968,0.1,0.258086966843525,0,0,0,5,3551,0.998591945930724,"TMMwsp",TRUE,FALSE,1.22965612553895,"ctc_pipeline",7,1,0.1,5,918218.5
9392,141,135,6,1720,0.0784883720930233,0.957446808510638,0.0425531914893617,0.1,0.248132379702608,0,0,0,0,0,NA,"TMMwsp",TRUE,FALSE,1.17693853224155,"ablate_exclusive",7,1,0.1,5,918218.5
4928,126,123,3,1720,0.0715116279069767,0.976190476190476,0.0238095238095238,0.05,0.217879815889784,0,0,0,0,0,NA,"TMM",TRUE,FALSE,0.721028520466647,"edger_default",7,1,0.1,5,918218.5
12859,132,130,2,1720,0.0755813953488372,0.984848484848485,0.0151515151515152,0.1,0.250082989771573,0,0,0,44,3633,0.988164051747867,"TMMwsp",TRUE,FALSE,1.23515525544617,"ctc_pipeline",7,2,0.5,5,870358
9226,138,134,4,1720,0.077906976744186,0.971014492753623,0.0289855072463768,0.1,0.24056519244105,0,0,0,1,0,NA,"TMMwsp",TRUE,FALSE,1.17392711973516,"ablate_exclusive",7,2,0.5,5,870358
4688,133,130,3,1720,0.0755813953488372,0.977443609022556,0.0225563909774436,0.05,0.218388342504083,0,0,0,0,0,NA,"TMM",TRUE,FALSE,0.705007458517262,"edger_default",7,2,0.5,5,870358
12220,108,104,4,1720,0.0604651162790698,0.962962962962963,0.037037037037037,0.1,0.232074356798906,0,0,0,54,3791,0.986283302558692,"TMMwsp",TRUE,FALSE,1.29294931914334,"ctc_pipeline",7,3,1,5,651686.5
8429,117,112,5,1720,0.0651162790697674,0.957264957264957,0.0427350427350427,0.1,0.223570190132353,0,0,0,2,0,NA,"TMMwsp",TRUE,FALSE,1.22419526097563,"ablate_exclusive",7,3,1,5,651686.5
4207,118,114,4,1720,0.0662790697674419,0.966101694915254,0.0338983050847458,0.05,0.206990681345125,0,0,0,0,0,NA,"TMM",TRUE,FALSE,0.743437150422236,"edger_default",7,3,1,5,651686.5
12686,135,130,5,1720,0.0755813953488372,0.962962962962963,0.037037037037037,0.1,0.248580948453268,0,0,0,93,3709,0.980587759503909,"TMMwsp",TRUE,FALSE,1.21947550672878,"ctc_pipeline",7,4,2,5,1084784.5
8977,142,136,6,1720,0.0790697674418605,0.957746478873239,0.0422535211267606,0.1,0.235757337513231,0,0,0,21,0,NA,"TMMwsp",TRUE,FALSE,1.15443478962216,"ablate_exclusive",7,4,2,5,1084784.5
4740,138,132,6,1720,0.0767441860465116,0.956521739130435,0.0434782608695652,0.05,0.215004752135357,0,0,0,0,0,NA,"TMM",TRUE,FALSE,0.726668382695992,"edger_default",7,4,2,5,1084784.5
12818,123,120,3,1720,0.0697674418604651,0.975609756097561,0.024390243902439,0.1,0.264836766621994,0,0,0,110,3670,0.981743869209809,"TMMwsp",TRUE,FALSE,1.26202000417732,"ctc_pipeline",7,5,5,5,844160
9148,133,129,4,1720,0.075,0.969924812030075,0.0300751879699248,0.1,0.245397355588627,0,0,0,43,0,NA,"TMMwsp",TRUE,FALSE,1.20007734162185,"ablate_exclusive",7,5,5,5,844160
4682,124,122,2,1720,0.0709302325581395,0.983870967741935,0.0161290322580645,0.05,0.20286201950309,0,0,0,1,0,NA,"TMM",TRUE,FALSE,0.743646067530668,"edger_default",7,5,5,5,844160
12524,144,139,5,1720,0.0808139534883721,0.965277777777778,0.0347222222222222,0.1,0.304249111469092,0.0166666666666667,0.00254452926208651,0,119,3640,0.991483516483517,"TMMwsp",TRUE,FALSE,1.29470085828726,"ctc_pipeline",7,6,10,5,1083056
8884,165,156,9,1720,0.0906976744186047,0.945454545454545,0.0545454545454545,0.1,0.290844629239878,0.0833333333333333,0.00254452926208651,0,88,0,NA,"TMMwsp",TRUE,FALSE,1.23553390675064,"ablate_exclusive",7,6,10,5,1083056
4759,147,141,6,1720,0.0819767441860465,0.959183673469388,0.0408163265306122,0.05,0.226602799291033,0.0166666666666667,0.00254452926208651,0,18,0,NA,"TMM",TRUE,FALSE,0.798971572821638,"edger_default",7,6,10,5,1083056
12836,203,196,7,1720,0.113953488372093,0.96551724137931,0.0344827586206897,0.1,0.339755664678728,0.516666666666667,0.00252525252525253,0,120,3692,0.998104008667389,"TMMwsp",TRUE,FALSE,1.24212035897715,"ctc_pipeline",7,7,20,5,894849.5
9144,247,230,17,1720,0.133720930232558,0.931174089068826,0.0688259109311741,0.1,0.324130260141477,0.633333333333333,0.00252525252525253,0,113,0,NA,"TMMwsp",TRUE,FALSE,1.18277208475997,"ablate_exclusive",7,7,20,5,894849.5
4869,201,193,8,1720,0.112209302325581,0.960199004975124,0.0398009950248756,0.05,0.265557331027306,0.516666666666667,0.00252525252525253,0,75,0,NA,"TMM",TRUE,FALSE,0.759083261261584,"edger_default",7,7,20,5,894849.5
12504,282,259,23,1720,0.150581395348837,0.918439716312057,0.0815602836879433,0.1,0.325831504730699,0.983333333333333,0,0,120,3655,1,"TMMwsp",TRUE,FALSE,1.2837695994594,"ctc_pipeline",7,8,50,5,853557.5
8849,298,268,30,1720,0.155813953488372,0.899328859060403,0.100671140939597,0.1,0.318654392874066,0.983333333333333,0,0,120,0,NA,"TMMwsp",TRUE,FALSE,1.22000270019965,"ablate_exclusive",7,8,50,5,853557.5
4516,260,246,14,1720,0.143023255813953,0.946153846153846,0.0538461538461538,0.05,0.292981197454913,0.966666666666667,0,0,118,0,NA,"TMM",TRUE,FALSE,0.72371727843801,"edger_default",7,8,50,5,853557.5
12255,136,127,9,1720,0.0738372093023256,0.933823529411765,0.0661764705882353,0.1,0.235205621151193,0,0,0,7,3711,0.99811371597952,"TMMwsp",TRUE,FALSE,1.27911512495841,"ctc_pipeline",8,1,0.1,5,843060
8544,155,138,17,1720,0.0802325581395349,0.890322580645161,0.109677419354839,0.1,0.227783380539563,0,0,0,0,0,NA,"TMMwsp",TRUE,FALSE,1.21365188981545,"ablate_exclusive",8,1,0.1,5,843060
4203,143,134,9,1720,0.077906976744186,0.937062937062937,0.0629370629370629,0.05,0.205555336442564,0,0,0,0,0,NA,"TMM",TRUE,FALSE,0.706206337798593,"edger_default",8,1,0.1,5,843060
12352,123,115,8,1720,0.0668604651162791,0.934959349593496,0.0650406504065041,0.1,0.252252906246292,0,0,0,40,3608,0.989190687361419,"TMMwsp",TRUE,FALSE,1.25425958066996,"ctc_pipeline",8,2,0.5,5,940235.5
8744,132,123,9,1720,0.0715116279069767,0.931818181818182,0.0681818181818182,0.1,0.245193414341599,0,0,0,1,0,NA,"TMMwsp",TRUE,FALSE,1.1935689127055,"ablate_exclusive",8,2,0.5,5,940235.5
4552,130,122,8,1720,0.0709302325581395,0.938461538461538,0.0615384615384615,0.05,0.217252559976625,0,0,0,0,0,NA,"TMM",TRUE,FALSE,0.73877989886338,"edger_default",8,2,0.5,5,940235.5
12245,116,109,7,1720,0.0633720930232558,0.939655172413793,0.0603448275862069,0.1,0.241543352838913,0,0,0,67,3791,0.983645476127671,"TMMwsp",TRUE,FALSE,1.28369617879172,"ctc_pipeline",8,3,1,5,972426
8454,129,120,9,1720,0.0697674418604651,0.930232558139535,0.0697674418604651,0.1,0.22588858567026,0,0,0,5,0,NA,"TMMwsp",TRUE,FALSE,1.20519359751215,"ablate_exclusive",8,3,1,5,972426
4183,120,114,6,1720,0.0662790697674419,0.95,0.05,0.05,0.195851414463397,0,0,0,0,0,NA,"TMM",TRUE,FALSE,0.701794609486222,"edger_default",8,3,1,5,972426
12880,142,132,10,1720,0.0767441860465116,0.929577464788732,0.0704225352112676,0.1,0.27490723854571,0,0.0025706940874036,0,86,3588,0.978539576365663,"TMMwsp",TRUE,FALSE,1.20189585427449,"ctc_pipeline",8,4,2,5,867158
9292,155,143,12,1720,0.0831395348837209,0.92258064516129,0.0774193548387097,0.1,0.257865496169955,0,0.0025706940874036,0,9,0,NA,"TMMwsp",TRUE,FALSE,1.14423763568209,"ablate_exclusive",8,4,2,5,867158
4810,146,136,10,1720,0.0790697674418605,0.931506849315068,0.0684931506849315,0.05,0.231159112007881,0,0.0025706940874036,0,0,0,NA,"TMM",TRUE,FALSE,0.691966438031749,"edger_default",8,4,2,5,867158
12366,124,120,4,1720,0.0697674418604651,0.967741935483871,0.032258064516129,0.1,0.265629185850554,0,0,0,112,3779,0.980153479756549,"TMMwsp",TRUE,FALSE,1.287618332339,"ctc_pipeline",8,5,5,5,714613.5
8587,142,136,6,1720,0.0790697674418605,0.957746478873239,0.0422535211267606,0.1,0.251549649390582,0,0,0,37,0,NA,"TMMwsp",TRUE,FALSE,1.22014097053469,"ablate_exclusive",8,5,5,5,714613.5
4395,126,122,4,1720,0.0709302325581395,0.968253968253968,0.0317460317460317,0.05,0.21418220392299,0,0,0,0,0,NA,"TMM",TRUE,FALSE,0.771994678674621,"edger_default",8,5,5,5,714613.5
13067,151,144,7,1720,0.0837209302325581,0.95364238410596,0.0463576158940397,0.1,0.323519346794816,0.025,0,0,120,3647,0.994790238552235,"TMMwsp",TRUE,FALSE,1.24944773428384,"ctc_pipeline",8,6,10,5,998030
9420,164,156,8,1720,0.0906976744186047,0.951219512195122,0.048780487804878,0.1,0.310450464173035,0.0416666666666667,0,0,101,0,NA,"TMMwsp",TRUE,FALSE,1.18279303551261,"ablate_exclusive",8,6,10,5,998030
4980,154,145,9,1720,0.0843023255813953,0.941558441558442,0.0584415584415584,0.05,0.244244124228528,0.0416666666666667,0,0,13,0,NA,"TMM",TRUE,FALSE,0.736768421542906,"edger_default",8,6,10,5,998030
12285,169,159,10,1720,0.0924418604651163,0.940828402366864,0.0591715976331361,0.1,0.30248694324743,0.458333333333333,0,0,119,3762,0.997873471557682,"TMMwsp",TRUE,FALSE,1.3185672865574,"ctc_pipeline",8,7,20,5,976341
8523,195,182,13,1720,0.105813953488372,0.933333333333333,0.0666666666666667,0.1,0.291636003443658,0.541666666666667,0,0,111,0,NA,"TMMwsp",TRUE,FALSE,1.24787661149787,"ablate_exclusive",8,7,20,5,976341
4537,174,165,9,1720,0.0959302325581395,0.948275862068966,0.0517241379310345,0.05,0.253389604354749,0.508333333333333,0,0,85,0,NA,"TMM",TRUE,FALSE,0.786190095590179,"edger_default",8,7,20,5,976341
12563,274,256,18,1720,0.148837209302326,0.934306569343066,0.0656934306569343,0.1,0.325186626756434,0.966666666666667,0,0,120,3652,1,"TMMwsp",TRUE,FALSE,1.23723055594525,"ctc_pipeline",8,8,50,5,693453.5
8911,289,267,22,1720,0.155232558139535,0.923875432525952,0.0761245674740484,0.1,0.315987062346823,0.983333333333333,0,0,120,0,NA,"TMMwsp",TRUE,FALSE,1.1705187652918,"ablate_exclusive",8,8,50,5,693453.5
4371,279,258,21,1720,0.15,0.924731182795699,0.0752688172043011,0.05,0.283929290469764,0.958333333333333,0,0,115,0,NA,"TMM",TRUE,FALSE,0.666601802794566,"edger_default",8,8,50,5,693453.5
10477,69,68,1,1720,0.0395348837209302,0.985507246376812,0.0144927536231884,0.1,0.205323366939187,0,0,0,6,3814,0.998426848453068,"TMMwsp",TRUE,FALSE,1.46997809860248,"ctc_pipeline",9,1,0.1,5,703346.5
6663,89,82,7,1720,0.0476744186046512,0.921348314606742,0.0786516853932584,0.1,0.19919072486004,0,0,0,0,0,NA,"TMMwsp",TRUE,FALSE,1.37931506262993,"ablate_exclusive",9,1,0.1,5,703346.5
2944,94,86,8,1720,0.05,0.914893617021277,0.0851063829787234,0.05,0.180678144922484,0,0,0,0,0,NA,"TMM",TRUE,FALSE,0.82284938353713,"edger_default",9,1,0.1,5,703346.5
12794,141,135,6,1720,0.0784883720930233,0.957446808510638,0.0425531914893617,0.1,0.269889002452926,0,0,0,44,3662,0.98798470780994,"TMMwsp",TRUE,FALSE,1.25880434872951,"ctc_pipeline",9,2,0.5,5,844407
9132,159,150,9,1720,0.0872093023255814,0.943396226415094,0.0566037735849057,0.1,0.25873045532927,0,0,0,0,0,NA,"TMMwsp",TRUE,FALSE,1.19289593677511,"ablate_exclusive",9,2,0.5,5,844407
4682,150,143,7,1720,0.0831395348837209,0.953333333333333,0.0466666666666667,0.05,0.23043460199991,0,0,0,0,0,NA,"TMM",TRUE,FALSE,0.724439718509477,"edger_default",9,2,0.5,5,844407
12553,119,116,3,1720,0.0674418604651163,0.974789915966387,0.0252100840336134,0.1,0.264607057791146,0,0,0,60,3720,0.98494623655914,"TMMwsp",TRUE,FALSE,1.28905563029422,"ctc_pipeline",9,3,1,5,848061
8833,136,130,6,1720,0.0755813953488372,0.955882352941177,0.0441176470588235,0.1,0.251229705091202,0,0,0,4,0,NA,"TMMwsp",TRUE,FALSE,1.23077417865568,"ablate_exclusive",9,3,1,5,848061
4504,127,123,4,1720,0.0715116279069767,0.968503937007874,0.031496062992126,0.05,0.227275987412607,0,0,0,0,0,NA,"TMM",TRUE,FALSE,0.760902621125257,"edger_default",9,3,1,5,848061
12622,127,123,4,1720,0.0715116279069767,0.968503937007874,0.031496062992126,0.1,0.265338933542763,0,0,0,89,3682,0.980988593155893,"TMMwsp",TRUE,FALSE,1.26463427674251,"ctc_pipeline",9,4,2,5,890991.5
8940,136,131,5,1720,0.0761627906976744,0.963235294117647,0.0367647058823529,0.1,0.244944154101541,0,0,0,19,0,NA,"TMMwsp",TRUE,FALSE,1.19976192460624,"ablate_exclusive",9,4,2,5,890991.5
4730,131,127,4,1720,0.0738372093023256,0.969465648854962,0.0305343511450382,0.05,0.212929166123546,0,0,0,0,0,NA,"TMM",TRUE,FALSE,0.753830885319533,"edger_default",9,4,2,5,890991.5
13189,139,136,3,1720,0.0790697674418605,0.97841726618705,0.0215827338129496,0.1,0.280788651619381,0,0.00226244343891403,0,108,3547,0.983366224978855,"TMMwsp",TRUE,FALSE,1.20196960057992,"ctc_pipeline",9,5,5,5,913350
9642,147,141,6,1720,0.0819767441860465,0.959183673469388,0.0408163265306122,0.1,0.263203157225706,0,0.00226244343891403,0,49,0,NA,"TMMwsp",TRUE,FALSE,1.15009637851508,"ablate_exclusive",9,5,5,5,913350
5075,142,138,4,1720,0.0802325581395349,0.971830985915493,0.028169014084507,0.05,0.231972863701272,0,0,0,0,0,NA,"TMM",TRUE,FALSE,0.711323098815289,"edger_default",9,5,5,5,913350
13046,155,153,2,1720,0.088953488372093,0.987096774193548,0.0129032258064516,0.1,0.318198789475107,0.141666666666667,0,1,120,3591,0.987190197716514,"TMMwsp",TRUE,FALSE,1.24205243315611,"ctc_pipeline",9,6,10,5,1091713.5
9455,165,161,4,1720,0.0936046511627907,0.975757575757576,0.0242424242424242,0.1,0.289346189627555,0.158333333333333,0,0,74,0,NA,"TMMwsp",TRUE,FALSE,1.18504699666186,"ablate_exclusive",9,6,10,5,1091713.5
5191,153,150,3,1720,0.0872093023255814,0.980392156862745,0.0196078431372549,0.05,0.237672275917646,0.108333333333333,0,0,16,0,NA,"TMM",TRUE,FALSE,0.768993819594411,"edger_default",9,6,10,5,1091713.5
12647,193,188,5,1720,0.109302325581395,0.974093264248705,0.0259067357512953,0.1,0.324987938026928,0.475,0.00254452926208651,1,120,3667,0.995909462776111,"TMMwsp",TRUE,FALSE,1.29099421159401,"ctc_pipeline",9,7,20,5,931137.5
8980,226,219,7,1720,0.127325581395349,0.969026548672566,0.0309734513274336,0.1,0.309607400192356,0.6,0.00254452926208651,0,105,0,NA,"TMMwsp",TRUE,FALSE,1.22662620241083,"ablate_exclusive",9,7,20,5,931137.5
4570,182,177,5,1720,0.102906976744186,0.972527472527473,0.0274725274725275,0.05,0.250551188425297,0.391666666666667,0,0,58,0,NA,"TMM",TRUE,FALSE,0.744330941645338,"edger_default",9,7,20,5,931137.5
12688,275,263,12,1720,0.152906976744186,0.956363636363636,0.0436363636363636,0.1,0.329405566709795,0.991666666666667,0,0,120,3489,1,"TMMwsp",TRUE,FALSE,1.24618435474035,"ctc_pipeline",9,8,50,5,1035640.5
9199,287,274,13,1720,0.159302325581395,0.954703832752613,0.0452961672473868,0.1,0.31977216722001,0.991666666666667,0,0,120,0,NA,"TMMwsp",TRUE,FALSE,1.19478195168113,"ablate_exclusive",9,8,50,5,1035640.5
5085,277,267,10,1720,0.155232558139535,0.963898916967509,0.036101083032491,0.05,0.292982528715277,0.983333333333333,0,0,119,0,NA,"TMM",TRUE,FALSE,0.77399991680562,"edger_default",9,8,50,5,1035640.5
13193,161,155,6,1720,0.0901162790697674,0.962732919254658,0.0372670807453416,0.1,0.284592111875423,0,0,0,13,3510,0.996296296296296,"TMMwsp",TRUE,FALSE,1.15728231801335,"ctc_pipeline",10,1,0.1,5,1071612
9683,175,167,8,1720,0.097093023255814,0.954285714285714,0.0457142857142857,0.1,0.27347379861326,0,0,0,0,0,NA,"TMMwsp",TRUE,FALSE,1.10472290804255,"ablate_exclusive",10,1,0.1,5,1071612
5344,162,156,6,1720,0.0906976744186047,0.962962962962963,0.037037037037037,0.05,0.243437212951833,0,0,0,0,0,NA,"TMM",TRUE,FALSE,0.698895251560318,"edger_default",10,1,0.1,5,1071612
12677,133,131,2,1720,0.0761627906976744,0.984962406015038,0.0150375939849624,0.1,0.248047709694499,0,0,0,43,3676,0.988302502720348,"TMMwsp",TRUE,FALSE,1.26396177381672,"ctc_pipeline",10,2,0.5,5,700678.5
9001,150,140,10,1720,0.0813953488372093,0.933333333333333,0.0666666666666667,0.1,0.23451028913295,0,0,0,0,0,NA,"TMMwsp",TRUE,FALSE,1.20399994379252,"ablate_exclusive",10,2,0.5,5,700678.5
4348,137,133,4,1720,0.0773255813953488,0.970802919708029,0.0291970802919708,0.05,0.204982054579109,0,0,0,0,0,NA,"TMM",TRUE,FALSE,0.702430101368134,"edger_default",10,2,0.5,5,700678.5
12829,129,124,5,1720,0.072093023255814,0.961240310077519,0.0387596899224806,0.1,0.263167194158225,0,0,0,63,3599,0.983328702417338,"TMMwsp",TRUE,FALSE,1.2589597319029,"ctc_pipeline",10,3,1,5,1190747
9230,147,138,9,1720,0.0802325581395349,0.938775510204082,0.0612244897959184,0.1,0.247766742638232,0,0,0,3,0,NA,"TMMwsp",TRUE,FALSE,1.19731758457919,"ablate_exclusive",10,3,1,5,1190747
4906,140,133,7,1720,0.0773255813953488,0.95,0.05,0.05,0.223552049937241,0,0,0,0,0,NA,"TMM",TRUE,FALSE,0.757483679776213,"edger_default",10,3,1,5,1190747
12688,98,92,6,1720,0.0534883720930233,0.938775510204082,0.0612244897959184,0.1,0.219678758303896,0,0,0,91,3804,0.979232386961094,"TMMwsp",TRUE,FALSE,1.30959152688493,"ctc_pipeline",10,4,2,5,709346.5
8884,106,99,7,1720,0.0575581395348837,0.933962264150943,0.0660377358490566,0.1,0.206213944748833,0,0,0,12,0,NA,"TMMwsp",TRUE,FALSE,1.2395744793146,"ablate_exclusive",10,4,2,5,709346.5
4409,99,94,5,1720,0.0546511627906977,0.94949494949495,0.0505050505050505,0.05,0.181884350129224,0,0,0,0,0,NA,"TMM",TRUE,FALSE,0.752248553094425,"edger_default",10,4,2,5,709346.5
12432,105,104,1,1720,0.0604651162790698,0.99047619047619,0.00952380952380952,0.1,0.258095879759882,0,0,0,116,3943,0.985036774029926,"TMMwsp",TRUE,FALSE,1.32319646753216,"ctc_pipeline",10,5,5,5,710991
8489,112,109,3,1720,0.0633720930232558,0.973214285714286,0.0267857142857143,0.1,0.240935242684352,0,0,0,57,0,NA,"TMMwsp",TRUE,FALSE,1.24314749144301,"ablate_exclusive",10,5,5,5,710991
4038,111,107,4,1720,0.0622093023255814,0.963963963963964,0.036036036036036,0.05,0.199892962723028,0,0,0,0,0,NA,"TMM",TRUE,FALSE,0.746544457492279,"edger_default",10,5,5,5,710991
12733,140,133,7,1720,0.0773255813953488,0.95,0.05,0.1,0.289127883260431,0.0833333333333333,0,0,119,3714,0.985191168551427,"TMMwsp",TRUE,FALSE,1.22022017368522,"ctc_pipeline",10,6,10,5,798248.5
9019,151,142,9,1720,0.0825581395348837,0.940397350993378,0.0596026490066225,0.1,0.264975132610118,0.0916666666666667,0,0,64,0,NA,"TMMwsp",TRUE,FALSE,1.16373719751795,"ablate_exclusive",10,6,10,5,798248.5
4734,133,128,5,1720,0.0744186046511628,0.962406015037594,0.037593984962406,0.05,0.21131245704447,0.025,0,0,10,0,NA,"TMM",TRUE,FALSE,0.721269220843533,"edger_default",10,6,10,5,798248.5
10803,176,169,7,1720,0.0982558139534884,0.960227272727273,0.0397727272727273,0.1,0.279913680713422,0.558333333333333,0,1,120,3828,0.996342737722048,"TMMwsp",TRUE,FALSE,1.46267205143776,"ctc_pipeline",10,7,20,5,922242
6975,204,190,14,1720,0.11046511627907,0.931372549019608,0.0686274509803922,0.1,0.26320581314256,0.658333333333333,0,0,106,0,NA,"TMMwsp",TRUE,FALSE,1.37998226067557,"ablate_exclusive",10,7,20,5,922242
3191,173,166,7,1720,0.0965116279069767,0.959537572254335,0.0404624277456647,0.05,0.221327129758572,0.458333333333333,0,0,60,0,NA,"TMM",TRUE,FALSE,0.792645111979339,"edger_default",10,7,20,5,922242
11563,256,235,21,1720,0.136627906976744,0.91796875,0.08203125,0.1,0.312969147058257,1,0,1,120,3721,0.999731255038968,"TMMwsp",TRUE,FALSE,1.36397511356007,"ctc_pipeline",10,8,50,5,726897.5
7842,282,250,32,1720,0.145348837209302,0.886524822695035,0.113475177304965,0.1,0.298676780461679,0.991666666666667,0,0,119,0,NA,"TMMwsp",TRUE,FALSE,1.2945772886039,"ablate_exclusive",10,8,50,5,726897.5
3912,261,238,23,1720,0.138372093023256,0.911877394636015,0.0881226053639847,0.05,0.274711245870677,0.958333333333333,0,0,115,0,NA,"TMM",TRUE,FALSE,0.794707738210365,"edger_default",10,8,50,5,726897.5
12755,137,136,1,1720,0.0790697674418605,0.992700729927007,0.0072992700729927,0.1,0.268328463013832,0,0,0,11,3583,0.996929946971811,"TMMwsp",TRUE,FALSE,1.24000764203159,"ctc_pipeline",11,1,0.1,5,956490
9172,151,148,3,1720,0.086046511627907,0.980132450331126,0.0198675496688742,0.1,0.25849890100059,0,0,0,0,0,NA,"TMMwsp",TRUE,FALSE,1.18072788460846,"ablate_exclusive",11,1,0.1,5,956490
4796,147,143,4,1720,0.0831395348837209,0.972789115646258,0.0272108843537415,0.05,0.23188904731198,0,0,0,0,0,NA,"TMM",TRUE,FALSE,0.717806607001687,"edger_default",11,1,0.1,5,956490
12985,135,125,10,1720,0.0726744186046512,0.925925925925926,0.0740740740740741,0.1,0.257285218240012,0,0,0,44,3550,0.987887323943662,"TMMwsp",TRUE,FALSE,1.21284629772883,"ctc_pipeline",11,2,0.5,5,914766
9435,148,136,12,1720,0.0790697674418605,0.918918918918919,0.0810810810810811,0.1,0.245038418656169,0,0,0,1,0,NA,"TMMwsp",TRUE,FALSE,1.15572861702703,"ablate_exclusive",11,2,0.5,5,914766
5127,141,129,12,1720,0.075,0.914893617021277,0.0851063829787234,0.05,0.22083464201887,0,0,0,0,0,NA,"TMM",TRUE,FALSE,0.731123314904678,"edger_default",11,2,0.5,5,914766
12289,117,114,3,1720,0.0662790697674419,0.974358974358974,0.0256410256410256,0.1,0.234595356261004,0,0,0,65,3746,0.983182060864923,"TMMwsp",TRUE,FALSE,1.32367096944415,"ctc_pipeline",11,3,1,5,969154.5
8543,133,125,8,1720,0.0726744186046512,0.93984962406015,0.0601503759398496,0.1,0.225593009493367,0,0,0,2,0,NA,"TMMwsp",TRUE,FALSE,1.25826240520856,"ablate_exclusive",11,3,1,5,969154.5
4264,122,115,7,1720,0.0668604651162791,0.942622950819672,0.0573770491803279,0.05,0.197587470493056,0,0,0,0,0,NA,"TMM",TRUE,FALSE,0.777489082707202,"edger_default",11,3,1,5,969154.5
12370,111,107,4,1720,0.0622093023255814,0.963963963963964,0.036036036036036,0.1,0.248149083992132,0,0,0,77,3862,0.980838943552563,"TMMwsp",TRUE,FALSE,1.29897009514629,"ctc_pipeline",11,4,2,5,649265
8508,128,117,11,1720,0.0680232558139535,0.9140625,0.0859375,0.1,0.228863306584798,0,0,0,3,0,NA,"TMMwsp",TRUE,FALSE,1.23685448654633,"ablate_exclusive",11,4,2,5,649265
4067,132,122,10,1720,0.0709302325581395,0.924242424242424,0.0757575757575758,0.05,0.203113272305872,0,0,0,0,0,NA,"TMM",TRUE,FALSE,0.709143843851693,"edger_default",11,4,2,5,649265
12426,110,106,4,1720,0.0616279069767442,0.963636363636364,0.0363636363636364,0.1,0.276217243668209,0,0,0,114,3776,0.981197033898305,"TMMwsp",TRUE,FALSE,1.29519373097601,"ctc_pipeline",11,5,5,5,1018748.5
8650,119,111,8,1720,0.0645348837209302,0.932773109243697,0.0672268907563025,0.1,0.256774542167034,0,0,0,43,0,NA,"TMMwsp",TRUE,FALSE,1.22508828829418,"ablate_exclusive",11,5,5,5,1018748.5
4499,117,110,7,1720,0.063953488372093,0.94017094017094,0.0598290598290598,0.05,0.213025978199935,0,0,0,1,0,NA,"TMM",TRUE,FALSE,0.769347137252471,"edger_default",11,5,5,5,1018748.5
12929,118,114,4,1720,0.0662790697674419,0.966101694915254,0.0338983050847458,0.1,0.291984680060396,0.0166666666666667,0,0,120,3652,0.992059145673604,"TMMwsp",TRUE,FALSE,1.24773777973354,"ctc_pipeline",11,6,10,5,816552.5
9277,137,130,7,1720,0.0755813953488372,0.948905109489051,0.0510948905109489,0.1,0.276984564481247,0.075,0,0,91,0,NA,"TMMwsp",TRUE,FALSE,1.18766929150097,"ablate_exclusive",11,6,10,5,816552.5
4750,123,119,4,1720,0.0691860465116279,0.967479674796748,0.032520325203252,0.05,0.219523132716894,0.0583333333333333,0,0,15,0,NA,"TMM",TRUE,FALSE,0.734406570320464,"edger_default",11,6,10,5,816552.5
12375,201,194,7,1720,0.112790697674419,0.965174129353234,0.0348258706467662,0.1,0.33053994933384,0.491666666666667,0,2,120,3665,0.994270122783083,"TMMwsp",TRUE,FALSE,1.28298278871601,"ctc_pipeline",11,7,20,5,621363
8710,219,210,9,1720,0.122093023255814,0.958904109589041,0.0410958904109589,0.1,0.313537329370582,0.516666666666667,0,0,99,0,NA,"TMMwsp",TRUE,FALSE,1.22451222506901,"ablate_exclusive",11,7,20,5,621363
4052,182,178,4,1720,0.103488372093023,0.978021978021978,0.021978021978022,0.05,0.247663823815558,0.3,0,0,38,0,NA,"TMM",TRUE,FALSE,0.67940926425477,"edger_default",11,7,20,5,621363
12357,232,226,6,1720,0.131395348837209,0.974137931034483,0.0258620689655172,0.1,0.319212610664049,0.925,0,0,120,3855,0.999740596627756,"TMMwsp",TRUE,FALSE,1.33874876621275,"ctc_pipeline",11,8,50,5,509312.5
8502,242,232,10,1720,0.134883720930233,0.958677685950413,0.0413223140495868,0.1,0.306481396317907,0.941666666666667,0,0,119,0,NA,"TMMwsp",TRUE,FALSE,1.27108068357605,"ablate_exclusive",11,8,50,5,509312.5
3772,215,208,7,1720,0.12093023255814,0.967441860465116,0.0325581395348837,0.05,0.259530396387419,0.891666666666667,0,0,110,0,NA,"TMM",TRUE,FALSE,0.694297494617495,"edger_default",11,8,50,5,509312.5
12186,128,125,3,1720,0.0726744186046512,0.9765625,0.0234375,0.1,0.255663177667684,0,0.00247524752475248,0,5,3716,0.998654467168999,"TMMwsp",TRUE,FALSE,1.30942154873804,"ctc_pipeline",12,1,0.1,5,624244.5
8470,144,139,5,1720,0.0808139534883721,0.965277777777778,0.0347222222222222,0.1,0.244166838852768,0,0.00247524752475248,0,0,0,NA,"TMMwsp",TRUE,FALSE,1.25392453289654,"ablate_exclusive",12,1,0.1,5,624244.5
3977,133,129,4,1720,0.075,0.969924812030075,0.0300751879699248,0.05,0.216421767202204,0,0.00247524752475248,0,0,0,NA,"TMM",TRUE,FALSE,0.72263198018871,"edger_default",12,1,0.1,5,624244.5
12093,106,99,7,1720,0.0575581395348837,0.933962264150943,0.0660377358490566,0.1,0.227465867055472,0,0,0,42,3749,0.989063750333422,"TMMwsp",TRUE,FALSE,1.37538871659174,"ctc_pipeline",12,2,0.5,5,931595.5
8344,120,110,10,1720,0.063953488372093,0.916666666666667,0.0833333333333333,0.1,0.217172052374971,0,0,0,1,0,NA,"TMMwsp",TRUE,FALSE,1.30912047592767,"ablate_exclusive",12,2,0.5,5,931595.5
4286,118,110,8,1720,0.063953488372093,0.932203389830508,0.0677966101694915,0.05,0.196353004703465,0,0,0,0,0,NA,"TMM",TRUE,FALSE,0.83191323784533,"edger_default",12,2,0.5,5,931595.5
12534,134,133,1,1720,0.0773255813953488,0.992537313432836,0.00746268656716418,0.1,0.262317480715696,0,0.00245700245700246,0,64,3690,0.98319783197832,"TMMwsp",TRUE,FALSE,1.25965064059888,"ctc_pipeline",12,3,1,5,714886
8844,143,142,1,1720,0.0825581395348837,0.993006993006993,0.00699300699300699,0.1,0.248151175033258,0,0.00245700245700246,0,2,0,NA,"TMMwsp",TRUE,FALSE,1.20064447445648,"ablate_exclusive",12,3,1,5,714886
4361,135,133,2,1720,0.0773255813953488,0.985185185185185,0.0148148148148148,0.05,0.217982873261568,0,0.00245700245700246,0,0,0,NA,"TMM",TRUE,FALSE,0.699620073957422,"edger_default",12,3,1,5,714886
12880,156,152,4,1720,0.0883720930232558,0.974358974358974,0.0256410256410256,0.1,0.282133026699341,0,0,0,90,3554,0.977771525042206,"TMMwsp",TRUE,FALSE,1.2239664641834,"ctc_pipeline",12,4,2,5,858868
9326,173,163,10,1720,0.0947674418604651,0.942196531791908,0.0578034682080925,0.1,0.259708401665433,0,0,0,11,0,NA,"TMMwsp",TRUE,FALSE,1.17254285384605,"ablate_exclusive",12,4,2,5,858868
4797,158,153,5,1720,0.088953488372093,0.968354430379747,0.0316455696202532,0.05,0.232793471927925,0,0,0,0,0,NA,"TMM",TRUE,FALSE,0.713933228197529,"edger_default",12,4,2,5,858868
12285,139,131,8,1720,0.0761627906976744,0.942446043165468,0.0575539568345324,0.1,0.273568085611784,0.00833333333333333,0,0,114,3720,0.981720430107527,"TMMwsp",TRUE,FALSE,1.30632085862013,"ctc_pipeline",12,5,5,5,709408.5
8565,155,140,15,1720,0.0813953488372093,0.903225806451613,0.0967741935483871,0.1,0.254717144770779,0.00833333333333333,0,0,46,0,NA,"TMMwsp",TRUE,FALSE,1.23494154820226,"ablate_exclusive",12,5,5,5,709408.5
4109,145,135,10,1720,0.0784883720930233,0.931034482758621,0.0689655172413793,0.05,0.211730236734974,0,0,0,0,0,NA,"TMM",TRUE,FALSE,0.723998543167875,"edger_default",12,5,5,5,709408.5
12626,157,151,6,1720,0.0877906976744186,0.961783439490446,0.0382165605095541,0.1,0.319642602460336,0.108333333333333,0,0,118,3701,0.987030532288571,"TMMwsp",TRUE,FALSE,1.24734287321132,"ctc_pipeline",12,6,10,5,874938
8925,175,168,7,1720,0.0976744186046512,0.96,0.04,0.1,0.30062400412113,0.15,0,0,70,0,NA,"TMMwsp",TRUE,FALSE,1.18311663806605,"ablate_exclusive",12,6,10,5,874938
4573,161,155,6,1720,0.0901162790697674,0.962732919254658,0.0372670807453416,0.05,0.237039443954004,0.05,0,0,14,0,NA,"TMM",TRUE,FALSE,0.733752541372473,"edger_default",12,6,10,5,874938
13199,236,228,8,1720,0.132558139534884,0.966101694915254,0.0338983050847458,0.1,0.341353158360799,0.75,0,0,120,3504,0.999429223744292,"TMMwsp",TRUE,FALSE,1.20874209897015,"ctc_pipeline",12,7,20,5,976705
9695,251,242,9,1720,0.140697674418605,0.964143426294821,0.0358565737051793,0.1,0.328974512997203,0.791666666666667,0,0,118,0,NA,"TMMwsp",TRUE,FALSE,1.15435741182347,"ablate_exclusive",12,7,20,5,976705
5159,220,215,5,1720,0.125,0.977272727272727,0.0227272727272727,0.05,0.279917844318226,0.658333333333333,0,0,90,0,NA,"TMM",TRUE,FALSE,0.705687241356934,"edger_default",12,7,20,5,976705
11988,261,252,9,1720,0.146511627906977,0.96551724137931,0.0344827586206897,0.1,0.325550364184067,1,0,1,120,3567,0.999719652368937,"TMMwsp",TRUE,FALSE,1.3380475605947,"ctc_pipeline",12,8,50,5,867713
8421,275,259,16,1720,0.150581395348837,0.941818181818182,0.0581818181818182,0.1,0.315237254934845,0.991666666666667,0,0,119,0,NA,"TMMwsp",TRUE,FALSE,1.26896034968664,"ablate_exclusive",12,8,50,5,867713
4007,262,249,13,1720,0.144767441860465,0.950381679389313,0.049618320610687,0.05,0.287061927324019,0.975,0,0,117,0,NA,"TMM",TRUE,FALSE,0.718679054337932,"edger_default",12,8,50,5,867713
11907,130,122,8,1720,0.0709302325581395,0.938461538461538,0.0615384615384615,0.1,0.247189176045979,0,0,0,9,3785,0.997622192866579,"TMMwsp",TRUE,FALSE,1.34172120012392,"ctc_pipeline",13,1,0.1,5,855719.5
8122,141,132,9,1720,0.0767441860465116,0.936170212765957,0.0638297872340425,0.1,0.240201675502741,0,0,0,0,0,NA,"TMMwsp",TRUE,FALSE,1.26374354745774,"ablate_exclusive",13,1,0.1,5,855719.5
3961,135,132,3,1720,0.0767441860465116,0.977777777777778,0.0222222222222222,0.05,0.213487432742418,0,0,0,0,0,NA,"TMM",TRUE,FALSE,0.744194753402315,"edger_default",13,1,0.1,5,855719.5
11903,119,113,6,1720,0.0656976744186046,0.949579831932773,0.0504201680672269,0.1,0.235123533015238,0,0,0,41,3719,0.989244420543157,"TMMwsp",TRUE,FALSE,1.31166822974649,"ctc_pipeline",13,2,0.5,5,1152043
8184,128,117,11,1720,0.0680232558139535,0.9140625,0.0859375,0.1,0.222030994651827,0,0,0,1,0,NA,"TMMwsp",TRUE,FALSE,1.24444480909501,"ablate_exclusive",13,2,0.5,5,1152043
4317,128,121,7,1720,0.0703488372093023,0.9453125,0.0546875,0.05,0.210625986487634,0,0,0,0,0,NA,"TMM",TRUE,FALSE,0.810073900300848,"edger_default",13,2,0.5,5,1152043
11804,84,82,2,1720,0.0476744186046512,0.976190476190476,0.0238095238095238,0.1,0.224902287190575,0,0,0,62,3799,0.983679915767307,"TMMwsp",TRUE,FALSE,1.36189823496182,"ctc_pipeline",13,3,1,5,612194
8005,101,97,4,1720,0.0563953488372093,0.96039603960396,0.0396039603960396,0.1,0.211003058017338,0,0,0,0,0,NA,"TMMwsp",TRUE,FALSE,1.27703673936814,"ablate_exclusive",13,3,1,5,612194
3564,96,93,3,1720,0.0540697674418605,0.96875,0.03125,0.05,0.193302392631474,0,0,0,0,0,NA,"TMM",TRUE,FALSE,0.687492374716425,"edger_default",13,3,1,5,612194
12532,119,116,3,1720,0.0674418604651163,0.974789915966387,0.0252100840336134,0.1,0.276788261314651,0,0,0,106,3716,0.97551130247578,"TMMwsp",TRUE,FALSE,1.30524955581187,"ctc_pipeline",13,4,2,5,901634.5
8816,141,133,8,1720,0.0773255813953488,0.943262411347518,0.0567375886524823,0.1,0.257270733570232,0,0,0,15,0,NA,"TMMwsp",TRUE,FALSE,1.24181365871944,"ablate_exclusive",13,4,2,5,901634.5
4542,138,132,6,1720,0.0767441860465116,0.956521739130435,0.0434782608695652,0.05,0.225874287097692,0,0,0,0,0,NA,"TMM",TRUE,FALSE,0.775267462231926,"edger_default",13,4,2,5,901634.5
12823,127,127,0,1720,0.0738372093023256,1,0,0.1,0.268726804236883,0,0,0,114,3712,0.984105603448276,"TMMwsp",TRUE,FALSE,1.2689490735352,"ctc_pipeline",13,5,5,5,1003713.5
9111,137,133,4,1720,0.0773255813953488,0.970802919708029,0.0291970802919708,0.1,0.253693636296697,0,0,0,55,0,NA,"TMMwsp",TRUE,FALSE,1.2024617924378,"ablate_exclusive",13,5,5,5,1003713.5
4895,124,122,2,1720,0.0709302325581395,0.983870967741935,0.0161290322580645,0.05,0.217102525609014,0,0,0,1,0,NA,"TMM",TRUE,FALSE,0.788896743455971,"edger_default",13,5,5,5,1003713.5
12582,128,124,4,1720,0.072093023255814,0.96875,0.03125,0.1,0.302560848190123,0.0416666666666667,0,0,120,3701,0.993515266144285,"TMMwsp",TRUE,FALSE,1.28889239670631,"ctc_pipeline",13,6,10,5,1018656.5
8881,148,141,7,1720,0.0819767441860465,0.952702702702703,0.0472972972972973,0.1,0.285005447380722,0.0666666666666667,0,0,96,0,NA,"TMMwsp",TRUE,FALSE,1.2227002383477,"ablate_exclusive",13,6,10,5,1018656.5
4632,139,135,4,1720,0.0784883720930233,0.971223021582734,0.0287769784172662,0.05,0.22584333515034,0.05,0,0,24,0,NA,"TMM",TRUE,FALSE,0.764710331136719,"edger_default",13,6,10,5,1018656.5
13027,258,243,15,1720,0.141279069767442,0.941860465116279,0.0581395348837209,0.1,0.350517961876442,0.683333333333333,0,1,120,3480,0.997988505747126,"TMMwsp",TRUE,FALSE,1.21677026216668,"ctc_pipeline",13,7,20,5,853857
9547,276,255,21,1720,0.148255813953488,0.923913043478261,0.0760869565217391,0.1,0.337267388444316,0.691666666666667,0,0,113,0,NA,"TMMwsp",TRUE,FALSE,1.16226788973736,"ablate_exclusive",13,7,20,5,853857
4876,234,222,12,1720,0.12906976744186,0.948717948717949,0.0512820512820513,0.05,0.277524905976237,0.541666666666667,0,0,72,0,NA,"TMM",TRUE,FALSE,0.683786665477991,"edger_default",13,7,20,5,853857
12808,256,243,13,1720,0.141279069767442,0.94921875,0.05078125,0.1,0.32449403178026,0.983333333333333,0,0,120,3595,1,"TMMwsp",TRUE,FALSE,1.22632596097466,"ctc_pipeline",13,8,50,5,625291.5
9213,280,260,20,1720,0.151162790697674,0.928571428571429,0.0714285714285714,0.1,0.315612989441223,0.983333333333333,0,0,120,0,NA,"TMMwsp",TRUE,FALSE,1.17816581444939,"ablate_exclusive",13,8,50,5,625291.5
4446,254,241,13,1720,0.140116279069767,0.948818897637795,0.0511811023622047,0.05,0.270722295672372,0.975,0,0,117,0,NA,"TMM",TRUE,FALSE,0.669553057931073,"edger_default",13,8,50,5,625291.5
12062,131,122,9,1720,0.0709302325581395,0.931297709923664,0.0687022900763359,0.1,0.250859278375361,0,0,0,7,3559,0.998033155380725,"TMMwsp",TRUE,FALSE,1.29815393011794,"ctc_pipeline",14,1,0.1,5,797037.5
8503,145,133,12,1720,0.0773255813953488,0.917241379310345,0.0827586206896552,0.1,0.245141940231375,0,0,0,0,0,NA,"TMMwsp",TRUE,FALSE,1.23783776112255,"ablate_exclusive",14,1,0.1,5,797037.5
4397,137,128,9,1720,0.0744186046511628,0.934306569343066,0.0656934306569343,0.05,0.227903555800332,0,0,0,0,0,NA,"TMM",TRUE,FALSE,0.75196951280334,"edger_default",14,1,0.1,5,797037.5
12452,137,132,5,1720,0.0767441860465116,0.963503649635037,0.0364963503649635,0.1,0.261567756663318,0,0,0,45,3523,0.987226795344877,"TMMwsp",TRUE,FALSE,1.23494341679507,"ctc_pipeline",14,2,0.5,5,756276.5
8929,152,142,10,1720,0.0825581395348837,0.93421052631579,0.0657894736842105,0.1,0.251166385738001,0,0,0,0,0,NA,"TMMwsp",TRUE,FALSE,1.17481188171702,"ablate_exclusive",14,2,0.5,5,756276.5
4371,144,138,6,1720,0.0802325581395349,0.958333333333333,0.0416666666666667,0.05,0.221323875876821,0,0,0,0,0,NA,"TMM",TRUE,FALSE,0.664628241967323,"edger_default",14,2,0.5,5,756276.5
13042,146,140,6,1720,0.0813953488372093,0.958904109589041,0.0410958904109589,0.1,0.27077663395935,0,0,0,57,3682,0.985062466051059,"TMMwsp",TRUE,FALSE,1.22343297462038,"ctc_pipeline",14,3,1,5,1019108
9360,160,149,11,1720,0.0866279069767442,0.93125,0.06875,0.1,0.257011122572962,0,0,0,2,0,NA,"TMMwsp",TRUE,FALSE,1.16537097353361,"ablate_exclusive",14,3,1,5,1019108
5108,150,143,7,1720,0.0831395348837209,0.953333333333333,0.0466666666666667,0.05,0.227838134861462,0,0,0,0,0,NA,"TMM",TRUE,FALSE,0.743501009150814,"edger_default",14,3,1,5,1019108
12331,127,123,4,1720,0.0715116279069767,0.968503937007874,0.031496062992126,0.1,0.268431233149618,0,0,0,79,3633,0.97963115882191,"TMMwsp",TRUE,FALSE,1.31213233385718,"ctc_pipeline",14,4,2,5,579189
8698,140,135,5,1720,0.0784883720930233,0.964285714285714,0.0357142857142857,0.1,0.252844192278943,0,0,0,5,0,NA,"TMMwsp",TRUE,FALSE,1.24724660713651,"ablate_exclusive",14,4,2,5,579189
4241,132,129,3,1720,0.075,0.977272727272727,0.0227272727272727,0.05,0.225934189120497,0,0,0,0,0,NA,"TMM",TRUE,FALSE,0.719179503970209,"edger_default",14,4,2,5,579189
12252,97,94,3,1720,0.0546511627906977,0.969072164948454,0.0309278350515464,0.1,0.26274789112305,0,0,0,110,3771,0.98196764783877,"TMMwsp",TRUE,FALSE,1.31710623783959,"ctc_pipeline",14,5,5,5,584628.5
8481,117,108,9,1720,0.0627906976744186,0.923076923076923,0.0769230769230769,0.1,0.242543092935936,0.00833333333333333,0,0,42,0,NA,"TMMwsp",TRUE,FALSE,1.2514483521884,"ablate_exclusive",14,5,5,5,584628.5
3704,105,95,10,1720,0.0552325581395349,0.904761904761905,0.0952380952380952,0.05,0.197815779000757,0,0,0,1,0,NA,"TMM",TRUE,FALSE,0.671584456679261,"edger_default",14,5,5,5,584628.5
12793,135,133,2,1720,0.0773255813953488,0.985185185185185,0.0148148148148148,0.1,0.321331915235812,0.0333333333333333,0,0,119,3602,0.990838423098279,"TMMwsp",TRUE,FALSE,1.25352392471093,"ctc_pipeline",14,6,10,5,1087715
9191,161,155,6,1720,0.0901162790697674,0.962732919254658,0.0372670807453416,0.1,0.2998833146921,0.125,0,0,86,0,NA,"TMMwsp",TRUE,FALSE,1.19318028211376,"ablate_exclusive",14,6,10,5,1087715
5023,137,133,4,1720,0.0773255813953488,0.970802919708029,0.0291970802919708,0.05,0.242547201138667,0.0333333333333333,0,0,15,0,NA,"TMM",TRUE,FALSE,0.770691865238671,"edger_default",14,6,10,5,1087715
13382,296,277,19,1720,0.161046511627907,0.935810810810811,0.0641891891891892,0.1,0.356647280006003,0.75,0,1,120,3413,0.998828010547905,"TMMwsp",TRUE,FALSE,1.17845200687021,"ctc_pipeline",14,7,20,5,1071513
9969,321,298,23,1720,0.173255813953488,0.928348909657321,0.0716510903426791,0.1,0.347708212229368,0.8,0,0,116,0,NA,"TMMwsp",TRUE,FALSE,1.12304252447975,"ablate_exclusive",14,7,20,5,1071513
5373,283,270,13,1720,0.156976744186047,0.954063604240283,0.0459363957597173,0.05,0.315761059324665,0.716666666666667,0,0,97,0,NA,"TMM",TRUE,FALSE,0.691834485419169,"edger_default",14,7,20,5,1071513
12300,255,249,6,1720,0.144767441860465,0.976470588235294,0.0235294117647059,0.1,0.327773296889043,0.983333333333333,0.00268096514745308,1,120,3662,0.999180775532496,"TMMwsp",TRUE,FALSE,1.29134812471199,"ctc_pipeline",14,8,50,5,705350
8638,277,261,16,1720,0.151744186046512,0.942238267148014,0.0577617328519856,0.1,0.318544065962889,0.975,0.00268096514745308,0,117,0,NA,"TMMwsp",TRUE,FALSE,1.21340608150849,"ablate_exclusive",14,8,50,5,705350
4427,266,255,11,1720,0.148255813953488,0.958646616541353,0.0413533834586466,0.05,0.294439313949273,0.941666666666667,0.00268096514745308,0,114,0,NA,"TMM",TRUE,FALSE,0.744955081576641,"edger_default",14,8,50,5,705350
12388,101,96,5,1720,0.0558139534883721,0.95049504950495,0.0495049504950495,0.1,0.23153542303532,0,0,0,11,3600,0.996944444444444,"TMMwsp",TRUE,FALSE,1.28431427418287,"ctc_pipeline",15,1,0.1,5,724072.5
8788,111,105,6,1720,0.061046511627907,0.945945945945946,0.0540540540540541,0.1,0.223278486899471,0,0,0,0,0,NA,"TMMwsp",TRUE,FALSE,1.21733889801855,"ablate_exclusive",15,1,0.1,5,724072.5
4393,108,103,5,1720,0.0598837209302326,0.953703703703704,0.0462962962962963,0.05,0.199733301767949,0,0,0,0,0,NA,"TMM",TRUE,FALSE,0.743422585156718,"edger_default",15,1,0.1,5,724072.5
11960,107,104,3,1720,0.0604651162790698,0.97196261682243,0.0280373831775701,0.1,0.248458628779539,0,0,0,43,3675,0.988571428571429,"TMMwsp",TRUE,FALSE,1.28334747932311,"ctc_pipeline",15,2,0.5,5,795247.5
8285,124,118,6,1720,0.0686046511627907,0.951612903225806,0.0483870967741935,0.1,0.234969020947474,0,0,0,1,0,NA,"TMMwsp",TRUE,FALSE,1.22087863521065,"ablate_exclusive",15,2,0.5,5,795247.5
4063,113,109,4,1720,0.0633720930232558,0.964601769911504,0.0353982300884956,0.05,0.205654961766959,0,0,0,0,0,NA,"TMM",TRUE,FALSE,0.739719402544326,"edger_default",15,2,0.5,5,795247.5
12095,114,112,2,1720,0.0651162790697674,0.982456140350877,0.0175438596491228,0.1,0.246251324818154,0,0,0,64,3684,0.982899022801303,"TMMwsp",TRUE,FALSE,1.31490978806354,"ctc_pipeline",15,3,1,5,800447
8411,131,127,4,1720,0.0738372093023256,0.969465648854962,0.0305343511450382,0.1,0.234472469794015,0,0,0,1,0,NA,"TMMwsp",TRUE,FALSE,1.24736824184652,"ablate_exclusive",15,3,1,5,800447
4149,114,110,4,1720,0.063953488372093,0.964912280701754,0.0350877192982456,0.05,0.201117571744692,0,0,0,0,0,NA,"TMM",TRUE,FALSE,0.727953106098701,"edger_default",15,3,1,5,800447
11994,100,99,1,1720,0.0575581395348837,0.99,0.01,0.1,0.23693429218384,0,0,0,79,3774,0.981981981981982,"TMMwsp",TRUE,FALSE,1.34016114669965,"ctc_pipeline",15,4,2,5,927956
8220,124,117,7,1720,0.0680232558139535,0.943548387096774,0.0564516129032258,0.1,0.225313480128498,0,0,0,11,0,NA,"TMMwsp",TRUE,FALSE,1.27228653677608,"ablate_exclusive",15,4,2,5,927956
4215,113,111,2,1720,0.0645348837209302,0.982300884955752,0.0176991150442478,0.05,0.195988316323246,0,0,0,0,0,NA,"TMM",TRUE,FALSE,0.790137670255422,"edger_default",15,4,2,5,927956
12282,129,125,4,1720,0.0726744186046512,0.968992248062015,0.0310077519379845,0.1,0.286654244069688,0.00833333333333333,0.00245098039215686,0,110,3712,0.984375,"TMMwsp",TRUE,FALSE,1.26636635904344,"ctc_pipeline",15,5,5,5,1154966.5
8570,150,137,13,1720,0.0796511627906977,0.913333333333333,0.0866666666666667,0.1,0.26498071407259,0.00833333333333333,0.00245098039215686,0,52,0,NA,"TMMwsp",TRUE,FALSE,1.19057718302536,"ablate_exclusive",15,5,5,5,1154966.5
4623,139,132,7,1720,0.0767441860465116,0.949640287769784,0.0503597122302158,0.05,0.227650724372271,0,0.00245098039215686,0,4,0,NA,"TMM",TRUE,FALSE,0.778630011594823,"edger_default",15,5,5,5,1154966.5
11920,128,121,7,1720,0.0703488372093023,0.9453125,0.0546875,0.1,0.287132484059089,0.108333333333333,0,0,117,3796,0.98840885142255,"TMMwsp",TRUE,FALSE,1.31066489244645,"ctc_pipeline",15,6,10,5,939442.5
8124,156,144,12,1720,0.0837209302325581,0.923076923076923,0.0769230769230769,0.1,0.264218693343405,0.15,0,0,73,0,NA,"TMMwsp",TRUE,FALSE,1.23813162440758,"ablate_exclusive",15,6,10,5,939442.5
4074,139,131,8,1720,0.0761627906976744,0.942446043165468,0.0575539568345324,0.05,0.215807886565451,0.0916666666666667,0,0,15,0,NA,"TMM",TRUE,FALSE,0.749554953841086,"edger_default",15,6,10,5,939442.5
12068,172,162,10,1720,0.0941860465116279,0.941860465116279,0.0581395348837209,0.1,0.311477650752387,0.325,0.0026246719160105,0,120,3725,0.99758389261745,"TMMwsp",TRUE,FALSE,1.32209593293378,"ctc_pipeline",15,7,20,5,617485.5
8343,188,178,10,1720,0.103488372093023,0.946808510638298,0.0531914893617021,0.1,0.300484670262634,0.383333333333333,0.0026246719160105,0,111,0,NA,"TMMwsp",TRUE,FALSE,1.2527783045914,"ablate_exclusive",15,7,20,5,617485.5
3911,157,150,7,1720,0.0872093023255814,0.955414012738854,0.0445859872611465,0.05,0.233668440603736,0.241666666666667,0.0026246719160105,0,43,0,NA,"TMM",TRUE,FALSE,0.703839804313914,"edger_default",15,7,20,5,617485.5
12938,305,296,9,1720,0.172093023255814,0.970491803278689,0.0295081967213115,0.1,0.353994496205535,1,0,0,120,3535,1,"TMMwsp",TRUE,FALSE,1.21393877398054,"ctc_pipeline",15,8,50,5,877433
9403,327,312,15,1720,0.181395348837209,0.954128440366973,0.0458715596330275,0.1,0.34107400124378,1,0,0,120,0,NA,"TMMwsp",TRUE,FALSE,1.15549784793923,"ablate_exclusive",15,8,50,5,877433
4875,305,297,8,1720,0.172674418604651,0.973770491803279,0.0262295081967213,0.05,0.311099193775876,1,0,0,120,0,NA,"TMM",TRUE,FALSE,0.696550355445507,"edger_default",15,8,50,5,877433
12715,134,127,7,1720,0.0738372093023256,0.947761194029851,0.0522388059701493,0.1,0.268818952998204,0,0,0,6,3470,0.998270893371758,"TMMwsp",TRUE,FALSE,1.22231726323638,"ctc_pipeline",16,1,0.1,5,997383
9245,146,138,8,1720,0.0802325581395349,0.945205479452055,0.0547945205479452,0.1,0.258346249737309,0,0,0,0,0,NA,"TMMwsp",TRUE,FALSE,1.1648675492787,"ablate_exclusive",16,1,0.1,5,997383
4779,134,128,6,1720,0.0744186046511628,0.955223880597015,0.0447761194029851,0.05,0.23520550895649,0,0,0,0,0,NA,"TMM",TRUE,FALSE,0.709539519408275,"edger_default",16,1,0.1,5,997383
11975,115,111,4,1720,0.0645348837209302,0.965217391304348,0.0347826086956522,0.1,0.243492345129817,0,0,0,23,3758,0.993879723257052,"TMMwsp",TRUE,FALSE,1.3594440662185,"ctc_pipeline",16,2,0.5,5,568221.5
8217,134,128,6,1720,0.0744186046511628,0.955223880597015,0.0447761194029851,0.1,0.232864767654517,0,0,0,0,0,NA,"TMMwsp",TRUE,FALSE,1.29433589582825,"ablate_exclusive",16,2,0.5,5,568221.5
3749,134,130,4,1720,0.0755813953488372,0.970149253731343,0.0298507462686567,0.05,0.205567052908057,0,0,0,0,0,NA,"TMM",TRUE,FALSE,0.715454405616404,"edger_default",16,2,0.5,5,568221.5
11804,111,107,4,1720,0.0622093023255814,0.963963963963964,0.036036036036036,0.1,0.240528378854909,0,0,0,53,3742,0.985836451095671,"TMMwsp",TRUE,FALSE,1.37889638079562,"ctc_pipeline",16,3,1,5,561012.5
8062,126,119,7,1720,0.0691860465116279,0.944444444444444,0.0555555555555556,0.1,0.225899553393501,0,0,0,0,0,NA,"TMMwsp",TRUE,FALSE,1.31008275379588,"ablate_exclusive",16,3,1,5,561012.5
3767,115,114,1,1720,0.0662790697674419,0.991304347826087,0.00869565217391304,0.05,0.203579415246321,0,0,0,0,0,NA,"TMM",TRUE,FALSE,0.759836219404209,"edger_default",16,3,1,5,561012.5
13172,146,140,6,1720,0.0813953488372093,0.958904109589041,0.0410958904109589,0.1,0.278395088902189,0,0,0,87,3634,0.980462300495322,"TMMwsp",TRUE,FALSE,1.20581126353253,"ctc_pipeline",16,4,2,5,889107
9538,156,149,7,1720,0.0866279069767442,0.955128205128205,0.0448717948717949,0.1,0.264482919160482,0,0,0,16,0,NA,"TMMwsp",TRUE,FALSE,1.14543653355433,"ablate_exclusive",16,4,2,5,889107
5012,143,138,5,1720,0.0802325581395349,0.965034965034965,0.034965034965035,0.05,0.238142313986495,0,0,0,0,0,NA,"TMM",TRUE,FALSE,0.696206229947685,"edger_default",16,4,2,5,889107
12579,138,130,8,1720,0.0755813953488372,0.942028985507246,0.0579710144927536,0.1,0.287635250488299,0,0,0,117,3643,0.981334065330771,"TMMwsp",TRUE,FALSE,1.28983065647789,"ctc_pipeline",16,5,5,5,897557.5
8936,158,145,13,1720,0.0843023255813953,0.917721518987342,0.0822784810126582,0.1,0.26986865741433,0,0,0,49,0,NA,"TMMwsp",TRUE,FALSE,1.23531920887372,"ablate_exclusive",16,5,5,5,897557.5
4584,152,142,10,1720,0.0825581395348837,0.93421052631579,0.0657894736842105,0.05,0.232722614980844,0,0,0,2,0,NA,"TMM",TRUE,FALSE,0.76122106974829,"edger_default",16,5,5,5,897557.5
12232,87,85,2,1720,0.0494186046511628,0.977011494252874,0.0229885057471264,0.1,0.278143414852892,0.00833333333333333,0,0,118,3815,0.991612057667104,"TMMwsp",TRUE,FALSE,1.33246321402076,"ctc_pipeline",16,6,10,5,727572
8417,106,102,4,1720,0.0593023255813954,0.962264150943396,0.0377358490566038,0.1,0.26331404345362,0.0416666666666667,0,0,86,0,NA,"TMMwsp",TRUE,FALSE,1.26108769456685,"ablate_exclusive",16,6,10,5,727572
4122,98,94,4,1720,0.0546511627906977,0.959183673469388,0.0408163265306122,0.05,0.198071168206008,0.0333333333333333,0,0,11,0,NA,"TMM",TRUE,FALSE,0.78285130743513,"edger_default",16,6,10,5,727572
13179,295,285,10,1720,0.165697674418605,0.966101694915254,0.0338983050847458,0.1,0.362467231213981,0.775,0,1,120,3558,0.997470489038786,"TMMwsp",TRUE,FALSE,1.16903285994298,"ctc_pipeline",16,7,20,5,1112324
9621,314,301,13,1720,0.175,0.95859872611465,0.0414012738853503,0.1,0.350084989422884,0.791666666666667,0,0,111,0,NA,"TMMwsp",TRUE,FALSE,1.10918952183699,"ablate_exclusive",16,7,20,5,1112324
5366,277,268,9,1720,0.155813953488372,0.967509025270758,0.0324909747292419,0.05,0.303301424040518,0.616666666666667,0,0,82,0,NA,"TMM",TRUE,FALSE,0.711375013425503,"edger_default",16,7,20,5,1112324
12977,287,275,12,1720,0.159883720930233,0.958188153310105,0.0418118466898955,0.1,0.345944734496876,1,0,0,120,3372,1,"TMMwsp",TRUE,FALSE,1.21544149832272,"ctc_pipeline",16,8,50,5,1025478
9605,308,292,16,1720,0.169767441860465,0.948051948051948,0.051948051948052,0.1,0.335021459325598,1,0,0,120,0,NA,"TMMwsp",TRUE,FALSE,1.1596990223411,"ablate_exclusive",16,8,50,5,1025478
5089,289,277,12,1720,0.161046511627907,0.958477508650519,0.041522491349481,0.05,0.299745453432732,1,0,0,120,0,NA,"TMM",TRUE,FALSE,0.70880499809359,"edger_default",16,8,50,5,1025478
12329,132,131,1,1720,0.0761627906976744,0.992424242424242,0.00757575757575758,0.1,0.268155380862986,0,0,0,10,3673,0.99727742989382,"TMMwsp",TRUE,FALSE,1.33653293367799,"ctc_pipeline",17,1,0.1,5,894320.5
8656,142,139,3,1720,0.0808139534883721,0.97887323943662,0.0211267605633803,0.1,0.25489054511471,0,0,0,0,0,NA,"TMMwsp",TRUE,FALSE,1.28010322479154,"ablate_exclusive",17,1,0.1,5,894320.5
4667,135,134,1,1720,0.077906976744186,0.992592592592593,0.00740740740740741,0.05,0.228119908651471,0,0,0,0,0,NA,"TMM",TRUE,FALSE,0.83586511115454,"edger_default",17,1,0.1,5,894320.5
12482,159,154,5,1720,0.0895348837209302,0.968553459119497,0.0314465408805031,0.1,0.266376507823121,0,0.00261096605744125,0,35,3629,0.990355469826398,"TMMwsp",TRUE,FALSE,1.27629000412023,"ctc_pipeline",17,2,0.5,5,647981
8853,181,168,13,1720,0.0976744186046512,0.92817679558011,0.0718232044198895,0.1,0.257499153707599,0,0.00261096605744125,0,0,0,NA,"TMMwsp",TRUE,FALSE,1.21819294663668,"ablate_exclusive",17,2,0.5,5,647981
4276,170,160,10,1720,0.0930232558139535,0.941176470588235,0.0588235294117647,0.05,0.226602385416843,0,0,0,0,0,NA,"TMM",TRUE,FALSE,0.703039344026653,"edger_default",17,2,0.5,5,647981
12467,133,126,7,1720,0.0732558139534884,0.947368421052632,0.0526315789473684,0.1,0.255147139513103,0,0,0,66,3654,0.981937602627258,"TMMwsp",TRUE,FALSE,1.21516694595928,"ctc_pipeline",17,3,1,5,855893
8813,144,134,10,1720,0.077906976744186,0.930555555555556,0.0694444444444444,0.1,0.242348767999349,0,0,0,0,0,NA,"TMMwsp",TRUE,FALSE,1.15759338949414,"ablate_exclusive",17,3,1,5,855893
4728,142,133,9,1720,0.0773255813953488,0.936619718309859,0.0633802816901408,0.05,0.219991172167785,0,0,0,0,0,NA,"TMM",TRUE,FALSE,0.73292335124189,"edger_default",17,3,1,5,855893
11528,101,97,4,1720,0.0563953488372093,0.96039603960396,0.0396039603960396,0.1,0.246170308204317,0,0.00252525252525253,0,74,3800,0.981842105263158,"TMMwsp",TRUE,FALSE,1.39597058725769,"ctc_pipeline",17,4,2,5,696540.5
7728,111,103,8,1720,0.0598837209302326,0.927927927927928,0.0720720720720721,0.1,0.229468588005351,0,0.00252525252525253,0,5,0,NA,"TMMwsp",TRUE,FALSE,1.32178514130282,"ablate_exclusive",17,4,2,5,696540.5
3671,110,103,7,1720,0.0598837209302326,0.936363636363636,0.0636363636363636,0.05,0.203115126920508,0,0.00252525252525253,0,0,0,NA,"TMM",TRUE,FALSE,0.776732382288233,"edger_default",17,4,2,5,696540.5
12297,97,93,4,1720,0.0540697674418605,0.958762886597938,0.0412371134020619,0.1,0.266334201520921,0,0,0,115,3766,0.982740308019118,"TMMwsp",TRUE,FALSE,1.29822303024321,"ctc_pipeline",17,5,5,5,874109.5
8531,111,105,6,1720,0.061046511627907,0.945945945945946,0.0540540540540541,0.1,0.238406999511492,0,0,0,50,0,NA,"TMMwsp",TRUE,FALSE,1.23143043832824,"ablate_exclusive",17,5,5,5,874109.5
4351,111,104,7,1720,0.0604651162790698,0.936936936936937,0.0630630630630631,0.05,0.194244349267312,0,0,0,0,0,NA,"TMM",TRUE,FALSE,0.766953105487232,"edger_default",17,5,5,5,874109.5
12246,115,109,6,1720,0.0633720930232558,0.947826086956522,0.0521739130434783,0.1,0.26856119675764,0.00833333333333333,0,0,117,3907,0.988482211415408,"TMMwsp",TRUE,FALSE,1.32669191088345,"ctc_pipeline",17,6,10,5,709061
8339,137,124,13,1720,0.072093023255814,0.905109489051095,0.0948905109489051,0.1,0.251577521964375,0.0166666666666667,0,0,72,0,NA,"TMMwsp",TRUE,FALSE,1.25655904637395,"ablate_exclusive",17,6,10,5,709061
4090,117,109,8,1720,0.0633720930232558,0.931623931623932,0.0683760683760684,0.05,0.202352976947595,0.00833333333333333,0,0,3,0,NA,"TMM",TRUE,FALSE,0.768154664186479,"edger_default",17,6,10,5,709061
13206,236,224,12,1720,0.130232558139535,0.949152542372881,0.0508474576271186,0.1,0.352031422071753,0.575,0,0,120,3522,0.999148211243612,"TMMwsp",TRUE,FALSE,1.23923536310952,"ctc_pipeline",17,7,20,5,921414
9684,254,240,14,1720,0.13953488372093,0.94488188976378,0.0551181102362205,0.1,0.340717892955045,0.641666666666667,0,0,117,0,NA,"TMMwsp",TRUE,FALSE,1.1865442802058,"ablate_exclusive",17,7,20,5,921414
5056,232,221,11,1720,0.128488372093023,0.952586206896552,0.0474137931034483,0.05,0.289898588670629,0.541666666666667,0,0,78,0,NA,"TMM",TRUE,FALSE,0.72199595726194,"edger_default",17,7,20,5,921414
12800,328,306,22,1720,0.177906976744186,0.932926829268293,0.0670731707317073,0.1,0.362699466661088,1,0,0,120,3504,1,"TMMwsp",TRUE,FALSE,1.22412231149024,"ctc_pipeline",17,8,50,5,1229229.5
9296,355,323,32,1720,0.187790697674419,0.909859154929577,0.0901408450704225,0.1,0.355737210310623,1,0,0,120,0,NA,"TMMwsp",TRUE,FALSE,1.17036368272042,"ablate_exclusive",17,8,50,5,1229229.5
5150,323,305,18,1720,0.177325581395349,0.944272445820433,0.0557275541795666,0.05,0.330963023737374,0.983333333333333,0,0,118,0,NA,"TMM",TRUE,FALSE,0.76213467594038,"edger_default",17,8,50,5,1229229.5
13188,171,160,11,1720,0.0930232558139535,0.935672514619883,0.064327485380117,0.1,0.27128554182541,0,0,0,17,3423,0.99503359626059,"TMMwsp",TRUE,FALSE,1.15093301190987,"ctc_pipeline",18,1,0.1,5,1164351
9765,179,167,12,1720,0.097093023255814,0.932960893854749,0.0670391061452514,0.1,0.262657236198897,0,0,0,0,0,NA,"TMMwsp",TRUE,FALSE,1.10060387162378,"ablate_exclusive",18,1,0.1,5,1164351
5469,170,161,9,1720,0.0936046511627907,0.947058823529412,0.0529411764705882,0.05,0.237800723673469,0,0,0,0,0,NA,"TMM",TRUE,FALSE,0.715062833436358,"edger_default",18,1,0.1,5,1164351
12576,124,116,8,1720,0.0674418604651163,0.935483870967742,0.0645161290322581,0.1,0.258961587517856,0,0,0,23,3634,0.993670886075949,"TMMwsp",TRUE,FALSE,1.23564912329293,"ctc_pipeline",18,2,0.5,5,791739
8942,141,131,10,1720,0.0761627906976744,0.929078014184397,0.0709219858156028,0.1,0.244481389430182,0,0,0,0,0,NA,"TMMwsp",TRUE,FALSE,1.17723807670232,"ablate_exclusive",18,2,0.5,5,791739
4731,130,123,7,1720,0.0715116279069767,0.946153846153846,0.0538461538461538,0.05,0.214301238210939,0,0,0,0,0,NA,"TMM",TRUE,FALSE,0.742926150180606,"edger_default",18,2,0.5,5,791739
13115,157,152,5,1720,0.0883720930232558,0.968152866242038,0.0318471337579618,0.1,0.277091490875856,0,0.00256410256410256,0,73,3567,0.981777403980936,"TMMwsp",TRUE,FALSE,1.20455475870936,"ctc_pipeline",18,3,1,5,1161590
9548,167,159,8,1720,0.0924418604651163,0.952095808383233,0.0479041916167665,0.1,0.264968480902555,0,0.00256410256410256,0,8,0,NA,"TMMwsp",TRUE,FALSE,1.15082347596149,"ablate_exclusive",18,3,1,5,1161590
5418,159,153,6,1720,0.088953488372093,0.962264150943396,0.0377358490566038,0.05,0.236973782164914,0,0.00256410256410256,0,0,0,NA,"TMM",TRUE,FALSE,0.759233295563178,"edger_default",18,3,1,5,1161590
13216,141,131,10,1720,0.0761627906976744,0.929078014184397,0.0709219858156028,0.1,0.26753966466877,0,0,0,94,3589,0.977152410142101,"TMMwsp",TRUE,FALSE,1.20943354803282,"ctc_pipeline",18,4,2,5,991341.5
9627,159,145,14,1720,0.0843023255813953,0.911949685534591,0.0880503144654088,0.1,0.247831869382359,0,0,0,12,0,NA,"TMMwsp",TRUE,FALSE,1.15897949099023,"ablate_exclusive",18,4,2,5,991341.5
5234,152,139,13,1720,0.0808139534883721,0.914473684210526,0.0855263157894737,0.05,0.222736853682952,0,0,0,0,0,NA,"TMM",TRUE,FALSE,0.744315107497363,"edger_default",18,4,2,5,991341.5
12772,139,132,7,1720,0.0767441860465116,0.949640287769784,0.0503597122302158,0.1,0.278599888995159,0,0.00518134715025907,0,119,3798,0.983149025803054,"TMMwsp",TRUE,FALSE,1.25943841895215,"ctc_pipeline",18,5,5,5,934093.5
8974,154,146,8,1720,0.0848837209302326,0.948051948051948,0.051948051948052,0.1,0.258566345674936,0,0.00518134715025907,0,55,0,NA,"TMMwsp",TRUE,FALSE,1.19470792508615,"ablate_exclusive",18,5,5,5,934093.5
4767,142,135,7,1720,0.0784883720930233,0.950704225352113,0.0492957746478873,0.05,0.219269305700969,0,0,0,0,0,NA,"TMM",TRUE,FALSE,0.770789203617383,"edger_default",18,5,5,5,934093.5
12700,138,133,5,1720,0.0773255813953488,0.963768115942029,0.036231884057971,0.1,0.316373611193209,0.0583333333333333,0.00253164556962025,1,119,3686,0.989148128052089,"TMMwsp",TRUE,FALSE,1.2756606823127,"ctc_pipeline",18,6,10,5,862811.5
9014,165,154,11,1720,0.0895348837209302,0.933333333333333,0.0666666666666667,0.1,0.292823505208725,0.0666666666666667,0.00253164556962025,0,79,0,NA,"TMMwsp",TRUE,FALSE,1.21899569568355,"ablate_exclusive",18,6,10,5,862811.5
4701,145,141,4,1720,0.0819767441860465,0.972413793103448,0.0275862068965517,0.05,0.234030312142971,0.0333333333333333,0.00253164556962025,0,11,0,NA,"TMM",TRUE,FALSE,0.771828513689146,"edger_default",18,6,10,5,862811.5
12431,204,195,9,1720,0.113372093023256,0.955882352941177,0.0441176470588235,0.1,0.335772466324207,0.583333333333333,0,3,120,3627,0.994485800937414,"TMMwsp",TRUE,FALSE,1.29804072668646,"ctc_pipeline",18,7,20,5,956381.5
8804,228,214,14,1720,0.124418604651163,0.93859649122807,0.0614035087719298,0.1,0.317217861275301,0.608333333333333,0,0,100,0,NA,"TMMwsp",TRUE,FALSE,1.24211990815103,"ablate_exclusive",18,7,20,5,956381.5
4635,201,193,8,1720,0.112209302325581,0.960199004975124,0.0398009950248756,0.05,0.264269249503838,0.525,0,0,71,0,NA,"TMM",TRUE,FALSE,0.775422952962839,"edger_default",18,7,20,5,956381.5
12689,283,267,16,1720,0.155232558139535,0.943462897526502,0.0565371024734982,0.1,0.329721001166428,0.975,0,0,120,3552,1,"TMMwsp",TRUE,FALSE,1.23290781355446,"ctc_pipeline",18,8,50,5,814985.5
9137,293,274,19,1720,0.159302325581395,0.935153583617747,0.0648464163822526,0.1,0.316959175960416,0.975,0,0,120,0,NA,"TMMwsp",TRUE,FALSE,1.17372979303836,"ablate_exclusive",18,8,50,5,814985.5
4798,272,262,10,1720,0.152325581395349,0.963235294117647,0.0367647058823529,0.05,0.286290310805673,0.975,0,0,118,0,NA,"TMM",TRUE,FALSE,0.71680131980202,"edger_default",18,8,50,5,814985.5
11648,106,100,6,1720,0.0581395348837209,0.943396226415094,0.0566037735849057,0.1,0.23302391853891,0,0.0024390243902439,0,6,3655,0.998358413132695,"TMMwsp",TRUE,FALSE,1.36340967193816,"ctc_pipeline",19,1,0.1,5,632452.5
7993,119,111,8,1720,0.0645348837209302,0.932773109243697,0.0672268907563025,0.1,0.225752349188363,0,0.0024390243902439,0,0,0,NA,"TMMwsp",TRUE,FALSE,1.28811040716819,"ablate_exclusive",19,1,0.1,5,632452.5
3871,117,108,9,1720,0.0627906976744186,0.923076923076923,0.0769230769230769,0.05,0.199920595104086,0,0.0024390243902439,0,0,0,NA,"TMM",TRUE,FALSE,0.77473178033876,"edger_default",19,1,0.1,5,632452.5
12731,132,128,4,1720,0.0744186046511628,0.96969696969697,0.0303030303030303,0.1,0.25279905705432,0,0,0,44,3598,0.988326848249027,"TMMwsp",TRUE,FALSE,1.23686089168761,"ctc_pipeline",19,2,0.5,5,1031831
9133,151,143,8,1720,0.0831395348837209,0.947019867549669,0.0529801324503311,0.1,0.240517060231107,0,0,0,2,0,NA,"TMMwsp",TRUE,FALSE,1.1811902078106,"ablate_exclusive",19,2,0.5,5,1031831
4849,131,127,4,1720,0.0738372093023256,0.969465648854962,0.0305343511450382,0.05,0.214495811320778,0,0,0,0,0,NA,"TMM",TRUE,FALSE,0.74757420983098,"edger_default",19,2,0.5,5,1031831
12447,146,139,7,1720,0.0808139534883721,0.952054794520548,0.047945205479452,0.1,0.250620399693049,0,0,0,67,3772,0.983297985153765,"TMMwsp",TRUE,FALSE,1.30016815216399,"ctc_pipeline",19,3,1,5,714583.5
8675,161,152,9,1720,0.0883720930232558,0.944099378881988,0.0559006211180124,0.1,0.238865176813861,0,0,0,4,0,NA,"TMMwsp",TRUE,FALSE,1.23133643847256,"ablate_exclusive",19,3,1,5,714583.5
4309,146,140,6,1720,0.0813953488372093,0.958904109589041,0.0410958904109589,0.05,0.217762035747265,0,0,0,0,0,NA,"TMM",TRUE,FALSE,0.748623629782483,"edger_default",19,3,1,5,714583.5
12920,135,132,3,1720,0.0767441860465116,0.977777777777778,0.0222222222222222,0.1,0.271663160783172,0,0.0026246719160105,0,88,3732,0.979635584137192,"TMMwsp",TRUE,FALSE,1.22578458817658,"ctc_pipeline",19,4,2,5,691018
9188,148,143,5,1720,0.0831395348837209,0.966216216216216,0.0337837837837838,0.1,0.255671887707443,0,0.0026246719160105,0,12,0,NA,"TMMwsp",TRUE,FALSE,1.17065576596287,"ablate_exclusive",19,4,2,5,691018
4628,138,135,3,1720,0.0784883720930233,0.978260869565217,0.0217391304347826,0.05,0.220362948032025,0,0.0026246719160105,0,0,0,NA,"TMM",TRUE,FALSE,0.700208436442194,"edger_default",19,4,2,5,691018
12787,110,108,2,1720,0.0627906976744186,0.981818181818182,0.0181818181818182,0.1,0.277975003484391,0,0,0,111,3469,0.978668204093399,"TMMwsp",TRUE,FALSE,1.25107125127041,"ctc_pipeline",19,5,5,5,681005.5
9318,118,115,3,1720,0.0668604651162791,0.974576271186441,0.0254237288135593,0.1,0.26066307362093,0,0,0,37,0,NA,"TMMwsp",TRUE,FALSE,1.19630625556283,"ablate_exclusive",19,5,5,5,681005.5
4594,115,112,3,1720,0.0651162790697674,0.973913043478261,0.0260869565217391,0.05,0.215944146090291,0,0,0,0,0,NA,"TMM",TRUE,FALSE,0.698720648316805,"edger_default",19,5,5,5,681005.5
11005,91,89,2,1720,0.0517441860465116,0.978021978021978,0.021978021978022,0.1,0.261389069905005,0.00833333333333333,0,0,117,3828,0.987983281086729,"TMMwsp",TRUE,FALSE,1.4297961274832,"ctc_pipeline",19,6,10,5,600981.5
7177,103,101,2,1720,0.0587209302325581,0.980582524271845,0.0194174757281553,0.1,0.238709971892727,0.0333333333333333,0,0,71,0,NA,"TMMwsp",TRUE,FALSE,1.35100413112672,"ablate_exclusive",19,6,10,5,600981.5
3241,98,96,2,1720,0.0558139534883721,0.979591836734694,0.0204081632653061,0.05,0.177707131733643,0.00833333333333333,0,0,5,0,NA,"TMM",TRUE,FALSE,0.801706340163284,"edger_default",19,6,10,5,600981.5
12380,206,200,6,1720,0.116279069767442,0.970873786407767,0.029126213592233,0.1,0.312738829074204,0.6,0,7,120,3748,0.992262540021345,"TMMwsp",TRUE,FALSE,1.30057454159811,"ctc_pipeline",19,7,20,5,719192.5
8632,227,216,11,1720,0.125581395348837,0.951541850220264,0.0484581497797357,0.1,0.288925677934647,0.591666666666667,0,0,91,0,NA,"TMMwsp",TRUE,FALSE,1.23535061422816,"ablate_exclusive",19,7,20,5,719192.5
4247,179,171,8,1720,0.0994186046511628,0.955307262569832,0.0446927374301676,0.05,0.230648518061852,0.291666666666667,0,0,39,0,NA,"TMM",TRUE,FALSE,0.737014820895679,"edger_default",19,7,20,5,719192.5
13120,298,285,13,1720,0.165697674418605,0.956375838926175,0.0436241610738255,0.1,0.34920639082236,0.991666666666667,0.00245700245700246,1,120,3496,0.999713958810069,"TMMwsp",TRUE,FALSE,1.1820244001498,"ctc_pipeline",19,8,50,5,1045744
9624,318,300,18,1720,0.174418604651163,0.943396226415094,0.0566037735849057,0.1,0.337439603667101,0.983333333333333,0.00491400491400491,0,119,0,NA,"TMMwsp",TRUE,FALSE,1.13017520906902,"ablate_exclusive",19,8,50,5,1045744
5323,295,282,13,1720,0.163953488372093,0.95593220338983,0.0440677966101695,0.05,0.307032012829429,0.975,0.00245700245700246,0,118,0,NA,"TMM",TRUE,FALSE,0.716073114061052,"edger_default",19,8,50,5,1045744
12813,142,136,6,1720,0.0790697674418605,0.957746478873239,0.0422535211267606,0.1,0.262636211624153,0,0,0,10,3606,0.997226844148641,"TMMwsp",TRUE,FALSE,1.20507815220809,"ctc_pipeline",20,1,0.1,5,1084863
9207,162,151,11,1720,0.0877906976744186,0.932098765432099,0.0679012345679012,0.1,0.258739259429371,0,0,0,0,0,NA,"TMMwsp",TRUE,FALSE,1.1514128747178,"ablate_exclusive",20,1,0.1,5,1084863
5116,153,146,7,1720,0.0848837209302326,0.954248366013072,0.0457516339869281,0.05,0.228771402685969,0,0,0,0,0,NA,"TMM",TRUE,FALSE,0.754318885405299,"edger_default",20,1,0.1,5,1084863
12844,113,113,0,1720,0.0656976744186046,1,0,0.1,0.267241898512382,0,0,0,40,3576,0.988814317673378,"TMMwsp",TRUE,FALSE,1.20809803081571,"ctc_pipeline",20,2,0.5,5,727617
9268,127,126,1,1720,0.0732558139534884,0.992125984251969,0.0078740157480315,0.1,0.256971362170782,0,0.0025706940874036,0,0,0,NA,"TMMwsp",TRUE,FALSE,1.15057250002006,"ablate_exclusive",20,2,0.5,5,727617
4600,116,116,0,1720,0.0674418604651163,1,0,0.05,0.225103508430541,0,0,0,0,0,NA,"TMM",TRUE,FALSE,0.664995288310128,"edger_default",20,2,0.5,5,727617
12958,142,135,7,1720,0.0784883720930233,0.950704225352113,0.0492957746478873,0.1,0.259637544264189,0,0,0,58,3554,0.984524479459764,"TMMwsp",TRUE,FALSE,1.21397874153033,"ctc_pipeline",20,3,1,5,966306.5
9404,153,143,10,1720,0.0831395348837209,0.934640522875817,0.065359477124183,0.1,0.251873101397427,0,0,0,3,0,NA,"TMMwsp",TRUE,FALSE,1.16305027627756,"ablate_exclusive",20,3,1,5,966306.5
5108,148,141,7,1720,0.0819767441860465,0.952702702702703,0.0472972972972973,0.05,0.236240721941697,0,0,0,0,0,NA,"TMM",TRUE,FALSE,0.746325197014725,"edger_default",20,3,1,5,966306.5
12700,129,122,7,1720,0.0709302325581395,0.945736434108527,0.0542635658914729,0.1,0.256851975888636,0,0,0,87,3712,0.979256465517241,"TMMwsp",TRUE,FALSE,1.25706482815828,"ctc_pipeline",20,4,2,5,594090.5
8988,153,141,12,1720,0.0819767441860465,0.92156862745098,0.0784313725490196,0.1,0.245864211875234,0,0,0,10,0,NA,"TMMwsp",TRUE,FALSE,1.19039089001794,"ablate_exclusive",20,4,2,5,594090.5
4122,130,125,5,1720,0.0726744186046512,0.961538461538462,0.0384615384615385,0.05,0.202976878761744,0,0,0,0,0,NA,"TMM",TRUE,FALSE,0.654908926569345,"edger_default",20,4,2,5,594090.5
12098,95,89,6,1720,0.0517441860465116,0.936842105263158,0.0631578947368421,0.1,0.250530579187593,0,0,0,105,3745,0.979973297730307,"TMMwsp",TRUE,FALSE,1.35148535208368,"ctc_pipeline",20,5,5,5,770589.5
8353,111,102,9,1720,0.0593023255813954,0.918918918918919,0.0810810810810811,0.1,0.225139617962043,0,0,0,30,0,NA,"TMMwsp",TRUE,FALSE,1.27432130024305,"ablate_exclusive",20,5,5,5,770589.5
4024,105,100,5,1720,0.0581395348837209,0.952380952380952,0.0476190476190476,0.05,0.197431923228242,0,0,0,0,0,NA,"TMM",TRUE,FALSE,0.7634852594427,"edger_default",20,5,5,5,770589.5
12789,153,143,10,1720,0.0831395348837209,0.934640522875817,0.065359477124183,0.1,0.32317224125872,0.0416666666666667,0.00251889168765743,0,118,3632,0.989262114537445,"TMMwsp",TRUE,FALSE,1.26868903374917,"ctc_pipeline",20,6,10,5,1002787.5
9157,177,165,12,1720,0.0959302325581395,0.932203389830508,0.0677966101694915,0.1,0.303671385121116,0.0666666666666667,0.00251889168765743,0,79,0,NA,"TMMwsp",TRUE,FALSE,1.21498489918711,"ablate_exclusive",20,6,10,5,1002787.5
5040,153,142,11,1720,0.0825581395348837,0.928104575163399,0.0718954248366013,0.05,0.242140827495871,0.0416666666666667,0.00251889168765743,0,14,0,NA,"TMM",TRUE,FALSE,0.794378283715416,"edger_default",20,6,10,5,1002787.5
12912,200,189,11,1720,0.109883720930233,0.945,0.055,0.1,0.329008349661234,0.525,0,0,120,3653,0.999726252395292,"TMMwsp",TRUE,FALSE,1.22556099652741,"ctc_pipeline",20,7,20,5,809303.5
9259,228,217,11,1720,0.126162790697674,0.951754385964912,0.0482456140350877,0.1,0.317862158937749,0.641666666666667,0,0,119,0,NA,"TMMwsp",TRUE,FALSE,1.16492961975483,"ablate_exclusive",20,7,20,5,809303.5
4654,196,188,8,1720,0.109302325581395,0.959183673469388,0.0408163265306122,0.05,0.265737078977226,0.508333333333333,0,0,82,0,NA,"TMM",TRUE,FALSE,0.696326668860881,"edger_default",20,7,20,5,809303.5
11946,266,249,17,1720,0.144767441860465,0.93609022556391,0.0639097744360902,0.1,0.328817114474028,0.991666666666667,0,0,120,3603,1,"TMMwsp",TRUE,FALSE,1.32939666266769,"ctc_pipeline",20,8,50,5,653156
8343,292,267,25,1720,0.155232558139535,0.914383561643836,0.0856164383561644,0.1,0.317653038913152,0.991666666666667,0,0,120,0,NA,"TMMwsp",TRUE,FALSE,1.26450055715827,"ablate_exclusive",20,8,50,5,653156
3846,265,251,14,1720,0.14593023255814,0.947169811320755,0.0528301886792453,0.05,0.275285867554977,0.933333333333333,0,0,112,0,NA,"TMM",TRUE,FALSE,0.700832722059509,"edger_default",20,8,50,5,653156
12730,131,125,6,1720,0.0726744186046512,0.954198473282443,0.0458015267175573,0.1,0.256439592695306,0,0,0,10,3588,0.997212931995541,"TMMwsp",TRUE,FALSE,1.24294404496214,"ctc_pipeline",21,1,0.1,5,1070067
9142,141,135,6,1720,0.0784883720930233,0.957446808510638,0.0425531914893617,0.1,0.249591497502881,0,0,0,0,0,NA,"TMMwsp",TRUE,FALSE,1.18286548414284,"ablate_exclusive",21,1,0.1,5,1070067
4925,142,136,6,1720,0.0790697674418605,0.957746478873239,0.0422535211267606,0.05,0.222833983165362,0,0,0,0,0,NA,"TMM",TRUE,FALSE,0.749402825805288,"edger_default",21,1,0.1,5,1070067
12699,118,114,4,1720,0.0662790697674419,0.966101694915254,0.0338983050847458,0.1,0.255885152474785,0,0.0022271714922049,0,44,3647,0.987935289278859,"TMMwsp",TRUE,FALSE,1.26805270513616,"ctc_pipeline",21,2,0.5,5,937977.5
9052,131,124,7,1720,0.072093023255814,0.946564885496183,0.0534351145038168,0.1,0.242465396646249,0,0.0022271714922049,0,0,0,NA,"TMMwsp",TRUE,FALSE,1.19778658111921,"ablate_exclusive",21,2,0.5,5,937977.5
4692,123,117,6,1720,0.0680232558139535,0.951219512195122,0.048780487804878,0.05,0.213173209236685,0,0,0,0,0,NA,"TMM",TRUE,FALSE,0.729212848821626,"edger_default",21,2,0.5,5,937977.5
12438,115,113,2,1720,0.0656976744186046,0.982608695652174,0.0173913043478261,0.1,0.254002619309389,0,0,0,49,3771,0.987006099177937,"TMMwsp",TRUE,FALSE,1.29512912662907,"ctc_pipeline",21,3,1,5,563469
8667,126,122,4,1720,0.0709302325581395,0.968253968253968,0.0317460317460317,0.1,0.243861299927988,0,0,0,0,0,NA,"TMMwsp",TRUE,FALSE,1.2341845879611,"ablate_exclusive",21,3,1,5,563469
3956,127,124,3,1720,0.072093023255814,0.976377952755906,0.0236220472440945,0.05,0.216160513835787,0,0,0,0,0,NA,"TMM",TRUE,FALSE,0.677172702594413,"edger_default",21,3,1,5,563469
12165,103,101,2,1720,0.0587209302325581,0.980582524271845,0.0194174757281553,0.1,0.233201362049522,0,0,0,80,3801,0.980268350434096,"TMMwsp",TRUE,FALSE,1.29355691412567,"ctc_pipeline",21,4,2,5,752788
8364,113,108,5,1720,0.0627906976744186,0.955752212389381,0.0442477876106195,0.1,0.220060727159997,0,0,0,5,0,NA,"TMMwsp",TRUE,FALSE,1.23880636187644,"ablate_exclusive",21,4,2,5,752788
4091,107,106,1,1720,0.0616279069767442,0.990654205607477,0.00934579439252336,0.05,0.202380630629751,0,0,0,0,0,NA,"TMM",TRUE,FALSE,0.743211224812994,"edger_default",21,4,2,5,752788
12726,91,91,0,1720,0.052906976744186,1,0,0.1,0.266735241176834,0,0.00483091787439614,0,115,3771,0.982763192787059,"TMMwsp",TRUE,FALSE,1.296705779625,"ctc_pipeline",21,5,5,5,712175
8955,103,103,0,1720,0.0598837209302326,1,0,0.1,0.247029809913264,0,0.0072463768115942,0,50,0,NA,"TMMwsp",TRUE,FALSE,1.23228780413454,"ablate_exclusive",21,5,5,5,712175
4279,101,100,1,1720,0.0581395348837209,0.99009900990099,0.0099009900990099,0.05,0.20124099047887,0,0.00483091787439614,0,0,0,NA,"TMM",TRUE,FALSE,0.72136388096151,"edger_default",21,5,5,5,712175
12838,131,125,6,1720,0.0726744186046512,0.954198473282443,0.0458015267175573,0.1,0.296742825712495,0.0166666666666667,0,0,120,3595,0.993045897079277,"TMMwsp",TRUE,FALSE,1.28479839208438,"ctc_pipeline",21,6,10,5,868220.5
9243,154,142,12,1720,0.0825581395348837,0.922077922077922,0.0779220779220779,0.1,0.278397537784261,0.0416666666666667,0.00248138957816377,0,95,0,NA,"TMMwsp",TRUE,FALSE,1.21702896854914,"ablate_exclusive",21,6,10,5,868220.5
4695,148,137,11,1720,0.0796511627906977,0.925675675675676,0.0743243243243243,0.05,0.219788253031431,0.0166666666666667,0,0,13,0,NA,"TMM",TRUE,FALSE,0.733087366257442,"edger_default",21,6,10,5,868220.5
12338,182,172,10,1720,0.1,0.945054945054945,0.0549450549450549,0.1,0.308511521876438,0.483333333333333,0.00257731958762887,0,120,3633,0.996146435452794,"TMMwsp",TRUE,FALSE,1.30537045190861,"ctc_pipeline",21,7,20,5,753942
8705,210,195,15,1720,0.113372093023256,0.928571428571429,0.0714285714285714,0.1,0.29400416705989,0.558333333333333,0.00257731958762887,0,106,0,NA,"TMMwsp",TRUE,FALSE,1.24218653122808,"ablate_exclusive",21,7,20,5,753942
4318,162,156,6,1720,0.0906976744186047,0.962962962962963,0.037037037037037,0.05,0.241176967274202,0.4,0.00257731958762887,0,61,0,NA,"TMM",TRUE,FALSE,0.749741725674886,"edger_default",21,7,20,5,753942
13473,314,297,17,1720,0.172674418604651,0.945859872611465,0.054140127388535,0.1,0.359444710570947,1,0.00237529691211401,0,120,3373,1,"TMMwsp",TRUE,FALSE,1.16703627270637,"ctc_pipeline",21,8,50,5,1103266
10100,336,310,26,1720,0.180232558139535,0.922619047619048,0.0773809523809524,0.1,0.354312346190994,1,0.00237529691211401,0,120,0,NA,"TMMwsp",TRUE,FALSE,1.11680248867533,"ablate_exclusive",21,8,50,5,1103266
5654,293,282,11,1720,0.163953488372093,0.962457337883959,0.037542662116041,0.05,0.323990504618238,1,0,0,120,0,NA,"TMM",TRUE,FALSE,0.721246385658208,"edger_default",21,8,50,5,1103266
11417,86,84,2,1720,0.0488372093023256,0.976744186046512,0.0232558139534884,0.1,0.226179903695,0,0,0,2,3729,0.999463663180477,"TMMwsp",TRUE,FALSE,1.41168254861893,"ctc_pipeline",22,1,0.1,5,677346.5
7688,95,92,3,1720,0.0534883720930233,0.968421052631579,0.0315789473684211,0.1,0.21683237972828,0,0,0,0,0,NA,"TMMwsp",TRUE,FALSE,1.34012073405899,"ablate_exclusive",22,1,0.1,5,677346.5
3484,96,92,4,1720,0.0534883720930233,0.958333333333333,0.0416666666666667,0.05,0.182235989082875,0,0,0,0,0,NA,"TMM",TRUE,FALSE,0.761544622452806,"edger_default",22,1,0.1,5,677346.5
12994,151,144,7,1720,0.0837209302325581,0.95364238410596,0.0463576158940397,0.1,0.27130443393555,0,0.00255754475703325,0,52,3543,0.985323172452724,"TMMwsp",TRUE,FALSE,1.21480894538292,"ctc_pipeline",22,2,0.5,5,913961.5
9451,158,149,9,1720,0.0866279069767442,0.943037974683544,0.0569620253164557,0.1,0.260758582090116,0,0.00255754475703325,0,0,0,NA,"TMMwsp",TRUE,FALSE,1.15824091194339,"ablate_exclusive",22,2,0.5,5,913961.5
4931,147,142,5,1720,0.0825581395348837,0.965986394557823,0.0340136054421769,0.05,0.22830694047926,0,0.00255754475703325,0,0,0,NA,"TMM",TRUE,FALSE,0.709099806215893,"edger_default",22,2,0.5,5,913961.5
11834,97,96,1,1720,0.0558139534883721,0.989690721649485,0.0103092783505155,0.1,0.235201298752084,0,0,0,65,3804,0.982912723449001,"TMMwsp",TRUE,FALSE,1.36767406612221,"ctc_pipeline",22,3,1,5,594518.5
8030,117,112,5,1720,0.0651162790697674,0.957264957264957,0.0427350427350427,0.1,0.221251254403291,0,0,0,0,0,NA,"TMMwsp",TRUE,FALSE,1.30539415576577,"ablate_exclusive",22,3,1,5,594518.5
3729,109,106,3,1720,0.0616279069767442,0.972477064220184,0.0275229357798165,0.05,0.191512087082202,0,0,0,0,0,NA,"TMM",TRUE,FALSE,0.758252733428277,"edger_default",22,3,1,5,594518.5
12716,111,107,4,1720,0.0622093023255814,0.963963963963964,0.036036036036036,0.1,0.235338910485388,0,0.00246913580246914,0,89,3645,0.978875171467764,"TMMwsp",TRUE,FALSE,1.23822026543985,"ctc_pipeline",22,4,2,5,896688
9071,127,122,5,1720,0.0709302325581395,0.960629921259842,0.0393700787401575,0.1,0.223369401563185,0,0.00246913580246914,0,12,0,NA,"TMMwsp",TRUE,FALSE,1.17765527078707,"ablate_exclusive",22,4,2,5,896688
4976,118,115,3,1720,0.0668604651162791,0.974576271186441,0.0254237288135593,0.05,0.212683353471323,0,0.00246913580246914,0,0,0,NA,"TMM",TRUE,FALSE,0.780559689521314,"edger_default",22,4,2,5,896688
12467,121,114,7,1720,0.0662790697674419,0.942148760330578,0.0578512396694215,0.1,0.275979568977071,0,0,0,111,3728,0.979077253218884,"TMMwsp",TRUE,FALSE,1.31755414161437,"ctc_pipeline",22,5,5,5,687451
8739,136,124,12,1720,0.072093023255814,0.911764705882353,0.0882352941176471,0.1,0.249041587977371,0,0,0,33,0,NA,"TMMwsp",TRUE,FALSE,1.26275071891352,"ablate_exclusive",22,5,5,5,687451
4253,136,128,8,1720,0.0744186046511628,0.941176470588235,0.0588235294117647,0.05,0.212415561800585,0,0,0,0,0,NA,"TMM",TRUE,FALSE,0.743526635252889,"edger_default",22,5,5,5,687451
12482,113,111,2,1720,0.0645348837209302,0.982300884955752,0.0176991150442478,0.1,0.280444870242482,0.05,0.00254452926208651,0,117,3717,0.987893462469734,"TMMwsp",TRUE,FALSE,1.27516574178369,"ctc_pipeline",22,6,10,5,832970.5
8765,132,124,8,1720,0.072093023255814,0.93939393939394,0.0606060606060606,0.1,0.260887507400948,0.075,0.00254452926208651,0,72,0,NA,"TMMwsp",TRUE,FALSE,1.20824021883953,"ablate_exclusive",22,6,10,5,832970.5
4543,117,112,5,1720,0.0651162790697674,0.957264957264957,0.0427350427350427,0.05,0.210152080353781,0.0333333333333333,0,0,11,0,NA,"TMM",TRUE,FALSE,0.751110665575244,"edger_default",22,6,10,5,832970.5
13179,247,238,9,1720,0.138372093023256,0.963562753036437,0.0364372469635627,0.1,0.345728663005067,0.733333333333333,0,4,120,3436,0.99708963911525,"TMMwsp",TRUE,FALSE,1.17426620511913,"ctc_pipeline",22,7,20,5,988064
9743,259,249,10,1720,0.144767441860465,0.961389961389961,0.0386100386100386,0.1,0.335257976485161,0.75,0,0,110,0,NA,"TMMwsp",TRUE,FALSE,1.11469399994412,"ablate_exclusive",22,7,20,5,988064
5233,230,221,9,1720,0.128488372093023,0.960869565217391,0.0391304347826087,0.05,0.285839496576503,0.633333333333333,0,0,82,0,NA,"TMM",TRUE,FALSE,0.68429981133693,"edger_default",22,7,20,5,988064
12618,280,270,10,1720,0.156976744186047,0.964285714285714,0.0357142857142857,0.1,0.329862900262642,0.991666666666667,0,0,120,3622,1,"TMMwsp",TRUE,FALSE,1.25403434587847,"ctc_pipeline",22,8,50,5,885827
8996,298,280,18,1720,0.162790697674419,0.939597315436242,0.0604026845637584,0.1,0.322628131538042,1,0,0,120,0,NA,"TMMwsp",TRUE,FALSE,1.19787214667627,"ablate_exclusive",22,8,50,5,885827
4786,278,268,10,1720,0.155813953488372,0.964028776978417,0.0359712230215827,0.05,0.292140484473902,0.983333333333333,0,0,119,0,NA,"TMM",TRUE,FALSE,0.742734431580744,"edger_default",22,8,50,5,885827
12490,110,106,4,1720,0.0616279069767442,0.963636363636364,0.0363636363636364,0.1,0.244860130790597,0,0,0,7,3686,0.998100922409116,"TMMwsp",TRUE,FALSE,1.27555698758737,"ctc_pipeline",23,1,0.1,5,762913
8804,129,118,11,1720,0.0686046511627907,0.914728682170543,0.0852713178294574,0.1,0.238128649096194,0,0,0,0,0,NA,"TMMwsp",TRUE,FALSE,1.20978855942523,"ablate_exclusive",23,1,0.1,5,762913
4436,118,113,5,1720,0.0656976744186046,0.957627118644068,0.0423728813559322,0.05,0.214516542519587,0,0,0,0,0,NA,"TMM",TRUE,FALSE,0.726039011965263,"edger_default",23,1,0.1,5,762913
12848,121,116,5,1720,0.0674418604651163,0.958677685950413,0.0413223140495868,0.1,0.263130851826481,0,0,0,55,3525,0.984397163120567,"TMMwsp",TRUE,FALSE,1.23719739284517,"ctc_pipeline",23,2,0.5,5,1272915.5
9323,132,124,8,1720,0.072093023255814,0.93939393939394,0.0606060606060606,0.1,0.247792271336438,0,0,0,0,0,NA,"TMMwsp",TRUE,FALSE,1.17559392622089,"ablate_exclusive",23,2,0.5,5,1272915.5
5098,124,120,4,1720,0.0697674418604651,0.967741935483871,0.032258064516129,0.05,0.224914085042093,0,0,0,0,0,NA,"TMM",TRUE,FALSE,0.75500263597949,"edger_default",23,2,0.5,5,1272915.5
12751,158,151,7,1720,0.0877906976744186,0.955696202531646,0.0443037974683544,0.1,0.267702666445672,0,0,0,77,3684,0.979370249728556,"TMMwsp",TRUE,FALSE,1.23698173351486,"ctc_pipeline",23,3,1,5,901385.5
9067,172,161,11,1720,0.0936046511627907,0.936046511627907,0.063953488372093,0.1,0.256000076158624,0,0,0,1,0,NA,"TMMwsp",TRUE,FALSE,1.17726547696698,"ablate_exclusive",23,3,1,5,901385.5
4750,155,148,7,1720,0.086046511627907,0.954838709677419,0.0451612903225806,0.05,0.228658640965962,0,0,0,0,0,NA,"TMM",TRUE,FALSE,0.715775867856925,"edger_default",23,3,1,5,901385.5
13116,123,119,4,1720,0.0691860465116279,0.967479674796748,0.032520325203252,0.1,0.27253251440653,0,0,0,75,3678,0.981511691136487,"TMMwsp",TRUE,FALSE,1.24826858971186,"ctc_pipeline",23,4,2,5,735322
9438,144,133,11,1720,0.0773255813953488,0.923611111111111,0.0763888888888889,0.1,0.258548827126657,0,0,0,7,0,NA,"TMMwsp",TRUE,FALSE,1.19119450085439,"ablate_exclusive",23,4,2,5,735322
4707,133,130,3,1720,0.0755813953488372,0.977443609022556,0.0225563909774436,0.05,0.234188213679928,0,0,0,0,0,NA,"TMM",TRUE,FALSE,0.708023737436225,"edger_default",23,4,2,5,735322
12738,114,109,5,1720,0.0633720930232558,0.956140350877193,0.043859649122807,0.1,0.283774566135825,0,0,0,110,3700,0.984054054054054,"TMMwsp",TRUE,FALSE,1.26990031300663,"ctc_pipeline",23,5,5,5,996692.5
9038,125,118,7,1720,0.0686046511627907,0.944,0.056,0.1,0.262405590201882,0,0,0,51,0,NA,"TMMwsp",TRUE,FALSE,1.20956406265975,"ablate_exclusive",23,5,5,5,996692.5
4690,122,115,7,1720,0.0668604651162791,0.942622950819672,0.0573770491803279,0.05,0.215791076569142,0,0,0,3,0,NA,"TMM",TRUE,FALSE,0.746273692258209,"edger_default",23,5,5,5,996692.5
11824,96,94,2,1720,0.0546511627906977,0.979166666666667,0.0208333333333333,0.1,0.27412206146966,0.0333333333333333,0,0,116,3863,0.987315557856588,"TMMwsp",TRUE,FALSE,1.33990749261385,"ctc_pipeline",23,6,10,5,622910
7961,111,107,4,1720,0.0622093023255814,0.963963963963964,0.036036036036036,0.1,0.250086421773085,0.05,0,0,67,0,NA,"TMMwsp",TRUE,FALSE,1.2653426214689,"ablate_exclusive",23,6,10,5,622910
3577,95,93,2,1720,0.0540697674418605,0.978947368421053,0.0210526315789474,0.05,0.190912921988993,0.00833333333333333,0,0,3,0,NA,"TMM",TRUE,FALSE,0.700763671297662,"edger_default",23,6,10,5,622910
12604,221,215,6,1720,0.125,0.972850678733032,0.0271493212669683,0.1,0.342412797786384,0.633333333333333,0.00783289817232376,0,120,3641,0.998626750892612,"TMMwsp",TRUE,FALSE,1.24325749612084,"ctc_pipeline",23,7,20,5,935768.5
8963,253,242,11,1720,0.140697674418605,0.956521739130435,0.0434782608695652,0.1,0.328709896030836,0.725,0.00783289817232376,0,115,0,NA,"TMMwsp",TRUE,FALSE,1.17911351168348,"ablate_exclusive",23,7,20,5,935768.5
4688,235,226,9,1720,0.131395348837209,0.961702127659574,0.0382978723404255,0.05,0.285650996170148,0.666666666666667,0.00783289817232376,0,91,0,NA,"TMM",TRUE,FALSE,0.737528088858315,"edger_default",23,7,20,5,935768.5
12579,262,251,11,1720,0.14593023255814,0.958015267175573,0.0419847328244275,0.1,0.327654335785293,0.925,0,0,120,3717,1,"TMMwsp",TRUE,FALSE,1.26954833120212,"ctc_pipeline",23,8,50,5,561959.5
8862,271,260,11,1720,0.151162790697674,0.959409594095941,0.040590405904059,0.1,0.320465615692831,0.95,0,0,120,0,NA,"TMMwsp",TRUE,FALSE,1.20674563966619,"ablate_exclusive",23,8,50,5,561959.5
4314,246,238,8,1720,0.138372093023256,0.967479674796748,0.032520325203252,0.05,0.282411791991254,0.891666666666667,0,0,110,0,NA,"TMM",TRUE,FALSE,0.710874673317683,"edger_default",23,8,50,5,561959.5
12436,128,120,8,1720,0.0697674418604651,0.9375,0.0625,0.1,0.243489048547817,0,0,0,12,3603,0.996669442131557,"TMMwsp",TRUE,FALSE,1.27283336162605,"ctc_pipeline",24,1,0.1,5,865104.5
8833,145,134,11,1720,0.077906976744186,0.924137931034483,0.0758620689655172,0.1,0.233643469305566,0,0,0,0,0,NA,"TMMwsp",TRUE,FALSE,1.20854663751819,"ablate_exclusive",24,1,0.1,5,865104.5
4291,137,129,8,1720,0.075,0.941605839416058,0.0583941605839416,0.05,0.216012404815277,0,0,0,0,0,NA,"TMM",TRUE,FALSE,0.685143134885769,"edger_default",24,1,0.1,5,865104.5
12111,125,122,3,1720,0.0709302325581395,0.976,0.024,0.1,0.247781833323937,0,0.00255102040816327,0,41,3777,0.98914482393434,"TMMwsp",TRUE,FALSE,1.33953545428878,"ctc_pipeline",24,2,0.5,5,659929
8334,136,133,3,1720,0.0773255813953488,0.977941176470588,0.0220588235294118,0.1,0.232281136301997,0,0.00255102040816327,0,0,0,NA,"TMMwsp",TRUE,FALSE,1.27192276051732,"ablate_exclusive",24,2,0.5,5,659929
3862,130,127,3,1720,0.0738372093023256,0.976923076923077,0.0230769230769231,0.05,0.20365358337645,0,0.00255102040816327,0,0,0,NA,"TMM",TRUE,FALSE,0.701172754568165,"edger_default",24,2,0.5,5,659929
12404,122,118,4,1720,0.0686046511627907,0.967213114754098,0.0327868852459016,0.1,0.249633387330812,0,0,0,62,3656,0.983315098468271,"TMMwsp",TRUE,FALSE,1.30469279731452,"ctc_pipeline",24,3,1,5,724874
8748,130,126,4,1720,0.0732558139534884,0.969230769230769,0.0307692307692308,0.1,0.237859752422704,0,0,0,1,0,NA,"TMMwsp",TRUE,FALSE,1.24485802200112,"ablate_exclusive",24,3,1,5,724874
4412,130,126,4,1720,0.0732558139534884,0.969230769230769,0.0307692307692308,0.05,0.215446178253737,0,0,0,0,0,NA,"TMM",TRUE,FALSE,0.754282450577916,"edger_default",24,3,1,5,724874
12837,112,107,5,1720,0.0622093023255814,0.955357142857143,0.0446428571428571,0.1,0.259811734220721,0,0.00485436893203883,0,85,3616,0.978982300884956,"TMMwsp",TRUE,FALSE,1.21794488781877,"ctc_pipeline",24,4,2,5,941911
9221,131,121,10,1720,0.0703488372093023,0.923664122137405,0.0763358778625954,0.1,0.244320157073997,0,0.00485436893203883,0,9,0,NA,"TMMwsp",TRUE,FALSE,1.1590341658764,"ablate_exclusive",24,4,2,5,941911
5038,123,116,7,1720,0.0674418604651163,0.943089430894309,0.056910569105691,0.05,0.219720098523008,0,0.00485436893203883,0,0,0,NA,"TMM",TRUE,FALSE,0.738297304477902,"edger_default",24,4,2,5,941911
12512,114,108,6,1720,0.0627906976744186,0.947368421052632,0.0526315789473684,0.1,0.252761721461672,0,0.00467289719626168,0,118,3807,0.984502232729183,"TMMwsp",TRUE,FALSE,1.28476202024171,"ctc_pipeline",24,5,5,5,833334
8705,124,115,9,1720,0.0668604651162791,0.92741935483871,0.0725806451612903,0.1,0.238875161990661,0,0.00467289719626168,0,59,0,NA,"TMMwsp",TRUE,FALSE,1.20484809701023,"ablate_exclusive",24,5,5,5,833334
4474,119,108,11,1720,0.0627906976744186,0.907563025210084,0.092436974789916,0.05,0.199713197040036,0,0.00233644859813084,0,1,0,NA,"TMM",TRUE,FALSE,0.769438050038787,"edger_default",24,5,5,5,833334
11673,114,107,7,1720,0.0622093023255814,0.93859649122807,0.0614035087719298,0.1,0.269895334295745,0.0166666666666667,0,0,117,3723,0.987912973408541,"TMMwsp",TRUE,FALSE,1.38300442855924,"ctc_pipeline",24,6,10,5,801422.5
7950,125,118,7,1720,0.0686046511627907,0.944,0.056,0.1,0.248384953160559,0.0583333333333333,0,0,72,0,NA,"TMMwsp",TRUE,FALSE,1.30873208285689,"ablate_exclusive",24,6,10,5,801422.5
3881,119,112,7,1720,0.0651162790697674,0.941176470588235,0.0588235294117647,0.05,0.201069033240018,0.025,0,0,9,0,NA,"TMM",TRUE,FALSE,0.798336233777245,"edger_default",24,6,10,5,801422.5
12516,235,231,4,1720,0.134302325581395,0.982978723404255,0.0170212765957447,0.1,0.344446069460619,0.775,0,0,120,3659,0.998086908991528,"TMMwsp",TRUE,FALSE,1.27489307974256,"ctc_pipeline",24,7,20,5,1108360.5
8857,261,253,8,1720,0.147093023255814,0.969348659003831,0.0306513409961686,0.1,0.33078315108762,0.85,0,0,113,0,NA,"TMMwsp",TRUE,FALSE,1.20953496942869,"ablate_exclusive",24,7,20,5,1108360.5
4796,223,219,4,1720,0.127325581395349,0.982062780269058,0.0179372197309417,0.05,0.284540352341601,0.666666666666667,0,0,89,0,NA,"TMM",TRUE,FALSE,0.783591304810556,"edger_default",24,7,20,5,1108360.5
12393,281,266,15,1720,0.154651162790698,0.94661921708185,0.0533807829181495,0.1,0.333058801918455,1,0.00241545893719807,1,120,3716,0.9997308934338,"TMMwsp",TRUE,FALSE,1.28826245393731,"ctc_pipeline",24,8,50,5,784166.5
8677,291,273,18,1720,0.158720930232558,0.938144329896907,0.0618556701030928,0.1,0.323235477364905,0.991666666666667,0.00241545893719807,0,119,0,NA,"TMMwsp",TRUE,FALSE,1.23169720649398,"ablate_exclusive",24,8,50,5,784166.5
4516,266,257,9,1720,0.149418604651163,0.966165413533835,0.0338345864661654,0.05,0.293425428678429,0.958333333333333,0.00241545893719807,0,115,0,NA,"TMM",TRUE,FALSE,0.764590920926818,"edger_default",24,8,50,5,784166.5
12164,150,143,7,1720,0.0831395348837209,0.953333333333333,0.0466666666666667,0.1,0.249051186025639,0,0,0,11,3653,0.996988776348207,"TMMwsp",TRUE,FALSE,1.26672044890396,"ctc_pipeline",25,1,0.1,5,799082.5
8511,160,150,10,1720,0.0872093023255814,0.9375,0.0625,0.1,0.242558584982221,0,0,0,0,0,NA,"TMMwsp",TRUE,FALSE,1.19898036388118,"ablate_exclusive",25,1,0.1,5,799082.5
4255,151,143,8,1720,0.0831395348837209,0.947019867549669,0.0529801324503311,0.05,0.216275113837711,0,0,0,0,0,NA,"TMM",TRUE,FALSE,0.708149604845191,"edger_default",25,1,0.1,5,799082.5
12118,96,94,2,1720,0.0546511627906977,0.979166666666667,0.0208333333333333,0.1,0.226616291194325,0,0,0,40,3725,0.989261744966443,"TMMwsp",TRUE,FALSE,1.33664535002828,"ctc_pipeline",25,2,0.5,5,713896.5
8393,105,102,3,1720,0.0593023255813954,0.971428571428571,0.0285714285714286,0.1,0.215964555221797,0,0,0,0,0,NA,"TMMwsp",TRUE,FALSE,1.26851547502938,"ablate_exclusive",25,2,0.5,5,713896.5
4065,99,96,3,1720,0.0558139534883721,0.96969696969697,0.0303030303030303,0.05,0.190519878956298,0,0,0,0,0,NA,"TMM",TRUE,FALSE,0.74791079931126,"edger_default",25,2,0.5,5,713896.5
12662,142,133,9,1720,0.0773255813953488,0.936619718309859,0.0633802816901408,0.1,0.259162798951851,0,0,0,66,3636,0.981848184818482,"TMMwsp",TRUE,FALSE,1.23705077667983,"ctc_pipeline",25,3,1,5,802489.5
9026,154,142,12,1720,0.0825581395348837,0.922077922077922,0.0779220779220779,0.1,0.248181135113518,0,0,0,0,0,NA,"TMMwsp",TRUE,FALSE,1.17422439166513,"ablate_exclusive",25,3,1,5,802489.5
4339,149,140,9,1720,0.0813953488372093,0.939597315436242,0.0604026845637584,0.05,0.223746086893756,0,0,0,0,0,NA,"TMM",TRUE,FALSE,0.662828368748183,"edger_default",25,3,1,5,802489.5
13017,152,144,8,1720,0.0837209302325581,0.947368421052632,0.0526315789473684,0.1,0.272874252660254,0,0,0,107,3681,0.975821787557729,"TMMwsp",TRUE,FALSE,1.24543127438361,"ctc_pipeline",25,4,2,5,1090683.5
9336,175,161,14,1720,0.0936046511627907,0.92,0.08,0.1,0.256531939025711,0,0,0,18,0,NA,"TMMwsp",TRUE,FALSE,1.17797592076739,"ablate_exclusive",25,4,2,5,1090683.5
5034,165,152,13,1720,0.0883720930232558,0.921212121212121,0.0787878787878788,0.05,0.233160548884867,0,0,0,0,0,NA,"TMM",TRUE,FALSE,0.748678563111657,"edger_default",25,4,2,5,1090683.5
12375,117,115,2,1720,0.0668604651162791,0.982905982905983,0.0170940170940171,0.1,0.274038707448144,0,0,0,111,3675,0.981768707482993,"TMMwsp",TRUE,FALSE,1.34467492474474,"ctc_pipeline",25,5,5,5,643860.5
8700,135,129,6,1720,0.075,0.955555555555556,0.0444444444444444,0.1,0.26273394888375,0,0,0,44,0,NA,"TMMwsp",TRUE,FALSE,1.28142996379723,"ablate_exclusive",25,5,5,5,643860.5
4036,134,128,6,1720,0.0744186046511628,0.955223880597015,0.0447761194029851,0.05,0.214036344927744,0,0,0,0,0,NA,"TMM",TRUE,FALSE,0.723678929594642,"edger_default",25,5,5,5,643860.5
13038,165,159,6,1720,0.0924418604651163,0.963636363636364,0.0363636363636364,0.1,0.329875191490402,0.05,0,0,120,3543,0.989839119390347,"TMMwsp",TRUE,FALSE,1.23415654276526,"ctc_pipeline",25,6,10,5,886866
9495,184,173,11,1720,0.100581395348837,0.940217391304348,0.0597826086956522,0.1,0.310748955742601,0.075,0,0,84,0,NA,"TMMwsp",TRUE,FALSE,1.17891881373993,"ablate_exclusive",25,6,10,5,886866
4735,164,157,7,1720,0.0912790697674419,0.957317073170732,0.0426829268292683,0.05,0.2432027052554,0.0416666666666667,0,0,13,0,NA,"TMM",TRUE,FALSE,0.673446133316567,"edger_default",25,6,10,5,886866
13092,227,217,10,1720,0.126162790697674,0.955947136563877,0.0440528634361234,0.1,0.348594932212433,0.575,0,3,120,3448,0.996519721577726,"TMMwsp",TRUE,FALSE,1.22964374407578,"ctc_pipeline",25,7,20,5,789902.5
9644,241,228,13,1720,0.132558139534884,0.946058091286307,0.053941908713693,0.1,0.33455279202871,0.583333333333333,0,0,108,0,NA,"TMMwsp",TRUE,FALSE,1.1750017897928,"ablate_exclusive",25,7,20,5,789902.5
4983,214,204,10,1720,0.118604651162791,0.953271028037383,0.0467289719626168,0.05,0.274030099701976,0.425,0,0,54,0,NA,"TMM",TRUE,FALSE,0.705995707242857,"edger_default",25,7,20,5,789902.5
13035,300,285,15,1720,0.165697674418605,0.95,0.05,0.1,0.350064568738545,0.983333333333333,0.00236406619385343,0,120,3556,1,"TMMwsp",TRUE,FALSE,1.19343163208842,"ctc_pipeline",25,8,50,5,933725.5
9479,315,296,19,1720,0.172093023255814,0.93968253968254,0.0603174603174603,0.1,0.342042185773598,0.991666666666667,0.00236406619385343,0,120,0,NA,"TMMwsp",TRUE,FALSE,1.13682176300493,"ablate_exclusive",25,8,50,5,933725.5
5056,298,280,18,1720,0.162790697674419,0.939597315436242,0.0604026845637584,0.05,0.308503097081304,0.983333333333333,0,0,119,0,NA,"TMM",TRUE,FALSE,0.690955519618952,"edger_default",25,8,50,5,933725.5
12455,147,142,5,1720,0.0825581395348837,0.965986394557823,0.0340136054421769,0.1,0.253826059906242,0,0,0,19,3656,0.99480306345733,"TMMwsp",TRUE,FALSE,1.25741931190854,"ctc_pipeline",26,1,0.1,5,969652
8799,154,146,8,1720,0.0848837209302326,0.948051948051948,0.051948051948052,0.1,0.244445816937543,0,0,0,0,0,NA,"TMMwsp",TRUE,FALSE,1.1929417357459,"ablate_exclusive",26,1,0.1,5,969652
4574,145,137,8,1720,0.0796511627906977,0.944827586206897,0.0551724137931034,0.05,0.220284740030504,0,0,0,0,0,NA,"TMM",TRUE,FALSE,0.744436283051073,"edger_default",26,1,0.1,5,969652
12100,94,90,4,1720,0.0523255813953488,0.957446808510638,0.0425531914893617,0.1,0.226966085602368,0,0,0,47,3734,0.987948580610605,"TMMwsp",TRUE,FALSE,1.35450822371379,"ctc_pipeline",26,2,0.5,5,877905.5
8366,108,99,9,1720,0.0575581395348837,0.916666666666667,0.0833333333333333,0.1,0.211731887853285,0,0,0,2,0,NA,"TMMwsp",TRUE,FALSE,1.27692598709655,"ablate_exclusive",26,2,0.5,5,877905.5
4262,110,104,6,1720,0.0604651162790698,0.945454545454545,0.0545454545454545,0.05,0.198316735446664,0,0,0,0,0,NA,"TMM",TRUE,FALSE,0.799957442327258,"edger_default",26,2,0.5,5,877905.5
12981,154,147,7,1720,0.0854651162790698,0.954545454545455,0.0454545454545455,0.1,0.275816146306008,0,0,0,75,3627,0.98014888337469,"TMMwsp",TRUE,FALSE,1.21932597666897,"ctc_pipeline",26,3,1,5,1173431.5
9354,172,160,12,1720,0.0930232558139535,0.930232558139535,0.0697674418604651,0.1,0.258600032953867,0,0,0,3,0,NA,"TMMwsp",TRUE,FALSE,1.16472925321682,"ablate_exclusive",26,3,1,5,1173431.5
5226,160,153,7,1720,0.088953488372093,0.95625,0.04375,0.05,0.238046325887436,0,0,0,0,0,NA,"TMM",TRUE,FALSE,0.769837864749531,"edger_default",26,3,1,5,1173431.5
12940,168,160,8,1720,0.0930232558139535,0.952380952380952,0.0476190476190476,0.1,0.285077050711442,0,0,0,97,3584,0.977399553571429,"TMMwsp",TRUE,FALSE,1.24529889924139,"ctc_pipeline",26,4,2,5,1024026.5
9356,182,170,12,1720,0.0988372093023256,0.934065934065934,0.0659340659340659,0.1,0.268667877583592,0,0,0,16,0,NA,"TMMwsp",TRUE,FALSE,1.18792811860765,"ablate_exclusive",26,4,2,5,1024026.5
4868,171,163,8,1720,0.0947674418604651,0.953216374269006,0.0467836257309941,0.05,0.245945803893946,0,0,0,0,0,NA,"TMM",TRUE,FALSE,0.713484135827344,"edger_default",26,4,2,5,1024026.5
12904,121,112,9,1720,0.0651162790697674,0.925619834710744,0.0743801652892562,0.1,0.263440562460184,0,0,0,115,3588,0.979654403567447,"TMMwsp",TRUE,FALSE,1.24622157001339,"ctc_pipeline",26,5,5,5,831322
9316,136,123,13,1720,0.0715116279069767,0.904411764705882,0.0955882352941176,0.1,0.245988897991086,0,0,0,42,0,NA,"TMMwsp",TRUE,FALSE,1.19057004122044,"ablate_exclusive",26,5,5,5,831322
4836,124,115,9,1720,0.0668604651162791,0.92741935483871,0.0725806451612903,0.05,0.214033993119734,0,0,0,0,0,NA,"TMM",TRUE,FALSE,0.726499386866122,"edger_default",26,5,5,5,831322
12765,131,126,5,1720,0.0732558139534884,0.961832061068702,0.0381679389312977,0.1,0.298595454611437,0.00833333333333333,0.00244498777506112,0,120,3815,0.99213630406291,"TMMwsp",TRUE,FALSE,1.29068671772442,"ctc_pipeline",26,6,10,5,516173
8950,149,141,8,1720,0.0819767441860465,0.946308724832215,0.0536912751677852,0.1,0.279869174918892,0.025,0.00244498777506112,0,90,0,NA,"TMMwsp",TRUE,FALSE,1.22356209559414,"ablate_exclusive",26,6,10,5,516173
3898,134,128,6,1720,0.0744186046511628,0.955223880597015,0.0447761194029851,0.05,0.216742614467334,0.00833333333333333,0.00244498777506112,0,4,0,NA,"TMM",TRUE,FALSE,0.668440230507311,"edger_default",26,6,10,5,516173
12926,233,223,10,1720,0.129651162790698,0.957081545064378,0.0429184549356223,0.1,0.34201277864904,0.6,0.0048780487804878,1,119,3644,0.996706915477497,"TMMwsp",TRUE,FALSE,1.2311756714296,"ctc_pipeline",26,7,20,5,924645
9282,251,239,12,1720,0.138953488372093,0.952191235059761,0.047808764940239,0.1,0.325746283664865,0.65,0.0048780487804878,0,107,0,NA,"TMMwsp",TRUE,FALSE,1.17482827167085,"ablate_exclusive",26,7,20,5,924645
5143,222,213,9,1720,0.123837209302326,0.959459459459459,0.0405405405405405,0.05,0.279801274171816,0.5,0.0024390243902439,0,70,0,NA,"TMM",TRUE,FALSE,0.776023732290298,"edger_default",26,7,20,5,924645
13100,319,307,12,1720,0.178488372093023,0.962382445141066,0.0376175548589342,0.1,0.36454720153356,1,0,0,120,3432,1,"TMMwsp",TRUE,FALSE,1.1936500858533,"ctc_pipeline",26,8,50,5,973060.5
9668,334,315,19,1720,0.183139534883721,0.94311377245509,0.0568862275449102,0.1,0.349133795579726,1,0,0,120,0,NA,"TMMwsp",TRUE,FALSE,1.14041153457168,"ablate_exclusive",26,8,50,5,973060.5
5127,321,306,15,1720,0.177906976744186,0.953271028037383,0.0467289719626168,0.05,0.325924449592574,1,0,0,120,0,NA,"TMM",TRUE,FALSE,0.680498717640667,"edger_default",26,8,50,5,973060.5
12723,132,130,2,1720,0.0755813953488372,0.984848484848485,0.0151515151515152,0.1,0.252840946699115,0,0,0,13,3663,0.996450996450996,"TMMwsp",TRUE,FALSE,1.2270784834321,"ctc_pipeline",27,1,0.1,5,827854
9060,138,135,3,1720,0.0784883720930233,0.978260869565217,0.0217391304347826,0.1,0.242595965588258,0,0,0,0,0,NA,"TMMwsp",TRUE,FALSE,1.1676368542638,"ablate_exclusive",27,1,0.1,5,827854
4511,130,126,4,1720,0.0732558139534884,0.969230769230769,0.0307692307692308,0.05,0.214105020666741,0,0,0,0,0,NA,"TMM",TRUE,FALSE,0.682024142236361,"edger_default",27,1,0.1,5,827854
12384,122,119,3,1720,0.0691860465116279,0.975409836065574,0.0245901639344262,0.1,0.237667251964464,0,0,0,41,3740,0.98903743315508,"TMMwsp",TRUE,FALSE,1.27242931565962,"ctc_pipeline",27,2,0.5,5,831454
8644,132,128,4,1720,0.0744186046511628,0.96969696969697,0.0303030303030303,0.1,0.226336243919631,0,0,0,0,0,NA,"TMMwsp",TRUE,FALSE,1.20550942577424,"ablate_exclusive",27,2,0.5,5,831454
4327,128,125,3,1720,0.0726744186046512,0.9765625,0.0234375,0.05,0.21004153154908,0,0,0,0,0,NA,"TMM",TRUE,FALSE,0.712253731771212,"edger_default",27,2,0.5,5,831454
12721,129,127,2,1720,0.0738372093023256,0.984496124031008,0.0155038759689922,0.1,0.273789099915044,0,0,0,76,3779,0.9812119608362,"TMMwsp",TRUE,FALSE,1.24208403074598,"ctc_pipeline",27,3,1,5,951065.5
8942,142,138,4,1720,0.0802325581395349,0.971830985915493,0.028169014084507,0.1,0.25847808157202,0,0,0,5,0,NA,"TMMwsp",TRUE,FALSE,1.17059811284177,"ablate_exclusive",27,3,1,5,951065.5
4566,139,135,4,1720,0.0784883720930233,0.971223021582734,0.0287769784172662,0.05,0.223244300208357,0,0,0,0,0,NA,"TMM",TRUE,FALSE,0.714444467081399,"edger_default",27,3,1,5,951065.5
12859,107,105,2,1720,0.061046511627907,0.981308411214953,0.0186915887850467,0.1,0.239609258662527,0,0,0,94,3749,0.978927714057082,"TMMwsp",TRUE,FALSE,1.29409856229766,"ctc_pipeline",27,4,2,5,906228
9110,115,111,4,1720,0.0645348837209302,0.965217391304348,0.0347826086956522,0.1,0.228705679900033,0,0,0,15,0,NA,"TMMwsp",TRUE,FALSE,1.22225284973968,"ablate_exclusive",27,4,2,5,906228
4683,108,105,3,1720,0.061046511627907,0.972222222222222,0.0277777777777778,0.05,0.201330581362754,0,0,0,0,0,NA,"TMM",TRUE,FALSE,0.746421798855203,"edger_default",27,4,2,5,906228
12705,138,130,8,1720,0.0755813953488372,0.942028985507246,0.0579710144927536,0.1,0.299483363438085,0.00833333333333333,0,0,109,3609,0.982266555832641,"TMMwsp",TRUE,FALSE,1.26627215505903,"ctc_pipeline",27,5,5,5,931087
9096,157,147,10,1720,0.0854651162790698,0.936305732484076,0.0636942675159236,0.1,0.277919087527614,0.025,0,0,45,0,NA,"TMMwsp",TRUE,FALSE,1.20194961652313,"ablate_exclusive",27,5,5,5,931087
4598,144,136,8,1720,0.0790697674418605,0.944444444444444,0.0555555555555556,0.05,0.231583828634534,0.00833333333333333,0,0,2,0,NA,"TMM",TRUE,FALSE,0.721708625526318,"edger_default",27,5,5,5,931087
12430,153,146,7,1720,0.0848837209302326,0.954248366013072,0.0457516339869281,0.1,0.316588890353587,0.0583333333333333,0,0,116,3612,0.99031007751938,"TMMwsp",TRUE,FALSE,1.29423804007238,"ctc_pipeline",27,6,10,5,993392
8818,171,160,11,1720,0.0930232558139535,0.935672514619883,0.064327485380117,0.1,0.291446051863681,0.0833333333333333,0,0,81,0,NA,"TMMwsp",TRUE,FALSE,1.2316659360378,"ablate_exclusive",27,6,10,5,993392
4533,149,145,4,1720,0.0843023255813953,0.973154362416107,0.0268456375838926,0.05,0.233252804311568,0.0333333333333333,0,0,7,0,NA,"TMM",TRUE,FALSE,0.755602919378897,"edger_default",27,6,10,5,993392
12830,255,239,16,1720,0.138953488372093,0.937254901960784,0.0627450980392157,0.1,0.338278184469716,0.716666666666667,0,1,120,3584,0.998883928571429,"TMMwsp",TRUE,FALSE,1.21226752234799,"ctc_pipeline",27,7,20,5,781910
9246,282,259,23,1720,0.150581395348837,0.918439716312057,0.0815602836879433,0.1,0.320685979232492,0.758333333333333,0,0,116,0,NA,"TMMwsp",TRUE,FALSE,1.15708141022526,"ablate_exclusive",27,7,20,5,781910
4519,229,218,11,1720,0.126744186046512,0.951965065502183,0.0480349344978166,0.05,0.262215244021046,0.558333333333333,0,0,76,0,NA,"TMM",TRUE,FALSE,0.647854960143385,"edger_default",27,7,20,5,781910
12161,237,231,6,1720,0.134302325581395,0.974683544303797,0.0253164556962025,0.1,0.324178070399351,0.983333333333333,0,0,120,3730,1,"TMMwsp",TRUE,FALSE,1.32998139390733,"ctc_pipeline",27,8,50,5,749860.5
8431,252,242,10,1720,0.140697674418605,0.96031746031746,0.0396825396825397,0.1,0.312454871627954,0.991666666666667,0,0,120,0,NA,"TMMwsp",TRUE,FALSE,1.26333360689396,"ablate_exclusive",27,8,50,5,749860.5
4107,244,236,8,1720,0.137209302325581,0.967213114754098,0.0327868852459016,0.05,0.282773441897502,0.975,0,0,117,0,NA,"TMM",TRUE,FALSE,0.725112798840784,"edger_default",27,8,50,5,749860.5
12569,132,124,8,1720,0.072093023255814,0.93939393939394,0.0606060606060606,0.1,0.252823806281204,0,0,0,11,3615,0.996957123098202,"TMMwsp",TRUE,FALSE,1.25641967010055,"ctc_pipeline",28,1,0.1,5,1040346
8954,142,134,8,1720,0.077906976744186,0.943661971830986,0.0563380281690141,0.1,0.246857645304273,0,0,0,0,0,NA,"TMMwsp",TRUE,FALSE,1.20038540772048,"ablate_exclusive",28,1,0.1,5,1040346
4851,138,133,5,1720,0.0773255813953488,0.963768115942029,0.036231884057971,0.05,0.231940301286995,0,0,0,0,0,NA,"TMM",TRUE,FALSE,0.777247664305542,"edger_default",28,1,0.1,5,1040346
12311,103,97,6,1720,0.0563953488372093,0.941747572815534,0.058252427184466,0.1,0.233885433416955,0,0,0,28,3772,0.992576882290562,"TMMwsp",TRUE,FALSE,1.31747656167289,"ctc_pipeline",28,2,0.5,5,977178
8539,112,106,6,1720,0.0616279069767442,0.946428571428571,0.0535714285714286,0.1,0.222325202361265,0,0,0,0,0,NA,"TMMwsp",TRUE,FALSE,1.24017037720901,"ablate_exclusive",28,2,0.5,5,977178
4487,111,108,3,1720,0.0627906976744186,0.972972972972973,0.027027027027027,0.05,0.203514231797541,0,0,0,0,0,NA,"TMM",TRUE,FALSE,0.793943153663515,"edger_default",28,2,0.5,5,977178
12703,134,133,1,1720,0.0773255813953488,0.992537313432836,0.00746268656716418,0.1,0.254184612649069,0,0,0,69,3589,0.982446363889663,"TMMwsp",TRUE,FALSE,1.25197062073264,"ctc_pipeline",28,3,1,5,871964.5
9114,153,144,9,1720,0.0837209302325581,0.941176470588235,0.0588235294117647,0.1,0.243916424785733,0,0,0,6,0,NA,"TMMwsp",TRUE,FALSE,1.1912848376554,"ablate_exclusive",28,3,1,5,871964.5
4789,149,143,6,1720,0.0831395348837209,0.959731543624161,0.0402684563758389,0.05,0.224420713793922,0,0,0,0,0,NA,"TMM",TRUE,FALSE,0.732562340236811,"edger_default",28,3,1,5,871964.5
12676,138,130,8,1720,0.0755813953488372,0.942028985507246,0.0579710144927536,0.1,0.269765719172781,0,0,0,82,3694,0.979967514889009,"TMMwsp",TRUE,FALSE,1.2470641350983,"ctc_pipeline",28,4,2,5,979285.5
8982,154,145,9,1720,0.0843023255813953,0.941558441558442,0.0584415584415584,0.1,0.24945086956451,0,0,0,8,0,NA,"TMMwsp",TRUE,FALSE,1.19025285713081,"ablate_exclusive",28,4,2,5,979285.5
4908,140,133,7,1720,0.0773255813953488,0.95,0.05,0.05,0.215653979375811,0,0,0,0,0,NA,"TMM",TRUE,FALSE,0.768563663669235,"edger_default",28,4,2,5,979285.5
12267,120,116,4,1720,0.0674418604651163,0.966666666666667,0.0333333333333333,0.1,0.261220236460255,0,0,0,103,3880,0.980154639175258,"TMMwsp",TRUE,FALSE,1.28780550454131,"ctc_pipeline",28,5,5,5,479806
8387,136,130,6,1720,0.0755813953488372,0.955882352941177,0.0441176470588235,0.1,0.239651454301588,0,0,0,26,0,NA,"TMMwsp",TRUE,FALSE,1.22693646753146,"ablate_exclusive",28,5,5,5,479806
3762,129,124,5,1720,0.072093023255814,0.961240310077519,0.0387596899224806,0.05,0.207277500694486,0,0,0,0,0,NA,"TMM",TRUE,FALSE,0.674586167523282,"edger_default",28,5,5,5,479806
12442,146,139,7,1720,0.0808139534883721,0.952054794520548,0.047945205479452,0.1,0.314047614785079,0.141666666666667,0,0,120,3674,0.993467610234077,"TMMwsp",TRUE,FALSE,1.25473238729501,"ctc_pipeline",28,6,10,5,1093959.5
8768,174,164,10,1720,0.0953488372093023,0.942528735632184,0.0574712643678161,0.1,0.296535197479263,0.208333333333333,0,0,96,0,NA,"TMMwsp",TRUE,FALSE,1.19332967510668,"ablate_exclusive",28,6,10,5,1093959.5
4821,152,146,6,1720,0.0848837209302326,0.960526315789474,0.0394736842105263,0.05,0.244467315132897,0.15,0,0,32,0,NA,"TMM",TRUE,FALSE,0.789393287401209,"edger_default",28,6,10,5,1093959.5
12799,207,197,10,1720,0.11453488372093,0.951690821256039,0.0483091787439614,0.1,0.333498444983154,0.425,0,0,120,3548,0.998308906426156,"TMMwsp",TRUE,FALSE,1.25331461969979,"ctc_pipeline",28,7,20,5,687213
9251,243,226,17,1720,0.131395348837209,0.930041152263374,0.0699588477366255,0.1,0.321218449102782,0.55,0,0,114,0,NA,"TMMwsp",TRUE,FALSE,1.2001820717217,"ablate_exclusive",28,7,20,5,687213
4535,199,187,12,1720,0.108720930232558,0.939698492462312,0.0603015075376884,0.05,0.256260753674633,0.325,0,0,47,0,NA,"TMM",TRUE,FALSE,0.698652175712948,"edger_default",28,7,20,5,687213
12902,271,261,10,1720,0.151744186046512,0.96309963099631,0.03690036900369,0.1,0.331798125126435,1,0,1,120,3585,0.999721059972106,"TMMwsp",TRUE,FALSE,1.20736371503212,"ctc_pipeline",28,8,50,5,983591.5
9317,293,277,16,1720,0.161046511627907,0.945392491467577,0.0546075085324232,0.1,0.319455332347444,0.991666666666667,0,0,119,0,NA,"TMMwsp",TRUE,FALSE,1.14829681901695,"ablate_exclusive",28,8,50,5,983591.5
5060,278,268,10,1720,0.155813953488372,0.964028776978417,0.0359712230215827,0.05,0.294263835774252,0.966666666666667,0,0,116,0,NA,"TMM",TRUE,FALSE,0.732845195960854,"edger_default",28,8,50,5,983591.5
12513,141,132,9,1720,0.0767441860465116,0.936170212765957,0.0638297872340425,0.1,0.256197542200501,0,0,0,4,3711,0.998922123416869,"TMMwsp",TRUE,FALSE,1.28072630009366,"ctc_pipeline",29,1,0.1,5,713064
8802,154,145,9,1720,0.0843023255813953,0.941558441558442,0.0584415584415584,0.1,0.24573899581309,0,0,0,0,0,NA,"TMMwsp",TRUE,FALSE,1.21299195914848,"ablate_exclusive",29,1,0.1,5,713064
4537,143,137,6,1720,0.0796511627906977,0.958041958041958,0.041958041958042,0.05,0.224878630192538,0,0,0,0,0,NA,"TMM",TRUE,FALSE,0.747213451019619,"edger_default",29,1,0.1,5,713064
11862,105,99,6,1720,0.0575581395348837,0.942857142857143,0.0571428571428571,0.1,0.228188146929226,0,0,0,32,3700,0.991351351351351,"TMMwsp",TRUE,FALSE,1.34391578910108,"ctc_pipeline",29,2,0.5,5,709434
8162,129,118,11,1720,0.0686046511627907,0.914728682170543,0.0852713178294574,0.1,0.215632618419434,0,0,0,0,0,NA,"TMMwsp",TRUE,FALSE,1.28559826392526,"ablate_exclusive",29,2,0.5,5,709434
3873,119,112,7,1720,0.0651162790697674,0.941176470588235,0.0588235294117647,0.05,0.198128511168552,0,0,0,0,0,NA,"TMM",TRUE,FALSE,0.764785360328096,"edger_default",29,2,0.5,5,709434
12610,142,139,3,1720,0.0808139534883721,0.97887323943662,0.0211267605633803,0.1,0.25166446923571,0,0.0024390243902439,0,63,3691,0.983473313465186,"TMMwsp",TRUE,FALSE,1.26978131946854,"ctc_pipeline",29,3,1,5,816961.5
8919,149,143,6,1720,0.0831395348837209,0.959731543624161,0.0402684563758389,0.1,0.241553891095644,0,0.0024390243902439,0,2,0,NA,"TMMwsp",TRUE,FALSE,1.20799297772508,"ablate_exclusive",29,3,1,5,816961.5
4489,140,133,7,1720,0.0773255813953488,0.95,0.05,0.05,0.22448949473196,0,0.0024390243902439,0,0,0,NA,"TMM",TRUE,FALSE,0.727865013990261,"edger_default",29,3,1,5,816961.5
12606,159,151,8,1720,0.0877906976744186,0.949685534591195,0.050314465408805,0.1,0.275153661908939,0,0,0,85,3673,0.979036210182412,"TMMwsp",TRUE,FALSE,1.22051730689096,"ctc_pipeline",29,4,2,5,829963.5
8933,174,162,12,1720,0.0941860465116279,0.931034482758621,0.0689655172413793,0.1,0.255135765862893,0,0,0,8,0,NA,"TMMwsp",TRUE,FALSE,1.16069267092149,"ablate_exclusive",29,4,2,5,829963.5
4624,159,153,6,1720,0.088953488372093,0.962264150943396,0.0377358490566038,0.05,0.231018530130417,0,0,0,0,0,NA,"TMM",TRUE,FALSE,0.705557957152569,"edger_default",29,4,2,5,829963.5
12769,110,108,2,1720,0.0627906976744186,0.981818181818182,0.0181818181818182,0.1,0.271940868197889,0,0,0,114,3641,0.980774512496567,"TMMwsp",TRUE,FALSE,1.25923834115132,"ctc_pipeline",29,5,5,5,794554
9128,126,121,5,1720,0.0703488372093023,0.96031746031746,0.0396825396825397,0.1,0.249212815582603,0,0,0,44,0,NA,"TMMwsp",TRUE,FALSE,1.19491813485838,"ablate_exclusive",29,5,5,5,794554
4662,120,116,4,1720,0.0674418604651163,0.966666666666667,0.0333333333333333,0.05,0.207845482890585,0,0,0,1,0,NA,"TMM",TRUE,FALSE,0.72734979784857,"edger_default",29,5,5,5,794554
12211,121,114,7,1720,0.0662790697674419,0.942148760330578,0.0578512396694215,0.1,0.281772451596105,0.0416666666666667,0,0,118,3775,0.986490066225166,"TMMwsp",TRUE,FALSE,1.32091308041235,"ctc_pipeline",29,6,10,5,658943
8436,141,133,8,1720,0.0773255813953488,0.943262411347518,0.0567375886524823,0.1,0.255029337921015,0.0666666666666667,0,0,67,0,NA,"TMMwsp",TRUE,FALSE,1.26012742161107,"ablate_exclusive",29,6,10,5,658943
3841,119,114,5,1720,0.0662790697674419,0.957983193277311,0.0420168067226891,0.05,0.197287091880855,0.025,0,0,3,0,NA,"TMM",TRUE,FALSE,0.697898205948727,"edger_default",29,6,10,5,658943
12026,155,148,7,1720,0.086046511627907,0.954838709677419,0.0451612903225806,0.1,0.304223169862502,0.425,0,2,120,3675,0.993197278911565,"TMMwsp",TRUE,FALSE,1.3694357311465,"ctc_pipeline",29,7,20,5,627106.5
8351,180,170,10,1720,0.0988372093023256,0.944444444444444,0.0555555555555556,0.1,0.289864006510146,0.491666666666667,0,0,95,0,NA,"TMMwsp",TRUE,FALSE,1.30779791822379,"ablate_exclusive",29,7,20,5,627106.5
3778,124,122,2,1720,0.0709302325581395,0.983870967741935,0.0161290322580645,0.05,0.217902445754969,0.15,0,0,22,0,NA,"TMM",TRUE,FALSE,0.760563498857909,"edger_default",29,7,20,5,627106.5
13493,340,315,25,1720,0.183139534883721,0.926470588235294,0.0735294117647059,0.1,0.35053325482083,1,0,0,120,3496,1,"TMMwsp",TRUE,FALSE,1.16938831386717,"ctc_pipeline",29,8,50,5,1151357.5
9997,353,325,28,1720,0.188953488372093,0.920679886685552,0.0793201133144476,0.1,0.343909195863377,1,0,0,120,0,NA,"TMMwsp",TRUE,FALSE,1.1129067855036,"ablate_exclusive",29,8,50,5,1151357.5
5428,322,303,19,1720,0.176162790697674,0.940993788819876,0.0590062111801242,0.05,0.312772485400154,1,0,0,120,0,NA,"TMM",TRUE,FALSE,0.689235229338917,"edger_default",29,8,50,5,1151357.5
12140,103,101,2,1720,0.0587209302325581,0.980582524271845,0.0194174757281553,0.1,0.236457563919055,0,0,0,5,3763,0.998671272920542,"TMMwsp",TRUE,FALSE,1.31042846442268,"ctc_pipeline",30,1,0.1,5,669706
8377,108,106,2,1720,0.0616279069767442,0.981481481481482,0.0185185185185185,0.1,0.23292748744589,0,0,0,0,0,NA,"TMMwsp",TRUE,FALSE,1.23243910603029,"ablate_exclusive",30,1,0.1,5,669706
4011,110,108,2,1720,0.0627906976744186,0.981818181818182,0.0181818181818182,0.05,0.206151137641068,0,0,0,0,0,NA,"TMM",TRUE,FALSE,0.713613826102461,"edger_default",30,1,0.1,5,669706
12578,133,132,1,1720,0.0767441860465116,0.992481203007519,0.0075187969924812,0.1,0.259724122856169,0,0,0,40,3606,0.988907376594565,"TMMwsp",TRUE,FALSE,1.26185968735485,"ctc_pipeline",30,2,0.5,5,687666
8972,140,139,1,1720,0.0808139534883721,0.992857142857143,0.00714285714285714,0.1,0.242919103836913,0,0,0,0,0,NA,"TMMwsp",TRUE,FALSE,1.2103541176231,"ablate_exclusive",30,2,0.5,5,687666
4392,133,133,0,1720,0.0773255813953488,1,0,0.05,0.218178527343909,0,0,0,0,0,NA,"TMM",TRUE,FALSE,0.703450201858655,"edger_default",30,2,0.5,5,687666
13061,112,106,6,1720,0.0616279069767442,0.946428571428571,0.0535714285714286,0.1,0.275327464253487,0,0,0,68,3561,0.982308340353833,"TMMwsp",TRUE,FALSE,1.20687378841043,"ctc_pipeline",30,3,1,5,1082771
9500,123,116,7,1720,0.0674418604651163,0.943089430894309,0.056910569105691,0.1,0.255993345300556,0,0,0,5,0,NA,"TMMwsp",TRUE,FALSE,1.15311403185827,"ablate_exclusive",30,3,1,5,1082771
5152,117,113,4,1720,0.0656976744186046,0.965811965811966,0.0341880341880342,0.05,0.23023487514577,0,0,0,0,0,NA,"TMM",TRUE,FALSE,0.711036603445925,"edger_default",30,3,1,5,1082771
13491,157,150,7,1720,0.0872093023255814,0.955414012738854,0.0445859872611465,0.1,0.273281258622984,0,0.00503778337531486,0,91,3510,0.97948717948718,"TMMwsp",TRUE,FALSE,1.18964976502844,"ctc_pipeline",30,4,2,5,1034485.5
9981,172,162,10,1720,0.0941860465116279,0.941860465116279,0.0581395348837209,0.1,0.256237641040846,0,0.00503778337531486,0,19,0,NA,"TMMwsp",TRUE,FALSE,1.13600921963791,"ablate_exclusive",30,4,2,5,1034485.5
5372,167,159,8,1720,0.0924418604651163,0.952095808383233,0.0479041916167665,0.05,0.231680495356231,0,0.00503778337531486,0,0,0,NA,"TMM",TRUE,FALSE,0.687026602119305,"edger_default",30,4,2,5,1034485.5
12310,116,108,8,1720,0.0627906976744186,0.931034482758621,0.0689655172413793,0.1,0.251826300151155,0,0,0,112,3825,0.984575163398693,"TMMwsp",TRUE,FALSE,1.31520747886681,"ctc_pipeline",30,5,5,5,740997.5
8485,123,114,9,1720,0.0662790697674419,0.926829268292683,0.0731707317073171,0.1,0.236211116435737,0,0,0,53,0,NA,"TMMwsp",TRUE,FALSE,1.24063191811805,"ablate_exclusive",30,5,5,5,740997.5
4065,116,109,7,1720,0.0633720930232558,0.939655172413793,0.0603448275862069,0.05,0.196809291291711,0,0,0,1,0,NA,"TMM",TRUE,FALSE,0.719286657030916,"edger_default",30,5,5,5,740997.5
12907,132,129,3,1720,0.075,0.977272727272727,0.0227272727272727,0.1,0.310252097336943,0.0416666666666667,0,0,120,3634,0.993946064942212,"TMMwsp",TRUE,FALSE,1.2869185478262,"ctc_pipeline",30,6,10,5,903354
9273,157,150,7,1720,0.0872093023255814,0.955414012738854,0.0445859872611465,0.1,0.293068660564423,0.108333333333333,0,0,98,0,NA,"TMMwsp",TRUE,FALSE,1.23024087048458,"ablate_exclusive",30,6,10,5,903354
4810,142,137,5,1720,0.0796511627906977,0.964788732394366,0.0352112676056338,0.05,0.239671145508322,0.05,0,0,18,0,NA,"TMM",TRUE,FALSE,0.754813594260399,"edger_default",30,6,10,5,903354
12968,229,217,12,1720,0.126162790697674,0.947598253275109,0.0524017467248908,0.1,0.341072044593414,0.441666666666667,0,0,120,3567,0.995794785534062,"TMMwsp",TRUE,FALSE,1.21990592251316,"ctc_pipeline",30,7,20,5,933598.5
9401,265,246,19,1720,0.143023255813953,0.928301886792453,0.0716981132075472,0.1,0.33022081680702,0.55,0,0,105,0,NA,"TMMwsp",TRUE,FALSE,1.15563967166583,"ablate_exclusive",30,7,20,5,933598.5
5236,227,217,10,1720,0.126162790697674,0.955947136563877,0.0440528634361234,0.05,0.282219763734482,0.475,0,0,70,0,NA,"TMM",TRUE,FALSE,0.76339873306851,"edger_default",30,7,20,5,933598.5
12732,258,250,8,1720,0.145348837209302,0.968992248062015,0.0310077519379845,0.1,0.321674043151081,0.991666666666667,0,0,120,3665,1,"TMMwsp",TRUE,FALSE,1.25238837713741,"ctc_pipeline",30,8,50,5,738722
9067,278,264,14,1720,0.153488372093023,0.949640287769784,0.0503597122302158,0.1,0.314634783568649,1,0.00237529691211401,0,120,0,NA,"TMMwsp",TRUE,FALSE,1.1976584523102,"ablate_exclusive",30,8,50,5,738722
4595,250,241,9,1720,0.140116279069767,0.964,0.036,0.05,0.286876932936781,0.958333333333333,0,0,116,0,NA,"TMM",TRUE,FALSE,0.728612337275005,"edger_default",30,8,50,5,738722
12887,155,146,9,1720,0.0848837209302326,0.941935483870968,0.0580645161290323,0.1,0.259893039617968,0,0,0,6,3497,0.998284243637404,"TMMwsp",TRUE,FALSE,1.20140911071384,"ctc_pipeline",31,1,0.1,5,926490
9390,164,152,12,1720,0.0883720930232558,0.926829268292683,0.0731707317073171,0.1,0.249998083163635,0,0,0,0,0,NA,"TMMwsp",TRUE,FALSE,1.14900888361717,"ablate_exclusive",31,1,0.1,5,926490
5089,154,146,8,1720,0.0848837209302326,0.948051948051948,0.051948051948052,0.05,0.229329285623999,0,0,0,0,0,NA,"TMM",TRUE,FALSE,0.732458111723495,"edger_default",31,1,0.1,5,926490
12557,107,104,3,1720,0.0604651162790698,0.97196261682243,0.0280373831775701,0.1,0.242341123447149,0,0,0,50,3745,0.986648865153538,"TMMwsp",TRUE,FALSE,1.28968432352948,"ctc_pipeline",31,2,0.5,5,830024
8812,123,117,6,1720,0.0680232558139535,0.951219512195122,0.048780487804878,0.1,0.233631603915169,0,0.00259067357512953,0,0,0,NA,"TMMwsp",TRUE,FALSE,1.22735746410938,"ablate_exclusive",31,2,0.5,5,830024
4472,113,110,3,1720,0.063953488372093,0.973451327433628,0.0265486725663717,0.05,0.21112567610267,0,0,0,0,0,NA,"TMM",TRUE,FALSE,0.744937955850667,"edger_default",31,2,0.5,5,830024
12993,149,142,7,1720,0.0825581395348837,0.953020134228188,0.0469798657718121,0.1,0.263282945363115,0,0,0,69,3502,0.982295830953741,"TMMwsp",TRUE,FALSE,1.19275794186807,"ctc_pipeline",31,3,1,5,1065023
9491,162,154,8,1720,0.0895348837209302,0.950617283950617,0.0493827160493827,0.1,0.253322832047073,0,0,0,7,0,NA,"TMMwsp",TRUE,FALSE,1.13980116051721,"ablate_exclusive",31,3,1,5,1065023
5250,151,146,5,1720,0.0848837209302326,0.966887417218543,0.033112582781457,0.05,0.234552474322823,0,0,0,0,0,NA,"TMM",TRUE,FALSE,0.72368908803462,"edger_default",31,3,1,5,1065023
12325,108,101,7,1720,0.0587209302325581,0.935185185185185,0.0648148148148148,0.1,0.233899246884956,0,0,0,90,3786,0.978869519281564,"TMMwsp",TRUE,FALSE,1.27796766366359,"ctc_pipeline",31,4,2,5,698371.5
8539,124,112,12,1720,0.0651162790697674,0.903225806451613,0.0967741935483871,0.1,0.221615163883465,0,0,0,10,0,NA,"TMMwsp",TRUE,FALSE,1.21733277902314,"ablate_exclusive",31,4,2,5,698371.5
4147,122,112,10,1720,0.0651162790697674,0.918032786885246,0.0819672131147541,0.05,0.198478661191964,0,0,0,0,0,NA,"TMM",TRUE,FALSE,0.719679604008577,"edger_default",31,4,2,5,698371.5
12492,124,123,1,1720,0.0715116279069767,0.991935483870968,0.00806451612903226,0.1,0.266751216131599,0,0,0,111,3771,0.98170246618934,"TMMwsp",TRUE,FALSE,1.29526931094723,"ctc_pipeline",31,5,5,5,611922.5
8721,135,132,3,1720,0.0767441860465116,0.977777777777778,0.0222222222222222,0.1,0.247621264039189,0,0,0,42,0,NA,"TMMwsp",TRUE,FALSE,1.23520945456628,"ablate_exclusive",31,5,5,5,611922.5
4172,129,127,2,1720,0.0738372093023256,0.984496124031008,0.0155038759689922,0.05,0.211711835937946,0,0,0,0,0,NA,"TMM",TRUE,FALSE,0.702879219665461,"edger_default",31,5,5,5,611922.5
12954,161,156,5,1720,0.0906976744186047,0.968944099378882,0.031055900621118,0.1,0.314490192674264,0.133333333333333,0.00267379679144385,1,117,3579,0.984911986588432,"TMMwsp",TRUE,FALSE,1.23545238295092,"ctc_pipeline",31,6,10,5,1048669
9375,167,160,7,1720,0.0930232558139535,0.958083832335329,0.0419161676646707,0.1,0.289257953342697,0.125,0.0053475935828877,0,63,0,NA,"TMMwsp",TRUE,FALSE,1.17462292331589,"ablate_exclusive",31,6,10,5,1048669
5123,159,152,7,1720,0.0883720930232558,0.955974842767296,0.0440251572327044,0.05,0.246117255881022,0.0916666666666667,0.00267379679144385,0,17,0,NA,"TMM",TRUE,FALSE,0.756605171184772,"edger_default",31,6,10,5,1048669
13360,258,247,11,1720,0.143604651162791,0.957364341085271,0.0426356589147287,0.1,0.342365640682335,0.725,0,0,120,3576,0.998322147651007,"TMMwsp",TRUE,FALSE,1.1950298745203,"ctc_pipeline",31,7,20,5,1157134.5
9784,274,261,13,1720,0.151744186046512,0.952554744525547,0.0474452554744526,0.1,0.333035919089504,0.783333333333333,0,0,114,0,NA,"TMMwsp",TRUE,FALSE,1.13913539138169,"ablate_exclusive",31,7,20,5,1157134.5
5517,250,241,9,1720,0.140116279069767,0.964,0.036,0.05,0.29369361823864,0.75,0,0,99,0,NA,"TMM",TRUE,FALSE,0.745017737033825,"edger_default",31,7,20,5,1157134.5
12292,269,248,21,1720,0.144186046511628,0.921933085501859,0.0780669144981413,0.1,0.326744330905252,1,0,0,120,3648,1,"TMMwsp",TRUE,FALSE,1.29020562538932,"ctc_pipeline",31,8,50,5,798485
8644,288,261,27,1720,0.151744186046512,0.90625,0.09375,0.1,0.311916530181514,1,0,0,120,0,NA,"TMMwsp",TRUE,FALSE,1.22021610965673,"ablate_exclusive",31,8,50,5,798485
4292,262,244,18,1720,0.141860465116279,0.931297709923664,0.0687022900763359,0.05,0.275483242346123,0.991666666666667,0,0,119,0,NA,"TMM",TRUE,FALSE,0.725095669880252,"edger_default",31,8,50,5,798485
12155,111,107,4,1720,0.0622093023255814,0.963963963963964,0.036036036036036,0.1,0.23538513787654,0,0,0,14,3689,0.996204933586338,"TMMwsp",TRUE,FALSE,1.32890347665165,"ctc_pipeline",32,1,0.1,5,1068027
8466,122,118,4,1720,0.0686046511627907,0.967213114754098,0.0327868852459016,0.1,0.226780179969604,0,0,0,0,0,NA,"TMMwsp",TRUE,FALSE,1.26600157417371,"ablate_exclusive",32,1,0.1,5,1068027
4362,109,106,3,1720,0.0616279069767442,0.972477064220184,0.0275229357798165,0.05,0.202103023416986,0,0,0,0,0,NA,"TMM",TRUE,FALSE,0.778408867595488,"edger_default",32,1,0.1,5,1068027
13116,175,163,12,1720,0.0947674418604651,0.931428571428571,0.0685714285714286,0.1,0.275016637303291,0,0.00256410256410256,0,48,3597,0.986655546288574,"TMMwsp",TRUE,FALSE,1.1932720648741,"ctc_pipeline",32,2,0.5,5,1006957.5
9519,185,171,14,1720,0.0994186046511628,0.924324324324324,0.0756756756756757,0.1,0.266719595874198,0,0.00256410256410256,0,0,0,NA,"TMMwsp",TRUE,FALSE,1.13600986866908,"ablate_exclusive",32,2,0.5,5,1006957.5
5130,175,165,10,1720,0.0959302325581395,0.942857142857143,0.0571428571428571,0.05,0.235815237895523,0,0.00256410256410256,0,0,0,NA,"TMM",TRUE,FALSE,0.699326278532282,"edger_default",32,2,0.5,5,1006957.5
11988,118,113,5,1720,0.0656976744186046,0.957627118644068,0.0423728813559322,0.1,0.242737467171285,0,0,0,49,3747,0.986922871630638,"TMMwsp",TRUE,FALSE,1.32549977383299,"ctc_pipeline",32,3,1,5,706221
8241,126,119,7,1720,0.0691860465116279,0.944444444444444,0.0555555555555556,0.1,0.229953225898583,0,0,0,0,0,NA,"TMMwsp",TRUE,FALSE,1.25041721534247,"ablate_exclusive",32,3,1,5,706221
4001,124,121,3,1720,0.0703488372093023,0.975806451612903,0.0241935483870968,0.05,0.207796050676663,0,0,0,0,0,NA,"TMM",TRUE,FALSE,0.723560849863839,"edger_default",32,3,1,5,706221
12188,124,119,5,1720,0.0691860465116279,0.959677419354839,0.0403225806451613,0.1,0.24976735669704,0,0.00241545893719807,0,84,3913,0.980577561972911,"TMMwsp",TRUE,FALSE,1.3178096986333,"ctc_pipeline",32,4,2,5,668984.5
8275,139,127,12,1720,0.0738372093023256,0.913669064748201,0.0863309352517986,0.1,0.233227093718103,0,0.00241545893719807,0,8,0,NA,"TMMwsp",TRUE,FALSE,1.2568891788645,"ablate_exclusive",32,4,2,5,668984.5
3950,128,119,9,1720,0.0691860465116279,0.9296875,0.0703125,0.05,0.205611311226654,0,0.00241545893719807,0,0,0,NA,"TMM",TRUE,FALSE,0.742738526732651,"edger_default",32,4,2,5,668984.5
12842,140,133,7,1720,0.0773255813953488,0.95,0.05,0.1,0.280707719166812,0,0,0,117,3710,0.980862533692722,"TMMwsp",TRUE,FALSE,1.2243080136883,"ctc_pipeline",32,5,5,5,891397
9132,152,142,10,1720,0.0825581395348837,0.93421052631579,0.0657894736842105,0.1,0.265635466887557,0,0,0,46,0,NA,"TMMwsp",TRUE,FALSE,1.16325867319553,"ablate_exclusive",32,5,5,5,891397
4711,144,137,7,1720,0.0796511627906977,0.951388888888889,0.0486111111111111,0.05,0.227044260737748,0,0,0,0,0,NA,"TMM",TRUE,FALSE,0.701264201721892,"edger_default",32,5,5,5,891397
12303,99,96,3,1720,0.0558139534883721,0.96969696969697,0.0303030303030303,0.1,0.289607723717819,0,0,0,119,3807,0.989755713159968,"TMMwsp",TRUE,FALSE,1.30419073501641,"ctc_pipeline",32,6,10,5,845136
8496,110,106,4,1720,0.0616279069767442,0.963636363636364,0.0363636363636364,0.1,0.271070012310589,0,0,0,80,0,NA,"TMMwsp",TRUE,FALSE,1.23653773001911,"ablate_exclusive",32,6,10,5,845136
4181,106,103,3,1720,0.0598837209302326,0.971698113207547,0.0283018867924528,0.05,0.213229136014914,0,0,0,11,0,NA,"TMM",TRUE,FALSE,0.761006263135226,"edger_default",32,6,10,5,845136
13503,280,265,15,1720,0.15406976744186,0.946428571428571,0.0535714285714286,0.1,0.363460103268719,0.833333333333333,0,1,120,3456,0.998553240740741,"TMMwsp",TRUE,FALSE,1.19858084891286,"ctc_pipeline",32,7,20,5,1066785.5
10047,300,277,23,1720,0.161046511627907,0.923333333333333,0.0766666666666667,0.1,0.34993787411831,0.841666666666667,0,0,115,0,NA,"TMMwsp",TRUE,FALSE,1.14909722906954,"ablate_exclusive",32,7,20,5,1066785.5
5576,244,232,12,1720,0.134883720930233,0.950819672131147,0.0491803278688525,0.05,0.293174773799192,0.616666666666667,0,0,75,0,NA,"TMM",TRUE,FALSE,0.729987649294907,"edger_default",32,7,20,5,1066785.5
12945,279,272,7,1720,0.158139534883721,0.974910394265233,0.025089605734767,0.1,0.333421647526369,0.991666666666667,0.00242130750605327,0,120,3577,1,"TMMwsp",TRUE,FALSE,1.2304101847525,"ctc_pipeline",32,8,50,5,1060612.5
9368,291,282,9,1720,0.163953488372093,0.969072164948454,0.0309278350515464,0.1,0.323701983212129,0.991666666666667,0.00242130750605327,0,120,0,NA,"TMMwsp",TRUE,FALSE,1.1724342406513,"ablate_exclusive",32,8,50,5,1060612.5
5112,274,269,5,1720,0.156395348837209,0.981751824817518,0.0182481751824818,0.05,0.297238239990623,0.991666666666667,0.00242130750605327,0,120,0,NA,"TMM",TRUE,FALSE,0.746766963453942,"edger_default",32,8,50,5,1060612.5
12019,115,110,5,1720,0.063953488372093,0.956521739130435,0.0434782608695652,0.1,0.239939269239532,0,0,0,11,3700,0.997027027027027,"TMMwsp",TRUE,FALSE,1.29901323865658,"ctc_pipeline",33,1,0.1,5,775317
8319,124,119,5,1720,0.0691860465116279,0.959677419354839,0.0403225806451613,0.1,0.231013892660231,0,0,0,0,0,NA,"TMMwsp",TRUE,FALSE,1.22685565645954,"ablate_exclusive",33,1,0.1,5,775317
4254,117,113,4,1720,0.0656976744186046,0.965811965811966,0.0341880341880342,0.05,0.206650356673131,0,0,0,0,0,NA,"TMM",TRUE,FALSE,0.764925594460064,"edger_default",33,1,0.1,5,775317
12792,135,132,3,1720,0.0767441860465116,0.977777777777778,0.0222222222222222,0.1,0.263326974613978,0,0,0,28,3622,0.992269464384318,"TMMwsp",TRUE,FALSE,1.21431728805126,"ctc_pipeline",33,2,0.5,5,850333.5
9170,150,143,7,1720,0.0831395348837209,0.953333333333333,0.0466666666666667,0.1,0.255299651648152,0,0,0,0,0,NA,"TMMwsp",TRUE,FALSE,1.14993556669839,"ablate_exclusive",33,2,0.5,5,850333.5
4833,140,136,4,1720,0.0790697674418605,0.971428571428571,0.0285714285714286,0.05,0.224833223422605,0,0,0,0,0,NA,"TMM",TRUE,FALSE,0.707850281293715,"edger_default",33,2,0.5,5,850333.5
12747,139,134,5,1720,0.077906976744186,0.964028776978417,0.0359712230215827,0.1,0.268406038603509,0,0,0,66,3615,0.982295988934993,"TMMwsp",TRUE,FALSE,1.22158062892588,"ctc_pipeline",33,3,1,5,1065760
9132,159,152,7,1720,0.0883720930232558,0.955974842767296,0.0440251572327044,0.1,0.256513297108057,0,0,0,2,0,NA,"TMMwsp",TRUE,FALSE,1.16769519505591,"ablate_exclusive",33,3,1,5,1065760
5026,147,141,6,1720,0.0819767441860465,0.959183673469388,0.0408163265306122,0.05,0.23165281710739,0,0,0,0,0,NA,"TMM",TRUE,FALSE,0.757440540006646,"edger_default",33,3,1,5,1065760
11832,101,100,1,1720,0.0581395348837209,0.99009900990099,0.0099009900990099,0.1,0.248105547997555,0,0,0,71,3855,0.982101167315175,"TMMwsp",TRUE,FALSE,1.33086762317144,"ctc_pipeline",33,4,2,5,725576
7977,117,114,3,1720,0.0662790697674419,0.974358974358974,0.0256410256410256,0.1,0.2359714585013,0,0,0,2,0,NA,"TMMwsp",TRUE,FALSE,1.25938556262745,"ablate_exclusive",33,4,2,5,725576
3852,113,110,3,1720,0.063953488372093,0.973451327433628,0.0265486725663717,0.05,0.212442938336371,0,0,0,0,0,NA,"TMM",TRUE,FALSE,0.768717887196564,"edger_default",33,4,2,5,725576
12399,111,108,3,1720,0.0627906976744186,0.972972972972973,0.027027027027027,0.1,0.26661906680281,0,0,0,115,3731,0.982846421870812,"TMMwsp",TRUE,FALSE,1.29904900212017,"ctc_pipeline",33,5,5,5,929451.5
8668,122,118,4,1720,0.0686046511627907,0.967213114754098,0.0327868852459016,0.1,0.248965728833655,0,0,0,51,0,NA,"TMMwsp",TRUE,FALSE,1.21426775566242,"ablate_exclusive",33,5,5,5,929451.5
4508,121,117,4,1720,0.0680232558139535,0.966942148760331,0.0330578512396694,0.05,0.211990999587714,0,0,0,0,0,NA,"TMM",TRUE,FALSE,0.756417205292755,"edger_default",33,5,5,5,929451.5
12503,119,113,6,1720,0.0656976744186046,0.949579831932773,0.0504201680672269,0.1,0.297745818054004,0.108333333333333,0,0,119,3661,0.990986069379951,"TMMwsp",TRUE,FALSE,1.29681887464846,"ctc_pipeline",33,6,10,5,1090586
8842,143,133,10,1720,0.0773255813953488,0.93006993006993,0.0699300699300699,0.1,0.272070759501829,0.158333333333333,0,0,86,0,NA,"TMMwsp",TRUE,FALSE,1.23139617130496,"ablate_exclusive",33,6,10,5,1090586
4643,125,120,5,1720,0.0697674418604651,0.96,0.04,0.05,0.212472199218184,0.0416666666666667,0,0,14,0,NA,"TMM",TRUE,FALSE,0.779393405062916,"edger_default",33,6,10,5,1090586
11612,130,124,6,1720,0.072093023255814,0.953846153846154,0.0461538461538462,0.1,0.283037674276782,0.266666666666667,0,1,120,3687,0.995389205315975,"TMMwsp",TRUE,FALSE,1.36149618320381,"ctc_pipeline",33,7,20,5,492856
7925,152,143,9,1720,0.0831395348837209,0.94078947368421,0.0592105263157895,0.1,0.26928609493694,0.358333333333333,0,0,103,0,NA,"TMMwsp",TRUE,FALSE,1.29237487275427,"ablate_exclusive",33,7,20,5,492856
3473,116,110,6,1720,0.063953488372093,0.948275862068966,0.0517241379310345,0.05,0.203743753485163,0.141666666666667,0,0,27,0,NA,"TMM",TRUE,FALSE,0.730646482771439,"edger_default",33,7,20,5,492856
13569,275,266,9,1720,0.154651162790698,0.967272727272727,0.0327272727272727,0.1,0.344961105816795,1,0,0,120,3469,1,"TMMwsp",TRUE,FALSE,1.14713164450104,"ctc_pipeline",33,8,50,5,1039835
10100,291,277,14,1720,0.161046511627907,0.951890034364261,0.0481099656357388,0.1,0.331546964595412,1,0,0,120,0,NA,"TMMwsp",TRUE,FALSE,1.09635169680269,"ablate_exclusive",33,8,50,5,1039835
5602,273,263,10,1720,0.152906976744186,0.963369963369963,0.0366300366300366,0.05,0.303447043170099,1,0,0,120,0,NA,"TMM",TRUE,FALSE,0.697472051734254,"edger_default",33,8,50,5,1039835
12135,102,98,4,1720,0.0569767441860465,0.96078431372549,0.0392156862745098,0.1,0.244851113045158,0,0,0,7,3713,0.998114732022623,"TMMwsp",TRUE,FALSE,1.29471225765108,"ctc_pipeline",34,1,0.1,5,699469
8422,111,106,5,1720,0.0616279069767442,0.954954954954955,0.045045045045045,0.1,0.237482977322135,0,0,0,0,0,NA,"TMMwsp",TRUE,FALSE,1.22956830348199,"ablate_exclusive",34,1,0.1,5,699469
4317,102,98,4,1720,0.0569767441860465,0.96078431372549,0.0392156862745098,0.05,0.211876850639874,0,0,0,0,0,NA,"TMM",TRUE,FALSE,0.757251053631382,"edger_default",34,1,0.1,5,699469
11666,95,92,3,1720,0.0534883720930233,0.968421052631579,0.0315789473684211,0.1,0.22881029261171,0,0,0,33,3808,0.991334033613445,"TMMwsp",TRUE,FALSE,1.38015157623659,"ctc_pipeline",34,2,0.5,5,763849
7858,108,104,4,1720,0.0604651162790698,0.962962962962963,0.037037037037037,0.1,0.222129619949989,0,0,0,0,0,NA,"TMMwsp",TRUE,FALSE,1.31027497488367,"ablate_exclusive",34,2,0.5,5,763849
3770,110,107,3,1720,0.0622093023255814,0.972727272727273,0.0272727272727273,0.05,0.202958572181026,0,0,0,0,0,NA,"TMM",TRUE,FALSE,0.784924443010352,"edger_default",34,2,0.5,5,763849
13295,148,144,4,1720,0.0837209302325581,0.972972972972973,0.027027027027027,0.1,0.269654509153947,0,0.00246913580246914,0,72,3531,0.980458793542906,"TMMwsp",TRUE,FALSE,1.20113763355796,"ctc_pipeline",34,3,1,5,954246
9764,166,153,13,1720,0.088953488372093,0.921686746987952,0.0783132530120482,0.1,0.255017399310409,0,0.00246913580246914,0,3,0,NA,"TMMwsp",TRUE,FALSE,1.14955637150363,"ablate_exclusive",34,3,1,5,954246
5228,154,149,5,1720,0.0866279069767442,0.967532467532468,0.0324675324675325,0.05,0.230378052200583,0,0.00246913580246914,0,0,0,NA,"TMM",TRUE,FALSE,0.708004826054922,"edger_default",34,3,1,5,954246
12481,120,113,7,1720,0.0656976744186046,0.941666666666667,0.0583333333333333,0.1,0.259034614669722,0,0,0,86,3649,0.979172375993423,"TMMwsp",TRUE,FALSE,1.2870246469985,"ctc_pipeline",34,4,2,5,821201
8832,129,120,9,1720,0.0697674418604651,0.930232558139535,0.0697674418604651,0.1,0.239685644582723,0,0,0,10,0,NA,"TMMwsp",TRUE,FALSE,1.22695304203856,"ablate_exclusive",34,4,2,5,821201
4356,122,117,5,1720,0.0680232558139535,0.959016393442623,0.040983606557377,0.05,0.208946962199318,0,0,0,0,0,NA,"TMM",TRUE,FALSE,0.728918488973503,"edger_default",34,4,2,5,821201
13061,131,129,2,1720,0.075,0.984732824427481,0.0152671755725191,0.1,0.29710008338956,0,0,0,118,3518,0.983229107447413,"TMMwsp",TRUE,FALSE,1.21359230470862,"ctc_pipeline",34,5,5,5,1068965.5
9543,146,139,7,1720,0.0808139534883721,0.952054794520548,0.047945205479452,0.1,0.27706355967565,0,0,0,59,0,NA,"TMMwsp",TRUE,FALSE,1.15613855079243,"ablate_exclusive",34,5,5,5,1068965.5
5173,141,138,3,1720,0.0802325581395349,0.978723404255319,0.0212765957446809,0.05,0.229311569029827,0,0,0,2,0,NA,"TMM",TRUE,FALSE,0.716277129082925,"edger_default",34,5,5,5,1068965.5
12675,138,131,7,1720,0.0761627906976744,0.949275362318841,0.0507246376811594,0.1,0.311166382594188,0,0,0,120,3736,0.995985010706638,"TMMwsp",TRUE,FALSE,1.27876618836791,"ctc_pipeline",34,6,10,5,763179
8939,160,146,14,1720,0.0848837209302326,0.9125,0.0875,0.1,0.297893820973493,0.00833333333333333,0,0,105,0,NA,"TMMwsp",TRUE,FALSE,1.21343169740926,"ablate_exclusive",34,6,10,5,763179
4387,137,128,9,1720,0.0744186046511628,0.934306569343066,0.0656934306569343,0.05,0.233449837966415,0,0,0,13,0,NA,"TMM",TRUE,FALSE,0.723331675754124,"edger_default",34,6,10,5,763179
12102,198,187,11,1720,0.108720930232558,0.944444444444444,0.0555555555555556,0.1,0.325503287310617,0.358333333333333,0,2,120,3798,0.994997367035282,"TMMwsp",TRUE,FALSE,1.31032362686481,"ctc_pipeline",34,7,20,5,631586
8304,238,220,18,1720,0.127906976744186,0.92436974789916,0.0756302521008403,0.1,0.306455061384301,0.45,0,0,101,0,NA,"TMMwsp",TRUE,FALSE,1.23891319722694,"ablate_exclusive",34,7,20,5,631586
4080,197,189,8,1720,0.109883720930233,0.959390862944162,0.0406091370558376,0.05,0.244702664785063,0.3,0,0,43,0,NA,"TMM",TRUE,FALSE,0.716409164817072,"edger_default",34,7,20,5,631586
11300,234,226,8,1720,0.131395348837209,0.965811965811966,0.0341880341880342,0.1,0.314851344362608,1,0,0,120,3702,1,"TMMwsp",TRUE,FALSE,1.38493861253968,"ctc_pipeline",34,8,50,5,818385.5
7598,258,243,15,1720,0.141279069767442,0.941860465116279,0.0581395348837209,0.1,0.305339040172623,1,0,0,120,0,NA,"TMMwsp",TRUE,FALSE,1.30956222572548,"ablate_exclusive",34,8,50,5,818385.5
3812,244,232,12,1720,0.134883720930233,0.950819672131147,0.0491803278688525,0.05,0.274766336545203,0.983333333333333,0,0,118,0,NA,"TMM",TRUE,FALSE,0.83861215983216,"edger_default",34,8,50,5,818385.5
11801,107,105,2,1720,0.061046511627907,0.981308411214953,0.0186915887850467,0.1,0.237358095804112,0,0,0,7,3662,0.99808847624249,"TMMwsp",TRUE,FALSE,1.30491919450191,"ctc_pipeline",35,1,0.1,5,633201.5
8139,117,114,3,1720,0.0662790697674419,0.974358974358974,0.0256410256410256,0.1,0.229286650706612,0,0,0,0,0,NA,"TMMwsp",TRUE,FALSE,1.23744409719432,"ablate_exclusive",35,1,0.1,5,633201.5
3988,116,114,2,1720,0.0662790697674419,0.982758620689655,0.0172413793103448,0.05,0.20659457040702,0,0,0,0,0,NA,"TMM",TRUE,FALSE,0.733879169549063,"edger_default",35,1,0.1,5,633201.5
12852,160,155,5,1720,0.0901162790697674,0.96875,0.03125,0.1,0.281196402070519,0,0,0,40,3543,0.988710132655941,"TMMwsp",TRUE,FALSE,1.20546262224065,"ctc_pipeline",35,2,0.5,5,1103459.5
9309,179,167,12,1720,0.097093023255814,0.932960893854749,0.0670391061452514,0.1,0.271560067093755,0,0.00254452926208651,0,0,0,NA,"TMMwsp",TRUE,FALSE,1.14805599983819,"ablate_exclusive",35,2,0.5,5,1103459.5
4970,168,159,9,1720,0.0924418604651163,0.946428571428571,0.0535714285714286,0.05,0.246735975069458,0,0,0,0,0,NA,"TMM",TRUE,FALSE,0.724719526726601,"edger_default",35,2,0.5,5,1103459.5
13055,139,134,5,1720,0.077906976744186,0.964028776978417,0.0359712230215827,0.1,0.264509811997229,0,0,0,80,3754,0.979754928076718,"TMMwsp",TRUE,FALSE,1.21688665659101,"ctc_pipeline",35,3,1,5,1152548
9301,151,143,8,1720,0.0831395348837209,0.947019867549669,0.0529801324503311,0.1,0.251267676803994,0,0,0,4,0,NA,"TMMwsp",TRUE,FALSE,1.15060273085869,"ablate_exclusive",35,3,1,5,1152548
5125,153,143,10,1720,0.0831395348837209,0.934640522875817,0.065359477124183,0.05,0.224460679579932,0,0,0,0,0,NA,"TMM",TRUE,FALSE,0.740927492911816,"edger_default",35,3,1,5,1152548
12976,130,128,2,1720,0.0744186046511628,0.984615384615385,0.0153846153846154,0.1,0.265836680785115,0,0,0,88,3564,0.97979797979798,"TMMwsp",TRUE,FALSE,1.20792590096261,"ctc_pipeline",35,4,2,5,907007
9412,135,132,3,1720,0.0767441860465116,0.977777777777778,0.0222222222222222,0.1,0.252652233176697,0,0,0,16,0,NA,"TMMwsp",TRUE,FALSE,1.15230870773273,"ablate_exclusive",35,4,2,5,907007
4799,133,130,3,1720,0.0755813953488372,0.977443609022556,0.0225563909774436,0.05,0.216442847060098,0,0,0,0,0,NA,"TMM",TRUE,FALSE,0.671125169233008,"edger_default",35,4,2,5,907007
12666,116,112,4,1720,0.0651162790697674,0.96551724137931,0.0344827586206897,0.1,0.279824971214482,0,0,0,114,3694,0.983757444504602,"TMMwsp",TRUE,FALSE,1.27390839017163,"ctc_pipeline",35,5,5,5,955345.5
8972,121,116,5,1720,0.0674418604651163,0.958677685950413,0.0413223140495868,0.1,0.262388884227972,0,0,0,54,0,NA,"TMMwsp",TRUE,FALSE,1.20579118849256,"ablate_exclusive",35,5,5,5,955345.5
4658,120,116,4,1720,0.0674418604651163,0.966666666666667,0.0333333333333333,0.05,0.219445121690823,0,0,0,3,0,NA,"TMM",TRUE,FALSE,0.751634386035717,"edger_default",35,5,5,5,955345.5
12635,112,107,5,1720,0.0622093023255814,0.955357142857143,0.0446428571428571,0.1,0.303570326608081,0.0416666666666667,0,0,117,3750,0.986133333333333,"TMMwsp",TRUE,FALSE,1.28105011410758,"ctc_pipeline",35,6,10,5,945838
8885,129,123,6,1720,0.0715116279069767,0.953488372093023,0.0465116279069767,0.1,0.275312030719062,0.0666666666666667,0,0,65,0,NA,"TMMwsp",TRUE,FALSE,1.21254824381618,"ablate_exclusive",35,6,10,5,945838
4759,114,111,3,1720,0.0645348837209302,0.973684210526316,0.0263157894736842,0.05,0.226259951799748,0.025,0,0,7,0,NA,"TMM",TRUE,FALSE,0.769190449034843,"edger_default",35,6,10,5,945838
12164,163,157,6,1720,0.0912790697674419,0.96319018404908,0.0368098159509202,0.1,0.310985694101269,0.341666666666667,0,0,120,3724,0.997851772287862,"TMMwsp",TRUE,FALSE,1.34115179922699,"ctc_pipeline",35,7,20,5,949255.5
8440,202,193,9,1720,0.112209302325581,0.955445544554455,0.0445544554455446,0.1,0.297726721861843,0.516666666666667,0,0,112,0,NA,"TMMwsp",TRUE,FALSE,1.27578026645567,"ablate_exclusive",35,7,20,5,949255.5
4506,171,167,4,1720,0.097093023255814,0.976608187134503,0.0233918128654971,0.05,0.253815452649859,0.408333333333333,0,0,71,0,NA,"TMM",TRUE,FALSE,0.842890767012858,"edger_default",35,7,20,5,949255.5
12301,279,264,15,1720,0.153488372093023,0.946236559139785,0.0537634408602151,0.1,0.322588361100961,0.958333333333333,0,0,120,3739,1,"TMMwsp",TRUE,FALSE,1.3054915632988,"ctc_pipeline",35,8,50,5,850839
8562,293,275,18,1720,0.159883720930233,0.938566552901024,0.0614334470989761,0.1,0.316036522443952,0.975,0,0,120,0,NA,"TMMwsp",TRUE,FALSE,1.23590455949362,"ablate_exclusive",35,8,50,5,850839
4543,275,259,16,1720,0.150581395348837,0.941818181818182,0.0581818181818182,0.05,0.283559935781657,0.966666666666667,0,0,119,0,NA,"TMM",TRUE,FALSE,0.805211954738185,"edger_default",35,8,50,5,850839
11571,101,98,3,1720,0.0569767441860465,0.97029702970297,0.0297029702970297,0.1,0.225502250316475,0,0,0,9,3839,0.99765563948945,"TMMwsp",TRUE,FALSE,1.37341864598636,"ctc_pipeline",36,1,0.1,5,846090.5
7732,112,107,5,1720,0.0622093023255814,0.955357142857143,0.0446428571428571,0.1,0.214745641196474,0,0,0,0,0,NA,"TMMwsp",TRUE,FALSE,1.30111213714275,"ablate_exclusive",36,1,0.1,5,846090.5
3797,107,102,5,1720,0.0593023255813954,0.953271028037383,0.0467289719626168,0.05,0.193071145828396,0,0,0,0,0,NA,"TMM",TRUE,FALSE,0.783053226592577,"edger_default",36,1,0.1,5,846090.5
12265,127,119,8,1720,0.0691860465116279,0.937007874015748,0.062992125984252,0.1,0.248286604913741,0,0,0,36,3727,0.99034075664073,"TMMwsp",TRUE,FALSE,1.27752994711069,"ctc_pipeline",36,2,0.5,5,840197.5
8538,145,136,9,1720,0.0790697674418605,0.937931034482759,0.0620689655172414,0.1,0.238100053695614,0,0,0,0,0,NA,"TMMwsp",TRUE,FALSE,1.217960596785,"ablate_exclusive",36,2,0.5,5,840197.5
4454,142,133,9,1720,0.0773255813953488,0.936619718309859,0.0633802816901408,0.05,0.221258091125895,0,0,0,0,0,NA,"TMM",TRUE,FALSE,0.770004793110733,"edger_default",36,2,0.5,5,840197.5
13189,128,128,0,1720,0.0744186046511628,1,0,0.1,0.271115520931529,0,0,0,60,3584,0.984375,"TMMwsp",TRUE,FALSE,1.19000291886684,"ctc_pipeline",36,3,1,5,1142140.5
9605,137,135,2,1720,0.0784883720930233,0.985401459854015,0.0145985401459854,0.1,0.25379706252864,0,0,0,4,0,NA,"TMMwsp",TRUE,FALSE,1.13615047374506,"ablate_exclusive",36,3,1,5,1142140.5
5386,133,132,1,1720,0.0767441860465116,0.992481203007519,0.0075187969924812,0.05,0.229367048036575,0,0,0,0,0,NA,"TMM",TRUE,FALSE,0.732158933479217,"edger_default",36,3,1,5,1142140.5
12953,138,132,6,1720,0.0767441860465116,0.956521739130435,0.0434782608695652,0.1,0.267366728824323,0,0.00241545893719807,0,89,3636,0.978547854785479,"TMMwsp",TRUE,FALSE,1.25319792788402,"ctc_pipeline",36,4,2,5,1080461
9317,155,146,9,1720,0.0848837209302326,0.941935483870968,0.0580645161290323,0.1,0.253194462308647,0,0.00241545893719807,0,11,0,NA,"TMMwsp",TRUE,FALSE,1.19620929346982,"ablate_exclusive",36,4,2,5,1080461
5077,144,137,7,1720,0.0796511627906977,0.951388888888889,0.0486111111111111,0.05,0.228281974713769,0,0.00241545893719807,0,0,0,NA,"TMM",TRUE,FALSE,0.770095950361286,"edger_default",36,4,2,5,1080461
13058,143,135,8,1720,0.0784883720930233,0.944055944055944,0.0559440559440559,0.1,0.287298572581076,0.0166666666666667,0,0,110,3640,0.97967032967033,"TMMwsp",TRUE,FALSE,1.19535043366014,"ctc_pipeline",36,5,5,5,926086
9418,160,149,11,1720,0.0866279069767442,0.93125,0.06875,0.1,0.265946013766673,0.0166666666666667,0,0,36,0,NA,"TMMwsp",TRUE,FALSE,1.13247485238646,"ablate_exclusive",36,5,5,5,926086
4950,154,147,7,1720,0.0854651162790698,0.954545454545455,0.0454545454545455,0.05,0.230999197414681,0.00833333333333333,0,0,1,0,NA,"TMM",TRUE,FALSE,0.69769646570631,"edger_default",36,5,5,5,926086
12600,127,120,7,1720,0.0697674418604651,0.94488188976378,0.0551181102362205,0.1,0.298491500711991,0.075,0,0,120,3641,0.990661906069761,"TMMwsp",TRUE,FALSE,1.29747678800047,"ctc_pipeline",36,6,10,5,864404
8959,145,135,10,1720,0.0784883720930233,0.931034482758621,0.0689655172413793,0.1,0.28001703664472,0.1,0,0,86,0,NA,"TMMwsp",TRUE,FALSE,1.23378103402761,"ablate_exclusive",36,6,10,5,864404
4534,142,133,9,1720,0.0773255813953488,0.936619718309859,0.0633802816901408,0.05,0.22181097004114,0.05,0,0,14,0,NA,"TMM",TRUE,FALSE,0.755329594390088,"edger_default",36,6,10,5,864404
12815,241,225,16,1720,0.130813953488372,0.933609958506224,0.0663900414937759,0.1,0.331380408360152,0.7,0,0,120,3431,0.997085397843194,"TMMwsp",TRUE,FALSE,1.18423276432902,"ctc_pipeline",36,7,20,5,1043824
9384,260,235,25,1720,0.136627906976744,0.903846153846154,0.0961538461538462,0.1,0.317664913419329,0.725,0,0,110,0,NA,"TMMwsp",TRUE,FALSE,1.12882752148265,"ablate_exclusive",36,7,20,5,1043824
5286,220,206,14,1720,0.119767441860465,0.936363636363636,0.0636363636363636,0.05,0.275788797873049,0.608333333333333,0,0,84,0,NA,"TMM",TRUE,FALSE,0.74051103970115,"edger_default",36,7,20,5,1043824
12849,259,242,17,1720,0.140697674418605,0.934362934362934,0.0656370656370656,0.1,0.323727393186044,0.983333333333333,0.00240384615384615,0,120,3516,1,"TMMwsp",TRUE,FALSE,1.19486983932363,"ctc_pipeline",36,8,50,5,915692.5
9333,274,250,24,1720,0.145348837209302,0.912408759124088,0.0875912408759124,0.1,0.311190376953422,0.983333333333333,0.00240384615384615,0,120,0,NA,"TMMwsp",TRUE,FALSE,1.13318846346455,"ablate_exclusive",36,8,50,5,915692.5
4882,255,238,17,1720,0.138372093023256,0.933333333333333,0.0666666666666667,0.05,0.279897741360918,0.975,0,0,117,0,NA,"TMM",TRUE,FALSE,0.687358768675273,"edger_default",36,8,50,5,915692.5
12543,111,107,4,1720,0.0622093023255814,0.963963963963964,0.036036036036036,0.1,0.240914667581803,0,0,0,7,3489,0.997993694468329,"TMMwsp",TRUE,FALSE,1.28252244875003,"ctc_pipeline",37,1,0.1,5,735530.5
9054,120,115,5,1720,0.0668604651162791,0.958333333333333,0.0416666666666667,0.1,0.231888820732645,0,0,0,0,0,NA,"TMMwsp",TRUE,FALSE,1.22515990473564,"ablate_exclusive",37,1,0.1,5,735530.5
4442,114,111,3,1720,0.0645348837209302,0.973684210526316,0.0263157894736842,0.05,0.206184017063067,0,0,0,0,0,NA,"TMM",TRUE,FALSE,0.727815394978745,"edger_default",37,1,0.1,5,735530.5
12750,130,125,5,1720,0.0726744186046512,0.961538461538462,0.0384615384615385,0.1,0.256994467913476,0,0,0,46,3706,0.987857528332434,"TMMwsp",TRUE,FALSE,1.22617822795797,"ctc_pipeline",37,2,0.5,5,836521
9044,143,134,9,1720,0.077906976744186,0.937062937062937,0.0629370629370629,0.1,0.248796434605188,0,0,0,1,0,NA,"TMMwsp",TRUE,FALSE,1.16033841792233,"ablate_exclusive",37,2,0.5,5,836521
4732,134,128,6,1720,0.0744186046511628,0.955223880597015,0.0447761194029851,0.05,0.224885251789609,0,0,0,0,0,NA,"TMM",TRUE,FALSE,0.726244674342792,"edger_default",37,2,0.5,5,836521
12447,134,127,7,1720,0.0738372093023256,0.947761194029851,0.0522388059701493,0.1,0.265507700136474,0,0,0,59,3722,0.985491671144546,"TMMwsp",TRUE,FALSE,1.29029300940503,"ctc_pipeline",37,3,1,5,727493
8725,149,140,9,1720,0.0813953488372093,0.939597315436242,0.0604026845637584,0.1,0.250749185783913,0,0,0,5,0,NA,"TMMwsp",TRUE,FALSE,1.22358453453303,"ablate_exclusive",37,3,1,5,727493
4262,134,128,6,1720,0.0744186046511628,0.955223880597015,0.0447761194029851,0.05,0.219994964035261,0,0,0,0,0,NA,"TMM",TRUE,FALSE,0.697366012522967,"edger_default",37,3,1,5,727493
13060,127,123,4,1720,0.0715116279069767,0.968503937007874,0.031496062992126,0.1,0.268321532400138,0,0,0,94,3713,0.979262052248855,"TMMwsp",TRUE,FALSE,1.18729524893306,"ctc_pipeline",37,4,2,5,1015930
9347,140,135,5,1720,0.0784883720930233,0.964285714285714,0.0357142857142857,0.1,0.251237395860791,0,0,0,17,0,NA,"TMMwsp",TRUE,FALSE,1.12953852888207,"ablate_exclusive",37,4,2,5,1015930
5215,135,130,5,1720,0.0755813953488372,0.962962962962963,0.037037037037037,0.05,0.22104066517181,0,0,0,0,0,NA,"TMM",TRUE,FALSE,0.752354721146822,"edger_default",37,4,2,5,1015930
11642,110,104,6,1720,0.0604651162790698,0.945454545454545,0.0545454545454545,0.1,0.247135830206667,0,0,0,109,3717,0.980898574118913,"TMMwsp",TRUE,FALSE,1.35741822465742,"ctc_pipeline",37,5,5,5,677221
7925,126,118,8,1720,0.0686046511627907,0.936507936507937,0.0634920634920635,0.1,0.230554576787269,0,0,0,38,0,NA,"TMMwsp",TRUE,FALSE,1.27970166118534,"ablate_exclusive",37,5,5,5,677221
3852,125,118,7,1720,0.0686046511627907,0.944,0.056,0.05,0.199420259856876,0,0,0,0,0,NA,"TMM",TRUE,FALSE,0.780939499314304,"edger_default",37,5,5,5,677221
12886,157,153,4,1720,0.088953488372093,0.974522292993631,0.0254777070063694,0.1,0.319061947888864,0.125,0,0,119,3630,0.99228650137741,"TMMwsp",TRUE,FALSE,1.27352195559897,"ctc_pipeline",37,6,10,5,990381.5
9256,171,164,7,1720,0.0953488372093023,0.95906432748538,0.0409356725146199,0.1,0.298297029175651,0.141666666666667,0,0,91,0,NA,"TMMwsp",TRUE,FALSE,1.21263869325812,"ablate_exclusive",37,6,10,5,990381.5
4816,151,149,2,1720,0.0866279069767442,0.986754966887417,0.0132450331125828,0.05,0.237653649781234,0.075,0,0,17,0,NA,"TMM",TRUE,FALSE,0.750658285263507,"edger_default",37,6,10,5,990381.5
12603,221,209,12,1720,0.121511627906977,0.945701357466063,0.0542986425339367,0.1,0.320301471083541,0.533333333333333,0.00248138957816377,3,119,3660,0.993715846994536,"TMMwsp",TRUE,FALSE,1.26806971891911,"ctc_pipeline",37,7,20,5,633649
8943,242,223,19,1720,0.129651162790698,0.921487603305785,0.0785123966942149,0.1,0.297960470154039,0.55,0.00248138957816377,0,96,0,NA,"TMMwsp",TRUE,FALSE,1.20590948597553,"ablate_exclusive",37,7,20,5,633649
4427,209,193,16,1720,0.112209302325581,0.923444976076555,0.076555023923445,0.05,0.246177518128601,0.358333333333333,0.00248138957816377,0,45,0,NA,"TMM",TRUE,FALSE,0.699046698373559,"edger_default",37,7,20,5,633649
11460,251,240,11,1720,0.13953488372093,0.956175298804781,0.0438247011952191,0.1,0.317036926596808,0.966666666666667,0,1,120,3839,0.999739515498828,"TMMwsp",TRUE,FALSE,1.35537322640627,"ctc_pipeline",37,8,50,5,762909
7621,269,249,20,1720,0.144767441860465,0.925650557620818,0.0743494423791822,0.1,0.305624480554934,0.975,0,0,119,0,NA,"TMMwsp",TRUE,FALSE,1.27752629038768,"ablate_exclusive",37,8,50,5,762909
3634,257,240,17,1720,0.13953488372093,0.933852140077821,0.066147859922179,0.05,0.27394397033037,0.966666666666667,0,0,116,0,NA,"TMM",TRUE,FALSE,0.743763632104697,"edger_default",37,8,50,5,762909
12354,146,143,3,1720,0.0831395348837209,0.979452054794521,0.0205479452054795,0.1,0.245516375674684,0,0,0,7,3564,0.998035914702581,"TMMwsp",TRUE,FALSE,1.29277850413563,"ctc_pipeline",38,1,0.1,5,755541
8790,158,151,7,1720,0.0877906976744186,0.955696202531646,0.0443037974683544,0.1,0.240506304651572,0,0,0,0,0,NA,"TMMwsp",TRUE,FALSE,1.24068006579875,"ablate_exclusive",38,1,0.1,5,755541
4343,141,140,1,1720,0.0813953488372093,0.99290780141844,0.00709219858156028,0.05,0.217088030024315,0,0,0,0,0,NA,"TMM",TRUE,FALSE,0.745943173776535,"edger_default",38,1,0.1,5,755541
11679,111,107,4,1720,0.0622093023255814,0.963963963963964,0.036036036036036,0.1,0.231785868112965,0,0,0,27,3868,0.993019648397104,"TMMwsp",TRUE,FALSE,1.34306475069953,"ctc_pipeline",38,2,0.5,5,575026.5
7811,121,117,4,1720,0.0680232558139535,0.966942148760331,0.0330578512396694,0.1,0.224806581868226,0,0,0,0,0,NA,"TMMwsp",TRUE,FALSE,1.26688705613085,"ablate_exclusive",38,2,0.5,5,575026.5
3539,115,113,2,1720,0.0656976744186046,0.982608695652174,0.0173913043478261,0.05,0.199975275266778,0,0,0,0,0,NA,"TMM",TRUE,FALSE,0.705912756846708,"edger_default",38,2,0.5,5,575026.5
12928,124,120,4,1720,0.0697674418604651,0.967741935483871,0.032258064516129,0.1,0.268857036169327,0,0.00251889168765743,0,66,3620,0.98232044198895,"TMMwsp",TRUE,FALSE,1.23157827306146,"ctc_pipeline",38,3,1,5,822784.5
9308,143,136,7,1720,0.0790697674418605,0.951048951048951,0.048951048951049,0.1,0.25760565489275,0,0.00251889168765743,0,2,0,NA,"TMMwsp",TRUE,FALSE,1.1781823239898,"ablate_exclusive",38,3,1,5,822784.5
4761,130,125,5,1720,0.0726744186046512,0.961538461538462,0.0384615384615385,0.05,0.230006425594549,0,0.00251889168765743,0,0,0,NA,"TMM",TRUE,FALSE,0.703759933656844,"edger_default",38,3,1,5,822784.5
13107,133,125,8,1720,0.0726744186046512,0.93984962406015,0.0601503759398496,0.1,0.263837133355504,0,0,0,87,3660,0.981420765027322,"TMMwsp",TRUE,FALSE,1.224633544165,"ctc_pipeline",38,4,2,5,1098922
9447,145,136,9,1720,0.0790697674418605,0.937931034482759,0.0620689655172414,0.1,0.245786947953225,0,0,0,19,0,NA,"TMMwsp",TRUE,FALSE,1.15786127106275,"ablate_exclusive",38,4,2,5,1098922
5112,139,130,9,1720,0.0755813953488372,0.935251798561151,0.0647482014388489,0.05,0.217480719924125,0,0,0,0,0,NA,"TMM",TRUE,FALSE,0.725646468289217,"edger_default",38,4,2,5,1098922
12750,141,135,6,1720,0.0784883720930233,0.957446808510638,0.0425531914893617,0.1,0.284698740110566,0,0.00245700245700246,0,119,3709,0.986249662981936,"TMMwsp",TRUE,FALSE,1.27484574155477,"ctc_pipeline",38,5,5,5,999822
9041,165,156,9,1720,0.0906976744186047,0.945454545454545,0.0545454545454545,0.1,0.272093994311315,0,0.00245700245700246,0,68,0,NA,"TMMwsp",TRUE,FALSE,1.21362538805087,"ablate_exclusive",38,5,5,5,999822
4849,150,143,7,1720,0.0831395348837209,0.953333333333333,0.0466666666666667,0.05,0.223946546158237,0,0.00245700245700246,0,2,0,NA,"TMM",TRUE,FALSE,0.782219836235895,"edger_default",38,5,5,5,999822
12793,127,125,2,1720,0.0726744186046512,0.984251968503937,0.015748031496063,0.1,0.316283101630564,0.0583333333333333,0,0,118,3718,0.99273803119957,"TMMwsp",TRUE,FALSE,1.24945446969493,"ctc_pipeline",38,6,10,5,800962
9075,163,153,10,1720,0.088953488372093,0.938650306748466,0.0613496932515337,0.1,0.294310642125181,0.116666666666667,0,0,91,0,NA,"TMMwsp",TRUE,FALSE,1.18664909947528,"ablate_exclusive",38,6,10,5,800962
4617,141,133,8,1720,0.0773255813953488,0.943262411347518,0.0567375886524823,0.05,0.224163085517242,0.05,0,0,15,0,NA,"TMM",TRUE,FALSE,0.717066713813274,"edger_default",38,6,10,5,800962
12450,189,184,5,1720,0.106976744186047,0.973544973544973,0.0264550264550265,0.1,0.328014625948582,0.533333333333333,0,1,120,3677,0.994560783247212,"TMMwsp",TRUE,FALSE,1.30516057468706,"ctc_pipeline",38,7,20,5,597744.5
8773,216,206,10,1720,0.119767441860465,0.953703703703704,0.0462962962962963,0.1,0.311774684771359,0.583333333333333,0,0,100,0,NA,"TMMwsp",TRUE,FALSE,1.24819934921926,"ablate_exclusive",38,7,20,5,597744.5
4013,173,170,3,1720,0.0988372093023256,0.982658959537572,0.0173410404624277,0.05,0.245796949961673,0.383333333333333,0,0,50,0,NA,"TMM",TRUE,FALSE,0.707123168756654,"edger_default",38,7,20,5,597744.5
12699,269,264,5,1720,0.153488372093023,0.981412639405205,0.0185873605947955,0.1,0.331567557971491,0.975,0,1,120,3734,0.999732190680236,"TMMwsp",TRUE,FALSE,1.28262668350732,"ctc_pipeline",38,8,50,5,668812
8965,282,273,9,1720,0.158720930232558,0.968085106382979,0.0319148936170213,0.1,0.319253533174145,0.975,0,0,119,0,NA,"TMMwsp",TRUE,FALSE,1.21888616124001,"ablate_exclusive",38,8,50,5,668812
4318,275,261,14,1720,0.151744186046512,0.949090909090909,0.0509090909090909,0.05,0.285933423954208,0.941666666666667,0,0,115,0,NA,"TMM",TRUE,FALSE,0.718200204030304,"edger_default",38,8,50,5,668812
12015,121,111,10,1720,0.0645348837209302,0.917355371900826,0.0826446280991736,0.1,0.238337043294656,0,0,0,15,3676,0.995919477693145,"TMMwsp",TRUE,FALSE,1.32226667650985,"ctc_pipeline",39,1,0.1,5,854631.5
8339,135,122,13,1720,0.0709302325581395,0.903703703703704,0.0962962962962963,0.1,0.228141948996473,0,0,0,0,0,NA,"TMMwsp",TRUE,FALSE,1.26185050922442,"ablate_exclusive",39,1,0.1,5,854631.5
4191,128,117,11,1720,0.0680232558139535,0.9140625,0.0859375,0.05,0.202226850970161,0,0,0,0,0,NA,"TMM",TRUE,FALSE,0.787620754387243,"edger_default",39,1,0.1,5,854631.5
12987,148,140,8,1720,0.0813953488372093,0.945945945945946,0.0540540540540541,0.1,0.255003042049963,0,0.00240963855421687,0,47,3651,0.987400712133662,"TMMwsp",TRUE,FALSE,1.24428152626536,"ctc_pipeline",39,2,0.5,5,850909
9336,162,150,12,1720,0.0872093023255814,0.925925925925926,0.0740740740740741,0.1,0.244852833505799,0,0.00240963855421687,0,1,0,NA,"TMMwsp",TRUE,FALSE,1.1866177401653,"ablate_exclusive",39,2,0.5,5,850909
4710,151,142,9,1720,0.0825581395348837,0.940397350993378,0.0596026490066225,0.05,0.220078720841786,0,0.00240963855421687,0,0,0,NA,"TMM",TRUE,FALSE,0.699394756487272,"edger_default",39,2,0.5,5,850909
13084,143,134,9,1720,0.077906976744186,0.937062937062937,0.0629370629370629,0.1,0.273902004756813,0,0,0,59,3496,0.983981693363844,"TMMwsp",TRUE,FALSE,1.20309341386845,"ctc_pipeline",39,3,1,5,960576
9588,154,143,11,1720,0.0831395348837209,0.928571428571429,0.0714285714285714,0.1,0.255870174971593,0,0,0,3,0,NA,"TMMwsp",TRUE,FALSE,1.14573416457867,"ablate_exclusive",39,3,1,5,960576
5088,146,136,10,1720,0.0790697674418605,0.931506849315068,0.0684931506849315,0.05,0.230510574286203,0,0,0,0,0,NA,"TMM",TRUE,FALSE,0.690737885655401,"edger_default",39,3,1,5,960576
12851,139,133,6,1720,0.0773255813953488,0.956834532374101,0.0431654676258993,0.1,0.258885743102999,0,0,0,94,3692,0.978602383531961,"TMMwsp",TRUE,FALSE,1.22823349820655,"ctc_pipeline",39,4,2,5,982758.5
9159,155,143,12,1720,0.0831395348837209,0.92258064516129,0.0774193548387097,0.1,0.247591656755362,0,0,0,15,0,NA,"TMMwsp",TRUE,FALSE,1.16790609334394,"ablate_exclusive",39,4,2,5,982758.5
4914,132,127,5,1720,0.0738372093023256,0.962121212121212,0.0378787878787879,0.05,0.220264570875773,0,0,0,0,0,NA,"TMM",TRUE,FALSE,0.746917641473199,"edger_default",39,4,2,5,982758.5
12668,119,118,1,1720,0.0686046511627907,0.991596638655462,0.00840336134453781,0.1,0.280393023747067,0,0,0,112,3634,0.979636763896533,"TMMwsp",TRUE,FALSE,1.22197496075125,"ctc_pipeline",39,5,5,5,786591.5
9034,135,132,3,1720,0.0767441860465116,0.977777777777778,0.0222222222222222,0.1,0.263180974949533,0,0,0,38,0,NA,"TMMwsp",TRUE,FALSE,1.16636980688025,"ablate_exclusive",39,5,5,5,786591.5
4523,126,123,3,1720,0.0715116279069767,0.976190476190476,0.0238095238095238,0.05,0.217039436766011,0,0,0,0,0,NA,"TMM",TRUE,FALSE,0.701128573612454,"edger_default",39,5,5,5,786591.5
12386,131,129,2,1720,0.075,0.984732824427481,0.0152671755725191,0.1,0.307055711922602,0.0833333333333333,0,0,118,3649,0.990956426418197,"TMMwsp",TRUE,FALSE,1.30139984351543,"ctc_pipeline",39,6,10,5,912763.5
8737,148,143,5,1720,0.0831395348837209,0.966216216216216,0.0337837837837838,0.1,0.282765292376161,0.1,0,0,85,0,NA,"TMMwsp",TRUE,FALSE,1.23438789086184,"ablate_exclusive",39,6,10,5,912763.5
4242,133,130,3,1720,0.0755813953488372,0.977443609022556,0.0225563909774436,0.05,0.218064145198663,0.0416666666666667,0,0,12,0,NA,"TMM",TRUE,FALSE,0.711929286707033,"edger_default",39,6,10,5,912763.5
12974,280,268,12,1720,0.155813953488372,0.957142857142857,0.0428571428571429,0.1,0.351371860046919,0.783333333333333,0,0,120,3517,0.998862667045778,"TMMwsp",TRUE,FALSE,1.23274948461707,"ctc_pipeline",39,7,20,5,1076287.5
9457,294,274,20,1720,0.159302325581395,0.931972789115646,0.0680272108843537,0.1,0.344709298435202,0.791666666666667,0,0,116,0,NA,"TMMwsp",TRUE,FALSE,1.18282444805275,"ablate_exclusive",39,7,20,5,1076287.5
5218,277,264,13,1720,0.153488372093023,0.953068592057762,0.0469314079422383,0.05,0.298868269722797,0.733333333333333,0,0,91,0,NA,"TMM",TRUE,FALSE,0.756294288652043,"edger_default",39,7,20,5,1076287.5
12606,269,256,13,1720,0.148837209302326,0.951672862453532,0.0483271375464684,0.1,0.322077443120465,1,0,0,120,3594,1,"TMMwsp",TRUE,FALSE,1.24597146618574,"ctc_pipeline",39,8,50,5,1099241
9012,282,266,16,1720,0.154651162790698,0.943262411347518,0.0567375886524823,0.1,0.31524777785931,1,0,0,120,0,NA,"TMMwsp",TRUE,FALSE,1.1851218010882,"ablate_exclusive",39,8,50,5,1099241
4968,268,256,12,1720,0.148837209302326,0.955223880597015,0.0447761194029851,0.05,0.285868240593588,1,0,0,120,0,NA,"TMM",TRUE,FALSE,0.76609842186689,"edger_default",39,8,50,5,1099241
12234,125,124,1,1720,0.072093023255814,0.992,0.008,0.1,0.252283607064293,0,0,0,12,3626,0.99669056811914,"TMMwsp",TRUE,FALSE,1.31776486935142,"ctc_pipeline",40,1,0.1,5,707501
8608,135,133,2,1720,0.0773255813953488,0.985185185185185,0.0148148148148148,0.1,0.242036479149867,0,0,0,0,0,NA,"TMMwsp",TRUE,FALSE,1.25479835271269,"ablate_exclusive",40,1,0.1,5,707501
4098,121,120,1,1720,0.0697674418604651,0.991735537190083,0.00826446280991736,0.05,0.215391165741185,0,0,0,0,0,NA,"TMM",TRUE,FALSE,0.723041327751651,"edger_default",40,1,0.1,5,707501
12792,134,131,3,1720,0.0761627906976744,0.977611940298508,0.0223880597014925,0.1,0.265952110933382,0,0,0,42,3545,0.988152327221439,"TMMwsp",TRUE,FALSE,1.23618196236615,"ctc_pipeline",40,2,0.5,5,1018484
9247,153,146,7,1720,0.0848837209302326,0.954248366013072,0.0457516339869281,0.1,0.257695900953176,0,0,0,0,0,NA,"TMMwsp",TRUE,FALSE,1.18163664303236,"ablate_exclusive",40,2,0.5,5,1018484
5069,147,142,5,1720,0.0825581395348837,0.965986394557823,0.0340136054421769,0.05,0.235692283561477,0,0,0,0,0,NA,"TMM",TRUE,FALSE,0.776855779932281,"edger_default",40,2,0.5,5,1018484
11988,114,110,4,1720,0.063953488372093,0.964912280701754,0.0350877192982456,0.1,0.232956943588073,0,0,0,55,3740,0.986096256684492,"TMMwsp",TRUE,FALSE,1.33042257158517,"ctc_pipeline",40,3,1,5,653904.5
8248,129,122,7,1720,0.0709302325581395,0.945736434108527,0.0542635658914729,0.1,0.223417541161058,0,0,0,3,0,NA,"TMMwsp",TRUE,FALSE,1.26847672919542,"ablate_exclusive",40,3,1,5,653904.5
4004,128,121,7,1720,0.0703488372093023,0.9453125,0.0546875,0.05,0.200334755724833,0,0,0,0,0,NA,"TMM",TRUE,FALSE,0.735472530586948,"edger_default",40,3,1,5,653904.5
12692,110,100,10,1720,0.0581395348837209,0.909090909090909,0.0909090909090909,0.1,0.236876402105785,0,0,0,79,3674,0.979858464888405,"TMMwsp",TRUE,FALSE,1.28235138028043,"ctc_pipeline",40,4,2,5,568014
9018,122,109,13,1720,0.0633720930232558,0.89344262295082,0.10655737704918,0.1,0.226358522584104,0,0,0,5,0,NA,"TMMwsp",TRUE,FALSE,1.22822680753893,"ablate_exclusive",40,4,2,5,568014
4326,118,111,7,1720,0.0645348837209302,0.940677966101695,0.0593220338983051,0.05,0.202101087623409,0,0,0,0,0,NA,"TMM",TRUE,FALSE,0.704091253306605,"edger_default",40,4,2,5,568014
12940,142,137,5,1720,0.0796511627906977,0.964788732394366,0.0352112676056338,0.1,0.296548735371008,0.00833333333333333,0.00240963855421687,0,115,3615,0.981742738589212,"TMMwsp",TRUE,FALSE,1.21383114256998,"ctc_pipeline",40,5,5,5,1087230
9325,149,144,5,1720,0.0837209302325581,0.966442953020134,0.0335570469798658,0.1,0.277228189312199,0.00833333333333333,0.00240963855421687,0,49,0,NA,"TMMwsp",TRUE,FALSE,1.15330509288013,"ablate_exclusive",40,5,5,5,1087230
5022,141,136,5,1720,0.0790697674418605,0.964539007092199,0.0354609929078014,0.05,0.234657129579962,0,0.00240963855421687,0,3,0,NA,"TMM",TRUE,FALSE,0.723471840213986,"edger_default",40,5,5,5,1087230
12092,121,118,3,1720,0.0686046511627907,0.975206611570248,0.0247933884297521,0.1,0.284398935089208,0.05,0.00242130750605327,0,119,3699,0.986482833198162,"TMMwsp",TRUE,FALSE,1.33741998146434,"ctc_pipeline",40,6,10,5,838755.5
8393,135,128,7,1720,0.0744186046511628,0.948148148148148,0.0518518518518519,0.1,0.265746638548735,0.0833333333333333,0.00242130750605327,0,69,0,NA,"TMMwsp",TRUE,FALSE,1.26507531784822,"ablate_exclusive",40,6,10,5,838755.5
4275,121,118,3,1720,0.0686046511627907,0.975206611570248,0.0247933884297521,0.05,0.21616609036177,0.025,0.00242130750605327,0,12,0,NA,"TMM",TRUE,FALSE,0.790805887814949,"edger_default",40,6,10,5,838755.5
13192,281,273,8,1720,0.158720930232558,0.97153024911032,0.0284697508896797,0.1,0.364583364756096,0.841666666666667,0,0,120,3458,0.999421631000578,"TMMwsp",TRUE,FALSE,1.18064956825798,"ctc_pipeline",40,7,20,5,1187026
9734,299,288,11,1720,0.167441860465116,0.963210702341137,0.0367892976588629,0.1,0.35273836641701,0.908333333333333,0,0,118,0,NA,"TMMwsp",TRUE,FALSE,1.12617519558833,"ablate_exclusive",40,7,20,5,1187026
5389,255,249,6,1720,0.144767441860465,0.976470588235294,0.0235294117647059,0.05,0.307908159953562,0.758333333333333,0,0,94,0,NA,"TMM",TRUE,FALSE,0.71240448189338,"edger_default",40,7,20,5,1187026
13232,306,295,11,1720,0.171511627906977,0.964052287581699,0.0359477124183007,0.1,0.364418685936872,1,0,1,120,3395,0.999705449189985,"TMMwsp",TRUE,FALSE,1.21603308440472,"ctc_pipeline",40,8,50,5,882893.5
9837,316,301,15,1720,0.175,0.95253164556962,0.0474683544303797,0.1,0.349904821706207,0.991666666666667,0,0,119,0,NA,"TMMwsp",TRUE,FALSE,1.1682957658159,"ablate_exclusive",40,8,50,5,882893.5
5140,285,279,6,1720,0.162209302325581,0.978947368421053,0.0210526315789474,0.05,0.310002165797943,0.983333333333333,0,0,118,0,NA,"TMM",TRUE,FALSE,0.708570647245554,"edger_default",40,8,50,5,882893.5
12618,105,102,3,1720,0.0593023255813954,0.971428571428571,0.0285714285714286,0.1,0.243436235177015,0,0,0,14,3692,0.996208017334778,"TMMwsp",TRUE,FALSE,1.29640963927313,"ctc_pipeline",41,1,0.1,5,821907.5
8926,119,114,5,1720,0.0662790697674419,0.957983193277311,0.0420168067226891,0.1,0.228400815006791,0,0,0,0,0,NA,"TMMwsp",TRUE,FALSE,1.23132981782825,"ablate_exclusive",41,1,0.1,5,821907.5
4463,108,104,4,1720,0.0604651162790698,0.962962962962963,0.037037037037037,0.05,0.197506474407851,0,0,0,0,0,NA,"TMM",TRUE,FALSE,0.741704410005413,"edger_default",41,1,0.1,5,821907.5
12422,117,112,5,1720,0.0651162790697674,0.957264957264957,0.0427350427350427,0.1,0.254803759335874,0,0,0,30,3673,0.991832289681459,"TMMwsp",TRUE,FALSE,1.29438505051488,"ctc_pipeline",41,2,0.5,5,703544.5
8749,134,126,8,1720,0.0732558139534884,0.940298507462687,0.0597014925373134,0.1,0.245212051924505,0,0,0,0,0,NA,"TMMwsp",TRUE,FALSE,1.24111154807017,"ablate_exclusive",41,2,0.5,5,703544.5
4182,123,117,6,1720,0.0680232558139535,0.951219512195122,0.048780487804878,0.05,0.209516098141622,0,0,0,0,0,NA,"TMM",TRUE,FALSE,0.72005418456563,"edger_default",41,2,0.5,5,703544.5
13426,145,136,9,1720,0.0790697674418605,0.937931034482759,0.0620689655172414,0.1,0.270627602677344,0,0,0,70,3572,0.980683090705487,"TMMwsp",TRUE,FALSE,1.15960085335238,"ctc_pipeline",41,3,1,5,1086446.5
9854,162,149,13,1720,0.0866279069767442,0.919753086419753,0.0802469135802469,0.1,0.255703679712538,0,0,0,1,0,NA,"TMMwsp",TRUE,FALSE,1.10434070238337,"ablate_exclusive",41,3,1,5,1086446.5
5464,148,141,7,1720,0.0819767441860465,0.952702702702703,0.0472972972972973,0.05,0.239469658342331,0,0,0,0,0,NA,"TMM",TRUE,FALSE,0.697887081859656,"edger_default",41,3,1,5,1086446.5
11690,131,127,4,1720,0.0738372093023256,0.969465648854962,0.0305343511450382,0.1,0.249398804599436,0,0,0,70,3678,0.983143012506797,"TMMwsp",TRUE,FALSE,1.36378371576432,"ctc_pipeline",41,4,2,5,571395.5
8012,137,132,5,1720,0.0767441860465116,0.963503649635037,0.0364963503649635,0.1,0.241223072326544,0,0,0,8,0,NA,"TMMwsp",TRUE,FALSE,1.295145425085,"ablate_exclusive",41,4,2,5,571395.5
3639,132,127,5,1720,0.0738372093023256,0.962121212121212,0.0378787878787879,0.05,0.209974082710704,0,0,0,0,0,NA,"TMM",TRUE,FALSE,0.721035971643865,"edger_default",41,4,2,5,571395.5
12717,152,142,10,1720,0.0825581395348837,0.93421052631579,0.0657894736842105,0.1,0.286820672567728,0,0,0,116,3598,0.981934408004447,"TMMwsp",TRUE,FALSE,1.26583950861473,"ctc_pipeline",41,5,5,5,905165
9119,160,148,12,1720,0.086046511627907,0.925,0.075,0.1,0.267287169203883,0,0,0,51,0,NA,"TMMwsp",TRUE,FALSE,1.20053181204373,"ablate_exclusive",41,5,5,5,905165
4633,151,143,8,1720,0.0831395348837209,0.947019867549669,0.0529801324503311,0.05,0.222113743956127,0,0,0,0,0,NA,"TMM",TRUE,FALSE,0.71095381577619,"edger_default",41,5,5,5,905165
12660,137,127,10,1720,0.0738372093023256,0.927007299270073,0.072992700729927,0.1,0.30501302744942,0.05,0,1,117,3758,0.990154337413518,"TMMwsp",TRUE,FALSE,1.28834477205264,"ctc_pipeline",41,6,10,5,907690.5
8902,160,146,14,1720,0.0848837209302326,0.9125,0.0875,0.1,0.282294278557258,0.05,0,0,80,0,NA,"TMMwsp",TRUE,FALSE,1.21676052520806,"ablate_exclusive",41,6,10,5,907690.5
4578,146,133,13,1720,0.0773255813953488,0.910958904109589,0.089041095890411,0.05,0.221536629934853,0.00833333333333333,0,0,9,0,NA,"TMM",TRUE,FALSE,0.759501104981377,"edger_default",41,6,10,5,907690.5
13404,275,266,9,1720,0.154651162790698,0.967272727272727,0.0327272727272727,0.1,0.366155180403579,0.758333333333333,0.0025974025974026,3,120,3409,0.997653270753887,"TMMwsp",TRUE,FALSE,1.18449978611839,"ctc_pipeline",41,7,20,5,1161257.5
9995,295,277,18,1720,0.161046511627907,0.938983050847458,0.0610169491525424,0.1,0.352027047611099,0.758333333333333,0.0025974025974026,0,112,0,NA,"TMMwsp",TRUE,FALSE,1.1332709675149,"ablate_exclusive",41,7,20,5,1161257.5
5594,255,244,11,1720,0.141860465116279,0.956862745098039,0.0431372549019608,0.05,0.30208129853282,0.608333333333333,0.0025974025974026,0,75,0,NA,"TMM",TRUE,FALSE,0.728356668928109,"edger_default",41,7,20,5,1161257.5
12400,269,254,15,1720,0.147674418604651,0.944237918215613,0.0557620817843866,0.1,0.327920723273683,0.991666666666667,0.00249376558603491,1,120,3669,0.999454892341237,"TMMwsp",TRUE,FALSE,1.30486726178089,"ctc_pipeline",41,8,50,5,792542
8731,293,272,21,1720,0.158139534883721,0.928327645051195,0.0716723549488055,0.1,0.316983316151798,0.983333333333333,0.00249376558603491,0,118,0,NA,"TMMwsp",TRUE,FALSE,1.23420994996078,"ablate_exclusive",41,8,50,5,792542
4381,267,253,14,1720,0.147093023255814,0.947565543071161,0.052434456928839,0.05,0.289539318672865,0.95,0.00249376558603491,0,114,0,NA,"TMM",TRUE,FALSE,0.742701826635052,"edger_default",41,8,50,5,792542
12442,117,112,5,1720,0.0651162790697674,0.957264957264957,0.0427350427350427,0.1,0.236823813909801,0,0,0,7,3687,0.998101437483049,"TMMwsp",TRUE,FALSE,1.28236188252755,"ctc_pipeline",42,1,0.1,5,840036
8755,130,122,8,1720,0.0709302325581395,0.938461538461538,0.0615384615384615,0.1,0.229218944065125,0,0,0,0,0,NA,"TMMwsp",TRUE,FALSE,1.21556895773008,"ablate_exclusive",42,1,0.1,5,840036
4408,120,114,6,1720,0.0662790697674419,0.95,0.05,0.05,0.208512467178686,0,0,0,0,0,NA,"TMM",TRUE,FALSE,0.731514590143065,"edger_default",42,1,0.1,5,840036
12855,87,84,3,1720,0.0488372093023256,0.96551724137931,0.0344827586206897,0.1,0.222891108380735,0,0,0,30,3640,0.991758241758242,"TMMwsp",TRUE,FALSE,1.23915158549961,"ctc_pipeline",42,2,0.5,5,853725
9215,96,93,3,1720,0.0540697674418605,0.96875,0.03125,0.1,0.216965947274598,0,0,0,0,0,NA,"TMMwsp",TRUE,FALSE,1.18107795914701,"ablate_exclusive",42,2,0.5,5,853725
4752,102,99,3,1720,0.0575581395348837,0.970588235294118,0.0294117647058824,0.05,0.197720335283908,0,0,0,0,0,NA,"TMM",TRUE,FALSE,0.699954576780918,"edger_default",42,2,0.5,5,853725
12890,135,131,4,1720,0.0761627906976744,0.97037037037037,0.0296296296296296,0.1,0.265997135534011,0,0,0,63,3556,0.983689538807649,"TMMwsp",TRUE,FALSE,1.21258258872998,"ctc_pipeline",42,3,1,5,972266
9334,156,148,8,1720,0.086046511627907,0.948717948717949,0.0512820512820513,0.1,0.253597412977547,0,0,0,5,0,NA,"TMMwsp",TRUE,FALSE,1.15787285369518,"ablate_exclusive",42,3,1,5,972266
5029,141,137,4,1720,0.0796511627906977,0.971631205673759,0.0283687943262411,0.05,0.225704097915331,0,0,0,0,0,NA,"TMM",TRUE,FALSE,0.734250842820626,"edger_default",42,3,1,5,972266
12938,134,126,8,1720,0.0732558139534884,0.940298507462687,0.0597014925373134,0.1,0.266055362447964,0,0,0,90,3649,0.978898328309126,"TMMwsp",TRUE,FALSE,1.24127084046271,"ctc_pipeline",42,4,2,5,925335
9289,153,139,14,1720,0.0808139534883721,0.908496732026144,0.0915032679738562,0.1,0.248465340936003,0,0,0,13,0,NA,"TMMwsp",TRUE,FALSE,1.18071175448416,"ablate_exclusive",42,4,2,5,925335
4813,146,139,7,1720,0.0808139534883721,0.952054794520548,0.047945205479452,0.05,0.231867575097251,0,0,0,0,0,NA,"TMM",TRUE,FALSE,0.702300356578205,"edger_default",42,4,2,5,925335
12624,131,124,7,1720,0.072093023255814,0.946564885496183,0.0534351145038168,0.1,0.257613815496393,0,0.00260416666666667,0,115,3843,0.982825917252147,"TMMwsp",TRUE,FALSE,1.27259280389522,"ctc_pipeline",42,5,5,5,491314.5
8781,146,136,10,1720,0.0790697674418605,0.931506849315068,0.0684931506849315,0.1,0.243828594713258,0,0.00260416666666667,0,49,0,NA,"TMMwsp",TRUE,FALSE,1.1986799134977,"ablate_exclusive",42,5,5,5,491314.5
3959,140,133,7,1720,0.0773255813953488,0.95,0.05,0.05,0.205495272439183,0,0.00260416666666667,0,0,0,NA,"TMM",TRUE,FALSE,0.655220914622565,"edger_default",42,5,5,5,491314.5
12314,123,120,3,1720,0.0697674418604651,0.975609756097561,0.024390243902439,0.1,0.277265769983264,0.025,0,0,120,3747,0.986389111289031,"TMMwsp",TRUE,FALSE,1.32884820916403,"ctc_pipeline",42,6,10,5,741683
8567,132,128,4,1720,0.0744186046511628,0.96969696969697,0.0303030303030303,0.1,0.257638905198074,0.0416666666666667,0,0,69,0,NA,"TMMwsp",TRUE,FALSE,1.26453084060202,"ablate_exclusive",42,6,10,5,741683
4192,121,117,4,1720,0.0680232558139535,0.966942148760331,0.0330578512396694,0.05,0.20196341958175,0.0166666666666667,0,0,7,0,NA,"TMM",TRUE,FALSE,0.766941149657433,"edger_default",42,6,10,5,741683
13015,249,235,14,1720,0.136627906976744,0.943775100401606,0.0562248995983936,0.1,0.340409041667542,0.7,0.00264550264550265,1,120,3548,0.998308906426156,"TMMwsp",TRUE,FALSE,1.18182335405641,"ctc_pipeline",42,7,20,5,958374
9467,269,245,24,1720,0.142441860465116,0.910780669144981,0.0892193308550186,0.1,0.322218007466648,0.75,0.00264550264550265,0,114,0,NA,"TMMwsp",TRUE,FALSE,1.13000657221563,"ablate_exclusive",42,7,20,5,958374
5109,233,217,16,1720,0.126162790697674,0.931330472103004,0.0686695278969957,0.05,0.272472946999431,0.591666666666667,0,0,77,0,NA,"TMM",TRUE,FALSE,0.708130098431765,"edger_default",42,7,20,5,958374
13056,318,299,19,1720,0.173837209302326,0.940251572327044,0.059748427672956,0.1,0.350744751268668,1,0,0,120,3569,1,"TMMwsp",TRUE,FALSE,1.18016688181025,"ctc_pipeline",42,8,50,5,967817.5
9487,331,310,21,1720,0.180232558139535,0.936555891238671,0.0634441087613293,0.1,0.343824858319917,1,0,0,120,0,NA,"TMMwsp",TRUE,FALSE,1.11977790497632,"ablate_exclusive",42,8,50,5,967817.5
5057,299,287,12,1720,0.166860465116279,0.959866220735786,0.040133779264214,0.05,0.313163975080554,0.991666666666667,0,0,119,0,NA,"TMM",TRUE,FALSE,0.674353145835482,"edger_default",42,8,50,5,967817.5
12797,136,130,6,1720,0.0755813953488372,0.955882352941177,0.0441176470588235,0.1,0.253617448756575,0,0,0,11,3498,0.99685534591195,"TMMwsp",TRUE,FALSE,1.2457691914669,"ctc_pipeline",43,1,0.1,5,967285.5
9299,145,136,9,1720,0.0790697674418605,0.937931034482759,0.0620689655172414,0.1,0.242245613482913,0,0,0,0,0,NA,"TMMwsp",TRUE,FALSE,1.19381960326555,"ablate_exclusive",43,1,0.1,5,967285.5
4987,141,132,9,1720,0.0767441860465116,0.936170212765957,0.0638297872340425,0.05,0.216590929855994,0,0,0,0,0,NA,"TMM",TRUE,FALSE,0.758505532477124,"edger_default",43,1,0.1,5,967285.5
12056,124,124,0,1720,0.072093023255814,1,0,0.1,0.265850265976743,0,0,0,41,3686,0.988876831253391,"TMMwsp",TRUE,FALSE,1.30547854830155,"ctc_pipeline",43,2,0.5,5,985590
8370,151,145,6,1720,0.0843023255813953,0.960264900662252,0.0397350993377483,0.1,0.254436471253295,0,0,0,0,0,NA,"TMMwsp",TRUE,FALSE,1.24924313751852,"ablate_exclusive",43,2,0.5,5,985590
4356,144,142,2,1720,0.0825581395348837,0.986111111111111,0.0138888888888889,0.05,0.232922206031443,0,0,0,0,0,NA,"TMM",TRUE,FALSE,0.78845479431773,"edger_default",43,2,0.5,5,985590
12277,144,138,6,1720,0.0802325581395349,0.958333333333333,0.0416666666666667,0.1,0.252911007002209,0,0,0,64,3791,0.984173041413875,"TMMwsp",TRUE,FALSE,1.30070259733329,"ctc_pipeline",43,3,1,5,916267.5
8486,160,150,10,1720,0.0872093023255814,0.9375,0.0625,0.1,0.241784482880052,0,0,0,4,0,NA,"TMMwsp",TRUE,FALSE,1.23368875588248,"ablate_exclusive",43,3,1,5,916267.5
4275,149,140,9,1720,0.0813953488372093,0.939597315436242,0.0604026845637584,0.05,0.213656247057883,0,0,0,0,0,NA,"TMM",TRUE,FALSE,0.73684540286096,"edger_default",43,3,1,5,916267.5
13148,131,127,4,1720,0.0738372093023256,0.969465648854962,0.0305343511450382,0.1,0.254182699885936,0,0,0,96,3645,0.978600823045268,"TMMwsp",TRUE,FALSE,1.22630123429974,"ctc_pipeline",43,4,2,5,881892.5
9503,138,133,5,1720,0.0773255813953488,0.963768115942029,0.036231884057971,0.1,0.242499397923395,0,0,0,18,0,NA,"TMMwsp",TRUE,FALSE,1.1638488632264,"ablate_exclusive",43,4,2,5,881892.5
5030,133,129,4,1720,0.075,0.969924812030075,0.0300751879699248,0.05,0.215969044615911,0,0,0,0,0,NA,"TMM",TRUE,FALSE,0.719041474236267,"edger_default",43,4,2,5,881892.5
12726,135,127,8,1720,0.0738372093023256,0.940740740740741,0.0592592592592593,0.1,0.275270054988665,0,0,0,110,3688,0.984273318872017,"TMMwsp",TRUE,FALSE,1.23848067755475,"ctc_pipeline",43,5,5,5,982689.5
9038,153,142,11,1720,0.0825581395348837,0.928104575163399,0.0718954248366013,0.1,0.262648485270724,0,0,0,52,0,NA,"TMMwsp",TRUE,FALSE,1.17754712242338,"ablate_exclusive",43,5,5,5,982689.5
4821,138,132,6,1720,0.0767441860465116,0.956521739130435,0.0434782608695652,0.05,0.22847253827194,0,0,0,0,0,NA,"TMM",TRUE,FALSE,0.759953008162825,"edger_default",43,5,5,5,982689.5
12685,122,117,5,1720,0.0680232558139535,0.959016393442623,0.040983606557377,0.1,0.291628716426128,0.05,0,0,118,3637,0.987627165246082,"TMMwsp",TRUE,FALSE,1.29482944388307,"ctc_pipeline",43,6,10,5,851347
9048,141,133,8,1720,0.0773255813953488,0.943262411347518,0.0567375886524823,0.1,0.26630894850541,0.0583333333333333,0,0,73,0,NA,"TMMwsp",TRUE,FALSE,1.22948626640172,"ablate_exclusive",43,6,10,5,851347
4541,125,119,6,1720,0.0691860465116279,0.952,0.048,0.05,0.219680831670722,0.0166666666666667,0,0,4,0,NA,"TMM",TRUE,FALSE,0.739992573187867,"edger_default",43,6,10,5,851347
13561,256,244,12,1720,0.141860465116279,0.953125,0.046875,0.1,0.361754739901475,0.666666666666667,0,3,120,3485,0.997704447632712,"TMMwsp",TRUE,FALSE,1.16363389011088,"ctc_pipeline",43,7,20,5,1079669
10076,291,267,24,1720,0.155232558139535,0.917525773195876,0.0824742268041237,0.1,0.342281236666093,0.708333333333333,0,0,112,0,NA,"TMMwsp",TRUE,FALSE,1.11402581285758,"ablate_exclusive",43,7,20,5,1079669
5701,243,229,14,1720,0.133139534883721,0.94238683127572,0.0576131687242798,0.05,0.294293890687546,0.55,0,0,80,0,NA,"TMM",TRUE,FALSE,0.726590389974666,"edger_default",43,7,20,5,1079669
11270,239,230,9,1720,0.133720930232558,0.96234309623431,0.0376569037656904,0.1,0.311400358063172,1,0,0,120,3788,1,"TMMwsp",TRUE,FALSE,1.42789538490575,"ctc_pipeline",43,8,50,5,1053601
7482,269,248,21,1720,0.144186046511628,0.921933085501859,0.0780669144981413,0.1,0.295488260734018,1,0,0,120,0,NA,"TMMwsp",TRUE,FALSE,1.34635740911048,"ablate_exclusive",43,8,50,5,1053601
3735,247,233,14,1720,0.13546511627907,0.94331983805668,0.0566801619433198,0.05,0.265039616315398,0.983333333333333,0,0,118,0,NA,"TMM",TRUE,FALSE,0.859707444271924,"edger_default",43,8,50,5,1053601
13543,155,148,7,1720,0.086046511627907,0.954838709677419,0.0451612903225806,0.1,0.276571136341357,0,0,0,17,3364,0.994946492271106,"TMMwsp",TRUE,FALSE,1.14330118653295,"ctc_pipeline",44,1,0.1,5,1255190
10179,175,163,12,1720,0.0947674418604651,0.931428571428571,0.0685714285714286,0.1,0.264576692617512,0,0,0,0,0,NA,"TMMwsp",TRUE,FALSE,1.09364802360775,"ablate_exclusive",44,1,0.1,5,1255190
5829,159,154,5,1720,0.0895348837209302,0.968553459119497,0.0314465408805031,0.05,0.244350074702315,0,0,0,0,0,NA,"TMM",TRUE,FALSE,0.720899731689162,"edger_default",44,1,0.1,5,1255190
12863,137,131,6,1720,0.0761627906976744,0.956204379562044,0.0437956204379562,0.1,0.255234278408816,0,0,0,44,3600,0.988333333333333,"TMMwsp",TRUE,FALSE,1.22613726394972,"ctc_pipeline",44,2,0.5,5,1062393
9263,153,140,13,1720,0.0813953488372093,0.915032679738562,0.0849673202614379,0.1,0.245667027720479,0,0,0,2,0,NA,"TMMwsp",TRUE,FALSE,1.16640302126986,"ablate_exclusive",44,2,0.5,5,1062393
4998,138,130,8,1720,0.0755813953488372,0.942028985507246,0.0579710144927536,0.05,0.221124121395782,0,0,0,0,0,NA,"TMM",TRUE,FALSE,0.739392021011799,"edger_default",44,2,0.5,5,1062393
12579,104,101,3,1720,0.0587209302325581,0.971153846153846,0.0288461538461538,0.1,0.238767289277003,0,0.00241545893719807,0,67,3578,0.982112912241476,"TMMwsp",TRUE,FALSE,1.21944952621641,"ctc_pipeline",44,3,1,5,955529.5
9001,110,106,4,1720,0.0616279069767442,0.963636363636364,0.0363636363636364,0.1,0.226849393147718,0,0.00241545893719807,0,3,0,NA,"TMMwsp",TRUE,FALSE,1.15904523705851,"ablate_exclusive",44,3,1,5,955529.5
4678,108,105,3,1720,0.061046511627907,0.972222222222222,0.0277777777777778,0.05,0.20636925790726,0,0.00241545893719807,0,0,0,NA,"TMM",TRUE,FALSE,0.701196287354404,"edger_default",44,3,1,5,955529.5
11875,117,114,3,1720,0.0662790697674419,0.974358974358974,0.0256410256410256,0.1,0.244819850572011,0,0,0,80,3841,0.981515230408748,"TMMwsp",TRUE,FALSE,1.31365810624016,"ctc_pipeline",44,4,2,5,636240
8034,120,116,4,1720,0.0674418604651163,0.966666666666667,0.0333333333333333,0.1,0.232883362242096,0,0,0,9,0,NA,"TMMwsp",TRUE,FALSE,1.22916616687315,"ablate_exclusive",44,4,2,5,636240
3714,115,111,4,1720,0.0645348837209302,0.965217391304348,0.0347826086956522,0.05,0.204311227518414,0,0,0,0,0,NA,"TMM",TRUE,FALSE,0.697204378543103,"edger_default",44,4,2,5,636240
12085,115,107,8,1720,0.0622093023255814,0.930434782608696,0.0695652173913043,0.1,0.24119751824464,0,0,0,113,3785,0.980184940554822,"TMMwsp",TRUE,FALSE,1.33325161536699,"ctc_pipeline",44,5,5,5,656105.5
8300,128,116,12,1720,0.0674418604651163,0.90625,0.09375,0.1,0.225491969994856,0.00833333333333333,0,0,38,0,NA,"TMMwsp",TRUE,FALSE,1.25526186244377,"ablate_exclusive",44,5,5,5,656105.5
3803,116,109,7,1720,0.0633720930232558,0.939655172413793,0.0603448275862069,0.05,0.187706122871829,0,0,0,0,0,NA,"TMM",TRUE,FALSE,0.701058448775609,"edger_default",44,5,5,5,656105.5
12533,142,137,5,1720,0.0796511627906977,0.964788732394366,0.0352112676056338,0.1,0.319028945122588,0.05,0,0,120,3635,0.990921595598349,"TMMwsp",TRUE,FALSE,1.28770673126209,"ctc_pipeline",44,6,10,5,808405.5
8898,164,154,10,1720,0.0895348837209302,0.939024390243902,0.0609756097560976,0.1,0.299546395180142,0.0833333333333333,0,0,87,0,NA,"TMMwsp",TRUE,FALSE,1.22555167572103,"ablate_exclusive",44,6,10,5,808405.5
4327,136,134,2,1720,0.077906976744186,0.985294117647059,0.0147058823529412,0.05,0.236053227209465,0.0333333333333333,0,0,8,0,NA,"TMM",TRUE,FALSE,0.727645380033874,"edger_default",44,6,10,5,808405.5
12762,197,187,10,1720,0.108720930232558,0.949238578680203,0.050761421319797,0.1,0.322172433785427,0.416666666666667,0,0,120,3639,0.998625996152789,"TMMwsp",TRUE,FALSE,1.24038089594527,"ctc_pipeline",44,7,20,5,860677
9123,225,212,13,1720,0.123255813953488,0.942222222222222,0.0577777777777778,0.1,0.311596470839935,0.508333333333333,0,0,115,0,NA,"TMMwsp",TRUE,FALSE,1.1751943754751,"ablate_exclusive",44,7,20,5,860677
4808,206,196,10,1720,0.113953488372093,0.951456310679612,0.0485436893203883,0.05,0.271926291103392,0.441666666666667,0,0,78,0,NA,"TMM",TRUE,FALSE,0.733585726550767,"edger_default",44,7,20,5,860677
13317,302,289,13,1720,0.168023255813953,0.956953642384106,0.043046357615894,0.1,0.357968248413585,1,0,0,120,3474,1,"TMMwsp",TRUE,FALSE,1.16228482642402,"ctc_pipeline",44,8,50,5,1035808.5
9843,318,300,18,1720,0.174418604651163,0.943396226415094,0.0566037735849057,0.1,0.348183115392616,1,0,0,120,0,NA,"TMMwsp",TRUE,FALSE,1.11026287197815,"ablate_exclusive",44,8,50,5,1035808.5
5495,295,283,12,1720,0.16453488372093,0.959322033898305,0.0406779661016949,0.05,0.320413042460139,1,0,0,120,0,NA,"TMM",TRUE,FALSE,0.708335970099057,"edger_default",44,8,50,5,1035808.5
12586,136,131,5,1720,0.0761627906976744,0.963235294117647,0.0367647058823529,0.1,0.246955760623415,0,0,0,10,3698,0.997295835586804,"TMMwsp",TRUE,FALSE,1.27211313520054,"ctc_pipeline",45,1,0.1,5,691610
8888,145,139,6,1720,0.0808139534883721,0.958620689655172,0.0413793103448276,0.1,0.236390553901785,0,0,0,0,0,NA,"TMMwsp",TRUE,FALSE,1.21204990250876,"ablate_exclusive",45,1,0.1,5,691610
4421,140,134,6,1720,0.077906976744186,0.957142857142857,0.0428571428571429,0.05,0.214322648500167,0,0,0,0,0,NA,"TMM",TRUE,FALSE,0.722441823276428,"edger_default",45,1,0.1,5,691610
12152,136,127,9,1720,0.0738372093023256,0.933823529411765,0.0661764705882353,0.1,0.241072898344784,0,0,0,37,3648,0.990131578947368,"TMMwsp",TRUE,FALSE,1.31875057936014,"ctc_pipeline",45,2,0.5,5,822535.5
8504,144,135,9,1720,0.0784883720930233,0.9375,0.0625,0.1,0.230704042250246,0,0,0,1,0,NA,"TMMwsp",TRUE,FALSE,1.25606056645093,"ablate_exclusive",45,2,0.5,5,822535.5
4352,139,131,8,1720,0.0761627906976744,0.942446043165468,0.0575539568345324,0.05,0.206059751290014,0,0,0,0,0,NA,"TMM",TRUE,FALSE,0.772636938953266,"edger_default",45,2,0.5,5,822535.5
13082,183,177,6,1720,0.102906976744186,0.967213114754098,0.0327868852459016,0.1,0.296104583701771,0,0,0,73,3604,0.981409544950056,"TMMwsp",TRUE,FALSE,1.18769365484132,"ctc_pipeline",45,3,1,5,985356.5
9478,195,187,8,1720,0.108720930232558,0.958974358974359,0.041025641025641,0.1,0.281958559032145,0,0,0,6,0,NA,"TMMwsp",TRUE,FALSE,1.12617723912105,"ablate_exclusive",45,3,1,5,985356.5
5135,183,178,5,1720,0.103488372093023,0.972677595628415,0.0273224043715847,0.05,0.253134676307313,0,0,0,0,0,NA,"TMM",TRUE,FALSE,0.713810910158682,"edger_default",45,3,1,5,985356.5
13163,144,137,7,1720,0.0796511627906977,0.951388888888889,0.0486111111111111,0.1,0.276211147003339,0,0,0,90,3628,0.978224917309813,"TMMwsp",TRUE,FALSE,1.19863387521166,"ctc_pipeline",45,4,2,5,983485
9535,156,144,12,1720,0.0837209302325581,0.923076923076923,0.0769230769230769,0.1,0.259166523708968,0,0,0,11,0,NA,"TMMwsp",TRUE,FALSE,1.14022138911318,"ablate_exclusive",45,4,2,5,983485
5172,146,136,10,1720,0.0790697674418605,0.931506849315068,0.0684931506849315,0.05,0.234872155270331,0,0,0,0,0,NA,"TMM",TRUE,FALSE,0.727754758599306,"edger_default",45,4,2,5,983485
12433,121,119,2,1720,0.0691860465116279,0.983471074380165,0.0165289256198347,0.1,0.276710451388709,0,0.00248138957816377,0,113,3723,0.983078162771958,"TMMwsp",TRUE,FALSE,1.26840997690458,"ctc_pipeline",45,5,5,5,1075127
8710,133,130,3,1720,0.0755813953488372,0.977443609022556,0.0225563909774436,0.1,0.257429980934547,0,0.00248138957816377,0,50,0,NA,"TMMwsp",TRUE,FALSE,1.20549516401786,"ablate_exclusive",45,5,5,5,1075127
4616,128,125,3,1720,0.0726744186046512,0.9765625,0.0234375,0.05,0.214268302942268,0,0.00248138957816377,0,2,0,NA,"TMM",TRUE,FALSE,0.776294258492418,"edger_default",45,5,5,5,1075127
12376,136,129,7,1720,0.075,0.948529411764706,0.0514705882352941,0.1,0.280091189890898,0.108333333333333,0,1,115,3802,0.983692793266702,"TMMwsp",TRUE,FALSE,1.32310508453227,"ctc_pipeline",45,6,10,5,772597
8574,143,134,9,1720,0.077906976744186,0.937062937062937,0.0629370629370629,0.1,0.258413885813067,0.1,0,0,53,0,NA,"TMMwsp",TRUE,FALSE,1.24903927093835,"ablate_exclusive",45,6,10,5,772597
4237,131,124,7,1720,0.072093023255814,0.946564885496183,0.0534351145038168,0.05,0.2114309182066,0.0166666666666667,0,0,2,0,NA,"TMM",TRUE,FALSE,0.752018826711364,"edger_default",45,6,10,5,772597
12371,201,192,9,1720,0.111627906976744,0.955223880597015,0.0447761194029851,0.1,0.321027197968884,0.658333333333333,0.00248756218905473,1,120,3616,0.996404867256637,"TMMwsp",TRUE,FALSE,1.2909773527651,"ctc_pipeline",45,7,20,5,982138.5
8755,229,214,15,1720,0.124418604651163,0.934497816593886,0.0655021834061135,0.1,0.30407514379396,0.716666666666667,0.00248756218905473,0,107,0,NA,"TMMwsp",TRUE,FALSE,1.23139977210315,"ablate_exclusive",45,7,20,5,982138.5
4700,180,172,8,1720,0.1,0.955555555555556,0.0444444444444444,0.05,0.260513637964111,0.483333333333333,0.00248756218905473,0,62,0,NA,"TMM",TRUE,FALSE,0.803026104237099,"edger_default",45,7,20,5,982138.5
12548,285,268,17,1720,0.155813953488372,0.940350877192982,0.0596491228070175,0.1,0.345754285816695,0.991666666666667,0,0,120,3659,1,"TMMwsp",TRUE,FALSE,1.32502168101055,"ctc_pipeline",45,8,50,5,687594.5
8889,300,281,19,1720,0.163372093023256,0.936666666666667,0.0633333333333333,0.1,0.332591024805081,1,0,0,120,0,NA,"TMMwsp",TRUE,FALSE,1.26673275217821,"ablate_exclusive",45,8,50,5,687594.5
4388,285,269,16,1720,0.156395348837209,0.943859649122807,0.056140350877193,0.05,0.301620980310911,0.983333333333333,0,0,118,0,NA,"TMM",TRUE,FALSE,0.75692268102956,"edger_default",45,8,50,5,687594.5
12619,132,124,8,1720,0.072093023255814,0.93939393939394,0.0606060606060606,0.1,0.25360414179847,0,0,0,8,3578,0.997764114030185,"TMMwsp",TRUE,FALSE,1.26816351434295,"ctc_pipeline",46,1,0.1,5,965633
9041,147,136,11,1720,0.0790697674418605,0.925170068027211,0.0748299319727891,0.1,0.242199233018581,0,0,0,0,0,NA,"TMMwsp",TRUE,FALSE,1.20192133787589,"ablate_exclusive",46,1,0.1,5,965633
4655,140,133,7,1720,0.0773255813953488,0.95,0.05,0.05,0.218917730501992,0,0,0,0,0,NA,"TMM",TRUE,FALSE,0.719018075824622,"edger_default",46,1,0.1,5,965633
7472,116,96,20,1720,0.0558139534883721,0.827586206896552,0.172413793103448,0.1,0.189933991642287,0,0.00254452926208651,0,1,0,NA,"TMMwsp",TRUE,FALSE,1.2645950414967,"ablate_exclusive",46,2,0.5,5,751590.5
3743,100,86,14,1720,0.05,0.86,0.14,0.05,0.162686712922216,0,0,0,0,0,NA,"TMM",TRUE,FALSE,0.810250795587146,"edger_default",46,2,0.5,5,751590.5
13123,176,168,8,1720,0.0976744186046512,0.954545454545455,0.0454545454545455,0.1,0.271499925645783,0,0,0,80,3617,0.97954105612386,"TMMwsp",TRUE,FALSE,1.21024068756344,"ctc_pipeline",46,3,1,5,1059203
9506,185,176,9,1720,0.102325581395349,0.951351351351351,0.0486486486486487,0.1,0.260119328333782,0,0,0,6,0,NA,"TMMwsp",TRUE,FALSE,1.14774585800861,"ablate_exclusive",46,3,1,5,1059203
5066,167,161,6,1720,0.0936046511627907,0.964071856287425,0.0359281437125748,0.05,0.239588201492111,0,0,0,0,0,NA,"TMM",TRUE,FALSE,0.709453294084186,"edger_default",46,3,1,5,1059203
12684,121,121,0,1720,0.0703488372093023,1,0,0.1,0.272733000450875,0,0,0,87,3595,0.979415855354659,"TMMwsp",TRUE,FALSE,1.26979648662476,"ctc_pipeline",46,4,2,5,936399.5
9089,141,137,4,1720,0.0796511627906977,0.971631205673759,0.0283687943262411,0.1,0.253815228562021,0,0,0,13,0,NA,"TMMwsp",TRUE,FALSE,1.20945014549055,"ablate_exclusive",46,4,2,5,936399.5
4824,132,130,2,1720,0.0755813953488372,0.984848484848485,0.0151515151515152,0.05,0.231903506200759,0,0,0,0,0,NA,"TMM",TRUE,FALSE,0.768906739600335,"edger_default",46,4,2,5,936399.5
12715,122,116,6,1720,0.0674418604651163,0.950819672131147,0.0491803278688525,0.1,0.273584888688753,0,0,0,115,3615,0.982295988934993,"TMMwsp",TRUE,FALSE,1.28559965499128,"ctc_pipeline",46,5,5,5,953176.5
9100,131,123,8,1720,0.0715116279069767,0.938931297709924,0.0610687022900763,0.1,0.253814088358367,0,0,0,51,0,NA,"TMMwsp",TRUE,FALSE,1.22541876641168,"ablate_exclusive",46,5,5,5,953176.5
4727,124,119,5,1720,0.0691860465116279,0.959677419354839,0.0403225806451613,0.05,0.204699847555329,0,0,0,0,0,NA,"TMM",TRUE,FALSE,0.758712616026822,"edger_default",46,5,5,5,953176.5
12616,134,129,5,1720,0.075,0.962686567164179,0.0373134328358209,0.1,0.302954228560763,0.00833333333333333,0.00249376558603491,0,118,3685,0.99348710990502,"TMMwsp",TRUE,FALSE,1.25541453596405,"ctc_pipeline",46,6,10,5,954494.5
8931,149,144,5,1720,0.0837209302325581,0.966442953020134,0.0335570469798658,0.1,0.28658548241679,0.0416666666666667,0.00249376558603491,0,94,0,NA,"TMMwsp",TRUE,FALSE,1.19162697945481,"ablate_exclusive",46,6,10,5,954494.5
4655,138,133,5,1720,0.0773255813953488,0.963768115942029,0.036231884057971,0.05,0.223280194474792,0.0416666666666667,0.00249376558603491,0,19,0,NA,"TMM",TRUE,FALSE,0.749911549168435,"edger_default",46,6,10,5,954494.5
13580,305,289,16,1720,0.168023255813953,0.947540983606557,0.0524590163934426,0.1,0.360317336495554,0.85,0.00251256281407035,1,120,3328,0.999399038461538,"TMMwsp",TRUE,FALSE,1.18090233458418,"ctc_pipeline",46,7,20,5,1193009
10252,323,303,20,1720,0.176162790697674,0.938080495356037,0.0619195046439628,0.1,0.347448345091533,0.866666666666667,0.00251256281407035,0,118,0,NA,"TMMwsp",TRUE,FALSE,1.12979706192806,"ablate_exclusive",46,7,20,5,1193009
5840,298,278,20,1720,0.161627906976744,0.932885906040268,0.0671140939597315,0.05,0.311872604610979,0.791666666666667,0,0,99,0,NA,"TMM",TRUE,FALSE,0.738009186089433,"edger_default",46,7,20,5,1193009
12340,257,242,15,1720,0.140697674418605,0.941634241245136,0.0583657587548638,0.1,0.331174397921844,0.975,0,0,120,3557,1,"TMMwsp",TRUE,FALSE,1.296010529971,"ctc_pipeline",46,8,50,5,580214.5
8783,289,261,28,1720,0.151744186046512,0.903114186851211,0.0968858131487889,0.1,0.316270460145651,0.983333333333333,0,0,120,0,NA,"TMMwsp",TRUE,FALSE,1.23689547771754,"ablate_exclusive",46,8,50,5,580214.5
4080,264,245,19,1720,0.142441860465116,0.928030303030303,0.071969696969697,0.05,0.275549131355773,0.958333333333333,0,0,115,0,NA,"TMM",TRUE,FALSE,0.676188186264181,"edger_default",46,8,50,5,580214.5
12846,142,133,9,1720,0.0773255813953488,0.936619718309859,0.0633802816901408,0.1,0.264604387059954,0,0.00264550264550265,0,14,3587,0.996097017005855,"TMMwsp",TRUE,FALSE,1.25779384306662,"ctc_pipeline",47,1,0.1,5,996785
9259,162,148,14,1720,0.086046511627907,0.91358024691358,0.0864197530864197,0.1,0.252738048304747,0,0.00264550264550265,0,0,0,NA,"TMMwsp",TRUE,FALSE,1.2066269249472,"ablate_exclusive",47,1,0.1,5,996785
4972,146,138,8,1720,0.0802325581395349,0.945205479452055,0.0547945205479452,0.05,0.231449485685597,0,0.00264550264550265,0,0,0,NA,"TMM",TRUE,FALSE,0.769469988977121,"edger_default",47,1,0.1,5,996785
12279,112,108,4,1720,0.0627906976744186,0.964285714285714,0.0357142857142857,0.1,0.238828750916219,0,0,0,46,3700,0.987567567567568,"TMMwsp",TRUE,FALSE,1.28277022787309,"ctc_pipeline",47,2,0.5,5,787380.5
8579,126,120,6,1720,0.0697674418604651,0.952380952380952,0.0476190476190476,0.1,0.227370499727727,0,0,0,0,0,NA,"TMMwsp",TRUE,FALSE,1.22014880159069,"ablate_exclusive",47,2,0.5,5,787380.5
4325,119,113,6,1720,0.0656976744186046,0.949579831932773,0.0504201680672269,0.05,0.206334318287182,0,0,0,0,0,NA,"TMM",TRUE,FALSE,0.733696115488212,"edger_default",47,2,0.5,5,787380.5
11723,101,97,4,1720,0.0563953488372093,0.96039603960396,0.0396039603960396,0.1,0.219371685046148,0,0,0,55,3846,0.985959438377535,"TMMwsp",TRUE,FALSE,1.35691798642724,"ctc_pipeline",47,3,1,5,656865.5
7877,128,115,13,1720,0.0668604651162791,0.8984375,0.1015625,0.1,0.207451215692693,0,0,0,1,0,NA,"TMMwsp",TRUE,FALSE,1.28552076089834,"ablate_exclusive",47,3,1,5,656865.5
3632,119,110,9,1720,0.063953488372093,0.92436974789916,0.0756302521008403,0.05,0.185368064064033,0,0,0,0,0,NA,"TMM",TRUE,FALSE,0.739912452920478,"edger_default",47,3,1,5,656865.5
11248,91,83,8,1720,0.0482558139534884,0.912087912087912,0.0879120879120879,0.1,0.219676067626526,0,0,0,77,3875,0.981161290322581,"TMMwsp",TRUE,FALSE,1.45767254553853,"ctc_pipeline",47,4,2,5,887835.5
7373,105,95,10,1720,0.0552325581395349,0.904761904761905,0.0952380952380952,0.1,0.202515749471639,0,0,0,4,0,NA,"TMMwsp",TRUE,FALSE,1.3779069357221,"ablate_exclusive",47,4,2,5,887835.5
3558,96,88,8,1720,0.0511627906976744,0.916666666666667,0.0833333333333333,0.05,0.176800952324074,0,0,0,0,0,NA,"TMM",TRUE,FALSE,0.84166206552176,"edger_default",47,4,2,5,887835.5
12666,126,119,7,1720,0.0691860465116279,0.944444444444444,0.0555555555555556,0.1,0.288699488422559,0,0,0,115,3691,0.982118667027906,"TMMwsp",TRUE,FALSE,1.241195935977,"ctc_pipeline",47,5,5,5,1003472
8975,142,130,12,1720,0.0755813953488372,0.915492957746479,0.0845070422535211,0.1,0.266052118306361,0,0,0,49,0,NA,"TMMwsp",TRUE,FALSE,1.17989367876944,"ablate_exclusive",47,5,5,5,1003472
4671,132,125,7,1720,0.0726744186046512,0.946969696969697,0.053030303030303,0.05,0.225535466543743,0,0,0,1,0,NA,"TMM",TRUE,FALSE,0.726456302227415,"edger_default",47,5,5,5,1003472
12513,123,119,4,1720,0.0691860465116279,0.967479674796748,0.032520325203252,0.1,0.291974024909383,0.0333333333333333,0,0,116,3640,0.989010989010989,"TMMwsp",TRUE,FALSE,1.28497661945139,"ctc_pipeline",47,6,10,5,914521.5
8873,135,130,5,1720,0.0755813953488372,0.962962962962963,0.037037037037037,0.1,0.272823731164008,0.0333333333333333,0,0,76,0,NA,"TMMwsp",TRUE,FALSE,1.21581271572708,"ablate_exclusive",47,6,10,5,914521.5
4647,137,133,4,1720,0.0773255813953488,0.970802919708029,0.0291970802919708,0.05,0.223663144592583,0.0333333333333333,0,0,9,0,NA,"TMM",TRUE,FALSE,0.771977398240942,"edger_default",47,6,10,5,914521.5
13258,274,263,11,1720,0.152906976744186,0.95985401459854,0.0401459854014599,0.1,0.343532424545075,0.85,0,3,120,3526,0.998298355076574,"TMMwsp",TRUE,FALSE,1.20757523025763,"ctc_pipeline",47,7,20,5,1180438.5
9732,288,275,13,1720,0.159883720930233,0.954861111111111,0.0451388888888889,0.1,0.330875166476533,0.85,0,0,114,0,NA,"TMMwsp",TRUE,FALSE,1.15114491977137,"ablate_exclusive",47,7,20,5,1180438.5
5447,261,250,11,1720,0.145348837209302,0.957854406130268,0.0421455938697318,0.05,0.283987785347963,0.725,0,0,89,0,NA,"TMM",TRUE,FALSE,0.748075814198052,"edger_default",47,7,20,5,1180438.5
13021,308,298,10,1720,0.173255813953488,0.967532467532468,0.0324675324675325,0.1,0.343751651672952,1,0,0,120,3489,1,"TMMwsp",TRUE,FALSE,1.23198310090338,"ctc_pipeline",47,8,50,5,999608.5
9532,321,307,14,1720,0.178488372093023,0.956386292834891,0.043613707165109,0.1,0.334196278337874,1,0,0,120,0,NA,"TMMwsp",TRUE,FALSE,1.1791843908176,"ablate_exclusive",47,8,50,5,999608.5
4934,309,298,11,1720,0.173255813953488,0.964401294498382,0.0355987055016181,0.05,0.304168477908922,1,0,0,120,0,NA,"TMM",TRUE,FALSE,0.697070265662333,"edger_default",47,8,50,5,999608.5
12886,133,130,3,1720,0.0755813953488372,0.977443609022556,0.0225563909774436,0.1,0.254100890713275,0,0.00251889168765743,0,15,3573,0.995801847187238,"TMMwsp",TRUE,FALSE,1.23130306944801,"ctc_pipeline",48,1,0.1,5,998300.5
9313,152,142,10,1720,0.0825581395348837,0.93421052631579,0.0657894736842105,0.1,0.245397206230977,0,0.00251889168765743,0,0,0,NA,"TMMwsp",TRUE,FALSE,1.17699355535858,"ablate_exclusive",48,1,0.1,5,998300.5
5120,135,129,6,1720,0.075,0.955555555555556,0.0444444444444444,0.05,0.224115609440265,0,0,0,0,0,NA,"TMM",TRUE,FALSE,0.787970822076421,"edger_default",48,1,0.1,5,998300.5
12264,103,98,5,1720,0.0569767441860465,0.951456310679612,0.0485436893203883,0.1,0.23595058513562,0,0,0,44,3763,0.988307201700771,"TMMwsp",TRUE,FALSE,1.27304668629215,"ctc_pipeline",48,2,0.5,5,775336.5
8501,111,104,7,1720,0.0604651162790698,0.936936936936937,0.0630630630630631,0.1,0.226005742868021,0,0,0,0,0,NA,"TMMwsp",TRUE,FALSE,1.20851364393477,"ablate_exclusive",48,2,0.5,5,775336.5
4232,113,106,7,1720,0.0616279069767442,0.938053097345133,0.0619469026548673,0.05,0.203844486386281,0,0,0,0,0,NA,"TMM",TRUE,FALSE,0.708946775586475,"edger_default",48,2,0.5,5,775336.5
11633,91,89,2,1720,0.0517441860465116,0.978021978021978,0.021978021978022,0.1,0.237482227171886,0,0,0,60,3860,0.984455958549223,"TMMwsp",TRUE,FALSE,1.37262364897012,"ctc_pipeline",48,3,1,5,910865.5
7773,110,103,7,1720,0.0598837209302326,0.936363636363636,0.0636363636363636,0.1,0.225269515043584,0,0,0,0,0,NA,"TMMwsp",TRUE,FALSE,1.2989828067888,"ablate_exclusive",48,3,1,5,910865.5
3754,101,99,2,1720,0.0575581395348837,0.98019801980198,0.0198019801980198,0.05,0.197269878764729,0,0,0,0,0,NA,"TMM",TRUE,FALSE,0.791510978659217,"edger_default",48,3,1,5,910865.5
11937,128,122,6,1720,0.0709302325581395,0.953125,0.046875,0.1,0.248189993117986,0,0,0,96,3880,0.977835051546392,"TMMwsp",TRUE,FALSE,1.38135153177843,"ctc_pipeline",48,4,2,5,708854
8057,141,134,7,1720,0.077906976744186,0.950354609929078,0.049645390070922,0.1,0.234940454302715,0,0,0,10,0,NA,"TMMwsp",TRUE,FALSE,1.30139393347255,"ablate_exclusive",48,4,2,5,708854
4040,135,129,6,1720,0.075,0.955555555555556,0.0444444444444444,0.05,0.205223926199185,0,0,0,0,0,NA,"TMM",TRUE,FALSE,0.800051861038745,"edger_default",48,4,2,5,708854
12652,121,119,2,1720,0.0691860465116279,0.983471074380165,0.0165289256198347,0.1,0.270440822141058,0.00833333333333333,0,0,111,3777,0.980672491395287,"TMMwsp",TRUE,FALSE,1.28688012630261,"ctc_pipeline",48,5,5,5,964479
8875,129,124,5,1720,0.072093023255814,0.961240310077519,0.0387596899224806,0.1,0.247995884634654,0.00833333333333333,0,0,38,0,NA,"TMMwsp",TRUE,FALSE,1.2218989845266,"ablate_exclusive",48,5,5,5,964479
4683,124,122,2,1720,0.0709302325581395,0.983870967741935,0.0161290322580645,0.05,0.211287962803993,0.00833333333333333,0,0,2,0,NA,"TMM",TRUE,FALSE,0.781841025746563,"edger_default",48,5,5,5,964479
12408,138,127,11,1720,0.0738372093023256,0.920289855072464,0.0797101449275362,0.1,0.297842393534462,0.0333333333333333,0,0,120,3597,0.992215735335001,"TMMwsp",TRUE,FALSE,1.28308504889588,"ctc_pipeline",48,6,10,5,782836
8811,158,145,13,1720,0.0843023255813953,0.917721518987342,0.0822784810126582,0.1,0.282206021519131,0.0666666666666667,0,0,92,0,NA,"TMMwsp",TRUE,FALSE,1.22363281158649,"ablate_exclusive",48,6,10,5,782836
4233,142,131,11,1720,0.0761627906976744,0.922535211267606,0.0774647887323944,0.05,0.216612163071453,0.0416666666666667,0,0,9,0,NA,"TMM",TRUE,FALSE,0.709588056072343,"edger_default",48,6,10,5,782836
13403,257,241,16,1720,0.140116279069767,0.937743190661479,0.0622568093385214,0.1,0.348422811829318,0.7,0,0,120,3522,0.998864281658149,"TMMwsp",TRUE,FALSE,1.16083815318086,"ctc_pipeline",48,7,20,5,1173196.5
9881,281,257,24,1720,0.149418604651163,0.914590747330961,0.0854092526690391,0.1,0.330126090324993,0.741666666666667,0,0,116,0,NA,"TMMwsp",TRUE,FALSE,1.09937883163263,"ablate_exclusive",48,7,20,5,1173196.5
5607,253,239,14,1720,0.138953488372093,0.944664031620553,0.0553359683794466,0.05,0.298350406442673,0.7,0,0,102,0,NA,"TMM",TRUE,FALSE,0.719987435902775,"edger_default",48,7,20,5,1173196.5
12167,267,255,12,1720,0.148255813953488,0.955056179775281,0.0449438202247191,0.1,0.331654338691549,0.991666666666667,0,0,120,3760,1,"TMMwsp",TRUE,FALSE,1.30336950285782,"ctc_pipeline",48,8,50,5,642137
8407,286,269,17,1720,0.156395348837209,0.94055944055944,0.0594405594405594,0.1,0.321194616502841,0.991666666666667,0,0,120,0,NA,"TMMwsp",TRUE,FALSE,1.24891722279433,"ablate_exclusive",48,8,50,5,642137
4051,259,250,9,1720,0.145348837209302,0.965250965250965,0.0347490347490347,0.05,0.278641917780018,0.916666666666667,0,0,110,0,NA,"TMM",TRUE,FALSE,0.742469109098333,"edger_default",48,8,50,5,642137
11628,94,91,3,1720,0.052906976744186,0.968085106382979,0.0319148936170213,0.1,0.225139833304281,0,0,0,14,3764,0.996280552603613,"TMMwsp",TRUE,FALSE,1.36750519156536,"ctc_pipeline",49,1,0.1,5,823407
7864,115,111,4,1720,0.0645348837209302,0.965217391304348,0.0347826086956522,0.1,0.219726540850135,0,0,0,0,0,NA,"TMMwsp",TRUE,FALSE,1.29598639539552,"ablate_exclusive",49,1,0.1,5,823407
3732,104,101,3,1720,0.0587209302325581,0.971153846153846,0.0288461538461538,0.05,0.190994969660647,0,0,0,0,0,NA,"TMM",TRUE,FALSE,0.754076775945862,"edger_default",49,1,0.1,5,823407
12669,134,133,1,1720,0.0773255813953488,0.992537313432836,0.00746268656716418,0.1,0.256204704242506,0,0,0,44,3552,0.987612612612613,"TMMwsp",TRUE,FALSE,1.25559780116293,"ctc_pipeline",49,2,0.5,5,836453
9117,147,145,2,1720,0.0843023255813953,0.986394557823129,0.0136054421768707,0.1,0.245334666667542,0,0,0,0,0,NA,"TMMwsp",TRUE,FALSE,1.19741485307506,"ablate_exclusive",49,2,0.5,5,836453
4630,140,139,1,1720,0.0808139534883721,0.992857142857143,0.00714285714285714,0.05,0.222173637513001,0,0,0,0,0,NA,"TMM",TRUE,FALSE,0.707372129886779,"edger_default",49,2,0.5,5,836453
12543,132,126,6,1720,0.0732558139534884,0.954545454545455,0.0454545454545455,0.1,0.253727793850736,0,0.00251889168765743,0,67,3776,0.983845338983051,"TMMwsp",TRUE,FALSE,1.31791854187254,"ctc_pipeline",49,3,1,5,959246
8767,145,135,10,1720,0.0784883720930233,0.931034482758621,0.0689655172413793,0.1,0.240310421411883,0,0.00251889168765743,0,6,0,NA,"TMMwsp",TRUE,FALSE,1.25710546116338,"ablate_exclusive",49,3,1,5,959246
4634,137,130,7,1720,0.0755813953488372,0.948905109489051,0.0510948905109489,0.05,0.212202789649441,0,0.00251889168765743,0,0,0,NA,"TMM",TRUE,FALSE,0.805602840302148,"edger_default",49,3,1,5,959246
12863,138,131,7,1720,0.0761627906976744,0.949275362318841,0.0507246376811594,0.1,0.262901220511352,0,0,0,97,3657,0.97949138638228,"TMMwsp",TRUE,FALSE,1.22547623052746,"ctc_pipeline",49,4,2,5,971229.5
9206,148,139,9,1720,0.0808139534883721,0.939189189189189,0.0608108108108108,0.1,0.250917209654693,0,0,0,22,0,NA,"TMMwsp",TRUE,FALSE,1.1601736015994,"ablate_exclusive",49,4,2,5,971229.5
4806,135,131,4,1720,0.0761627906976744,0.97037037037037,0.0296296296296296,0.05,0.218434554452805,0,0,0,0,0,NA,"TMM",TRUE,FALSE,0.699481968457919,"edger_default",49,4,2,5,971229.5
13109,127,123,4,1720,0.0715116279069767,0.968503937007874,0.031496062992126,0.1,0.280457306144764,0,0,0,113,3585,0.979637377963738,"TMMwsp",TRUE,FALSE,1.21336624835328,"ctc_pipeline",49,5,5,5,887706.5
9524,136,128,8,1720,0.0744186046511628,0.941176470588235,0.0588235294117647,0.1,0.258079056205428,0,0,0,40,0,NA,"TMMwsp",TRUE,FALSE,1.15659718092176,"ablate_exclusive",49,5,5,5,887706.5
5068,127,123,4,1720,0.0715116279069767,0.968503937007874,0.031496062992126,0.05,0.217722804908436,0,0,0,0,0,NA,"TMM",TRUE,FALSE,0.723432220834534,"edger_default",49,5,5,5,887706.5
13134,133,126,7,1720,0.0732558139534884,0.947368421052632,0.0526315789473684,0.1,0.31308215816592,0.141666666666667,0,0,120,3605,0.988904299583911,"TMMwsp",TRUE,FALSE,1.25532730357584,"ctc_pipeline",49,6,10,5,1153587.5
9529,169,156,13,1720,0.0906976744186047,0.923076923076923,0.0769230769230769,0.1,0.285569327127688,0.216666666666667,0,0,80,0,NA,"TMMwsp",TRUE,FALSE,1.19810140024192,"ablate_exclusive",49,6,10,5,1153587.5
5204,132,125,7,1720,0.0726744186046512,0.946969696969697,0.053030303030303,0.05,0.233177710591211,0.1,0,0,21,0,NA,"TMM",TRUE,FALSE,0.765387608831969,"edger_default",49,6,10,5,1153587.5
12707,247,236,11,1720,0.137209302325581,0.955465587044534,0.0445344129554656,0.1,0.339363232403724,0.716666666666667,0.0026525198938992,6,120,3687,0.995389205315975,"TMMwsp",TRUE,FALSE,1.27749066833048,"ctc_pipeline",49,7,20,5,1028393
9020,265,245,20,1720,0.142441860465116,0.924528301886792,0.0754716981132075,0.1,0.316480203214461,0.725,0.0026525198938992,0,103,0,NA,"TMMwsp",TRUE,FALSE,1.22458845243789,"ablate_exclusive",49,7,20,5,1028393
4881,211,199,12,1720,0.115697674418605,0.943127962085308,0.0568720379146919,0.05,0.259689748445907,0.441666666666667,0.0026525198938992,0,57,0,NA,"TMM",TRUE,FALSE,0.827062077234826,"edger_default",49,7,20,5,1028393
11919,266,255,11,1720,0.148255813953488,0.958646616541353,0.0413533834586466,0.1,0.323137768899959,0.95,0,0,120,3776,1,"TMMwsp",TRUE,FALSE,1.29646260818671,"ctc_pipeline",49,8,50,5,621326
8143,293,274,19,1720,0.159302325581395,0.935153583617747,0.0648464163822526,0.1,0.31155524613836,0.975,0,0,120,0,NA,"TMMwsp",TRUE,FALSE,1.22714674205016,"ablate_exclusive",49,8,50,5,621326
3952,261,251,10,1720,0.14593023255814,0.961685823754789,0.0383141762452107,0.05,0.271982970645744,0.95,0,0,115,0,NA,"TMM",TRUE,FALSE,0.71963130050719,"edger_default",49,8,50,5,621326
12022,116,110,6,1720,0.063953488372093,0.948275862068966,0.0517241379310345,0.1,0.241626239055963,0,0.00245700245700246,0,11,3791,0.997098390925877,"TMMwsp",TRUE,FALSE,1.28773147340655,"ctc_pipeline",50,1,0.1,5,640202.5
8231,136,126,10,1720,0.0732558139534884,0.926470588235294,0.0735294117647059,0.1,0.236735171147253,0,0,0,0,0,NA,"TMMwsp",TRUE,FALSE,1.22298742203006,"ablate_exclusive",50,1,0.1,5,640202.5
3889,121,115,6,1720,0.0668604651162791,0.950413223140496,0.0495867768595041,0.05,0.206408373440712,0,0,0,0,0,NA,"TMM",TRUE,FALSE,0.717833102107438,"edger_default",50,1,0.1,5,640202.5
12725,133,126,7,1720,0.0732558139534884,0.947368421052632,0.0526315789473684,0.1,0.249855840815775,0,0.00245098039215686,0,37,3670,0.98991825613079,"TMMwsp",TRUE,FALSE,1.27308897577386,"ctc_pipeline",50,2,0.5,5,882287
9055,143,136,7,1720,0.0790697674418605,0.951048951048951,0.048951048951049,0.1,0.239975290383232,0,0.00245098039215686,0,0,0,NA,"TMMwsp",TRUE,FALSE,1.21326095027652,"ablate_exclusive",50,2,0.5,5,882287
4721,143,137,6,1720,0.0796511627906977,0.958041958041958,0.041958041958042,0.05,0.216477875451598,0,0.00245098039215686,0,0,0,NA,"TMM",TRUE,FALSE,0.74916763733578,"edger_default",50,2,0.5,5,882287
12322,124,121,3,1720,0.0703488372093023,0.975806451612903,0.0241935483870968,0.1,0.258287224255726,0,0,0,54,3700,0.985945945945946,"TMMwsp",TRUE,FALSE,1.31380370673774,"ctc_pipeline",50,3,1,5,967987.5
8622,134,130,4,1720,0.0755813953488372,0.970149253731343,0.0298507462686567,0.1,0.245933954808175,0,0,0,2,0,NA,"TMMwsp",TRUE,FALSE,1.25824334048747,"ablate_exclusive",50,3,1,5,967987.5
4535,125,123,2,1720,0.0715116279069767,0.984,0.016,0.05,0.225452377770138,0,0,0,0,0,NA,"TMM",TRUE,FALSE,0.807649992441245,"edger_default",50,3,1,5,967987.5
12009,75,74,1,1720,0.0430232558139535,0.986666666666667,0.0133333333333333,0.1,0.229249309648896,0,0,0,80,3876,0.981166150670795,"TMMwsp",TRUE,FALSE,1.35769652962051,"ctc_pipeline",50,4,2,5,645407.5
8133,91,89,2,1720,0.0517441860465116,0.978021978021978,0.021978021978022,0.1,0.213561804504951,0,0,0,7,0,NA,"TMMwsp",TRUE,FALSE,1.2992485079955,"ablate_exclusive",50,4,2,5,645407.5
3698,83,82,1,1720,0.0476744186046512,0.987951807228916,0.0120481927710843,0.05,0.190636667702655,0,0,0,0,0,NA,"TMM",TRUE,FALSE,0.731733343094757,"edger_default",50,4,2,5,645407.5
13026,149,141,8,1720,0.0819767441860465,0.946308724832215,0.0536912751677852,0.1,0.299532776587125,0,0.00258397932816537,0,118,3630,0.985123966942149,"TMMwsp",TRUE,FALSE,1.19473190648022,"ctc_pipeline",50,5,5,5,1118481
9396,161,151,10,1720,0.0877906976744186,0.937888198757764,0.062111801242236,0.1,0.279871895799953,0,0.00258397932816537,0,64,0,NA,"TMMwsp",TRUE,FALSE,1.13564228703655,"ablate_exclusive",50,5,5,5,1118481
5040,152,145,7,1720,0.0843023255813953,0.953947368421053,0.0460526315789474,0.05,0.223179988118834,0,0.00258397932816537,0,0,0,NA,"TMM",TRUE,FALSE,0.708301735499906,"edger_default",50,5,5,5,1118481
12362,134,125,9,1720,0.0726744186046512,0.932835820895522,0.0671641791044776,0.1,0.292309494342759,0.0166666666666667,0,0,117,3776,0.991260593220339,"TMMwsp",TRUE,FALSE,1.28846087710027,"ctc_pipeline",50,6,10,5,831454.5
8586,152,140,12,1720,0.0813953488372093,0.921052631578947,0.0789473684210526,0.1,0.275236536500815,0.05,0,0,84,0,NA,"TMMwsp",TRUE,FALSE,1.22168200076652,"ablate_exclusive",50,6,10,5,831454.5
4364,138,129,9,1720,0.075,0.934782608695652,0.0652173913043478,0.05,0.21133060755162,0.00833333333333333,0,0,7,0,NA,"TMM",TRUE,FALSE,0.749854102713821,"edger_default",50,6,10,5,831454.5
13227,257,244,13,1720,0.141860465116279,0.949416342412451,0.0505836575875486,0.1,0.347986413707409,0.633333333333333,0.00259067357512953,0,120,3545,0.998871650211566,"TMMwsp",TRUE,FALSE,1.19812783032656,"ctc_pipeline",50,7,20,5,1082693
9682,282,259,23,1720,0.150581395348837,0.918439716312057,0.0815602836879433,0.1,0.334620853173114,0.691666666666667,0.00259067357512953,0,116,0,NA,"TMMwsp",TRUE,FALSE,1.14004586273545,"ablate_exclusive",50,7,20,5,1082693
5423,263,245,18,1720,0.142441860465116,0.931558935361217,0.0684410646387833,0.05,0.294638287187904,0.608333333333333,0.00259067357512953,0,84,0,NA,"TMM",TRUE,FALSE,0.727367870420506,"edger_default",50,7,20,5,1082693
12599,267,258,9,1720,0.15,0.966292134831461,0.0337078651685393,0.1,0.33164579458992,0.983333333333333,0.00261780104712042,0,120,3645,0.999725651577503,"TMMwsp",TRUE,FALSE,1.25854118474693,"ctc_pipeline",50,8,50,5,776423.5
8954,279,265,14,1720,0.15406976744186,0.949820788530466,0.050179211469534,0.1,0.322127177783489,0.983333333333333,0.00261780104712042,0,119,0,NA,"TMMwsp",TRUE,FALSE,1.19022557661251,"ablate_exclusive",50,8,50,5,776423.5
4528,260,253,7,1720,0.147093023255814,0.973076923076923,0.0269230769230769,0.05,0.29081119433164,0.975,0.00261780104712042,0,118,0,NA,"TMM",TRUE,FALSE,0.698735394049605,"edger_default",50,8,50,5,776423.5
