"n_tested","n_significant","true_positives","false_positives","n_true_de","sensitivity","precision","empirical_fdr","nominal_fdr","avg_precision","sens_exclusive","sens_low_abund","sig_excl_rescued","n_excl_kept","n_exclusive_added","excl_admit_fpr","norm_used","batch_in_model","shrink_applied","common_disp","arm","rep","scenario_row","n_per_group","median_lib"
11691,66,64,2,1720,0.0372093023255814,0.96969696969697,0.0303030303030303,0.1,0.191723308775296,0,0,0,37,3225,0.989147286821705,"TMMwsp",TRUE,FALSE,1.18422401315598,"ctc_pipeline",1,1,3,780073
4296,70,67,3,1720,0.038953488372093,0.957142857142857,0.0428571428571429,0.05,0.175335141058368,0,0,0,0,0,NA,"TMM",TRUE,FALSE,0.730450695379994,"edger_default",1,1,3,780073
8401,73,69,4,1720,0.0401162790697674,0.945205479452055,0.0547945205479452,0.1,0.186746841575987,0,0,0,37,4105,0.990986601705238,"TMMwsp",TRUE,FALSE,0.799861841963209,"ablate_filter",1,1,3,780073
8466,71,67,4,1720,0.038953488372093,0.943661971830986,0.0563380281690141,0.1,0.188763660441696,0,0,0,2,0,NA,"TMMwsp",TRUE,FALSE,1.12602663376359,"ablate_exclusive",1,1,3,780073
11691,64,61,3,1720,0.0354651162790698,0.953125,0.046875,0.1,0.190721841158235,0,0,0,37,3225,0.989147286821705,"TMM",TRUE,FALSE,1.19242043069044,"ablate_tmmwsp",1,1,3,780073
11691,66,64,2,1720,0.0372093023255814,0.96969696969697,0.0303030303030303,0.1,0.192073400704703,0,0,0,37,3225,0.989147286821705,"TMMwsp",TRUE,FALSE,1.18422401315598,"ablate_priorcount",1,1,3,780073
11691,54,54,0,1720,0.0313953488372093,1,0,0.05,0.191783011785664,0,0,0,37,3225,0.989147286821705,"TMMwsp",TRUE,FALSE,1.18422401315598,"ablate_fdr",1,1,3,780073
11691,66,64,2,1720,0.0372093023255814,0.96969696969697,0.0303030303030303,0.1,0.191955461967007,0,0,0,37,3225,0.989147286821705,"TMMwsp",TRUE,FALSE,1.18422401315598,"ablate_shrinkfloor",1,1,3,780073
11691,66,64,2,1720,0.0372093023255814,0.96969696969697,0.0303030303030303,0.1,0.192103307728962,0,0,0,37,3225,0.989147286821705,"TMMwsp",TRUE,FALSE,1.18422401315598,"ablate_lowinput",1,1,3,780073
10495,155,110,45,1720,0.063953488372093,0.709677419354839,0.290322580645161,0.1,0.179796929025616,0,0,0,37,4013,0.990779965113382,"TMMwsp",FALSE,FALSE,0.739406357587021,"batch_removed",1,1,3,780073
10495,55,54,1,1720,0.0313953488372093,0.981818181818182,0.0181818181818182,0.1,0.188920639327215,0,0,0,37,4013,0.990779965113382,"TMMwsp",FALSE,FALSE,1.20560481873086,"batch_ignored",1,1,3,780073
11691,66,64,2,1720,0.0372093023255814,0.96969696969697,0.0303030303030303,0.1,0.192125083785567,0,0,0,37,3225,0.989147286821705,"TMMwsp",TRUE,FALSE,1.18422401315598,"fix_filter",1,1,3,780073
12934,131,129,2,1720,0.075,0.984732824427481,0.0152671755725191,0.1,0.265180494371714,0,0,0,73,3676,0.981229597388466,"TMMwsp",TRUE,FALSE,1.23613700495889,"ctc_pipeline",1,2,5,769683
4735,135,133,2,1720,0.0773255813953488,0.985185185185185,0.0148148148148148,0.05,0.225182902957086,0,0,0,0,0,NA,"TMM",TRUE,FALSE,0.714178879580822,"edger_default",1,2,5,769683
8756,144,141,3,1720,0.0819767441860465,0.979166666666667,0.0208333333333333,0.1,0.255378434898405,0,0,0,73,4021,0.981845312111415,"TMMwsp",TRUE,FALSE,0.791951506736606,"ablate_filter",1,2,5,769683
9258,142,138,4,1720,0.0802325581395349,0.971830985915493,0.028169014084507,0.1,0.253484773552279,0,0,0,4,0,NA,"TMMwsp",TRUE,FALSE,1.17279796810512,"ablate_exclusive",1,2,5,769683
12934,134,131,3,1720,0.0761627906976744,0.977611940298508,0.0223880597014925,0.1,0.263377717291348,0,0,0,73,3676,0.981229597388466,"TMM",TRUE,FALSE,1.25055442594826,"ablate_tmmwsp",1,2,5,769683
12934,131,129,2,1720,0.075,0.984732824427481,0.0152671755725191,0.1,0.265168905214889,0,0,0,73,3676,0.981229597388466,"TMMwsp",TRUE,FALSE,1.23613700495889,"ablate_priorcount",1,2,5,769683
12934,114,114,0,1720,0.0662790697674419,1,0,0.05,0.265419051601926,0,0,0,73,3676,0.981229597388466,"TMMwsp",TRUE,FALSE,1.23613700495889,"ablate_fdr",1,2,5,769683
12934,131,129,2,1720,0.075,0.984732824427481,0.0152671755725191,0.1,0.265362918515302,0,0,0,73,3676,0.981229597388466,"TMMwsp",TRUE,FALSE,1.23613700495889,"ablate_shrinkfloor",1,2,5,769683
12934,131,129,2,1720,0.075,0.984732824427481,0.0152671755725191,0.1,0.265186774160141,0,0,0,73,3676,0.981229597388466,"TMMwsp",TRUE,FALSE,1.23613700495889,"ablate_lowinput",1,2,5,769683
10659,183,150,33,1720,0.0872093023255814,0.819672131147541,0.180327868852459,0.1,0.237808360235103,0,0,0,73,4018,0.981831757093081,"TMMwsp",FALSE,FALSE,0.907752470782446,"batch_removed",1,2,5,769683
10659,127,125,2,1720,0.0726744186046512,0.984251968503937,0.015748031496063,0.1,0.259202706626001,0,0,0,73,4018,0.981831757093081,"TMMwsp",FALSE,FALSE,1.11907081358478,"batch_ignored",1,2,5,769683
12934,131,129,2,1720,0.075,0.984732824427481,0.0152671755725191,0.1,0.265337479982068,0,0,0,73,3676,0.981229597388466,"TMMwsp",TRUE,FALSE,1.23613700495889,"fix_filter",1,2,5,769683
11724,231,216,15,1720,0.125581395348837,0.935064935064935,0.0649350649350649,0.1,0.314266560663969,0,0.00254452926208651,0,78,3601,0.978339350180505,"TMMwsp",TRUE,FALSE,1.10978650086658,"ctc_pipeline",1,3,8,1079403.5
4718,195,191,4,1720,0.111046511627907,0.97948717948718,0.0205128205128205,0.05,0.243831725215103,0,0.00254452926208651,0,0,0,NA,"TMM",TRUE,FALSE,0.654936273408518,"edger_default",1,3,8,1079403.5
8326,204,199,5,1720,0.115697674418605,0.975490196078431,0.0245098039215686,0.1,0.276992740620876,0,0.00254452926208651,0,78,3608,0.978381374722838,"TMMwsp",TRUE,FALSE,0.701891373633142,"ablate_filter",1,3,8,1079403.5
8123,242,227,15,1720,0.131976744186047,0.93801652892562,0.0619834710743802,0.1,0.285842138734989,0,0.00254452926208651,0,0,0,NA,"TMMwsp",TRUE,FALSE,1.06207342287533,"ablate_exclusive",1,3,8,1079403.5
11724,230,214,16,1720,0.124418604651163,0.930434782608696,0.0695652173913043,0.1,0.314408331226025,0,0.00254452926208651,0,78,3601,0.978339350180505,"TMM",TRUE,FALSE,1.11989905243159,"ablate_tmmwsp",1,3,8,1079403.5
11724,231,216,15,1720,0.125581395348837,0.935064935064935,0.0649350649350649,0.1,0.314233488162996,0,0.00254452926208651,0,78,3601,0.978339350180505,"TMMwsp",TRUE,FALSE,1.10978650086658,"ablate_priorcount",1,3,8,1079403.5
11724,192,186,6,1720,0.108139534883721,0.96875,0.03125,0.05,0.314185728753695,0,0.00254452926208651,0,78,3601,0.978339350180505,"TMMwsp",TRUE,FALSE,1.10978650086658,"ablate_fdr",1,3,8,1079403.5
11724,231,216,15,1720,0.125581395348837,0.935064935064935,0.0649350649350649,0.1,0.314211732634167,0,0.00254452926208651,0,78,3601,0.978339350180505,"TMMwsp",TRUE,FALSE,1.10978650086658,"ablate_shrinkfloor",1,3,8,1079403.5
11724,231,216,15,1720,0.125581395348837,0.935064935064935,0.0649350649350649,0.1,0.314406860062651,0,0.00254452926208651,0,78,3601,0.978339350180505,"TMMwsp",TRUE,FALSE,1.10978650086658,"ablate_lowinput",1,3,8,1079403.5
10226,262,221,41,1720,0.128488372093023,0.843511450381679,0.156488549618321,0.1,0.286290763041014,0,0.00254452926208651,0,78,3608,0.978381374722838,"TMMwsp",FALSE,FALSE,0.911345671381898,"batch_removed",1,3,8,1079403.5
10226,206,194,12,1720,0.112790697674419,0.941747572815534,0.058252427184466,0.1,0.298653642165958,0,0.00254452926208651,0,78,3608,0.978381374722838,"TMMwsp",FALSE,FALSE,1.04289096070189,"batch_ignored",1,3,8,1079403.5
11724,231,216,15,1720,0.125581395348837,0.935064935064935,0.0649350649350649,0.1,0.314425637334643,0,0.00254452926208651,0,78,3601,0.978339350180505,"TMMwsp",TRUE,FALSE,1.10978650086658,"fix_filter",1,3,8,1079403.5
11823,54,54,0,1720,0.0313953488372093,1,0,0.1,0.196376577401804,0,0,0,36,3298,0.989387507580352,"TMMwsp",TRUE,FALSE,1.19775600733469,"ctc_pipeline",2,1,3,778545.5
4216,63,62,1,1720,0.036046511627907,0.984126984126984,0.0158730158730159,0.05,0.177316348138728,0,0,0,0,0,NA,"TMM",TRUE,FALSE,0.773694380964979,"edger_default",2,1,3,778545.5
8364,59,59,0,1720,0.0343023255813954,1,0,0.1,0.193673981725234,0,0,0,36,4148,0.991321118611379,"TMMwsp",TRUE,FALSE,0.811036399101429,"ablate_filter",2,1,3,778545.5
8525,61,61,0,1720,0.0354651162790698,1,0,0.1,0.189843336377487,0,0,0,1,0,NA,"TMMwsp",TRUE,FALSE,1.16397540550126,"ablate_exclusive",2,1,3,778545.5
11823,52,52,0,1720,0.0302325581395349,1,0,0.1,0.197098074449576,0,0,0,36,3298,0.989387507580352,"TMM",TRUE,FALSE,1.24456001608675,"ablate_tmmwsp",2,1,3,778545.5
11823,54,54,0,1720,0.0313953488372093,1,0,0.1,0.196397702812007,0,0,0,36,3298,0.989387507580352,"TMMwsp",TRUE,FALSE,1.19775600733469,"ablate_priorcount",2,1,3,778545.5
11823,41,41,0,1720,0.0238372093023256,1,0,0.05,0.196590221062578,0,0,0,36,3298,0.989387507580352,"TMMwsp",TRUE,FALSE,1.19775600733469,"ablate_fdr",2,1,3,778545.5
11823,54,54,0,1720,0.0313953488372093,1,0,0.1,0.196642331909707,0,0,0,36,3298,0.989387507580352,"TMMwsp",TRUE,FALSE,1.19775600733469,"ablate_shrinkfloor",2,1,3,778545.5
11823,54,54,0,1720,0.0313953488372093,1,0,0.1,0.196260369639794,0,0,0,36,3298,0.989387507580352,"TMMwsp",TRUE,FALSE,1.19775600733469,"ablate_lowinput",2,1,3,778545.5
10544,148,94,54,1720,0.0546511627906977,0.635135135135135,0.364864864864865,0.1,0.180449733285733,0,0,0,36,4052,0.99111549851925,"TMMwsp",FALSE,FALSE,0.841885870235224,"batch_removed",2,1,3,778545.5
10544,49,49,0,1720,0.0284883720930233,1,0,0.1,0.192776322366947,0,0,0,36,4052,0.99111549851925,"TMMwsp",FALSE,FALSE,1.21692091662069,"batch_ignored",2,1,3,778545.5
11823,54,54,0,1720,0.0313953488372093,1,0,0.1,0.196355570257517,0,0,0,36,3298,0.989387507580352,"TMMwsp",TRUE,FALSE,1.19775600733469,"fix_filter",2,1,3,778545.5
13155,148,141,7,1720,0.0819767441860465,0.952702702702703,0.0472972972972973,0.1,0.26243216602983,0,0.00472813238770686,0,61,3667,0.984455958549223,"TMMwsp",TRUE,FALSE,1.2183027732373,"ctc_pipeline",2,2,5,758889.5
4802,150,143,7,1720,0.0831395348837209,0.953333333333333,0.0466666666666667,0.05,0.220315201946693,0,0.00472813238770686,0,0,0,NA,"TMM",TRUE,FALSE,0.687191029086341,"edger_default",2,2,5,758889.5
8879,158,150,8,1720,0.0872093023255814,0.949367088607595,0.0506329113924051,0.1,0.24722285464577,0,0.00472813238770686,0,61,4077,0.985038018150601,"TMMwsp",TRUE,FALSE,0.763262017154372,"ablate_filter",2,2,5,758889.5
9488,165,154,11,1720,0.0895348837209302,0.933333333333333,0.0666666666666667,0.1,0.248381872147565,0,0.00472813238770686,0,4,0,NA,"TMMwsp",TRUE,FALSE,1.15385097718407,"ablate_exclusive",2,2,5,758889.5
13155,152,143,9,1720,0.0831395348837209,0.94078947368421,0.0592105263157895,0.1,0.258992605744257,0,0.00472813238770686,0,61,3667,0.984455958549223,"TMM",TRUE,FALSE,1.23277983512317,"ablate_tmmwsp",2,2,5,758889.5
13155,148,141,7,1720,0.0819767441860465,0.952702702702703,0.0472972972972973,0.1,0.262376531661461,0,0.00472813238770686,0,61,3667,0.984455958549223,"TMMwsp",TRUE,FALSE,1.2183027732373,"ablate_priorcount",2,2,5,758889.5
13155,132,131,1,1720,0.0761627906976744,0.992424242424242,0.00757575757575758,0.05,0.262624171807099,0,0.00472813238770686,0,61,3667,0.984455958549223,"TMMwsp",TRUE,FALSE,1.2183027732373,"ablate_fdr",2,2,5,758889.5
13155,148,141,7,1720,0.0819767441860465,0.952702702702703,0.0472972972972973,0.1,0.262431797459058,0,0.00472813238770686,0,61,3667,0.984455958549223,"TMMwsp",TRUE,FALSE,1.2183027732373,"ablate_shrinkfloor",2,2,5,758889.5
13155,148,141,7,1720,0.0819767441860465,0.952702702702703,0.0472972972972973,0.1,0.262489021625256,0,0.00472813238770686,0,61,3667,0.984455958549223,"TMMwsp",TRUE,FALSE,1.2183027732373,"ablate_lowinput",2,2,5,758889.5
10985,203,163,40,1720,0.0947674418604651,0.80295566502463,0.197044334975369,0.1,0.240469065533796,0,0.00472813238770686,0,61,4073,0.98502332433096,"TMMwsp",FALSE,FALSE,0.895528841299755,"batch_removed",2,2,5,758889.5
10985,148,139,9,1720,0.0808139534883721,0.939189189189189,0.0608108108108108,0.1,0.253203584534275,0,0.00472813238770686,0,61,4073,0.98502332433096,"TMMwsp",FALSE,FALSE,1.11286899856255,"batch_ignored",2,2,5,758889.5
13155,148,141,7,1720,0.0819767441860465,0.952702702702703,0.0472972972972973,0.1,0.262619516052977,0,0.00472813238770686,0,61,3667,0.984455958549223,"TMMwsp",TRUE,FALSE,1.2183027732373,"fix_filter",2,2,5,758889.5
11362,234,221,13,1720,0.128488372093023,0.944444444444444,0.0555555555555556,0.1,0.319146136410419,0,0,0,90,3696,0.975649350649351,"TMMwsp",TRUE,FALSE,1.13822611602539,"ctc_pipeline",2,3,8,1039097.5
4214,201,193,8,1720,0.112209302325581,0.960199004975124,0.0398009950248756,0.05,0.241850930263824,0,0,0,0,0,NA,"TMM",TRUE,FALSE,0.624414171270442,"edger_default",2,3,8,1039097.5
7924,215,206,9,1720,0.119767441860465,0.958139534883721,0.0418604651162791,0.1,0.286524250674311,0,0,0,90,3710,0.975741239892183,"TMMwsp",TRUE,FALSE,0.671339813232594,"ablate_filter",2,3,8,1039097.5
7666,247,227,20,1720,0.131976744186047,0.919028340080972,0.0809716599190283,0.1,0.284081888309304,0,0,0,0,0,NA,"TMMwsp",TRUE,FALSE,1.08515584193655,"ablate_exclusive",2,3,8,1039097.5
11362,235,222,13,1720,0.12906976744186,0.94468085106383,0.0553191489361702,0.1,0.320182362165802,0,0,0,90,3696,0.975649350649351,"TMM",TRUE,FALSE,1.14786964123878,"ablate_tmmwsp",2,3,8,1039097.5
11362,234,221,13,1720,0.128488372093023,0.944444444444444,0.0555555555555556,0.1,0.319450975381538,0,0,0,90,3696,0.975649350649351,"TMMwsp",TRUE,FALSE,1.13822611602539,"ablate_priorcount",2,3,8,1039097.5
11362,210,204,6,1720,0.118604651162791,0.971428571428571,0.0285714285714286,0.05,0.319264275874128,0,0,0,90,3696,0.975649350649351,"TMMwsp",TRUE,FALSE,1.13822611602539,"ablate_fdr",2,3,8,1039097.5
11362,234,221,13,1720,0.128488372093023,0.944444444444444,0.0555555555555556,0.1,0.318848953992853,0,0,0,90,3696,0.975649350649351,"TMMwsp",TRUE,FALSE,1.13822611602539,"ablate_shrinkfloor",2,3,8,1039097.5
11362,234,221,13,1720,0.128488372093023,0.944444444444444,0.0555555555555556,0.1,0.318557986854913,0,0,0,90,3696,0.975649350649351,"TMMwsp",TRUE,FALSE,1.13822611602539,"ablate_lowinput",2,3,8,1039097.5
9968,267,235,32,1720,0.136627906976744,0.880149812734082,0.119850187265918,0.1,0.297928935052409,0,0,0,90,3712,0.975754310344828,"TMMwsp",FALSE,FALSE,0.925683325690588,"batch_removed",2,3,8,1039097.5
9968,206,199,7,1720,0.115697674418605,0.966019417475728,0.0339805825242718,0.1,0.309477572807203,0,0,0,90,3712,0.975754310344828,"TMMwsp",FALSE,FALSE,1.07555089100151,"batch_ignored",2,3,8,1039097.5
11362,234,221,13,1720,0.128488372093023,0.944444444444444,0.0555555555555556,0.1,0.319387241193355,0,0,0,90,3696,0.975649350649351,"TMMwsp",TRUE,FALSE,1.13822611602539,"fix_filter",2,3,8,1039097.5
12565,51,51,0,1720,0.0296511627906977,1,0,0.1,0.210074703989144,0,0,0,40,3236,0.989493201483313,"TMMwsp",TRUE,FALSE,1.14501055526564,"ctc_pipeline",3,1,3,916005
5046,53,53,0,1720,0.0308139534883721,1,0,0.05,0.190248404191921,0,0,0,0,0,NA,"TMM",TRUE,FALSE,0.757019260201224,"edger_default",3,1,3,916005
9325,55,55,0,1720,0.0319767441860465,1,0,0.1,0.204387004739227,0,0,0,40,4279,0.990652021500351,"TMMwsp",TRUE,FALSE,0.833534334383477,"ablate_filter",3,1,3,916005
9329,55,55,0,1720,0.0319767441860465,1,0,0.1,0.205322528152425,0,0,0,6,0,NA,"TMMwsp",TRUE,FALSE,1.08432726524574,"ablate_exclusive",3,1,3,916005
12565,45,45,0,1720,0.0261627906976744,1,0,0.1,0.20769915027029,0,0,0,40,3236,0.989493201483313,"TMM",TRUE,FALSE,1.15501739466463,"ablate_tmmwsp",3,1,3,916005
12565,51,51,0,1720,0.0296511627906977,1,0,0.1,0.210195399440052,0,0,0,40,3236,0.989493201483313,"TMMwsp",TRUE,FALSE,1.14501055526564,"ablate_priorcount",3,1,3,916005
12565,42,42,0,1720,0.0244186046511628,1,0,0.05,0.210242082325678,0,0,0,40,3236,0.989493201483313,"TMMwsp",TRUE,FALSE,1.14501055526564,"ablate_fdr",3,1,3,916005
12565,51,51,0,1720,0.0296511627906977,1,0,0.1,0.210411714895349,0,0,0,40,3236,0.989493201483313,"TMMwsp",TRUE,FALSE,1.14501055526564,"ablate_shrinkfloor",3,1,3,916005
12565,51,51,0,1720,0.0296511627906977,1,0,0.1,0.210146629469482,0,0,0,40,3236,0.989493201483313,"TMMwsp",TRUE,FALSE,1.14501055526564,"ablate_lowinput",3,1,3,916005
11368,103,83,20,1720,0.0482558139534884,0.805825242718447,0.194174757281553,0.1,0.190421553178407,0,0,0,40,4159,0.990622745852368,"TMMwsp",FALSE,FALSE,0.763120169158687,"batch_removed",3,1,3,916005
11368,43,43,0,1720,0.025,1,0,0.1,0.207117196062965,0,0,0,40,4159,0.990622745852368,"TMMwsp",FALSE,FALSE,1.17271203470892,"batch_ignored",3,1,3,916005
12565,51,51,0,1720,0.0296511627906977,1,0,0.1,0.209993098082163,0,0,0,40,3236,0.989493201483313,"TMMwsp",TRUE,FALSE,1.14501055526564,"fix_filter",3,1,3,916005
12218,128,122,6,1720,0.0709302325581395,0.953125,0.046875,0.1,0.245538674664613,0,0,0,56,3695,0.985385656292287,"TMMwsp",TRUE,FALSE,1.31277331365804,"ctc_pipeline",3,2,5,751965.5
4117,128,125,3,1720,0.0726744186046512,0.9765625,0.0234375,0.05,0.204547834959557,0,0,0,0,0,NA,"TMM",TRUE,FALSE,0.725897259461626,"edger_default",3,2,5,751965.5
8093,133,127,6,1720,0.0738372093023256,0.954887218045113,0.0451127819548872,0.1,0.228402403263349,0,0,0,56,3976,0.985915492957746,"TMMwsp",TRUE,FALSE,0.796341925537829,"ablate_filter",3,2,5,751965.5
8523,140,132,8,1720,0.0767441860465116,0.942857142857143,0.0571428571428571,0.1,0.232216077859143,0,0,0,2,0,NA,"TMMwsp",TRUE,FALSE,1.25207516661363,"ablate_exclusive",3,2,5,751965.5
12218,129,125,4,1720,0.0726744186046512,0.968992248062015,0.0310077519379845,0.1,0.247886286745558,0,0,0,56,3695,0.985385656292287,"TMM",TRUE,FALSE,1.33001272324332,"ablate_tmmwsp",3,2,5,751965.5
12218,128,122,6,1720,0.0709302325581395,0.953125,0.046875,0.1,0.245441465230493,0,0,0,56,3695,0.985385656292287,"TMMwsp",TRUE,FALSE,1.31277331365804,"ablate_priorcount",3,2,5,751965.5
12218,108,106,2,1720,0.0616279069767442,0.981481481481482,0.0185185185185185,0.05,0.245535484344938,0,0,0,56,3695,0.985385656292287,"TMMwsp",TRUE,FALSE,1.31277331365804,"ablate_fdr",3,2,5,751965.5
12218,128,122,6,1720,0.0709302325581395,0.953125,0.046875,0.1,0.245298304505145,0,0,0,56,3695,0.985385656292287,"TMMwsp",TRUE,FALSE,1.31277331365804,"ablate_shrinkfloor",3,2,5,751965.5
12218,128,122,6,1720,0.0709302325581395,0.953125,0.046875,0.1,0.245713095084905,0,0,0,56,3695,0.985385656292287,"TMMwsp",TRUE,FALSE,1.31277331365804,"ablate_lowinput",3,2,5,751965.5
10000,186,148,38,1720,0.086046511627907,0.795698924731183,0.204301075268817,0.1,0.221377958170915,0,0,0,56,3977,0.985919034448076,"TMMwsp",FALSE,FALSE,0.945497174858346,"batch_removed",3,2,5,751965.5
10000,123,114,9,1720,0.0662790697674419,0.926829268292683,0.0731707317073171,0.1,0.235615116005787,0,0,0,56,3977,0.985919034448076,"TMMwsp",FALSE,FALSE,1.16044010047926,"batch_ignored",3,2,5,751965.5
12218,128,122,6,1720,0.0709302325581395,0.953125,0.046875,0.1,0.245567379221167,0,0,0,56,3695,0.985385656292287,"TMMwsp",TRUE,FALSE,1.31277331365804,"fix_filter",3,2,5,751965.5
11242,266,251,15,1720,0.14593023255814,0.943609022556391,0.056390977443609,0.1,0.32315970933332,0,0.00247524752475248,0,108,3610,0.970083102493075,"TMMwsp",TRUE,FALSE,1.13283311711693,"ctc_pipeline",3,3,8,893290.5
4157,214,207,7,1720,0.120348837209302,0.967289719626168,0.0327102803738318,0.05,0.240688987998404,0,0,0,0,0,NA,"TMM",TRUE,FALSE,0.61408728592439,"edger_default",3,3,8,893290.5
7778,228,218,10,1720,0.126744186046512,0.956140350877193,0.043859649122807,0.1,0.283659948847721,0,0.00247524752475248,0,108,3621,0.970173985086993,"TMMwsp",TRUE,FALSE,0.661743130502615,"ablate_filter",3,3,8,893290.5
7632,274,253,21,1720,0.147093023255814,0.923357664233577,0.0766423357664234,0.1,0.287129964338219,0,0.00495049504950495,0,0,0,NA,"TMMwsp",TRUE,FALSE,1.08121238206296,"ablate_exclusive",3,3,8,893290.5
11242,264,250,14,1720,0.145348837209302,0.946969696969697,0.053030303030303,0.1,0.323073974491994,0,0.00247524752475248,0,108,3610,0.970083102493075,"TMM",TRUE,FALSE,1.14404991294988,"ablate_tmmwsp",3,3,8,893290.5
11242,266,251,15,1720,0.14593023255814,0.943609022556391,0.056390977443609,0.1,0.323846210013098,0,0.00247524752475248,0,108,3610,0.970083102493075,"TMMwsp",TRUE,FALSE,1.13283311711693,"ablate_priorcount",3,3,8,893290.5
11242,242,236,6,1720,0.137209302325581,0.975206611570248,0.0247933884297521,0.05,0.323158733210396,0,0.00247524752475248,0,108,3610,0.970083102493075,"TMMwsp",TRUE,FALSE,1.13283311711693,"ablate_fdr",3,3,8,893290.5
11242,266,251,15,1720,0.14593023255814,0.943609022556391,0.056390977443609,0.1,0.323348363241618,0,0.00247524752475248,0,108,3610,0.970083102493075,"TMMwsp",TRUE,FALSE,1.13283311711693,"ablate_shrinkfloor",3,3,8,893290.5
11242,266,251,15,1720,0.14593023255814,0.943609022556391,0.056390977443609,0.1,0.323469646730565,0,0.00247524752475248,0,108,3610,0.970083102493075,"TMMwsp",TRUE,FALSE,1.13283311711693,"ablate_lowinput",3,3,8,893290.5
9812,297,252,45,1720,0.146511627906977,0.848484848484849,0.151515151515152,0.1,0.298156724898517,0,0.00495049504950495,0,108,3622,0.970182219768084,"TMMwsp",FALSE,FALSE,0.923245978509483,"batch_removed",3,3,8,893290.5
9812,236,225,11,1720,0.130813953488372,0.953389830508475,0.0466101694915254,0.1,0.310178660642432,0,0.00247524752475248,0,108,3622,0.970182219768084,"TMMwsp",FALSE,FALSE,1.06384723809226,"batch_ignored",3,3,8,893290.5
11242,266,251,15,1720,0.14593023255814,0.943609022556391,0.056390977443609,0.1,0.323513428751937,0,0.00247524752475248,0,108,3610,0.970083102493075,"TMMwsp",TRUE,FALSE,1.13283311711693,"fix_filter",3,3,8,893290.5
11629,55,53,2,1720,0.0308139534883721,0.963636363636364,0.0363636363636364,0.1,0.187034710381132,0,0,0,35,3314,0.991249245624623,"TMMwsp",TRUE,FALSE,1.21076681673724,"ctc_pipeline",4,1,3,743856.5
4313,62,59,3,1720,0.0343023255813954,0.951612903225806,0.0483870967741935,0.05,0.174879410473727,0,0,0,0,0,NA,"TMM",TRUE,FALSE,0.782286889988802,"edger_default",4,1,3,743856.5
8484,61,59,2,1720,0.0343023255813954,0.967213114754098,0.0327868852459016,0.1,0.186257215131807,0,0,0,35,4171,0.991608726923999,"TMMwsp",TRUE,FALSE,0.846675287897512,"ablate_filter",4,1,3,743856.5
8315,63,60,3,1720,0.0348837209302326,0.952380952380952,0.0476190476190476,0.1,0.183584167691206,0,0,0,6,0,NA,"TMMwsp",TRUE,FALSE,1.14772967540369,"ablate_exclusive",4,1,3,743856.5
11629,52,50,2,1720,0.0290697674418605,0.961538461538462,0.0384615384615385,0.1,0.187552687650767,0,0,0,35,3314,0.991249245624623,"TMM",TRUE,FALSE,1.24906749996608,"ablate_tmmwsp",4,1,3,743856.5
11629,55,53,2,1720,0.0308139534883721,0.963636363636364,0.0363636363636364,0.1,0.1867715827474,0,0,0,35,3314,0.991249245624623,"TMMwsp",TRUE,FALSE,1.21076681673724,"ablate_priorcount",4,1,3,743856.5
11629,45,43,2,1720,0.025,0.955555555555556,0.0444444444444444,0.05,0.187034201345173,0,0,0,35,3314,0.991249245624623,"TMMwsp",TRUE,FALSE,1.21076681673724,"ablate_fdr",4,1,3,743856.5
11629,55,53,2,1720,0.0308139534883721,0.963636363636364,0.0363636363636364,0.1,0.186882035587924,0,0,0,35,3314,0.991249245624623,"TMMwsp",TRUE,FALSE,1.21076681673724,"ablate_shrinkfloor",4,1,3,743856.5
11629,55,53,2,1720,0.0308139534883721,0.963636363636364,0.0363636363636364,0.1,0.186569830289434,0,0,0,35,3314,0.991249245624623,"TMMwsp",TRUE,FALSE,1.21076681673724,"ablate_lowinput",4,1,3,743856.5
10462,229,113,116,1720,0.0656976744186046,0.493449781659389,0.506550218340611,0.1,0.167992940387109,0,0,0,35,4078,0.991417361451692,"TMMwsp",FALSE,FALSE,0.796185842111948,"batch_removed",4,1,3,743856.5
10462,45,43,2,1720,0.025,0.955555555555556,0.0444444444444444,0.1,0.194610110333883,0,0,0,35,4078,0.991417361451692,"TMMwsp",FALSE,FALSE,1.21213379061854,"batch_ignored",4,1,3,743856.5
11629,55,53,2,1720,0.0308139534883721,0.963636363636364,0.0363636363636364,0.1,0.186986964512504,0,0,0,35,3314,0.991249245624623,"TMMwsp",TRUE,FALSE,1.21076681673724,"fix_filter",4,1,3,743856.5
13303,148,139,9,1720,0.0808139534883721,0.939189189189189,0.0608108108108108,0.1,0.265647259188059,0,0,0,78,3615,0.980359612724758,"TMMwsp",TRUE,FALSE,1.19961671605243,"ctc_pipeline",4,2,5,1132762.5
5401,155,145,10,1720,0.0843023255813953,0.935483870967742,0.0645161290322581,0.05,0.226320349282673,0,0,0,0,0,NA,"TMM",TRUE,FALSE,0.736712306238959,"edger_default",4,2,5,1132762.5
9347,156,144,12,1720,0.0837209302325581,0.923076923076923,0.0769230769230769,0.1,0.256940962737805,0,0,0,78,3946,0.98023314749113,"TMMwsp",TRUE,FALSE,0.797829806686316,"ablate_filter",4,2,5,1132762.5
9688,156,144,12,1720,0.0837209302325581,0.923076923076923,0.0769230769230769,0.1,0.249905573742556,0,0,0,7,0,NA,"TMMwsp",TRUE,FALSE,1.14380509093868,"ablate_exclusive",4,2,5,1132762.5
13303,153,145,8,1720,0.0843023255813953,0.947712418300654,0.0522875816993464,0.1,0.263517831415887,0,0,0,78,3615,0.980359612724758,"TMM",TRUE,FALSE,1.21407609580436,"ablate_tmmwsp",4,2,5,1132762.5
13303,148,139,9,1720,0.0808139534883721,0.939189189189189,0.0608108108108108,0.1,0.265287225304852,0,0,0,78,3615,0.980359612724758,"TMMwsp",TRUE,FALSE,1.19961671605243,"ablate_priorcount",4,2,5,1132762.5
13303,128,125,3,1720,0.0726744186046512,0.9765625,0.0234375,0.05,0.265622319993904,0,0,0,78,3615,0.980359612724758,"TMMwsp",TRUE,FALSE,1.19961671605243,"ablate_fdr",4,2,5,1132762.5
13303,148,139,9,1720,0.0808139534883721,0.939189189189189,0.0608108108108108,0.1,0.265488080125009,0,0,0,78,3615,0.980359612724758,"TMMwsp",TRUE,FALSE,1.19961671605243,"ablate_shrinkfloor",4,2,5,1132762.5
13303,148,139,9,1720,0.0808139534883721,0.939189189189189,0.0608108108108108,0.1,0.265334662232065,0,0,0,78,3615,0.980359612724758,"TMMwsp",TRUE,FALSE,1.19961671605243,"ablate_lowinput",4,2,5,1132762.5
11032,198,159,39,1720,0.0924418604651163,0.803030303030303,0.196969696969697,0.1,0.242461391968568,0,0,0,78,3944,0.980223123732252,"TMMwsp",FALSE,FALSE,0.871495351158335,"batch_removed",4,2,5,1132762.5
11032,139,134,5,1720,0.077906976744186,0.964028776978417,0.0359712230215827,0.1,0.253611157860989,0,0,0,78,3944,0.980223123732252,"TMMwsp",FALSE,FALSE,1.0819747157161,"batch_ignored",4,2,5,1132762.5
13303,148,139,9,1720,0.0808139534883721,0.939189189189189,0.0608108108108108,0.1,0.265684142721878,0,0,0,78,3615,0.980359612724758,"TMMwsp",TRUE,FALSE,1.19961671605243,"fix_filter",4,2,5,1132762.5
11078,185,178,7,1720,0.103488372093023,0.962162162162162,0.0378378378378378,0.1,0.282226932222564,0,0.00488997555012225,0,91,3846,0.976339053562142,"TMMwsp",TRUE,FALSE,1.16555900612377,"ctc_pipeline",4,3,8,779406
3817,156,148,8,1720,0.086046511627907,0.948717948717949,0.0512820512820513,0.05,0.220728030123782,0,0.00244498777506112,0,0,0,NA,"TMM",TRUE,FALSE,0.611789454007811,"edger_default",4,3,8,779406
7673,164,158,6,1720,0.0918604651162791,0.963414634146341,0.0365853658536585,0.1,0.255978884725469,0,0.00244498777506112,0,91,3856,0.976400414937759,"TMMwsp",TRUE,FALSE,0.672781796005662,"ablate_filter",4,3,8,779406
7232,200,186,14,1720,0.108139534883721,0.93,0.07,0.1,0.252812730079983,0,0.00244498777506112,0,0,0,NA,"TMMwsp",TRUE,FALSE,1.10166169944377,"ablate_exclusive",4,3,8,779406
11078,185,176,9,1720,0.102325581395349,0.951351351351351,0.0486486486486487,0.1,0.281000194563143,0,0.00488997555012225,0,91,3846,0.976339053562142,"TMM",TRUE,FALSE,1.17578864971578,"ablate_tmmwsp",4,3,8,779406
11078,185,178,7,1720,0.103488372093023,0.962162162162162,0.0378378378378378,0.1,0.281684433252249,0,0.00488997555012225,0,91,3846,0.976339053562142,"TMMwsp",TRUE,FALSE,1.16555900612377,"ablate_priorcount",4,3,8,779406
11078,156,152,4,1720,0.0883720930232558,0.974358974358974,0.0256410256410256,0.05,0.28186199353015,0,0.00244498777506112,0,91,3846,0.976339053562142,"TMMwsp",TRUE,FALSE,1.16555900612377,"ablate_fdr",4,3,8,779406
11078,185,178,7,1720,0.103488372093023,0.962162162162162,0.0378378378378378,0.1,0.281704624309908,0,0.00488997555012225,0,91,3846,0.976339053562142,"TMMwsp",TRUE,FALSE,1.16555900612377,"ablate_shrinkfloor",4,3,8,779406
11078,185,178,7,1720,0.103488372093023,0.962162162162162,0.0378378378378378,0.1,0.281503328425352,0,0.00488997555012225,0,91,3846,0.976339053562142,"TMMwsp",TRUE,FALSE,1.16555900612377,"ablate_lowinput",4,3,8,779406
9690,215,180,35,1720,0.104651162790698,0.837209302325581,0.162790697674419,0.1,0.259492372604811,0,0.00244498777506112,0,91,3859,0.976418761337134,"TMMwsp",FALSE,FALSE,0.943436456041877,"batch_removed",4,3,8,779406
9690,161,154,7,1720,0.0895348837209302,0.956521739130435,0.0434782608695652,0.1,0.271318404012429,0,0.00488997555012225,0,91,3859,0.976418761337134,"TMMwsp",FALSE,FALSE,1.09847459200572,"batch_ignored",4,3,8,779406
11078,185,178,7,1720,0.103488372093023,0.962162162162162,0.0378378378378378,0.1,0.281302292337546,0,0.00488997555012225,0,91,3846,0.976339053562142,"TMMwsp",TRUE,FALSE,1.16555900612377,"fix_filter",4,3,8,779406
11278,51,49,2,1720,0.0284883720930233,0.96078431372549,0.0392156862745098,0.1,0.182395552922083,0,0,0,33,3231,0.991333952336738,"TMMwsp",TRUE,FALSE,1.26300121086997,"ctc_pipeline",5,1,3,592690.5
4031,54,52,2,1720,0.0302325581395349,0.962962962962963,0.037037037037037,0.05,0.165799828815524,0,0,0,0,0,NA,"TMM",TRUE,FALSE,0.788103225552023,"edger_default",5,1,3,592690.5
8165,57,55,2,1720,0.0319767441860465,0.964912280701754,0.0350877192982456,0.1,0.179896393690307,0,0,0,33,4134,0.992017416545718,"TMMwsp",TRUE,FALSE,0.875937681342252,"ablate_filter",5,1,3,592690.5
8047,58,56,2,1720,0.0325581395348837,0.96551724137931,0.0344827586206897,0.1,0.179148728278998,0,0,0,5,0,NA,"TMMwsp",TRUE,FALSE,1.19483344507165,"ablate_exclusive",5,1,3,592690.5
11278,46,45,1,1720,0.0261627906976744,0.978260869565217,0.0217391304347826,0.1,0.180774971342429,0,0,0,33,3231,0.991333952336738,"TMM",TRUE,FALSE,1.26943263014316,"ablate_tmmwsp",5,1,3,592690.5
11278,51,49,2,1720,0.0284883720930233,0.96078431372549,0.0392156862745098,0.1,0.182796389735986,0,0,0,33,3231,0.991333952336738,"TMMwsp",TRUE,FALSE,1.26300121086997,"ablate_priorcount",5,1,3,592690.5
11278,41,40,1,1720,0.0232558139534884,0.975609756097561,0.024390243902439,0.05,0.183123078087734,0,0,0,33,3231,0.991333952336738,"TMMwsp",TRUE,FALSE,1.26300121086997,"ablate_fdr",5,1,3,592690.5
11278,51,49,2,1720,0.0284883720930233,0.96078431372549,0.0392156862745098,0.1,0.182774556376309,0,0,0,33,3231,0.991333952336738,"TMMwsp",TRUE,FALSE,1.26300121086997,"ablate_shrinkfloor",5,1,3,592690.5
11278,51,49,2,1720,0.0284883720930233,0.96078431372549,0.0392156862745098,0.1,0.182903701970281,0,0,0,33,3231,0.991333952336738,"TMMwsp",TRUE,FALSE,1.26300121086997,"ablate_lowinput",5,1,3,592690.5
10091,114,84,30,1720,0.0488372093023256,0.736842105263158,0.263157894736842,0.1,0.169260617802658,0,0,0,33,4042,0.991835724888669,"TMMwsp",FALSE,FALSE,0.788096218606379,"batch_removed",5,1,3,592690.5
10091,52,50,2,1720,0.0290697674418605,0.961538461538462,0.0384615384615385,0.1,0.182619435053701,0,0,0,33,4042,0.991835724888669,"TMMwsp",FALSE,FALSE,1.26368393111226,"batch_ignored",5,1,3,592690.5
11278,51,49,2,1720,0.0284883720930233,0.96078431372549,0.0392156862745098,0.1,0.182658071656681,0,0,0,33,3231,0.991333952336738,"TMMwsp",TRUE,FALSE,1.26300121086997,"fix_filter",5,1,3,592690.5
12800,156,145,11,1720,0.0843023255813953,0.92948717948718,0.0705128205128205,0.1,0.268661644239646,0,0,0,64,3646,0.983269336258914,"TMMwsp",TRUE,FALSE,1.20796920176736,"ctc_pipeline",5,2,5,945827
5019,150,141,9,1720,0.0819767441860465,0.94,0.06,0.05,0.230588385159762,0,0,0,0,0,NA,"TMM",TRUE,FALSE,0.725378889936096,"edger_default",5,2,5,945827
8964,169,154,15,1720,0.0895348837209302,0.911242603550296,0.0887573964497041,0.1,0.257472891401029,0,0,0,64,3945,0.983776932826362,"TMMwsp",TRUE,FALSE,0.790252303869046,"ablate_filter",5,2,5,945827
9154,168,152,16,1720,0.0883720930232558,0.904761904761905,0.0952380952380952,0.1,0.254861034309482,0,0,0,3,0,NA,"TMMwsp",TRUE,FALSE,1.14656506440818,"ablate_exclusive",5,2,5,945827
12800,146,136,10,1720,0.0790697674418605,0.931506849315068,0.0684931506849315,0.1,0.266911977211359,0,0,0,64,3646,0.983269336258914,"TMM",TRUE,FALSE,1.21696094130743,"ablate_tmmwsp",5,2,5,945827
12800,156,145,11,1720,0.0843023255813953,0.92948717948718,0.0705128205128205,0.1,0.268664032080775,0,0,0,64,3646,0.983269336258914,"TMMwsp",TRUE,FALSE,1.20796920176736,"ablate_priorcount",5,2,5,945827
12800,122,118,4,1720,0.0686046511627907,0.967213114754098,0.0327868852459016,0.05,0.26840697599409,0,0,0,64,3646,0.983269336258914,"TMMwsp",TRUE,FALSE,1.20796920176736,"ablate_fdr",5,2,5,945827
12800,156,145,11,1720,0.0843023255813953,0.92948717948718,0.0705128205128205,0.1,0.268469495920535,0,0,0,64,3646,0.983269336258914,"TMMwsp",TRUE,FALSE,1.20796920176736,"ablate_shrinkfloor",5,2,5,945827
12800,156,145,11,1720,0.0843023255813953,0.92948717948718,0.0705128205128205,0.1,0.26866307099738,0,0,0,64,3646,0.983269336258914,"TMMwsp",TRUE,FALSE,1.20796920176736,"ablate_lowinput",5,2,5,945827
10618,220,171,49,1720,0.0994186046511628,0.777272727272727,0.222727272727273,0.1,0.242990954721277,0,0,0,64,3935,0.983735705209657,"TMMwsp",FALSE,FALSE,0.864235217424906,"batch_removed",5,2,5,945827
10618,133,128,5,1720,0.0744186046511628,0.962406015037594,0.037593984962406,0.1,0.259015415037636,0,0,0,64,3935,0.983735705209657,"TMMwsp",FALSE,FALSE,1.07972217142136,"batch_ignored",5,2,5,945827
12800,156,145,11,1720,0.0843023255813953,0.92948717948718,0.0705128205128205,0.1,0.268396458574627,0,0,0,64,3646,0.983269336258914,"TMMwsp",TRUE,FALSE,1.20796920176736,"fix_filter",5,2,5,945827
11169,190,179,11,1720,0.10406976744186,0.942105263157895,0.0578947368421053,0.1,0.284203846953517,0,0,0,88,3630,0.975757575757576,"TMMwsp",TRUE,FALSE,1.18636045766497,"ctc_pipeline",5,3,8,1041718
4072,170,164,6,1720,0.0953488372093023,0.964705882352941,0.0352941176470588,0.05,0.220392932218694,0,0,0,0,0,NA,"TMM",TRUE,FALSE,0.652339103203531,"edger_default",5,3,8,1041718
7713,173,167,6,1720,0.097093023255814,0.965317919075145,0.0346820809248555,0.1,0.254261615610165,0,0,0,88,3641,0.97583081570997,"TMMwsp",TRUE,FALSE,0.708968095229493,"ablate_filter",5,3,8,1041718
7539,224,198,26,1720,0.115116279069767,0.883928571428571,0.116071428571429,0.1,0.2561990526189,0,0,0,0,0,NA,"TMMwsp",TRUE,FALSE,1.12921923386987,"ablate_exclusive",5,3,8,1041718
11169,190,178,12,1720,0.103488372093023,0.936842105263158,0.0631578947368421,0.1,0.281757139171283,0,0,0,88,3630,0.975757575757576,"TMM",TRUE,FALSE,1.19460842552168,"ablate_tmmwsp",5,3,8,1041718
11169,190,179,11,1720,0.10406976744186,0.942105263157895,0.0578947368421053,0.1,0.284221818717097,0,0,0,88,3630,0.975757575757576,"TMMwsp",TRUE,FALSE,1.18636045766497,"ablate_priorcount",5,3,8,1041718
11169,164,161,3,1720,0.0936046511627907,0.981707317073171,0.0182926829268293,0.05,0.284276884548435,0,0,0,88,3630,0.975757575757576,"TMMwsp",TRUE,FALSE,1.18636045766497,"ablate_fdr",5,3,8,1041718
11169,190,179,11,1720,0.10406976744186,0.942105263157895,0.0578947368421053,0.1,0.284345336597022,0,0,0,88,3630,0.975757575757576,"TMMwsp",TRUE,FALSE,1.18636045766497,"ablate_shrinkfloor",5,3,8,1041718
11169,190,179,11,1720,0.10406976744186,0.942105263157895,0.0578947368421053,0.1,0.28457491559784,0,0,0,88,3630,0.975757575757576,"TMMwsp",TRUE,FALSE,1.18636045766497,"ablate_lowinput",5,3,8,1041718
9650,234,193,41,1720,0.112209302325581,0.824786324786325,0.175213675213675,0.1,0.260119015675386,0,0,0,88,3642,0.975837451949478,"TMMwsp",FALSE,FALSE,0.957006527946066,"batch_removed",5,3,8,1041718
9650,172,161,11,1720,0.0936046511627907,0.936046511627907,0.063953488372093,0.1,0.271894859078211,0,0,0,88,3642,0.975837451949478,"TMMwsp",FALSE,FALSE,1.09955993829271,"batch_ignored",5,3,8,1041718
11169,190,179,11,1720,0.10406976744186,0.942105263157895,0.0578947368421053,0.1,0.284210545772985,0,0,0,88,3630,0.975757575757576,"TMMwsp",TRUE,FALSE,1.18636045766497,"fix_filter",5,3,8,1041718
12491,68,67,1,1720,0.038953488372093,0.985294117647059,0.0147058823529412,0.1,0.2224071528986,0,0,0,44,3194,0.988415779586725,"TMMwsp",TRUE,FALSE,1.15082273902271,"ctc_pipeline",6,1,3,1036379.5
5154,85,84,1,1720,0.0488372093023256,0.988235294117647,0.0117647058823529,0.05,0.210899473927977,0,0,0,0,0,NA,"TMM",TRUE,FALSE,0.775006742060601,"edger_default",6,1,3,1036379.5
9348,70,69,1,1720,0.0401162790697674,0.985714285714286,0.0142857142857143,0.1,0.214417683221205,0,0,0,44,4194,0.989508822126848,"TMMwsp",TRUE,FALSE,0.833555178161531,"ablate_filter",6,1,3,1036379.5
9297,79,78,1,1720,0.0453488372093023,0.987341772151899,0.0126582278481013,0.1,0.218802972163186,0,0,0,7,0,NA,"TMMwsp",TRUE,FALSE,1.10919597013873,"ablate_exclusive",6,1,3,1036379.5
12491,76,75,1,1720,0.0436046511627907,0.986842105263158,0.0131578947368421,0.1,0.228304796638552,0,0,0,44,3194,0.988415779586725,"TMM",TRUE,FALSE,1.16771649256419,"ablate_tmmwsp",6,1,3,1036379.5
12491,68,67,1,1720,0.038953488372093,0.985294117647059,0.0147058823529412,0.1,0.222127162205939,0,0,0,44,3194,0.988415779586725,"TMMwsp",TRUE,FALSE,1.15082273902271,"ablate_priorcount",6,1,3,1036379.5
12491,48,47,1,1720,0.0273255813953488,0.979166666666667,0.0208333333333333,0.05,0.222302844942192,0,0,0,44,3194,0.988415779586725,"TMMwsp",TRUE,FALSE,1.15082273902271,"ablate_fdr",6,1,3,1036379.5
12491,68,67,1,1720,0.038953488372093,0.985294117647059,0.0147058823529412,0.1,0.222290271785235,0,0,0,44,3194,0.988415779586725,"TMMwsp",TRUE,FALSE,1.15082273902271,"ablate_shrinkfloor",6,1,3,1036379.5
12491,68,67,1,1720,0.038953488372093,0.985294117647059,0.0147058823529412,0.1,0.222380153262244,0,0,0,44,3194,0.988415779586725,"TMMwsp",TRUE,FALSE,1.15082273902271,"ablate_lowinput",6,1,3,1036379.5
11287,193,139,54,1720,0.0808139534883721,0.72020725388601,0.27979274611399,0.1,0.205593905712268,0,0,0,44,4086,0.98923152227117,"TMMwsp",FALSE,FALSE,0.744531294068476,"batch_removed",6,1,3,1036379.5
11287,57,55,2,1720,0.0319767441860465,0.964912280701754,0.0350877192982456,0.1,0.216309547397118,0,0,0,44,4086,0.98923152227117,"TMMwsp",FALSE,FALSE,1.15209919440568,"batch_ignored",6,1,3,1036379.5
12491,68,67,1,1720,0.038953488372093,0.985294117647059,0.0147058823529412,0.1,0.22251445363685,0,0,0,44,3194,0.988415779586725,"TMMwsp",TRUE,FALSE,1.15082273902271,"fix_filter",6,1,3,1036379.5
12640,138,132,6,1720,0.0767441860465116,0.956521739130435,0.0434782608695652,0.1,0.261855794364612,0,0,0,64,3680,0.983152173913043,"TMMwsp",TRUE,FALSE,1.23033912772754,"ctc_pipeline",6,2,5,660242.5
4250,132,129,3,1720,0.075,0.977272727272727,0.0227272727272727,0.05,0.218303451943679,0,0,0,0,0,NA,"TMM",TRUE,FALSE,0.668689507319021,"edger_default",6,2,5,660242.5
8208,149,144,5,1720,0.0837209302325581,0.966442953020134,0.0335570469798658,0.1,0.249815037853904,0,0,0,64,3958,0.983830217281455,"TMMwsp",TRUE,FALSE,0.724229589789113,"ablate_filter",6,2,5,660242.5
8960,155,147,8,1720,0.0854651162790698,0.948387096774194,0.0516129032258065,0.1,0.244352139392911,0,0,0,2,0,NA,"TMMwsp",TRUE,FALSE,1.17988341346738,"ablate_exclusive",6,2,5,660242.5
12640,131,126,5,1720,0.0732558139534884,0.961832061068702,0.0381679389312977,0.1,0.260339466505011,0,0,0,64,3680,0.983152173913043,"TMM",TRUE,FALSE,1.25130243130107,"ablate_tmmwsp",6,2,5,660242.5
12640,138,132,6,1720,0.0767441860465116,0.956521739130435,0.0434782608695652,0.1,0.261736972423987,0,0,0,64,3680,0.983152173913043,"TMMwsp",TRUE,FALSE,1.23033912772754,"ablate_priorcount",6,2,5,660242.5
12640,108,106,2,1720,0.0616279069767442,0.981481481481482,0.0185185185185185,0.05,0.26157501864299,0,0,0,64,3680,0.983152173913043,"TMMwsp",TRUE,FALSE,1.23033912772754,"ablate_fdr",6,2,5,660242.5
12640,138,132,6,1720,0.0767441860465116,0.956521739130435,0.0434782608695652,0.1,0.261811875621551,0,0,0,64,3680,0.983152173913043,"TMMwsp",TRUE,FALSE,1.23033912772754,"ablate_shrinkfloor",6,2,5,660242.5
12640,138,132,6,1720,0.0767441860465116,0.956521739130435,0.0434782608695652,0.1,0.261832209969668,0,0,0,64,3680,0.983152173913043,"TMMwsp",TRUE,FALSE,1.23033912772754,"ablate_lowinput",6,2,5,660242.5
10389,171,145,26,1720,0.0843023255813953,0.847953216374269,0.152046783625731,0.1,0.232677235341823,0,0,0,64,3954,0.983813859382903,"TMMwsp",FALSE,FALSE,0.954921194357982,"batch_removed",6,2,5,660242.5
10389,122,117,5,1720,0.0680232558139535,0.959016393442623,0.040983606557377,0.1,0.249388243892974,0,0,0,64,3954,0.983813859382903,"TMMwsp",FALSE,FALSE,1.10563597873094,"batch_ignored",6,2,5,660242.5
12640,138,132,6,1720,0.0767441860465116,0.956521739130435,0.0434782608695652,0.1,0.261426301753147,0,0,0,64,3680,0.983152173913043,"TMMwsp",TRUE,FALSE,1.23033912772754,"fix_filter",6,2,5,660242.5
11080,237,213,24,1720,0.123837209302326,0.89873417721519,0.10126582278481,0.1,0.30494923329821,0,0.0075187969924812,0,92,3843,0.976060369502992,"TMMwsp",TRUE,FALSE,1.15253350582886,"ctc_pipeline",6,3,8,951487
4056,183,172,11,1720,0.1,0.939890710382514,0.0601092896174863,0.05,0.222122376888062,0,0,0,0,0,NA,"TMM",TRUE,FALSE,0.655230318445274,"edger_default",6,3,8,951487
7914,196,183,13,1720,0.106395348837209,0.933673469387755,0.0663265306122449,0.1,0.259348661618072,0,0.0025062656641604,0,92,3858,0.976153447382063,"TMMwsp",TRUE,FALSE,0.714517942562222,"ablate_filter",6,3,8,951487
7237,245,218,27,1720,0.126744186046512,0.889795918367347,0.110204081632653,0.1,0.274472463621155,0,0.0075187969924812,0,0,0,NA,"TMMwsp",TRUE,FALSE,1.09230418711708,"ablate_exclusive",6,3,8,951487
11080,239,212,27,1720,0.123255813953488,0.887029288702929,0.112970711297071,0.1,0.298077577334341,0,0.0075187969924812,0,92,3843,0.976060369502992,"TMM",TRUE,FALSE,1.16519470392645,"ablate_tmmwsp",6,3,8,951487
11080,237,213,24,1720,0.123837209302326,0.89873417721519,0.10126582278481,0.1,0.304337766707889,0,0.0075187969924812,0,92,3843,0.976060369502992,"TMMwsp",TRUE,FALSE,1.15253350582886,"ablate_priorcount",6,3,8,951487
11080,194,186,8,1720,0.108139534883721,0.958762886597938,0.0412371134020619,0.05,0.304748464870737,0,0.0075187969924812,0,92,3843,0.976060369502992,"TMMwsp",TRUE,FALSE,1.15253350582886,"ablate_fdr",6,3,8,951487
11080,237,213,24,1720,0.123837209302326,0.89873417721519,0.10126582278481,0.1,0.304659246206027,0,0.0075187969924812,0,92,3843,0.976060369502992,"TMMwsp",TRUE,FALSE,1.15253350582886,"ablate_shrinkfloor",6,3,8,951487
11080,237,213,24,1720,0.123837209302326,0.89873417721519,0.10126582278481,0.1,0.304762748920282,0,0.0075187969924812,0,92,3843,0.976060369502992,"TMMwsp",TRUE,FALSE,1.15253350582886,"ablate_lowinput",6,3,8,951487
9721,269,217,52,1720,0.126162790697674,0.806691449814126,0.193308550185874,0.1,0.266311408099329,0,0.0025062656641604,0,92,3858,0.976153447382063,"TMMwsp",FALSE,FALSE,0.943655919715848,"batch_removed",6,3,8,951487
9721,199,182,17,1720,0.105813953488372,0.914572864321608,0.085427135678392,0.1,0.282493639454705,0,0.0050125313283208,0,92,3858,0.976153447382063,"TMMwsp",FALSE,FALSE,1.0933421669029,"batch_ignored",6,3,8,951487
11080,237,213,24,1720,0.123837209302326,0.89873417721519,0.10126582278481,0.1,0.304433351637054,0,0.0075187969924812,0,92,3843,0.976060369502992,"TMMwsp",TRUE,FALSE,1.15253350582886,"fix_filter",6,3,8,951487
12471,45,44,1,1720,0.0255813953488372,0.977777777777778,0.0222222222222222,0.1,0.201483905968118,0,0,0,39,3198,0.989993746091307,"TMMwsp",TRUE,FALSE,1.19510274870902,"ctc_pipeline",7,1,3,983086
5115,48,47,1,1720,0.0273255813953488,0.979166666666667,0.0208333333333333,0.05,0.182845234389093,0,0,0,0,0,NA,"TMM",TRUE,FALSE,0.834131920671753,"edger_default",7,1,3,983086
9250,50,49,1,1720,0.0284883720930233,0.98,0.02,0.1,0.199741605026764,0,0,0,39,4135,0.990568319226119,"TMMwsp",TRUE,FALSE,0.877309708833527,"ablate_filter",7,1,3,983086
9273,53,52,1,1720,0.0302325581395349,0.981132075471698,0.0188679245283019,0.1,0.194421068516021,0,0,0,7,0,NA,"TMMwsp",TRUE,FALSE,1.15943366341826,"ablate_exclusive",7,1,3,983086
12471,44,43,1,1720,0.025,0.977272727272727,0.0227272727272727,0.1,0.201193388031753,0,0,0,39,3198,0.989993746091307,"TMM",TRUE,FALSE,1.2109053786009,"ablate_tmmwsp",7,1,3,983086
12471,45,44,1,1720,0.0255813953488372,0.977777777777778,0.0222222222222222,0.1,0.201911613251719,0,0,0,39,3198,0.989993746091307,"TMMwsp",TRUE,FALSE,1.19510274870902,"ablate_priorcount",7,1,3,983086
12471,39,39,0,1720,0.0226744186046512,1,0,0.05,0.20127129597906,0,0,0,39,3198,0.989993746091307,"TMMwsp",TRUE,FALSE,1.19510274870902,"ablate_fdr",7,1,3,983086
12471,45,44,1,1720,0.0255813953488372,0.977777777777778,0.0222222222222222,0.1,0.201239888638768,0,0,0,39,3198,0.989993746091307,"TMMwsp",TRUE,FALSE,1.19510274870902,"ablate_shrinkfloor",7,1,3,983086
12471,45,44,1,1720,0.0255813953488372,0.977777777777778,0.0222222222222222,0.1,0.201509685434042,0,0,0,39,3198,0.989993746091307,"TMMwsp",TRUE,FALSE,1.19510274870902,"ablate_lowinput",7,1,3,983086
11238,135,92,43,1720,0.0534883720930233,0.681481481481481,0.318518518518519,0.1,0.181403242538535,0,0,0,39,4041,0.990348923533779,"TMMwsp",FALSE,FALSE,0.809274701023519,"batch_removed",7,1,3,983086
11238,41,41,0,1720,0.0238372093023256,1,0,0.1,0.199025265347466,0,0,0,39,4041,0.990348923533779,"TMMwsp",FALSE,FALSE,1.19093318039144,"batch_ignored",7,1,3,983086
12471,45,44,1,1720,0.0255813953488372,0.977777777777778,0.0222222222222222,0.1,0.201925416347806,0,0,0,39,3198,0.989993746091307,"TMMwsp",TRUE,FALSE,1.19510274870902,"fix_filter",7,1,3,983086
12930,144,137,7,1720,0.0796511627906977,0.951388888888889,0.0486111111111111,0.1,0.268060137372733,0,0,0,80,3725,0.979865771812081,"TMMwsp",TRUE,FALSE,1.25530298512365,"ctc_pipeline",7,2,5,909319
4808,147,140,7,1720,0.0813953488372093,0.952380952380952,0.0476190476190476,0.05,0.229971996887905,0,0,0,0,0,NA,"TMM",TRUE,FALSE,0.736444864173655,"edger_default",7,2,5,909319
8864,154,144,10,1720,0.0837209302325581,0.935064935064935,0.0649350649350649,0.1,0.255824678799532,0,0,0,80,4056,0.980276134122288,"TMMwsp",TRUE,FALSE,0.807875739440396,"ablate_filter",7,2,5,909319
9205,161,149,12,1720,0.0866279069767442,0.925465838509317,0.0745341614906832,0.1,0.255554187363981,0,0,0,5,0,NA,"TMMwsp",TRUE,FALSE,1.19012452394131,"ablate_exclusive",7,2,5,909319
12930,141,135,6,1720,0.0784883720930233,0.957446808510638,0.0425531914893617,0.1,0.265080421426371,0,0,0,80,3725,0.979865771812081,"TMM",TRUE,FALSE,1.27287081969266,"ablate_tmmwsp",7,2,5,909319
12930,144,137,7,1720,0.0796511627906977,0.951388888888889,0.0486111111111111,0.1,0.267990068582296,0,0,0,80,3725,0.979865771812081,"TMMwsp",TRUE,FALSE,1.25530298512365,"ablate_priorcount",7,2,5,909319
12930,118,115,3,1720,0.0668604651162791,0.974576271186441,0.0254237288135593,0.05,0.268436630960467,0,0,0,80,3725,0.979865771812081,"TMMwsp",TRUE,FALSE,1.25530298512365,"ablate_fdr",7,2,5,909319
12930,144,137,7,1720,0.0796511627906977,0.951388888888889,0.0486111111111111,0.1,0.267889324648121,0,0,0,80,3725,0.979865771812081,"TMMwsp",TRUE,FALSE,1.25530298512365,"ablate_shrinkfloor",7,2,5,909319
12930,144,137,7,1720,0.0796511627906977,0.951388888888889,0.0486111111111111,0.1,0.267695773234889,0,0,0,80,3725,0.979865771812081,"TMMwsp",TRUE,FALSE,1.25530298512365,"ablate_lowinput",7,2,5,909319
10742,251,177,74,1720,0.102906976744186,0.705179282868526,0.294820717131474,0.1,0.241129760199661,0,0,0,80,4056,0.980276134122288,"TMMwsp",FALSE,FALSE,0.896577712758395,"batch_removed",7,2,5,909319
10742,137,127,10,1720,0.0738372093023256,0.927007299270073,0.072992700729927,0.1,0.259993367196047,0,0,0,80,4056,0.980276134122288,"TMMwsp",FALSE,FALSE,1.12320305802443,"batch_ignored",7,2,5,909319
12930,144,137,7,1720,0.0796511627906977,0.951388888888889,0.0486111111111111,0.1,0.267893700338832,0,0,0,80,3725,0.979865771812081,"TMMwsp",TRUE,FALSE,1.25530298512365,"fix_filter",7,2,5,909319
11031,190,180,10,1720,0.104651162790698,0.947368421052632,0.0526315789473684,0.1,0.281691345280498,0,0,0,70,3791,0.981535214982854,"TMMwsp",TRUE,FALSE,1.16027481491813,"ctc_pipeline",7,3,8,700622
3875,166,162,4,1720,0.0941860465116279,0.975903614457831,0.0240963855421687,0.05,0.216581197692612,0,0,0,0,0,NA,"TMM",TRUE,FALSE,0.624592839122715,"edger_default",7,3,8,700622
7681,174,167,7,1720,0.097093023255814,0.959770114942529,0.0402298850574713,0.1,0.256004069135349,0,0,0,70,3806,0.981607987388334,"TMMwsp",TRUE,FALSE,0.677450565907122,"ablate_filter",7,3,8,700622
7240,217,201,16,1720,0.116860465116279,0.926267281105991,0.0737327188940092,0.1,0.249600251650126,0,0,0,0,0,NA,"TMMwsp",TRUE,FALSE,1.10011254998982,"ablate_exclusive",7,3,8,700622
11031,199,187,12,1720,0.108720930232558,0.939698492462312,0.0603015075376884,0.1,0.284169216728349,0,0,0,70,3791,0.981535214982854,"TMM",TRUE,FALSE,1.17147599160212,"ablate_tmmwsp",7,3,8,700622
11031,190,180,10,1720,0.104651162790698,0.947368421052632,0.0526315789473684,0.1,0.281459949606149,0,0,0,70,3791,0.981535214982854,"TMMwsp",TRUE,FALSE,1.16027481491813,"ablate_priorcount",7,3,8,700622
11031,171,165,6,1720,0.0959302325581395,0.964912280701754,0.0350877192982456,0.05,0.281803859841416,0,0,0,70,3791,0.981535214982854,"TMMwsp",TRUE,FALSE,1.16027481491813,"ablate_fdr",7,3,8,700622
11031,190,180,10,1720,0.104651162790698,0.947368421052632,0.0526315789473684,0.1,0.281185677525941,0,0,0,70,3791,0.981535214982854,"TMMwsp",TRUE,FALSE,1.16027481491813,"ablate_shrinkfloor",7,3,8,700622
11031,190,180,10,1720,0.104651162790698,0.947368421052632,0.0526315789473684,0.1,0.281644949116728,0,0,0,70,3791,0.981535214982854,"TMMwsp",TRUE,FALSE,1.16027481491813,"ablate_lowinput",7,3,8,700622
9607,224,202,22,1720,0.117441860465116,0.901785714285714,0.0982142857142857,0.1,0.265951299939933,0,0,0,70,3806,0.981607987388334,"TMMwsp",FALSE,FALSE,0.9326150342175,"batch_removed",7,3,8,700622
9607,187,179,8,1720,0.10406976744186,0.957219251336898,0.0427807486631016,0.1,0.276187220230524,0,0,0,70,3806,0.981607987388334,"TMMwsp",FALSE,FALSE,1.07952598060422,"batch_ignored",7,3,8,700622
11031,190,180,10,1720,0.104651162790698,0.947368421052632,0.0526315789473684,0.1,0.281356936729586,0,0,0,70,3791,0.981535214982854,"TMMwsp",TRUE,FALSE,1.16027481491813,"fix_filter",7,3,8,700622
10983,62,62,0,1720,0.036046511627907,1,0,0.1,0.19160847370939,0,0,0,35,3249,0.99015081563558,"TMMwsp",TRUE,FALSE,1.30888076893431,"ctc_pipeline",8,1,3,687825.5
3782,69,69,0,1720,0.0401162790697674,1,0,0.05,0.175132939284269,0,0,0,0,0,NA,"TMM",TRUE,FALSE,0.8296449397456,"edger_default",8,1,3,687825.5
7874,65,65,0,1720,0.0377906976744186,1,0,0.1,0.188289491879372,0,0,0,35,4092,0.991446725317693,"TMMwsp",TRUE,FALSE,0.900490450480599,"ablate_filter",8,1,3,687825.5
7734,67,67,0,1720,0.038953488372093,1,0,0.1,0.184722970915663,0,0,0,3,0,NA,"TMMwsp",TRUE,FALSE,1.25363056173994,"ablate_exclusive",8,1,3,687825.5
10983,59,59,0,1720,0.0343023255813954,1,0,0.1,0.190938562012344,0,0,0,35,3249,0.99015081563558,"TMM",TRUE,FALSE,1.32368536548114,"ablate_tmmwsp",8,1,3,687825.5
10983,62,62,0,1720,0.036046511627907,1,0,0.1,0.191193174603425,0,0,0,35,3249,0.99015081563558,"TMMwsp",TRUE,FALSE,1.30888076893431,"ablate_priorcount",8,1,3,687825.5
10983,52,52,0,1720,0.0302325581395349,1,0,0.05,0.191312319593316,0,0,0,35,3249,0.99015081563558,"TMMwsp",TRUE,FALSE,1.30888076893431,"ablate_fdr",8,1,3,687825.5
10983,62,62,0,1720,0.036046511627907,1,0,0.1,0.191285085832569,0,0,0,35,3249,0.99015081563558,"TMMwsp",TRUE,FALSE,1.30888076893431,"ablate_shrinkfloor",8,1,3,687825.5
10983,62,62,0,1720,0.036046511627907,1,0,0.1,0.191431053428274,0,0,0,35,3249,0.99015081563558,"TMMwsp",TRUE,FALSE,1.30888076893431,"ablate_lowinput",8,1,3,687825.5
9872,169,104,65,1720,0.0604651162790698,0.615384615384615,0.384615384615385,0.1,0.16918602923648,0,0,0,35,4003,0.991256557581814,"TMMwsp",FALSE,FALSE,0.825248916104151,"batch_removed",8,1,3,687825.5
9872,54,54,0,1720,0.0313953488372093,1,0,0.1,0.194519061886531,0,0,0,35,4003,0.991256557581814,"TMMwsp",FALSE,FALSE,1.29111930302594,"batch_ignored",8,1,3,687825.5
10983,62,62,0,1720,0.036046511627907,1,0,0.1,0.191588366188225,0,0,0,35,3249,0.99015081563558,"TMMwsp",TRUE,FALSE,1.30888076893431,"fix_filter",8,1,3,687825.5
12352,112,107,5,1720,0.0622093023255814,0.955357142857143,0.0446428571428571,0.1,0.254126128609982,0,0,0,74,3661,0.981425839934444,"TMMwsp",TRUE,FALSE,1.25335670135323,"ctc_pipeline",8,2,5,926475
4532,121,114,7,1720,0.0662790697674419,0.942148760330578,0.0578512396694215,0.05,0.213344604016284,0,0,0,0,0,NA,"TMM",TRUE,FALSE,0.734856495020186,"edger_default",8,2,5,926475
8515,120,112,8,1720,0.0651162790697674,0.933333333333333,0.0666666666666667,0.1,0.242433500793544,0,0,0,74,3983,0.981421039417524,"TMMwsp",TRUE,FALSE,0.800886644809732,"ablate_filter",8,2,5,926475
8691,120,113,7,1720,0.0656976744186046,0.941666666666667,0.0583333333333333,0.1,0.243520959457971,0,0,0,6,0,NA,"TMMwsp",TRUE,FALSE,1.19321002234468,"ablate_exclusive",8,2,5,926475
12352,114,109,5,1720,0.0633720930232558,0.956140350877193,0.043859649122807,0.1,0.253189662544768,0,0,0,74,3661,0.981425839934444,"TMM",TRUE,FALSE,1.26977062270028,"ablate_tmmwsp",8,2,5,926475
12352,112,107,5,1720,0.0622093023255814,0.955357142857143,0.0446428571428571,0.1,0.254320533627278,0,0,0,74,3661,0.981425839934444,"TMMwsp",TRUE,FALSE,1.25335670135323,"ablate_priorcount",8,2,5,926475
12352,97,95,2,1720,0.0552325581395349,0.979381443298969,0.0206185567010309,0.05,0.25423464488987,0,0,0,74,3661,0.981425839934444,"TMMwsp",TRUE,FALSE,1.25335670135323,"ablate_fdr",8,2,5,926475
12352,112,107,5,1720,0.0622093023255814,0.955357142857143,0.0446428571428571,0.1,0.254333241226765,0,0,0,74,3661,0.981425839934444,"TMMwsp",TRUE,FALSE,1.25335670135323,"ablate_shrinkfloor",8,2,5,926475
12352,112,107,5,1720,0.0622093023255814,0.955357142857143,0.0446428571428571,0.1,0.254049291971883,0,0,0,74,3661,0.981425839934444,"TMMwsp",TRUE,FALSE,1.25335670135323,"ablate_lowinput",8,2,5,926475
10216,186,144,42,1720,0.0837209302325581,0.774193548387097,0.225806451612903,0.1,0.229068273226177,0,0.00251889168765743,0,74,3983,0.981421039417524,"TMMwsp",FALSE,FALSE,0.892547089557491,"batch_removed",8,2,5,926475
10216,112,103,9,1720,0.0598837209302326,0.919642857142857,0.0803571428571429,0.1,0.242517568173675,0,0,0,74,3983,0.981421039417524,"TMMwsp",FALSE,FALSE,1.11423724540101,"batch_ignored",8,2,5,926475
12352,112,107,5,1720,0.0622093023255814,0.955357142857143,0.0446428571428571,0.1,0.253926036159907,0,0,0,74,3661,0.981425839934444,"TMMwsp",TRUE,FALSE,1.25335670135323,"fix_filter",8,2,5,926475
10862,179,165,14,1720,0.0959302325581395,0.921787709497207,0.0782122905027933,0.1,0.259169380003732,0,0,0,88,4121,0.978888619267168,"TMMwsp",TRUE,FALSE,1.22063985126282,"ctc_pipeline",8,3,8,940216.5
3536,144,138,6,1720,0.0802325581395349,0.958333333333333,0.0416666666666667,0.05,0.193057067236455,0,0,0,0,0,NA,"TMM",TRUE,FALSE,0.652990701758511,"edger_default",8,3,8,940216.5
7688,152,144,8,1720,0.0837209302325581,0.947368421052632,0.0526315789473684,0.1,0.231169131752005,0,0,0,88,4152,0.978805394990366,"TMMwsp",TRUE,FALSE,0.74860936461444,"ablate_filter",8,3,8,940216.5
6741,193,174,19,1720,0.101162790697674,0.901554404145078,0.0984455958549223,0.1,0.232323155570494,0,0,0,1,0,NA,"TMMwsp",TRUE,FALSE,1.13150273625471,"ablate_exclusive",8,3,8,940216.5
10862,182,164,18,1720,0.0953488372093023,0.901098901098901,0.0989010989010989,0.1,0.252688739256207,0,0,0,88,4121,0.978888619267168,"TMM",TRUE,FALSE,1.22396130719121,"ablate_tmmwsp",8,3,8,940216.5
10862,179,165,14,1720,0.0959302325581395,0.921787709497207,0.0782122905027933,0.1,0.258761545879881,0,0,0,88,4121,0.978888619267168,"TMMwsp",TRUE,FALSE,1.22063985126282,"ablate_priorcount",8,3,8,940216.5
10862,148,142,6,1720,0.0825581395348837,0.959459459459459,0.0405405405405405,0.05,0.259350357715819,0,0,0,88,4121,0.978888619267168,"TMMwsp",TRUE,FALSE,1.22063985126282,"ablate_fdr",8,3,8,940216.5
10862,179,165,14,1720,0.0959302325581395,0.921787709497207,0.0782122905027933,0.1,0.259155772595647,0,0,0,88,4121,0.978888619267168,"TMMwsp",TRUE,FALSE,1.22063985126282,"ablate_shrinkfloor",8,3,8,940216.5
10862,179,165,14,1720,0.0959302325581395,0.921787709497207,0.0782122905027933,0.1,0.259450078429924,0,0,0,88,4121,0.978888619267168,"TMMwsp",TRUE,FALSE,1.22063985126282,"ablate_lowinput",8,3,8,940216.5
9538,214,170,44,1720,0.0988372093023256,0.794392523364486,0.205607476635514,0.1,0.234515287837641,0,0,0,88,4148,0.978784956605593,"TMMwsp",FALSE,FALSE,1.00125376771441,"batch_removed",8,3,8,940216.5
9538,158,147,11,1720,0.0854651162790698,0.930379746835443,0.069620253164557,0.1,0.248982791013433,0,0,0,88,4148,0.978784956605593,"TMMwsp",FALSE,FALSE,1.16880170729796,"batch_ignored",8,3,8,940216.5
10862,179,165,14,1720,0.0959302325581395,0.921787709497207,0.0782122905027933,0.1,0.25923468943206,0,0,0,88,4121,0.978888619267168,"TMMwsp",TRUE,FALSE,1.22063985126282,"fix_filter",8,3,8,940216.5
10113,23,21,2,1720,0.0122093023255814,0.91304347826087,0.0869565217391304,0.1,0.166970357279019,0,0,0,32,3376,0.991113744075829,"TMMwsp",TRUE,FALSE,1.3657687188229,"ctc_pipeline",9,1,3,654340.5
2537,47,45,2,1720,0.0261627906976744,0.957446808510638,0.0425531914893617,0.05,0.16026812511464,0,0,0,0,0,NA,"TMM",TRUE,FALSE,0.76385364817323,"edger_default",9,1,3,654340.5
6841,26,24,2,1720,0.013953488372093,0.923076923076923,0.0769230769230769,0.1,0.163422588216716,0,0,0,32,4304,0.992565055762082,"TMMwsp",TRUE,FALSE,0.848219421547909,"ablate_filter",9,1,3,654340.5
6737,34,32,2,1720,0.0186046511627907,0.941176470588235,0.0588235294117647,0.1,0.166823663841176,0,0,0,2,0,NA,"TMMwsp",TRUE,FALSE,1.31901984606282,"ablate_exclusive",9,1,3,654340.5
10113,33,32,1,1720,0.0186046511627907,0.96969696969697,0.0303030303030303,0.1,0.178191344060102,0,0,0,32,3376,0.991113744075829,"TMM",TRUE,FALSE,1.43764215682347,"ablate_tmmwsp",9,1,3,654340.5
10113,23,21,2,1720,0.0122093023255814,0.91304347826087,0.0869565217391304,0.1,0.166593326619992,0,0,0,32,3376,0.991113744075829,"TMMwsp",TRUE,FALSE,1.3657687188229,"ablate_priorcount",9,1,3,654340.5
10113,21,19,2,1720,0.011046511627907,0.904761904761905,0.0952380952380952,0.05,0.166592836691993,0,0,0,32,3376,0.991113744075829,"TMMwsp",TRUE,FALSE,1.3657687188229,"ablate_fdr",9,1,3,654340.5
10113,23,21,2,1720,0.0122093023255814,0.91304347826087,0.0869565217391304,0.1,0.166438645235575,0,0,0,32,3376,0.991113744075829,"TMMwsp",TRUE,FALSE,1.3657687188229,"ablate_shrinkfloor",9,1,3,654340.5
10113,23,21,2,1720,0.0122093023255814,0.91304347826087,0.0869565217391304,0.1,0.166319716644937,0,0,0,32,3376,0.991113744075829,"TMMwsp",TRUE,FALSE,1.3657687188229,"ablate_lowinput",9,1,3,654340.5
8915,102,70,32,1720,0.0406976744186047,0.686274509803922,0.313725490196078,0.1,0.157928259281237,0,0,0,32,4185,0.992353643966547,"TMMwsp",FALSE,FALSE,0.924039122539013,"batch_removed",9,1,3,654340.5
8915,24,22,2,1720,0.0127906976744186,0.916666666666667,0.0833333333333333,0.1,0.162800324315494,0,0,0,32,4185,0.992353643966547,"TMMwsp",FALSE,FALSE,1.35388081986772,"batch_ignored",9,1,3,654340.5
10113,23,21,2,1720,0.0122093023255814,0.91304347826087,0.0869565217391304,0.1,0.166840058030514,0,0,0,32,3376,0.991113744075829,"TMMwsp",TRUE,FALSE,1.3657687188229,"fix_filter",9,1,3,654340.5
12828,147,141,6,1720,0.0819767441860465,0.959183673469388,0.0408163265306122,0.1,0.27249529697999,0,0,0,66,3679,0.983419407447676,"TMMwsp",TRUE,FALSE,1.2534813504532,"ctc_pipeline",9,2,5,844407
4698,154,146,8,1720,0.0848837209302326,0.948051948051948,0.051948051948052,0.05,0.227058823377606,0,0,0,0,0,NA,"TMM",TRUE,FALSE,0.718247541384377,"edger_default",9,2,5,844407
8656,162,152,10,1720,0.0883720930232558,0.938271604938272,0.0617283950617284,0.1,0.255254150340518,0,0,0,66,3958,0.983324911571501,"TMMwsp",TRUE,FALSE,0.784369772670785,"ablate_filter",9,2,5,844407
9149,163,152,11,1720,0.0883720930232558,0.932515337423313,0.0674846625766871,0.1,0.258014246472339,0,0,0,5,0,NA,"TMMwsp",TRUE,FALSE,1.19077987349216,"ablate_exclusive",9,2,5,844407
12828,148,140,8,1720,0.0813953488372093,0.945945945945946,0.0540540540540541,0.1,0.27113692181992,0,0,0,66,3679,0.983419407447676,"TMM",TRUE,FALSE,1.26378593872559,"ablate_tmmwsp",9,2,5,844407
12828,147,141,6,1720,0.0819767441860465,0.959183673469388,0.0408163265306122,0.1,0.272710815195985,0,0,0,66,3679,0.983419407447676,"TMMwsp",TRUE,FALSE,1.2534813504532,"ablate_priorcount",9,2,5,844407
12828,125,121,4,1720,0.0703488372093023,0.968,0.032,0.05,0.272338377389472,0,0,0,66,3679,0.983419407447676,"TMMwsp",TRUE,FALSE,1.2534813504532,"ablate_fdr",9,2,5,844407
12828,147,141,6,1720,0.0819767441860465,0.959183673469388,0.0408163265306122,0.1,0.272516383747173,0,0,0,66,3679,0.983419407447676,"TMMwsp",TRUE,FALSE,1.2534813504532,"ablate_shrinkfloor",9,2,5,844407
12828,147,141,6,1720,0.0819767441860465,0.959183673469388,0.0408163265306122,0.1,0.272279083495838,0,0,0,66,3679,0.983419407447676,"TMMwsp",TRUE,FALSE,1.2534813504532,"ablate_lowinput",9,2,5,844407
10546,230,185,45,1720,0.107558139534884,0.804347826086957,0.195652173913043,0.1,0.255658960999125,0,0,0,66,3956,0.983316481294237,"TMMwsp",FALSE,FALSE,0.901204759349,"batch_removed",9,2,5,844407
10546,141,133,8,1720,0.0773255813953488,0.943262411347518,0.0567375886524823,0.1,0.264244048536812,0,0,0,66,3956,0.983316481294237,"TMMwsp",FALSE,FALSE,1.11392205585337,"batch_ignored",9,2,5,844407
12828,147,141,6,1720,0.0819767441860465,0.959183673469388,0.0408163265306122,0.1,0.272411479881479,0,0,0,66,3679,0.983419407447676,"TMMwsp",TRUE,FALSE,1.2534813504532,"fix_filter",9,2,5,844407
11241,260,238,22,1720,0.138372093023256,0.915384615384615,0.0846153846153846,0.1,0.314860535085809,0,0,0,77,3626,0.978764478764479,"TMMwsp",TRUE,FALSE,1.16049468358821,"ctc_pipeline",9,3,8,855463
3928,197,190,7,1720,0.11046511627907,0.964467005076142,0.0355329949238579,0.05,0.23784270976236,0,0,0,0,0,NA,"TMM",TRUE,FALSE,0.592995565583175,"edger_default",9,3,8,855463
7573,206,196,10,1720,0.113953488372093,0.951456310679612,0.0485436893203883,0.1,0.271031843926884,0,0,0,77,3645,0.978875171467764,"TMMwsp",TRUE,FALSE,0.646644293999048,"ablate_filter",9,3,8,855463
7615,279,251,28,1720,0.14593023255814,0.899641577060932,0.100358422939068,0.1,0.287317853295498,0,0,0,0,0,NA,"TMMwsp",TRUE,FALSE,1.10133362917891,"ablate_exclusive",9,3,8,855463
11241,263,240,23,1720,0.13953488372093,0.91254752851711,0.0874524714828897,0.1,0.314977718809474,0,0,0,77,3626,0.978764478764479,"TMM",TRUE,FALSE,1.16884318239739,"ablate_tmmwsp",9,3,8,855463
11241,260,238,22,1720,0.138372093023256,0.915384615384615,0.0846153846153846,0.1,0.314862644208794,0,0,0,77,3626,0.978764478764479,"TMMwsp",TRUE,FALSE,1.16049468358821,"ablate_priorcount",9,3,8,855463
11241,206,199,7,1720,0.115697674418605,0.966019417475728,0.0339805825242718,0.05,0.315053074894962,0,0,0,77,3626,0.978764478764479,"TMMwsp",TRUE,FALSE,1.16049468358821,"ablate_fdr",9,3,8,855463
11241,260,238,22,1720,0.138372093023256,0.915384615384615,0.0846153846153846,0.1,0.314571866215367,0,0,0,77,3626,0.978764478764479,"TMMwsp",TRUE,FALSE,1.16049468358821,"ablate_shrinkfloor",9,3,8,855463
11241,260,238,22,1720,0.138372093023256,0.915384615384615,0.0846153846153846,0.1,0.314809335309699,0,0,0,77,3626,0.978764478764479,"TMMwsp",TRUE,FALSE,1.16049468358821,"ablate_lowinput",9,3,8,855463
9801,288,246,42,1720,0.143023255813953,0.854166666666667,0.145833333333333,0.1,0.286973585904329,0,0,0,77,3645,0.978875171467764,"TMMwsp",FALSE,FALSE,0.942513663986524,"batch_removed",9,3,8,855463
9801,227,215,12,1720,0.125,0.947136563876652,0.052863436123348,0.1,0.301848263355309,0,0,0,77,3645,0.978875171467764,"TMMwsp",FALSE,FALSE,1.09553145642044,"batch_ignored",9,3,8,855463
11241,260,238,22,1720,0.138372093023256,0.915384615384615,0.0846153846153846,0.1,0.314978257129951,0,0,0,77,3626,0.978764478764479,"TMMwsp",TRUE,FALSE,1.16049468358821,"fix_filter",9,3,8,855463
12971,55,53,2,1720,0.0308139534883721,0.963636363636364,0.0363636363636364,0.1,0.224741235229238,0,0,0,38,3053,0.990173599737963,"TMMwsp",TRUE,FALSE,1.0509058175266,"ctc_pipeline",10,1,3,1230891
5665,67,67,0,1720,0.038953488372093,1,0,0.05,0.209985339289447,0,0,0,0,0,NA,"TMM",TRUE,FALSE,0.715691109387521,"edger_default",10,1,3,1230891
9763,61,58,3,1720,0.0337209302325581,0.950819672131147,0.0491803278688525,0.1,0.22043072082593,0,0,0,38,4098,0.990727183992191,"TMMwsp",TRUE,FALSE,0.778408000266213,"ablate_filter",10,1,3,1230891
9918,65,61,4,1720,0.0354651162790698,0.938461538461538,0.0615384615384615,0.1,0.221585270287172,0,0,0,8,0,NA,"TMMwsp",TRUE,FALSE,1.00156129724247,"ablate_exclusive",10,1,3,1230891
12971,61,61,0,1720,0.0354651162790698,1,0,0.1,0.234627805588205,0,0,0,38,3053,0.990173599737963,"TMM",TRUE,FALSE,1.05579728078419,"ablate_tmmwsp",10,1,3,1230891
12971,55,53,2,1720,0.0308139534883721,0.963636363636364,0.0363636363636364,0.1,0.225086461503344,0,0,0,38,3053,0.990173599737963,"TMMwsp",TRUE,FALSE,1.0509058175266,"ablate_priorcount",10,1,3,1230891
12971,46,44,2,1720,0.0255813953488372,0.956521739130435,0.0434782608695652,0.05,0.225118646925794,0,0,0,38,3053,0.990173599737963,"TMMwsp",TRUE,FALSE,1.0509058175266,"ablate_fdr",10,1,3,1230891
12971,55,53,2,1720,0.0308139534883721,0.963636363636364,0.0363636363636364,0.1,0.224893853776348,0,0,0,38,3053,0.990173599737963,"TMMwsp",TRUE,FALSE,1.0509058175266,"ablate_shrinkfloor",10,1,3,1230891
12971,55,53,2,1720,0.0308139534883721,0.963636363636364,0.0363636363636364,0.1,0.22494826952127,0,0,0,38,3053,0.990173599737963,"TMMwsp",TRUE,FALSE,1.0509058175266,"ablate_lowinput",10,1,3,1230891
11800,149,108,41,1720,0.0627906976744186,0.724832214765101,0.275167785234899,0.1,0.21031172283922,0,0,0,38,3970,0.990680100755667,"TMMwsp",FALSE,FALSE,0.700512971046312,"batch_removed",10,1,3,1230891
11800,53,50,3,1720,0.0290697674418605,0.943396226415094,0.0566037735849057,0.1,0.226302501918564,0,0,0,38,3970,0.990680100755667,"TMMwsp",FALSE,FALSE,1.10316284944527,"batch_ignored",10,1,3,1230891
12971,55,53,2,1720,0.0308139534883721,0.963636363636364,0.0363636363636364,0.1,0.225202858709452,0,0,0,38,3053,0.990173599737963,"TMMwsp",TRUE,FALSE,1.0509058175266,"fix_filter",10,1,3,1230891
12646,142,134,8,1720,0.077906976744186,0.943661971830986,0.0563380281690141,0.1,0.251815619655201,0,0,0,76,3680,0.980163043478261,"TMMwsp",TRUE,FALSE,1.27021728537855,"ctc_pipeline",10,2,5,705858.5
4312,133,129,4,1720,0.075,0.969924812030075,0.0300751879699248,0.05,0.210853212046883,0,0,0,0,0,NA,"TMM",TRUE,FALSE,0.703777218896488,"edger_default",10,2,5,705858.5
8285,153,146,7,1720,0.0848837209302326,0.954248366013072,0.0457516339869281,0.1,0.243050500541177,0,0,0,76,3973,0.980870878429398,"TMMwsp",TRUE,FALSE,0.77311251674142,"ablate_filter",10,2,5,705858.5
8966,150,142,8,1720,0.0825581395348837,0.946666666666667,0.0533333333333333,0.1,0.238869899575082,0,0,0,3,0,NA,"TMMwsp",TRUE,FALSE,1.20789139419096,"ablate_exclusive",10,2,5,705858.5
12646,129,126,3,1720,0.0732558139534884,0.976744186046512,0.0232558139534884,0.1,0.250470161935928,0,0,0,76,3680,0.980163043478261,"TMM",TRUE,FALSE,1.29205962170531,"ablate_tmmwsp",10,2,5,705858.5
12646,142,134,8,1720,0.077906976744186,0.943661971830986,0.0563380281690141,0.1,0.25227861044275,0,0,0,76,3680,0.980163043478261,"TMMwsp",TRUE,FALSE,1.27021728537855,"ablate_priorcount",10,2,5,705858.5
12646,112,110,2,1720,0.063953488372093,0.982142857142857,0.0178571428571429,0.05,0.252160356191697,0,0,0,76,3680,0.980163043478261,"TMMwsp",TRUE,FALSE,1.27021728537855,"ablate_fdr",10,2,5,705858.5
12646,142,134,8,1720,0.077906976744186,0.943661971830986,0.0563380281690141,0.1,0.25202023672305,0,0,0,76,3680,0.980163043478261,"TMMwsp",TRUE,FALSE,1.27021728537855,"ablate_shrinkfloor",10,2,5,705858.5
12646,142,134,8,1720,0.077906976744186,0.943661971830986,0.0563380281690141,0.1,0.252145048174313,0,0,0,76,3680,0.980163043478261,"TMMwsp",TRUE,FALSE,1.27021728537855,"ablate_lowinput",10,2,5,705858.5
10396,261,180,81,1720,0.104651162790698,0.689655172413793,0.310344827586207,0.1,0.226762821889782,0,0,0,76,3966,0.980837115481594,"TMMwsp",FALSE,FALSE,0.9282078064021,"batch_removed",10,2,5,705858.5
10396,140,129,11,1720,0.075,0.921428571428571,0.0785714285714286,0.1,0.249214079989507,0,0,0,76,3966,0.980837115481594,"TMMwsp",FALSE,FALSE,1.13057189712413,"batch_ignored",10,2,5,705858.5
12646,142,134,8,1720,0.077906976744186,0.943661971830986,0.0563380281690141,0.1,0.252312758337602,0,0,0,76,3680,0.980163043478261,"TMMwsp",TRUE,FALSE,1.27021728537855,"fix_filter",10,2,5,705858.5
11253,232,217,15,1720,0.126162790697674,0.935344827586207,0.0646551724137931,0.1,0.300554494618227,0,0,0,85,3676,0.976877040261153,"TMMwsp",TRUE,FALSE,1.16934090461555,"ctc_pipeline",10,3,8,997177
4050,189,179,10,1720,0.10406976744186,0.947089947089947,0.0529100529100529,0.05,0.225667156297586,0,0,0,0,0,NA,"TMM",TRUE,FALSE,0.627602669701495,"edger_default",10,3,8,997177
7745,197,187,10,1720,0.108720930232558,0.949238578680203,0.050761421319797,0.1,0.264499860740855,0,0,0,85,3695,0.976995940460081,"TMMwsp",TRUE,FALSE,0.683946498805955,"ablate_filter",10,3,8,997177
7577,248,223,25,1720,0.129651162790698,0.899193548387097,0.100806451612903,0.1,0.273581612497843,0,0,0,0,0,NA,"TMMwsp",TRUE,FALSE,1.11137417812406,"ablate_exclusive",10,3,8,997177
11253,228,214,14,1720,0.124418604651163,0.93859649122807,0.0614035087719298,0.1,0.298649090936561,0,0,0,85,3676,0.976877040261153,"TMM",TRUE,FALSE,1.17916273042023,"ablate_tmmwsp",10,3,8,997177
11253,232,217,15,1720,0.126162790697674,0.935344827586207,0.0646551724137931,0.1,0.300116887897909,0,0,0,85,3676,0.976877040261153,"TMMwsp",TRUE,FALSE,1.16934090461555,"ablate_priorcount",10,3,8,997177
11253,191,186,5,1720,0.108139534883721,0.973821989528796,0.0261780104712042,0.05,0.300707773972194,0,0,0,85,3676,0.976877040261153,"TMMwsp",TRUE,FALSE,1.16934090461555,"ablate_fdr",10,3,8,997177
11253,232,217,15,1720,0.126162790697674,0.935344827586207,0.0646551724137931,0.1,0.300757833361137,0,0,0,85,3676,0.976877040261153,"TMMwsp",TRUE,FALSE,1.16934090461555,"ablate_shrinkfloor",10,3,8,997177
11253,232,217,15,1720,0.126162790697674,0.935344827586207,0.0646551724137931,0.1,0.300292756657896,0,0,0,85,3676,0.976877040261153,"TMMwsp",TRUE,FALSE,1.16934090461555,"ablate_lowinput",10,3,8,997177
9823,251,209,42,1720,0.121511627906977,0.832669322709163,0.167330677290837,0.1,0.273967435977836,0,0,0,85,3695,0.976995940460081,"TMMwsp",FALSE,FALSE,0.949750833846714,"batch_removed",10,3,8,997177
9823,209,197,12,1720,0.11453488372093,0.942583732057416,0.0574162679425837,0.1,0.285726764895832,0,0.00259067357512953,0,85,3695,0.976995940460081,"TMMwsp",FALSE,FALSE,1.10646757560344,"batch_ignored",10,3,8,997177
11253,232,217,15,1720,0.126162790697674,0.935344827586207,0.0646551724137931,0.1,0.30053523591447,0,0,0,85,3676,0.976877040261153,"TMMwsp",TRUE,FALSE,1.16934090461555,"fix_filter",10,3,8,997177
12239,77,72,5,1720,0.0418604651162791,0.935064935064935,0.0649350649350649,0.1,0.211613373265174,0,0,0,50,3215,0.98755832037325,"TMMwsp",TRUE,FALSE,1.16529987113455,"ctc_pipeline",11,1,3,906906.5
4726,75,74,1,1720,0.0430232558139535,0.986666666666667,0.0133333333333333,0.05,0.19326160812196,0,0,0,0,0,NA,"TMM",TRUE,FALSE,0.744051279085622,"edger_default",11,1,3,906906.5
9011,80,75,5,1720,0.0436046511627907,0.9375,0.0625,0.1,0.210107408019439,0,0,0,50,4285,0.988331388564761,"TMMwsp",TRUE,FALSE,0.818000362394094,"ablate_filter",11,1,3,906906.5
9024,82,77,5,1720,0.0447674418604651,0.939024390243902,0.0609756097560976,0.1,0.207221682149647,0,0,0,10,0,NA,"TMMwsp",TRUE,FALSE,1.10923796742682,"ablate_exclusive",11,1,3,906906.5
12239,68,68,0,1720,0.0395348837209302,1,0,0.1,0.209807605430169,0,0,0,50,3215,0.98755832037325,"TMM",TRUE,FALSE,1.16978588359503,"ablate_tmmwsp",11,1,3,906906.5
12239,77,72,5,1720,0.0418604651162791,0.935064935064935,0.0649350649350649,0.1,0.211642892482847,0,0,0,50,3215,0.98755832037325,"TMMwsp",TRUE,FALSE,1.16529987113455,"ablate_priorcount",11,1,3,906906.5
12239,64,63,1,1720,0.0366279069767442,0.984375,0.015625,0.05,0.211899514751761,0,0,0,50,3215,0.98755832037325,"TMMwsp",TRUE,FALSE,1.16529987113455,"ablate_fdr",11,1,3,906906.5
12239,77,72,5,1720,0.0418604651162791,0.935064935064935,0.0649350649350649,0.1,0.21170246559891,0,0,0,50,3215,0.98755832037325,"TMMwsp",TRUE,FALSE,1.16529987113455,"ablate_shrinkfloor",11,1,3,906906.5
12239,77,72,5,1720,0.0418604651162791,0.935064935064935,0.0649350649350649,0.1,0.21198008916843,0,0,0,50,3215,0.98755832037325,"TMMwsp",TRUE,FALSE,1.16529987113455,"ablate_lowinput",11,1,3,906906.5
11045,163,117,46,1720,0.0680232558139535,0.717791411042945,0.282208588957055,0.1,0.195068454937547,0,0,0,50,4128,0.987887596899225,"TMMwsp",FALSE,FALSE,0.744713823185566,"batch_removed",11,1,3,906906.5
11045,67,66,1,1720,0.0383720930232558,0.985074626865672,0.0149253731343284,0.1,0.207481338038517,0,0,0,50,4128,0.987887596899225,"TMMwsp",FALSE,FALSE,1.18573061624665,"batch_ignored",11,1,3,906906.5
12239,77,72,5,1720,0.0418604651162791,0.935064935064935,0.0649350649350649,0.1,0.211624513570392,0,0,0,50,3215,0.98755832037325,"TMMwsp",TRUE,FALSE,1.16529987113455,"fix_filter",11,1,3,906906.5
12997,118,113,5,1720,0.0656976744186046,0.957627118644068,0.0423728813559322,0.1,0.254952492977497,0,0,0,75,3583,0.979905107451856,"TMMwsp",TRUE,FALSE,1.20762105066755,"ctc_pipeline",11,2,5,911893
5072,116,112,4,1720,0.0651162790697674,0.96551724137931,0.0344827586206897,0.05,0.220556238875073,0,0,0,0,0,NA,"TMM",TRUE,FALSE,0.715861543980117,"edger_default",11,2,5,911893
8983,136,129,7,1720,0.075,0.948529411764706,0.0514705882352941,0.1,0.242021092507406,0,0,0,75,3911,0.980823318844285,"TMMwsp",TRUE,FALSE,0.778101909381987,"ablate_filter",11,2,5,911893
9414,135,128,7,1720,0.0744186046511628,0.948148148148148,0.0518518518518519,0.1,0.243015170921773,0,0,0,3,0,NA,"TMMwsp",TRUE,FALSE,1.15037103529557,"ablate_exclusive",11,2,5,911893
12997,114,108,6,1720,0.0627906976744186,0.947368421052632,0.0526315789473684,0.1,0.251543061089168,0,0,0,75,3583,0.979905107451856,"TMM",TRUE,FALSE,1.21821604993192,"ablate_tmmwsp",11,2,5,911893
12997,118,113,5,1720,0.0656976744186046,0.957627118644068,0.0423728813559322,0.1,0.254839747163414,0,0,0,75,3583,0.979905107451856,"TMMwsp",TRUE,FALSE,1.20762105066755,"ablate_priorcount",11,2,5,911893
12997,100,97,3,1720,0.0563953488372093,0.97,0.03,0.05,0.254886344720299,0,0,0,75,3583,0.979905107451856,"TMMwsp",TRUE,FALSE,1.20762105066755,"ablate_fdr",11,2,5,911893
12997,118,113,5,1720,0.0656976744186046,0.957627118644068,0.0423728813559322,0.1,0.254882455936201,0,0,0,75,3583,0.979905107451856,"TMMwsp",TRUE,FALSE,1.20762105066755,"ablate_shrinkfloor",11,2,5,911893
12997,118,113,5,1720,0.0656976744186046,0.957627118644068,0.0423728813559322,0.1,0.254782209222517,0,0,0,75,3583,0.979905107451856,"TMMwsp",TRUE,FALSE,1.20762105066755,"ablate_lowinput",11,2,5,911893
10778,193,154,39,1720,0.0895348837209302,0.797927461139896,0.202072538860104,0.1,0.232095909729754,0,0,0,75,3906,0.980798771121352,"TMMwsp",FALSE,FALSE,0.881676685395638,"batch_removed",11,2,5,911893
10778,113,105,8,1720,0.061046511627907,0.929203539823009,0.0707964601769911,0.1,0.240437720444607,0,0,0,75,3906,0.980798771121352,"TMMwsp",FALSE,FALSE,1.08975257785274,"batch_ignored",11,2,5,911893
12997,118,113,5,1720,0.0656976744186046,0.957627118644068,0.0423728813559322,0.1,0.254592351592118,0,0,0,75,3583,0.979905107451856,"TMMwsp",TRUE,FALSE,1.20762105066755,"fix_filter",11,2,5,911893
10902,183,174,9,1720,0.101162790697674,0.950819672131147,0.0491803278688525,0.1,0.285943605110645,0,0,0,90,3740,0.975935828877005,"TMMwsp",TRUE,FALSE,1.18109279700385,"ctc_pipeline",11,3,8,1017490.5
3862,162,159,3,1720,0.0924418604651163,0.981481481481482,0.0185185185185185,0.05,0.218241984047417,0,0,0,0,0,NA,"TMM",TRUE,FALSE,0.661414246758836,"edger_default",11,3,8,1017490.5
7615,171,167,4,1720,0.097093023255814,0.976608187134503,0.0233918128654971,0.1,0.258274474735332,0,0,0,90,3753,0.976019184652278,"TMMwsp",TRUE,FALSE,0.719448284478987,"ablate_filter",11,3,8,1017490.5
7162,197,188,9,1720,0.109302325581395,0.954314720812183,0.0456852791878173,0.1,0.252492795126798,0,0,0,0,0,NA,"TMMwsp",TRUE,FALSE,1.11977338624393,"ablate_exclusive",11,3,8,1017490.5
10902,189,182,7,1720,0.105813953488372,0.962962962962963,0.037037037037037,0.1,0.284541697582996,0,0,0,90,3740,0.975935828877005,"TMM",TRUE,FALSE,1.19312258845334,"ablate_tmmwsp",11,3,8,1017490.5
10902,183,174,9,1720,0.101162790697674,0.950819672131147,0.0491803278688525,0.1,0.285909608805149,0,0,0,90,3740,0.975935828877005,"TMMwsp",TRUE,FALSE,1.18109279700385,"ablate_priorcount",11,3,8,1017490.5
10902,166,160,6,1720,0.0930232558139535,0.963855421686747,0.036144578313253,0.05,0.286016926535496,0,0,0,90,3740,0.975935828877005,"TMMwsp",TRUE,FALSE,1.18109279700385,"ablate_fdr",11,3,8,1017490.5
10902,183,174,9,1720,0.101162790697674,0.950819672131147,0.0491803278688525,0.1,0.286555000669901,0,0,0,90,3740,0.975935828877005,"TMMwsp",TRUE,FALSE,1.18109279700385,"ablate_shrinkfloor",11,3,8,1017490.5
10902,183,174,9,1720,0.101162790697674,0.950819672131147,0.0491803278688525,0.1,0.285885319846537,0,0,0,90,3740,0.975935828877005,"TMMwsp",TRUE,FALSE,1.18109279700385,"ablate_lowinput",11,3,8,1017490.5
9535,222,189,33,1720,0.109883720930233,0.851351351351351,0.148648648648649,0.1,0.264257905602267,0,0,0,90,3752,0.976012793176972,"TMMwsp",FALSE,FALSE,0.985642930579591,"batch_removed",11,3,8,1017490.5
9535,168,161,7,1720,0.0936046511627907,0.958333333333333,0.0416666666666667,0.1,0.275960951493234,0,0,0,90,3752,0.976012793176972,"TMMwsp",FALSE,FALSE,1.12329478637657,"batch_ignored",11,3,8,1017490.5
10902,183,174,9,1720,0.101162790697674,0.950819672131147,0.0491803278688525,0.1,0.285957619007896,0,0,0,90,3740,0.975935828877005,"TMMwsp",TRUE,FALSE,1.18109279700385,"fix_filter",11,3,8,1017490.5
11522,70,67,3,1720,0.038953488372093,0.957142857142857,0.0428571428571429,0.1,0.201169729869413,0,0.00247524752475248,0,39,3383,0.990245344368903,"TMMwsp",TRUE,FALSE,1.24680664007036,"ctc_pipeline",12,1,3,535737.5
3741,78,73,5,1720,0.0424418604651163,0.935897435897436,0.0641025641025641,0.05,0.181866487614384,0,0.00247524752475248,0,0,0,NA,"TMM",TRUE,FALSE,0.767651086544038,"edger_default",12,1,3,535737.5
8049,79,76,3,1720,0.0441860465116279,0.962025316455696,0.0379746835443038,0.1,0.199844581867729,0,0.00247524752475248,0,39,4308,0.990947075208914,"TMMwsp",TRUE,FALSE,0.831863843920233,"ablate_filter",12,1,3,535737.5
8139,76,73,3,1720,0.0424418604651163,0.960526315789474,0.0394736842105263,0.1,0.194221443331029,0,0.00247524752475248,0,6,0,NA,"TMMwsp",TRUE,FALSE,1.20367447870182,"ablate_exclusive",12,1,3,535737.5
11522,62,62,0,1720,0.036046511627907,1,0,0.1,0.198030547069897,0,0.00247524752475248,0,39,3383,0.990245344368903,"TMM",TRUE,FALSE,1.29780616085277,"ablate_tmmwsp",12,1,3,535737.5
11522,70,67,3,1720,0.038953488372093,0.957142857142857,0.0428571428571429,0.1,0.201453999910412,0,0.00247524752475248,0,39,3383,0.990245344368903,"TMMwsp",TRUE,FALSE,1.24680664007036,"ablate_priorcount",12,1,3,535737.5
11522,59,59,0,1720,0.0343023255813954,1,0,0.05,0.201250693832912,0,0.00247524752475248,0,39,3383,0.990245344368903,"TMMwsp",TRUE,FALSE,1.24680664007036,"ablate_fdr",12,1,3,535737.5
11522,70,67,3,1720,0.038953488372093,0.957142857142857,0.0428571428571429,0.1,0.201648019708199,0,0.00247524752475248,0,39,3383,0.990245344368903,"TMMwsp",TRUE,FALSE,1.24680664007036,"ablate_shrinkfloor",12,1,3,535737.5
11522,70,67,3,1720,0.038953488372093,0.957142857142857,0.0428571428571429,0.1,0.20139727793499,0,0.00247524752475248,0,39,3383,0.990245344368903,"TMMwsp",TRUE,FALSE,1.24680664007036,"ablate_lowinput",12,1,3,535737.5
10322,158,108,50,1720,0.0627906976744186,0.683544303797468,0.316455696202532,0.1,0.179813326622429,0,0.00247524752475248,0,39,4219,0.990756103342024,"TMMwsp",FALSE,FALSE,0.871120715371207,"batch_removed",12,1,3,535737.5
10322,62,60,2,1720,0.0348837209302326,0.967741935483871,0.032258064516129,0.1,0.200903458923023,0,0.00247524752475248,0,39,4219,0.990756103342024,"TMMwsp",FALSE,FALSE,1.28288270463988,"batch_ignored",12,1,3,535737.5
11522,70,67,3,1720,0.038953488372093,0.957142857142857,0.0428571428571429,0.1,0.20176383734415,0,0.00247524752475248,0,39,3383,0.990245344368903,"TMMwsp",TRUE,FALSE,1.24680664007036,"fix_filter",12,1,3,535737.5
12092,107,103,4,1720,0.0598837209302326,0.962616822429907,0.0373831775700935,0.1,0.23361218397809,0,0,0,67,3723,0.983346763362879,"TMMwsp",TRUE,FALSE,1.36978305190841,"ctc_pipeline",12,2,5,822917
4149,114,109,5,1720,0.0633720930232558,0.956140350877193,0.043859649122807,0.05,0.194174270471528,0,0,0,0,0,NA,"TMM",TRUE,FALSE,0.799426186682998,"edger_default",12,2,5,822917
8180,116,110,6,1720,0.063953488372093,0.948275862068966,0.0517241379310345,0.1,0.216233943293407,0,0,0,67,4031,0.983378814190027,"TMMwsp",TRUE,FALSE,0.876162450407118,"ablate_filter",12,2,5,822917
8369,121,113,8,1720,0.0656976744186046,0.933884297520661,0.0661157024793388,0.1,0.220479352479952,0,0,0,5,0,NA,"TMMwsp",TRUE,FALSE,1.30690221739228,"ablate_exclusive",12,2,5,822917
12092,107,102,5,1720,0.0593023255813954,0.953271028037383,0.0467289719626168,0.1,0.231934585866279,0,0,0,67,3723,0.983346763362879,"TMM",TRUE,FALSE,1.38508021775916,"ablate_tmmwsp",12,2,5,822917
12092,107,103,4,1720,0.0598837209302326,0.962616822429907,0.0373831775700935,0.1,0.233442992937783,0,0,0,67,3723,0.983346763362879,"TMMwsp",TRUE,FALSE,1.36978305190841,"ablate_priorcount",12,2,5,822917
12092,88,86,2,1720,0.05,0.977272727272727,0.0227272727272727,0.05,0.233500071870155,0,0,0,67,3723,0.983346763362879,"TMMwsp",TRUE,FALSE,1.36978305190841,"ablate_fdr",12,2,5,822917
12092,107,103,4,1720,0.0598837209302326,0.962616822429907,0.0373831775700935,0.1,0.233466237935729,0,0,0,67,3723,0.983346763362879,"TMMwsp",TRUE,FALSE,1.36978305190841,"ablate_shrinkfloor",12,2,5,822917
12092,107,103,4,1720,0.0598837209302326,0.962616822429907,0.0373831775700935,0.1,0.23340194674027,0,0,0,67,3723,0.983346763362879,"TMMwsp",TRUE,FALSE,1.36978305190841,"ablate_lowinput",12,2,5,822917
9944,156,123,33,1720,0.0715116279069767,0.788461538461538,0.211538461538462,0.1,0.204825342494857,0,0,0,67,4033,0.983387056781552,"TMMwsp",FALSE,FALSE,0.991864100815473,"batch_removed",12,2,5,822917
9944,97,92,5,1720,0.0534883720930233,0.948453608247423,0.0515463917525773,0.1,0.222440811411072,0,0,0,67,4033,0.983387056781552,"TMMwsp",FALSE,FALSE,1.21647139623397,"batch_ignored",12,2,5,822917
12092,107,103,4,1720,0.0598837209302326,0.962616822429907,0.0373831775700935,0.1,0.233513974652698,0,0,0,67,3723,0.983346763362879,"TMMwsp",TRUE,FALSE,1.36978305190841,"fix_filter",12,2,5,822917
11336,217,204,13,1720,0.118604651162791,0.940092165898618,0.0599078341013825,0.1,0.315352037714369,0,0.00491400491400491,0,79,3647,0.978338360296134,"TMMwsp",TRUE,FALSE,1.14290527691511,"ctc_pipeline",12,3,8,834899
4186,191,184,7,1720,0.106976744186047,0.963350785340314,0.0366492146596859,0.05,0.237899320303194,0,0.00245700245700246,0,0,0,NA,"TMM",TRUE,FALSE,0.626181530667501,"edger_default",12,3,8,834899
7840,195,187,8,1720,0.108720930232558,0.958974358974359,0.041025641025641,0.1,0.271776754777726,0,0.00491400491400491,0,79,3654,0.978379857690203,"TMMwsp",TRUE,FALSE,0.67783818227838,"ablate_filter",12,3,8,834899
7689,250,233,17,1720,0.13546511627907,0.932,0.068,0.1,0.286443631053699,0,0.00491400491400491,0,0,0,NA,"TMMwsp",TRUE,FALSE,1.08740125365309,"ablate_exclusive",12,3,8,834899
11336,224,209,15,1720,0.121511627906977,0.933035714285714,0.0669642857142857,0.1,0.316264360136054,0,0.00491400491400491,0,79,3647,0.978338360296134,"TMM",TRUE,FALSE,1.15184227430827,"ablate_tmmwsp",12,3,8,834899
11336,217,204,13,1720,0.118604651162791,0.940092165898618,0.0599078341013825,0.1,0.315419357550442,0,0.00491400491400491,0,79,3647,0.978338360296134,"TMMwsp",TRUE,FALSE,1.14290527691511,"ablate_priorcount",12,3,8,834899
11336,180,174,6,1720,0.101162790697674,0.966666666666667,0.0333333333333333,0.05,0.315335115217209,0,0.00491400491400491,0,79,3647,0.978338360296134,"TMMwsp",TRUE,FALSE,1.14290527691511,"ablate_fdr",12,3,8,834899
11336,217,204,13,1720,0.118604651162791,0.940092165898618,0.0599078341013825,0.1,0.315946940785454,0,0.00491400491400491,0,79,3647,0.978338360296134,"TMMwsp",TRUE,FALSE,1.14290527691511,"ablate_shrinkfloor",12,3,8,834899
11336,217,204,13,1720,0.118604651162791,0.940092165898618,0.0599078341013825,0.1,0.315561368825771,0,0.00491400491400491,0,79,3647,0.978338360296134,"TMMwsp",TRUE,FALSE,1.14290527691511,"ablate_lowinput",12,3,8,834899
9853,250,218,32,1720,0.126744186046512,0.872,0.128,0.1,0.280425028259531,0,0.00491400491400491,0,79,3654,0.978379857690203,"TMMwsp",FALSE,FALSE,0.931412183972836,"batch_removed",12,3,8,834899
9853,202,189,13,1720,0.109883720930233,0.935643564356436,0.0643564356435644,0.1,0.296584821331221,0,0.00491400491400491,0,79,3654,0.978379857690203,"TMMwsp",FALSE,FALSE,1.06893699353683,"batch_ignored",12,3,8,834899
11336,217,204,13,1720,0.118604651162791,0.940092165898618,0.0599078341013825,0.1,0.315748037848228,0,0.00491400491400491,0,79,3647,0.978338360296134,"TMMwsp",TRUE,FALSE,1.14290527691511,"fix_filter",12,3,8,834899
11197,39,39,0,1720,0.0226744186046512,1,0,0.1,0.198528034719734,0,0,0,37,3246,0.990141712877388,"TMMwsp",TRUE,FALSE,1.29791523942479,"ctc_pipeline",13,1,3,865511
3951,66,64,2,1720,0.0372093023255814,0.96969696969697,0.0303030303030303,0.05,0.182994533559161,0,0,0,0,0,NA,"TMM",TRUE,FALSE,0.87223601611213,"edger_default",13,1,3,865511
8104,48,47,1,1720,0.0273255813953488,0.979166666666667,0.0208333333333333,0.1,0.195894269528457,0,0,0,37,4153,0.991090777751023,"TMMwsp",TRUE,FALSE,0.921803765075284,"ablate_filter",13,1,3,865511
7951,63,61,2,1720,0.0354651162790698,0.968253968253968,0.0317460317460317,0.1,0.194225680331847,0,0,0,5,0,NA,"TMMwsp",TRUE,FALSE,1.2512249701055,"ablate_exclusive",13,1,3,865511
11197,45,45,0,1720,0.0261627906976744,1,0,0.1,0.200106621926528,0,0,0,37,3246,0.990141712877388,"TMM",TRUE,FALSE,1.34316475636029,"ablate_tmmwsp",13,1,3,865511
11197,39,39,0,1720,0.0226744186046512,1,0,0.1,0.198708393781921,0,0,0,37,3246,0.990141712877388,"TMMwsp",TRUE,FALSE,1.29791523942479,"ablate_priorcount",13,1,3,865511
11197,32,32,0,1720,0.0186046511627907,1,0,0.05,0.198499589797137,0,0,0,37,3246,0.990141712877388,"TMMwsp",TRUE,FALSE,1.29791523942479,"ablate_fdr",13,1,3,865511
11197,39,39,0,1720,0.0226744186046512,1,0,0.1,0.19846111325264,0,0,0,37,3246,0.990141712877388,"TMMwsp",TRUE,FALSE,1.29791523942479,"ablate_shrinkfloor",13,1,3,865511
11197,39,39,0,1720,0.0226744186046512,1,0,0.1,0.197959591903726,0,0,0,37,3246,0.990141712877388,"TMMwsp",TRUE,FALSE,1.29791523942479,"ablate_lowinput",13,1,3,865511
9969,145,105,40,1720,0.061046511627907,0.724137931034483,0.275862068965517,0.1,0.186069839267624,0,0,0,37,4063,0.991139552055132,"TMMwsp",FALSE,FALSE,0.861138180936494,"batch_removed",13,1,3,865511
9969,37,37,0,1720,0.0215116279069767,1,0,0.1,0.19308653025939,0,0,0,37,4063,0.991139552055132,"TMMwsp",FALSE,FALSE,1.28825738651117,"batch_ignored",13,1,3,865511
11197,39,39,0,1720,0.0226744186046512,1,0,0.1,0.198657988123694,0,0,0,37,3246,0.990141712877388,"TMMwsp",TRUE,FALSE,1.29791523942479,"fix_filter",13,1,3,865511
11969,119,113,6,1720,0.0656976744186046,0.949579831932773,0.0504201680672269,0.1,0.231851694673005,0,0,0,71,3718,0.982517482517482,"TMMwsp",TRUE,FALSE,1.32416089918437,"ctc_pipeline",13,2,5,1159470
4355,128,118,10,1720,0.0686046511627907,0.921875,0.078125,0.05,0.203102203718568,0,0,0,0,0,NA,"TMM",TRUE,FALSE,0.798055554916411,"edger_default",13,2,5,1159470
8347,125,115,10,1720,0.0668604651162791,0.92,0.08,0.1,0.220173622305231,0,0,0,71,3992,0.982214428857715,"TMMwsp",TRUE,FALSE,0.86702628320098,"ablate_filter",13,2,5,1159470
8251,127,116,11,1720,0.0674418604651163,0.913385826771654,0.0866141732283465,0.1,0.218723269437005,0,0,0,6,0,NA,"TMMwsp",TRUE,FALSE,1.25806810040769,"ablate_exclusive",13,2,5,1159470
11969,112,109,3,1720,0.0633720930232558,0.973214285714286,0.0267857142857143,0.1,0.234421302953414,0,0,0,71,3718,0.982517482517482,"TMM",TRUE,FALSE,1.34516544111097,"ablate_tmmwsp",13,2,5,1159470
11969,119,113,6,1720,0.0656976744186046,0.949579831932773,0.0504201680672269,0.1,0.231882629309613,0,0,0,71,3718,0.982517482517482,"TMMwsp",TRUE,FALSE,1.32416089918437,"ablate_priorcount",13,2,5,1159470
11969,99,99,0,1720,0.0575581395348837,1,0,0.05,0.231964491203327,0,0,0,71,3718,0.982517482517482,"TMMwsp",TRUE,FALSE,1.32416089918437,"ablate_fdr",13,2,5,1159470
11969,119,113,6,1720,0.0656976744186046,0.949579831932773,0.0504201680672269,0.1,0.232449838356692,0,0,0,71,3718,0.982517482517482,"TMMwsp",TRUE,FALSE,1.32416089918437,"ablate_shrinkfloor",13,2,5,1159470
11969,119,113,6,1720,0.0656976744186046,0.949579831932773,0.0504201680672269,0.1,0.231773973317999,0,0,0,71,3718,0.982517482517482,"TMMwsp",TRUE,FALSE,1.32416089918437,"ablate_lowinput",13,2,5,1159470
9807,189,132,57,1720,0.0767441860465116,0.698412698412698,0.301587301587302,0.1,0.209337015930515,0,0,0,71,3994,0.982223335002504,"TMMwsp",FALSE,FALSE,0.930564561462599,"batch_removed",13,2,5,1159470
9807,98,96,2,1720,0.0558139534883721,0.979591836734694,0.0204081632653061,0.1,0.226614208116784,0,0,0,71,3994,0.982223335002504,"TMMwsp",FALSE,FALSE,1.16085256258462,"batch_ignored",13,2,5,1159470
11969,119,113,6,1720,0.0656976744186046,0.949579831932773,0.0504201680672269,0.1,0.231792921259388,0,0,0,71,3718,0.982517482517482,"TMMwsp",TRUE,FALSE,1.32416089918437,"fix_filter",13,2,5,1159470
10449,185,167,18,1720,0.097093023255814,0.902702702702703,0.0972972972972973,0.1,0.270014506502205,0,0,0,84,3775,0.977748344370861,"TMMwsp",TRUE,FALSE,1.21873118001839,"ctc_pipeline",13,3,8,612194
3197,155,146,9,1720,0.0848837209302326,0.941935483870968,0.0580645161290323,0.05,0.196198051297363,0,0,0,0,0,NA,"TMM",TRUE,FALSE,0.610891212759417,"edger_default",13,3,8,612194
6988,155,147,8,1720,0.0854651162790698,0.948387096774194,0.0516129032258065,0.1,0.236705066503235,0,0,0,84,3791,0.977842257979425,"TMMwsp",TRUE,FALSE,0.681075243717862,"ablate_filter",13,3,8,612194
6674,204,184,20,1720,0.106976744186047,0.901960784313726,0.0980392156862745,0.1,0.23449368164245,0,0,0,0,0,NA,"TMMwsp",TRUE,FALSE,1.15162251881821,"ablate_exclusive",13,3,8,612194
10449,182,165,17,1720,0.0959302325581395,0.906593406593407,0.0934065934065934,0.1,0.269484224623541,0,0,0,84,3775,0.977748344370861,"TMM",TRUE,FALSE,1.23319133476035,"ablate_tmmwsp",13,3,8,612194
10449,185,167,18,1720,0.097093023255814,0.902702702702703,0.0972972972972973,0.1,0.269203725989931,0,0,0,84,3775,0.977748344370861,"TMMwsp",TRUE,FALSE,1.21873118001839,"ablate_priorcount",13,3,8,612194
10449,151,144,7,1720,0.0837209302325581,0.95364238410596,0.0463576158940397,0.05,0.26947810660953,0,0,0,84,3775,0.977748344370861,"TMMwsp",TRUE,FALSE,1.21873118001839,"ablate_fdr",13,3,8,612194
10449,185,167,18,1720,0.097093023255814,0.902702702702703,0.0972972972972973,0.1,0.269620607551479,0,0,0,84,3775,0.977748344370861,"TMMwsp",TRUE,FALSE,1.21873118001839,"ablate_shrinkfloor",13,3,8,612194
10449,185,167,18,1720,0.097093023255814,0.902702702702703,0.0972972972972973,0.1,0.269627556028814,0,0,0,84,3775,0.977748344370861,"TMMwsp",TRUE,FALSE,1.21873118001839,"ablate_lowinput",13,3,8,612194
9018,203,170,33,1720,0.0988372093023256,0.83743842364532,0.16256157635468,0.1,0.243987110342748,0,0,0,84,3791,0.977842257979425,"TMMwsp",FALSE,FALSE,1.00249472174619,"batch_removed",13,3,8,612194
9018,167,154,13,1720,0.0895348837209302,0.922155688622755,0.0778443113772455,0.1,0.257304331321671,0,0,0,84,3791,0.977842257979425,"TMMwsp",FALSE,FALSE,1.12708385774402,"batch_ignored",13,3,8,612194
10449,185,167,18,1720,0.097093023255814,0.902702702702703,0.0972972972972973,0.1,0.269149386148802,0,0,0,84,3775,0.977748344370861,"TMMwsp",TRUE,FALSE,1.21873118001839,"fix_filter",13,3,8,612194
11681,64,63,1,1720,0.0366279069767442,0.984375,0.015625,0.1,0.208196370634277,0,0,0,29,3171,0.992116051718701,"TMMwsp",TRUE,FALSE,1.19930791138009,"ctc_pipeline",14,1,3,682181
4148,86,84,2,1720,0.0488372093023256,0.976744186046512,0.0232558139534884,0.05,0.191762540218932,0,0,0,0,0,NA,"TMM",TRUE,FALSE,0.709764802108657,"edger_default",14,1,3,682181
8280,70,68,2,1720,0.0395348837209302,0.971428571428571,0.0285714285714286,0.1,0.200910576686592,0,0,0,29,4132,0.99298160696999,"TMMwsp",TRUE,FALSE,0.795644168168411,"ablate_filter",14,1,3,682181
8510,79,76,3,1720,0.0441860465116279,0.962025316455696,0.0379746835443038,0.1,0.204540364029231,0,0,0,4,0,NA,"TMMwsp",TRUE,FALSE,1.12865789650319,"ablate_exclusive",14,1,3,682181
11681,67,66,1,1720,0.0383720930232558,0.985074626865672,0.0149253731343284,0.1,0.209904750608487,0,0,0,29,3171,0.992116051718701,"TMM",TRUE,FALSE,1.20697444561354,"ablate_tmmwsp",14,1,3,682181
11681,64,63,1,1720,0.0366279069767442,0.984375,0.015625,0.1,0.20870572268393,0,0,0,29,3171,0.992116051718701,"TMMwsp",TRUE,FALSE,1.19930791138009,"ablate_priorcount",14,1,3,682181
11681,52,52,0,1720,0.0302325581395349,1,0,0.05,0.208631422511479,0,0,0,29,3171,0.992116051718701,"TMMwsp",TRUE,FALSE,1.19930791138009,"ablate_fdr",14,1,3,682181
11681,64,63,1,1720,0.0366279069767442,0.984375,0.015625,0.1,0.208489201199367,0,0,0,29,3171,0.992116051718701,"TMMwsp",TRUE,FALSE,1.19930791138009,"ablate_shrinkfloor",14,1,3,682181
11681,64,63,1,1720,0.0366279069767442,0.984375,0.015625,0.1,0.208387946572111,0,0,0,29,3171,0.992116051718701,"TMMwsp",TRUE,FALSE,1.19930791138009,"ablate_lowinput",14,1,3,682181
10510,157,107,50,1720,0.0622093023255814,0.681528662420382,0.318471337579618,0.1,0.193487290502491,0,0,0,29,4004,0.992757242757243,"TMMwsp",FALSE,FALSE,0.788309076054703,"batch_removed",14,1,3,682181
10510,57,56,1,1720,0.0325581395348837,0.982456140350877,0.0175438596491228,0.1,0.20515265372657,0,0,0,29,4004,0.992757242757243,"TMMwsp",FALSE,FALSE,1.22085182632309,"batch_ignored",14,1,3,682181
11681,64,63,1,1720,0.0366279069767442,0.984375,0.015625,0.1,0.208299916865253,0,0,0,29,3171,0.992116051718701,"TMMwsp",TRUE,FALSE,1.19930791138009,"fix_filter",14,1,3,682181
12541,128,122,6,1720,0.0709302325581395,0.953125,0.046875,0.1,0.268587550419258,0,0,0,64,3602,0.983342587451416,"TMMwsp",TRUE,FALSE,1.23102606786876,"ctc_pipeline",14,2,5,781925
4403,140,135,5,1720,0.0784883720930233,0.964285714285714,0.0357142857142857,0.05,0.22629567727815,0,0,0,0,0,NA,"TMM",TRUE,FALSE,0.674405520261493,"edger_default",14,2,5,781925
8306,146,138,8,1720,0.0802325581395349,0.945205479452055,0.0547945205479452,0.1,0.253062612918877,0,0,0,64,3903,0.983602357161158,"TMMwsp",TRUE,FALSE,0.735864556898103,"ablate_filter",14,2,5,781925
8939,148,139,9,1720,0.0808139534883721,0.939189189189189,0.0608108108108108,0.1,0.258810728438011,0,0,0,4,0,NA,"TMMwsp",TRUE,FALSE,1.17583290348711,"ablate_exclusive",14,2,5,781925
12541,123,120,3,1720,0.0697674418604651,0.975609756097561,0.024390243902439,0.1,0.266997499986348,0,0,0,64,3602,0.983342587451416,"TMM",TRUE,FALSE,1.2410763546905,"ablate_tmmwsp",14,2,5,781925
12541,128,122,6,1720,0.0709302325581395,0.953125,0.046875,0.1,0.268455725538863,0,0,0,64,3602,0.983342587451416,"TMMwsp",TRUE,FALSE,1.23102606786876,"ablate_priorcount",14,2,5,781925
12541,111,108,3,1720,0.0627906976744186,0.972972972972973,0.027027027027027,0.05,0.268590585336369,0,0,0,64,3602,0.983342587451416,"TMMwsp",TRUE,FALSE,1.23102606786876,"ablate_fdr",14,2,5,781925
12541,128,122,6,1720,0.0709302325581395,0.953125,0.046875,0.1,0.26856374761312,0,0,0,64,3602,0.983342587451416,"TMMwsp",TRUE,FALSE,1.23102606786876,"ablate_shrinkfloor",14,2,5,781925
12541,128,122,6,1720,0.0709302325581395,0.953125,0.046875,0.1,0.268547013497159,0,0,0,64,3602,0.983342587451416,"TMMwsp",TRUE,FALSE,1.23102606786876,"ablate_lowinput",14,2,5,781925
10379,176,146,30,1720,0.0848837209302326,0.829545454545455,0.170454545454545,0.1,0.245811362338336,0,0,0,64,3899,0.983585534752501,"TMMwsp",FALSE,FALSE,0.883194827629498,"batch_removed",14,2,5,781925
10379,121,115,6,1720,0.0668604651162791,0.950413223140496,0.0495867768595041,0.1,0.260424680902197,0,0,0,64,3899,0.983585534752501,"TMMwsp",FALSE,FALSE,1.11061391653002,"batch_ignored",14,2,5,781925
12541,128,122,6,1720,0.0709302325581395,0.953125,0.046875,0.1,0.268602099422469,0,0,0,64,3602,0.983342587451416,"TMMwsp",TRUE,FALSE,1.23102606786876,"fix_filter",14,2,5,781925
11422,226,214,12,1720,0.124418604651163,0.946902654867257,0.0530973451327434,0.1,0.30650191144049,0,0,0,85,3678,0.976889613920609,"TMMwsp",TRUE,FALSE,1.12679881557582,"ctc_pipeline",14,3,8,768809
4141,187,183,4,1720,0.106395348837209,0.978609625668449,0.0213903743315508,0.05,0.228179390182592,0,0,0,0,0,NA,"TMM",TRUE,FALSE,0.595856054090916,"edger_default",14,3,8,768809
7830,195,192,3,1720,0.111627906976744,0.984615384615385,0.0153846153846154,0.1,0.26963870797525,0,0,0,85,3689,0.976958525345622,"TMMwsp",TRUE,FALSE,0.645277076299841,"ablate_filter",14,3,8,768809
7744,234,218,16,1720,0.126744186046512,0.931623931623932,0.0683760683760684,0.1,0.274011916811105,0,0,0,0,0,NA,"TMMwsp",TRUE,FALSE,1.07268505903591,"ablate_exclusive",14,3,8,768809
11422,218,207,11,1720,0.120348837209302,0.94954128440367,0.0504587155963303,0.1,0.30437064284377,0,0,0,85,3678,0.976889613920609,"TMM",TRUE,FALSE,1.13440885899368,"ablate_tmmwsp",14,3,8,768809
11422,226,214,12,1720,0.124418604651163,0.946902654867257,0.0530973451327434,0.1,0.307031145670017,0,0,0,85,3678,0.976889613920609,"TMMwsp",TRUE,FALSE,1.12679881557582,"ablate_priorcount",14,3,8,768809
11422,191,187,4,1720,0.108720930232558,0.979057591623037,0.0209424083769634,0.05,0.306430097847848,0,0,0,85,3678,0.976889613920609,"TMMwsp",TRUE,FALSE,1.12679881557582,"ablate_fdr",14,3,8,768809
11422,226,214,12,1720,0.124418604651163,0.946902654867257,0.0530973451327434,0.1,0.306243486958346,0,0,0,85,3678,0.976889613920609,"TMMwsp",TRUE,FALSE,1.12679881557582,"ablate_shrinkfloor",14,3,8,768809
11422,226,214,12,1720,0.124418604651163,0.946902654867257,0.0530973451327434,0.1,0.306706412580115,0,0,0,85,3678,0.976889613920609,"TMMwsp",TRUE,FALSE,1.12679881557582,"ablate_lowinput",14,3,8,768809
9957,276,228,48,1720,0.132558139534884,0.826086956521739,0.173913043478261,0.1,0.276406907802131,0,0,0,85,3687,0.976946026579875,"TMMwsp",FALSE,FALSE,0.91850884397752,"batch_removed",14,3,8,768809
9957,216,206,10,1720,0.119767441860465,0.953703703703704,0.0462962962962963,0.1,0.295136445707156,0,0,0,85,3687,0.976946026579875,"TMMwsp",FALSE,FALSE,1.06126424534014,"batch_ignored",14,3,8,768809
11422,226,214,12,1720,0.124418604651163,0.946902654867257,0.0530973451327434,0.1,0.30679278319775,0,0,0,85,3678,0.976889613920609,"TMMwsp",TRUE,FALSE,1.12679881557582,"fix_filter",14,3,8,768809
12065,50,50,0,1720,0.0290697674418605,1,0,0.1,0.195560849417017,0,0,0,39,3203,0.988760536996566,"TMMwsp",TRUE,FALSE,1.19816577832735,"ctc_pipeline",15,1,3,703544
4315,65,63,2,1720,0.0366279069767442,0.969230769230769,0.0307692307692308,0.05,0.173251806387336,0,0,0,0,0,NA,"TMM",TRUE,FALSE,0.75201390287202,"edger_default",15,1,3,703544
8431,54,54,0,1720,0.0313953488372093,1,0,0.1,0.189389672336478,0,0,0,39,4116,0.990524781341108,"TMMwsp",TRUE,FALSE,0.790240162403304,"ablate_filter",15,1,3,703544
8862,59,57,2,1720,0.0331395348837209,0.966101694915254,0.0338983050847458,0.1,0.188630197589597,0,0,0,3,0,NA,"TMMwsp",TRUE,FALSE,1.1681862247491,"ablate_exclusive",15,1,3,703544
12065,55,54,1,1720,0.0313953488372093,0.981818181818182,0.0181818181818182,0.1,0.199978289380978,0,0,0,39,3203,0.988760536996566,"TMM",TRUE,FALSE,1.22589544656188,"ablate_tmmwsp",15,1,3,703544
12065,50,50,0,1720,0.0290697674418605,1,0,0.1,0.195633600779648,0,0,0,39,3203,0.988760536996566,"TMMwsp",TRUE,FALSE,1.19816577832735,"ablate_priorcount",15,1,3,703544
12065,41,41,0,1720,0.0238372093023256,1,0,0.05,0.195613901197196,0,0,0,39,3203,0.988760536996566,"TMMwsp",TRUE,FALSE,1.19816577832735,"ablate_fdr",15,1,3,703544
12065,50,50,0,1720,0.0290697674418605,1,0,0.1,0.195468048076656,0,0,0,39,3203,0.988760536996566,"TMMwsp",TRUE,FALSE,1.19816577832735,"ablate_shrinkfloor",15,1,3,703544
12065,50,50,0,1720,0.0290697674418605,1,0,0.1,0.195656872272856,0,0,0,39,3203,0.988760536996566,"TMMwsp",TRUE,FALSE,1.19816577832735,"ablate_lowinput",15,1,3,703544
10827,127,89,38,1720,0.0517441860465116,0.700787401574803,0.299212598425197,0.1,0.183545295844539,0,0,0,39,4004,0.99025974025974,"TMMwsp",FALSE,FALSE,0.822447494329097,"batch_removed",15,1,3,703544
10827,45,45,0,1720,0.0261627906976744,1,0,0.1,0.19443522032888,0,0,0,39,4004,0.99025974025974,"TMMwsp",FALSE,FALSE,1.20499015786259,"batch_ignored",15,1,3,703544
12065,50,50,0,1720,0.0290697674418605,1,0,0.1,0.195499411484063,0,0,0,39,3203,0.988760536996566,"TMMwsp",TRUE,FALSE,1.19816577832735,"fix_filter",15,1,3,703544
11996,103,102,1,1720,0.0593023255813954,0.990291262135922,0.00970873786407767,0.1,0.248990693059529,0,0,0,66,3703,0.982446664866325,"TMMwsp",TRUE,FALSE,1.28696360867637,"ctc_pipeline",15,2,5,800860
4083,107,105,2,1720,0.061046511627907,0.981308411214953,0.0186915887850467,0.05,0.204525818478013,0,0,0,0,0,NA,"TMM",TRUE,FALSE,0.743958955970429,"edger_default",15,2,5,800860
8056,106,104,2,1720,0.0604651162790698,0.981132075471698,0.0188679245283019,0.1,0.232180135588565,0,0,0,66,3973,0.983387868109741,"TMMwsp",TRUE,FALSE,0.808973512675002,"ablate_filter",15,2,5,800860
8293,120,116,4,1720,0.0674418604651163,0.966666666666667,0.0333333333333333,0.1,0.233491213807163,0,0,0,1,0,NA,"TMMwsp",TRUE,FALSE,1.22747528005819,"ablate_exclusive",15,2,5,800860
11996,107,105,2,1720,0.061046511627907,0.981308411214953,0.0186915887850467,0.1,0.250681520090026,0,0,0,66,3703,0.982446664866325,"TMM",TRUE,FALSE,1.31632676764782,"ablate_tmmwsp",15,2,5,800860
11996,103,102,1,1720,0.0593023255813954,0.990291262135922,0.00970873786407767,0.1,0.248790318631454,0,0,0,66,3703,0.982446664866325,"TMMwsp",TRUE,FALSE,1.28696360867637,"ablate_priorcount",15,2,5,800860
11996,85,85,0,1720,0.0494186046511628,1,0,0.05,0.248873187781614,0,0,0,66,3703,0.982446664866325,"TMMwsp",TRUE,FALSE,1.28696360867637,"ablate_fdr",15,2,5,800860
11996,103,102,1,1720,0.0593023255813954,0.990291262135922,0.00970873786407767,0.1,0.248791890216982,0,0,0,66,3703,0.982446664866325,"TMMwsp",TRUE,FALSE,1.28696360867637,"ablate_shrinkfloor",15,2,5,800860
11996,103,102,1,1720,0.0593023255813954,0.990291262135922,0.00970873786407767,0.1,0.249045861342986,0,0,0,66,3703,0.982446664866325,"TMMwsp",TRUE,FALSE,1.28696360867637,"ablate_lowinput",15,2,5,800860
9845,186,146,40,1720,0.0848837209302326,0.78494623655914,0.21505376344086,0.1,0.230571781067484,0,0,0,66,3969,0.983371126228269,"TMMwsp",FALSE,FALSE,0.947150757678162,"batch_removed",15,2,5,800860
9845,100,98,2,1720,0.0569767441860465,0.98,0.02,0.1,0.240891668069375,0,0,0,66,3969,0.983371126228269,"TMMwsp",FALSE,FALSE,1.15053556574622,"batch_ignored",15,2,5,800860
11996,103,102,1,1720,0.0593023255813954,0.990291262135922,0.00970873786407767,0.1,0.249076475368274,0,0,0,66,3703,0.982446664866325,"TMMwsp",TRUE,FALSE,1.28696360867637,"fix_filter",15,2,5,800860
10968,204,191,13,1720,0.111046511627907,0.936274509803922,0.0637254901960784,0.1,0.293192858161751,0,0,0,84,3744,0.977564102564103,"TMMwsp",TRUE,FALSE,1.18206840391765,"ctc_pipeline",15,3,8,945184
3936,166,157,9,1720,0.0912790697674419,0.94578313253012,0.0542168674698795,0.05,0.221396285261936,0,0,0,0,0,NA,"TMM",TRUE,FALSE,0.646604479997863,"edger_default",15,3,8,945184
7699,168,160,8,1720,0.0930232558139535,0.952380952380952,0.0476190476190476,0.1,0.25302307441616,0,0,0,84,3763,0.977677385065108,"TMMwsp",TRUE,FALSE,0.717296428864204,"ablate_filter",15,3,8,945184
7224,226,204,22,1720,0.118604651162791,0.902654867256637,0.0973451327433628,0.1,0.269821401184352,0,0,0,0,0,NA,"TMMwsp",TRUE,FALSE,1.11157209929825,"ablate_exclusive",15,3,8,945184
10968,201,187,14,1720,0.108720930232558,0.930348258706468,0.0696517412935323,0.1,0.289020143396003,0,0,0,84,3744,0.977564102564103,"TMM",TRUE,FALSE,1.1851049898875,"ablate_tmmwsp",15,3,8,945184
10968,204,191,13,1720,0.111046511627907,0.936274509803922,0.0637254901960784,0.1,0.293460681519956,0,0,0,84,3744,0.977564102564103,"TMMwsp",TRUE,FALSE,1.18206840391765,"ablate_priorcount",15,3,8,945184
10968,172,163,9,1720,0.0947674418604651,0.947674418604651,0.0523255813953488,0.05,0.293176801213576,0,0,0,84,3744,0.977564102564103,"TMMwsp",TRUE,FALSE,1.18206840391765,"ablate_fdr",15,3,8,945184
10968,204,191,13,1720,0.111046511627907,0.936274509803922,0.0637254901960784,0.1,0.293216947282055,0,0,0,84,3744,0.977564102564103,"TMMwsp",TRUE,FALSE,1.18206840391765,"ablate_shrinkfloor",15,3,8,945184
10968,204,191,13,1720,0.111046511627907,0.936274509803922,0.0637254901960784,0.1,0.293449407468121,0,0,0,84,3744,0.977564102564103,"TMMwsp",TRUE,FALSE,1.18206840391765,"ablate_lowinput",15,3,8,945184
9651,230,194,36,1720,0.112790697674419,0.843478260869565,0.156521739130435,0.1,0.267973546771611,0,0,0,84,3762,0.977671451355662,"TMMwsp",FALSE,FALSE,0.968485101120311,"batch_removed",15,3,8,945184
9651,181,172,9,1720,0.1,0.950276243093923,0.0497237569060773,0.1,0.282019072984338,0,0,0,84,3762,0.977671451355662,"TMMwsp",FALSE,FALSE,1.12770835262109,"batch_ignored",15,3,8,945184
10968,204,191,13,1720,0.111046511627907,0.936274509803922,0.0637254901960784,0.1,0.293130133349476,0,0,0,84,3744,0.977564102564103,"TMMwsp",TRUE,FALSE,1.18206840391765,"fix_filter",15,3,8,945184
12473,59,58,1,1720,0.0337209302325581,0.983050847457627,0.0169491525423729,0.1,0.217501864017895,0,0,0,59,3165,0.985150078988942,"TMMwsp",TRUE,FALSE,1.15109206003163,"ctc_pipeline",16,1,3,1251743.5
5192,68,66,2,1720,0.0383720930232558,0.970588235294118,0.0294117647058824,0.05,0.199456833479658,0,0,0,0,0,NA,"TMM",TRUE,FALSE,0.785961445347046,"edger_default",16,1,3,1251743.5
9316,70,69,1,1720,0.0401162790697674,0.985714285714286,0.0142857142857143,0.1,0.216873295024947,0,0,0,59,4124,0.985693501454898,"TMMwsp",TRUE,FALSE,0.841859746954515,"ablate_filter",16,1,3,1251743.5
9308,70,68,2,1720,0.0395348837209302,0.971428571428571,0.0285714285714286,0.1,0.211111206335399,0,0,0,12,0,NA,"TMMwsp",TRUE,FALSE,1.10268955690111,"ablate_exclusive",16,1,3,1251743.5
12473,57,55,2,1720,0.0319767441860465,0.964912280701754,0.0350877192982456,0.1,0.21343746754101,0,0,0,59,3165,0.985150078988942,"TMM",TRUE,FALSE,1.17046798677586,"ablate_tmmwsp",16,1,3,1251743.5
12473,59,58,1,1720,0.0337209302325581,0.983050847457627,0.0169491525423729,0.1,0.217285312805749,0,0,0,59,3165,0.985150078988942,"TMMwsp",TRUE,FALSE,1.15109206003163,"ablate_priorcount",16,1,3,1251743.5
12473,43,43,0,1720,0.025,1,0,0.05,0.217346407399773,0,0,0,59,3165,0.985150078988942,"TMMwsp",TRUE,FALSE,1.15109206003163,"ablate_fdr",16,1,3,1251743.5
12473,59,58,1,1720,0.0337209302325581,0.983050847457627,0.0169491525423729,0.1,0.2173185518185,0,0,0,59,3165,0.985150078988942,"TMMwsp",TRUE,FALSE,1.15109206003163,"ablate_shrinkfloor",16,1,3,1251743.5
12473,59,58,1,1720,0.0337209302325581,0.983050847457627,0.0169491525423729,0.1,0.217041079030251,0,0,0,59,3165,0.985150078988942,"TMMwsp",TRUE,FALSE,1.15109206003163,"ablate_lowinput",16,1,3,1251743.5
11275,149,112,37,1720,0.0651162790697674,0.751677852348993,0.248322147651007,0.1,0.197901626848477,0,0,0,59,4001,0.985253686578355,"TMMwsp",FALSE,FALSE,0.759805598157353,"batch_removed",16,1,3,1251743.5
11275,46,46,0,1720,0.0267441860465116,1,0,0.1,0.214846481535662,0,0,0,59,4001,0.985253686578355,"TMMwsp",FALSE,FALSE,1.16376208190403,"batch_ignored",16,1,3,1251743.5
12473,59,58,1,1720,0.0337209302325581,0.983050847457627,0.0169491525423729,0.1,0.217395680210288,0,0,0,59,3165,0.985150078988942,"TMMwsp",TRUE,FALSE,1.15109206003163,"fix_filter",16,1,3,1251743.5
12015,116,112,4,1720,0.0651162790697674,0.96551724137931,0.0344827586206897,0.1,0.242225710266616,0,0,0,43,3816,0.989517819706499,"TMMwsp",TRUE,FALSE,1.36202756365576,"ctc_pipeline",16,2,5,572468
3755,127,125,2,1720,0.0726744186046512,0.984251968503937,0.015748031496063,0.05,0.208694633965718,0,0,0,0,0,NA,"TMM",TRUE,FALSE,0.717846687743906,"edger_default",16,2,5,572468
7840,124,120,4,1720,0.0697674418604651,0.967741935483871,0.032258064516129,0.1,0.22875702455638,0,0,0,43,4085,0.989473684210526,"TMMwsp",TRUE,FALSE,0.794580239002302,"ablate_filter",16,2,5,572468
8199,129,125,4,1720,0.0726744186046512,0.968992248062015,0.0310077519379845,0.1,0.234357048975174,0,0,0,3,0,NA,"TMMwsp",TRUE,FALSE,1.29718454375184,"ablate_exclusive",16,2,5,572468
12015,116,112,4,1720,0.0651162790697674,0.96551724137931,0.0344827586206897,0.1,0.2434312914386,0,0,0,43,3816,0.989517819706499,"TMM",TRUE,FALSE,1.37988469924208,"ablate_tmmwsp",16,2,5,572468
12015,116,112,4,1720,0.0651162790697674,0.96551724137931,0.0344827586206897,0.1,0.242282137460821,0,0,0,43,3816,0.989517819706499,"TMMwsp",TRUE,FALSE,1.36202756365576,"ablate_priorcount",16,2,5,572468
12015,102,100,2,1720,0.0581395348837209,0.980392156862745,0.0196078431372549,0.05,0.24235917439014,0,0,0,43,3816,0.989517819706499,"TMMwsp",TRUE,FALSE,1.36202756365576,"ablate_fdr",16,2,5,572468
12015,116,112,4,1720,0.0651162790697674,0.96551724137931,0.0344827586206897,0.1,0.24208885665091,0,0,0,43,3816,0.989517819706499,"TMMwsp",TRUE,FALSE,1.36202756365576,"ablate_shrinkfloor",16,2,5,572468
12015,116,112,4,1720,0.0651162790697674,0.96551724137931,0.0344827586206897,0.1,0.242642298573343,0,0,0,43,3816,0.989517819706499,"TMMwsp",TRUE,FALSE,1.36202756365576,"ablate_lowinput",16,2,5,572468
9865,160,134,26,1720,0.077906976744186,0.8375,0.1625,0.1,0.22158099179256,0,0,0,43,4078,0.989455615497793,"TMMwsp",FALSE,FALSE,0.987814373612103,"batch_removed",16,2,5,572468
9865,116,109,7,1720,0.0633720930232558,0.939655172413793,0.0603448275862069,0.1,0.234542691280061,0,0,0,43,4078,0.989455615497793,"TMMwsp",FALSE,FALSE,1.18828198765073,"batch_ignored",16,2,5,572468
12015,116,112,4,1720,0.0651162790697674,0.96551724137931,0.0344827586206897,0.1,0.242067283767167,0,0,0,43,3816,0.989517819706499,"TMMwsp",TRUE,FALSE,1.36202756365576,"fix_filter",16,2,5,572468
11312,213,199,14,1720,0.115697674418605,0.934272300469484,0.0657276995305164,0.1,0.300780979254072,0,0,0,71,3931,0.981938438056474,"TMMwsp",TRUE,FALSE,1.17002436855552,"ctc_pipeline",16,3,8,684125.5
3731,174,169,5,1720,0.0982558139534884,0.971264367816092,0.028735632183908,0.05,0.224334634601319,0,0,0,0,0,NA,"TMM",TRUE,FALSE,0.600852184433029,"edger_default",16,3,8,684125.5
7682,177,171,6,1720,0.0994186046511628,0.966101694915254,0.0338983050847458,0.1,0.257912012493447,0,0,0,71,3951,0.982029865856745,"TMMwsp",TRUE,FALSE,0.666076002584412,"ablate_filter",16,3,8,684125.5
7381,224,209,15,1720,0.121511627906977,0.933035714285714,0.0669642857142857,0.1,0.272336987827333,0,0,0,0,0,NA,"TMMwsp",TRUE,FALSE,1.10427376789738,"ablate_exclusive",16,3,8,684125.5
11312,210,197,13,1720,0.11453488372093,0.938095238095238,0.0619047619047619,0.1,0.298684589511266,0,0,0,71,3931,0.981938438056474,"TMM",TRUE,FALSE,1.17786954494406,"ablate_tmmwsp",16,3,8,684125.5
11312,213,199,14,1720,0.115697674418605,0.934272300469484,0.0657276995305164,0.1,0.300484529989337,0,0,0,71,3931,0.981938438056474,"TMMwsp",TRUE,FALSE,1.17002436855552,"ablate_priorcount",16,3,8,684125.5
11312,177,171,6,1720,0.0994186046511628,0.966101694915254,0.0338983050847458,0.05,0.300560563935323,0,0,0,71,3931,0.981938438056474,"TMMwsp",TRUE,FALSE,1.17002436855552,"ablate_fdr",16,3,8,684125.5
11312,213,199,14,1720,0.115697674418605,0.934272300469484,0.0657276995305164,0.1,0.300925649506922,0,0,0,71,3931,0.981938438056474,"TMMwsp",TRUE,FALSE,1.17002436855552,"ablate_shrinkfloor",16,3,8,684125.5
11312,213,199,14,1720,0.115697674418605,0.934272300469484,0.0657276995305164,0.1,0.30082011450645,0,0,0,71,3931,0.981938438056474,"TMMwsp",TRUE,FALSE,1.17002436855552,"ablate_lowinput",16,3,8,684125.5
9949,264,207,57,1720,0.120348837209302,0.784090909090909,0.215909090909091,0.1,0.260916899518747,0,0,0,71,3953,0.982038957753605,"TMMwsp",FALSE,FALSE,0.963938567578061,"batch_removed",16,3,8,684125.5
9949,198,182,16,1720,0.105813953488372,0.919191919191919,0.0808080808080808,0.1,0.283541060847095,0,0,0,71,3953,0.982038957753605,"TMMwsp",FALSE,FALSE,1.11707755794973,"batch_ignored",16,3,8,684125.5
11312,213,199,14,1720,0.115697674418605,0.934272300469484,0.0657276995305164,0.1,0.300784141448405,0,0,0,71,3931,0.981938438056474,"TMMwsp",TRUE,FALSE,1.17002436855552,"fix_filter",16,3,8,684125.5
12010,48,47,1,1720,0.0273255813953488,0.979166666666667,0.0208333333333333,0.1,0.209918226639547,0,0,0,42,3307,0.989114000604778,"TMMwsp",TRUE,FALSE,1.28172079997916,"ctc_pipeline",17,1,3,882919
4665,53,52,1,1720,0.0302325581395349,0.981132075471698,0.0188679245283019,0.05,0.188011912992087,0,0,0,0,0,NA,"TMM",TRUE,FALSE,0.883853843533947,"edger_default",17,1,3,882919
8808,50,49,1,1720,0.0284883720930233,0.98,0.02,0.1,0.208371644067378,0,0,0,42,4143,0.989862418537292,"TMMwsp",TRUE,FALSE,0.932628425241115,"ablate_filter",17,1,3,882919
8703,50,49,1,1720,0.0284883720930233,0.98,0.02,0.1,0.204670960570398,0,0,0,6,0,NA,"TMMwsp",TRUE,FALSE,1.24981458519001,"ablate_exclusive",17,1,3,882919
12010,45,44,1,1720,0.0255813953488372,0.977777777777778,0.0222222222222222,0.1,0.206841468862312,0,0,0,42,3307,0.989114000604778,"TMM",TRUE,FALSE,1.31460942420718,"ablate_tmmwsp",17,1,3,882919
12010,48,47,1,1720,0.0273255813953488,0.979166666666667,0.0208333333333333,0.1,0.210057292578468,0,0,0,42,3307,0.989114000604778,"TMMwsp",TRUE,FALSE,1.28172079997916,"ablate_priorcount",17,1,3,882919
12010,45,44,1,1720,0.0255813953488372,0.977777777777778,0.0222222222222222,0.05,0.209463972857445,0,0,0,42,3307,0.989114000604778,"TMMwsp",TRUE,FALSE,1.28172079997916,"ablate_fdr",17,1,3,882919
12010,48,47,1,1720,0.0273255813953488,0.979166666666667,0.0208333333333333,0.1,0.210145513613915,0,0,0,42,3307,0.989114000604778,"TMMwsp",TRUE,FALSE,1.28172079997916,"ablate_shrinkfloor",17,1,3,882919
12010,48,47,1,1720,0.0273255813953488,0.979166666666667,0.0208333333333333,0.1,0.209705447837712,0,0,0,42,3307,0.989114000604778,"TMMwsp",TRUE,FALSE,1.28172079997916,"ablate_lowinput",17,1,3,882919
10675,129,87,42,1720,0.0505813953488372,0.674418604651163,0.325581395348837,0.1,0.186468755826921,0,0,0,42,4089,0.989728539985327,"TMMwsp",FALSE,FALSE,0.853750229489049,"batch_removed",17,1,3,882919
10675,41,41,0,1720,0.0238372093023256,1,0,0.1,0.204462367429896,0,0,0,42,4089,0.989728539985327,"TMMwsp",FALSE,FALSE,1.25467361400869,"batch_ignored",17,1,3,882919
12010,48,47,1,1720,0.0273255813953488,0.979166666666667,0.0208333333333333,0.1,0.209828098080526,0,0,0,42,3307,0.989114000604778,"TMMwsp",TRUE,FALSE,1.28172079997916,"fix_filter",17,1,3,882919
12485,162,157,5,1720,0.0912790697674419,0.969135802469136,0.0308641975308642,0.1,0.268231713091553,0,0.00261096605744125,0,56,3661,0.985523081125376,"TMMwsp",TRUE,FALSE,1.25767851106125,"ctc_pipeline",17,2,5,647981
4273,169,163,6,1720,0.0947674418604651,0.964497041420118,0.0355029585798817,0.05,0.228788241200742,0,0,0,0,0,NA,"TMM",TRUE,FALSE,0.690692915510177,"edger_default",17,2,5,647981
8245,174,168,6,1720,0.0976744186046512,0.96551724137931,0.0344827586206897,0.1,0.250488405120425,0,0.00261096605744125,0,56,3972,0.985901309164149,"TMMwsp",TRUE,FALSE,0.753569069718331,"ablate_filter",17,2,5,647981
8824,179,172,7,1720,0.1,0.960893854748603,0.0391061452513966,0.1,0.25712740571776,0,0.00261096605744125,0,3,0,NA,"TMMwsp",TRUE,FALSE,1.19972753299714,"ablate_exclusive",17,2,5,647981
12485,161,156,5,1720,0.0906976744186047,0.968944099378882,0.031055900621118,0.1,0.266735999140007,0,0.00261096605744125,0,56,3661,0.985523081125376,"TMM",TRUE,FALSE,1.27298299902065,"ablate_tmmwsp",17,2,5,647981
12485,162,157,5,1720,0.0912790697674419,0.969135802469136,0.0308641975308642,0.1,0.267946268017392,0,0.00261096605744125,0,56,3661,0.985523081125376,"TMMwsp",TRUE,FALSE,1.25767851106125,"ablate_priorcount",17,2,5,647981
12485,133,131,2,1720,0.0761627906976744,0.984962406015038,0.0150375939849624,0.05,0.268123755741253,0,0,0,56,3661,0.985523081125376,"TMMwsp",TRUE,FALSE,1.25767851106125,"ablate_fdr",17,2,5,647981
12485,162,157,5,1720,0.0912790697674419,0.969135802469136,0.0308641975308642,0.1,0.267753559433959,0,0.00261096605744125,0,56,3661,0.985523081125376,"TMMwsp",TRUE,FALSE,1.25767851106125,"ablate_shrinkfloor",17,2,5,647981
12485,162,157,5,1720,0.0912790697674419,0.969135802469136,0.0308641975308642,0.1,0.267872077958976,0,0.00261096605744125,0,56,3661,0.985523081125376,"TMMwsp",TRUE,FALSE,1.25767851106125,"ablate_lowinput",17,2,5,647981
10370,217,190,27,1720,0.11046511627907,0.875576036866359,0.124423963133641,0.1,0.252110706113123,0,0.00261096605744125,0,56,3970,0.985894206549118,"TMMwsp",FALSE,FALSE,0.923236683042947,"batch_removed",17,2,5,647981
10370,156,150,6,1720,0.0872093023255814,0.961538461538462,0.0384615384615385,0.1,0.25942732953632,0,0.00261096605744125,0,56,3970,0.985894206549118,"TMMwsp",FALSE,FALSE,1.13808033631485,"batch_ignored",17,2,5,647981
12485,162,157,5,1720,0.0912790697674419,0.969135802469136,0.0308641975308642,0.1,0.268179152996631,0,0.00261096605744125,0,56,3661,0.985523081125376,"TMMwsp",TRUE,FALSE,1.25767851106125,"fix_filter",17,2,5,647981
11424,233,214,19,1720,0.124418604651163,0.918454935622318,0.0815450643776824,0.1,0.300913715005998,0,0,0,76,3658,0.979223619464188,"TMMwsp",TRUE,FALSE,1.08082287518199,"ctc_pipeline",17,3,8,997954.5
4551,204,196,8,1720,0.113953488372093,0.96078431372549,0.0392156862745098,0.05,0.238330935525114,0,0,0,0,0,NA,"TMM",TRUE,FALSE,0.638626515535842,"edger_default",17,3,8,997954.5
8222,214,203,11,1720,0.118023255813953,0.948598130841122,0.0514018691588785,0.1,0.270646208046233,0,0,0,76,3671,0.979297194225007,"TMMwsp",TRUE,FALSE,0.684377913591077,"ablate_filter",17,3,8,997954.5
7766,255,228,27,1720,0.132558139534884,0.894117647058824,0.105882352941176,0.1,0.274073983354317,0,0,0,0,0,NA,"TMMwsp",TRUE,FALSE,1.03113081788969,"ablate_exclusive",17,3,8,997954.5
11424,243,224,19,1720,0.130232558139535,0.921810699588477,0.0781893004115226,0.1,0.303548525791683,0,0,0,76,3658,0.979223619464188,"TMM",TRUE,FALSE,1.08439968354523,"ablate_tmmwsp",17,3,8,997954.5
11424,233,214,19,1720,0.124418604651163,0.918454935622318,0.0815450643776824,0.1,0.300969571122884,0,0,0,76,3658,0.979223619464188,"TMMwsp",TRUE,FALSE,1.08082287518199,"ablate_priorcount",17,3,8,997954.5
11424,199,193,6,1720,0.112209302325581,0.969849246231156,0.0301507537688442,0.05,0.301122834848735,0,0,0,76,3658,0.979223619464188,"TMMwsp",TRUE,FALSE,1.08082287518199,"ablate_fdr",17,3,8,997954.5
11424,233,214,19,1720,0.124418604651163,0.918454935622318,0.0815450643776824,0.1,0.300999075629407,0,0,0,76,3658,0.979223619464188,"TMMwsp",TRUE,FALSE,1.08082287518199,"ablate_shrinkfloor",17,3,8,997954.5
11424,233,214,19,1720,0.124418604651163,0.918454935622318,0.0815450643776824,0.1,0.301206441963393,0,0,0,76,3658,0.979223619464188,"TMMwsp",TRUE,FALSE,1.08082287518199,"ablate_lowinput",17,3,8,997954.5
9989,247,215,32,1720,0.125,0.870445344129555,0.129554655870445,0.1,0.282169716203185,0,0,0,76,3671,0.979297194225007,"TMMwsp",FALSE,FALSE,0.893610162218081,"batch_removed",17,3,8,997954.5
9989,211,200,11,1720,0.116279069767442,0.947867298578199,0.0521327014218009,0.1,0.295512094879892,0,0,0,76,3671,0.979297194225007,"TMMwsp",FALSE,FALSE,1.02389242854184,"batch_ignored",17,3,8,997954.5
11424,233,214,19,1720,0.124418604651163,0.918454935622318,0.0815450643776824,0.1,0.301387843040561,0,0,0,76,3658,0.979223619464188,"TMMwsp",TRUE,FALSE,1.08082287518199,"fix_filter",17,3,8,997954.5
13024,84,82,2,1720,0.0476744186046512,0.976190476190476,0.0238095238095238,0.1,0.237989809987817,0,0,0,54,3216,0.985696517412935,"TMMwsp",TRUE,FALSE,1.11375663460669,"ctc_pipeline",18,1,3,1136198
5476,96,91,5,1720,0.052906976744186,0.947916666666667,0.0520833333333333,0.05,0.215955540929068,0,0,0,0,0,NA,"TMM",TRUE,FALSE,0.740820415474137,"edger_default",18,1,3,1136198
9633,94,90,4,1720,0.0523255813953488,0.957446808510638,0.0425531914893617,0.1,0.235300087980734,0,0,0,54,4157,0.987009862881886,"TMMwsp",TRUE,FALSE,0.792478260235923,"ablate_filter",18,1,3,1136198
9808,99,92,7,1720,0.0534883720930233,0.929292929292929,0.0707070707070707,0.1,0.22984321473628,0,0,0,8,0,NA,"TMMwsp",TRUE,FALSE,1.07499159058272,"ablate_exclusive",18,1,3,1136198
13024,82,80,2,1720,0.0465116279069767,0.975609756097561,0.024390243902439,0.1,0.237193583963346,0,0,0,54,3216,0.985696517412935,"TMM",TRUE,FALSE,1.11830530378153,"ablate_tmmwsp",18,1,3,1136198
13024,84,82,2,1720,0.0476744186046512,0.976190476190476,0.0238095238095238,0.1,0.237733879594125,0,0,0,54,3216,0.985696517412935,"TMMwsp",TRUE,FALSE,1.11375663460669,"ablate_priorcount",18,1,3,1136198
13024,69,69,0,1720,0.0401162790697674,1,0,0.05,0.237802802859776,0,0,0,54,3216,0.985696517412935,"TMMwsp",TRUE,FALSE,1.11375663460669,"ablate_fdr",18,1,3,1136198
13024,84,82,2,1720,0.0476744186046512,0.976190476190476,0.0238095238095238,0.1,0.23789844402623,0,0,0,54,3216,0.985696517412935,"TMMwsp",TRUE,FALSE,1.11375663460669,"ablate_shrinkfloor",18,1,3,1136198
13024,84,82,2,1720,0.0476744186046512,0.976190476190476,0.0238095238095238,0.1,0.237815798204272,0,0,0,54,3216,0.985696517412935,"TMMwsp",TRUE,FALSE,1.11375663460669,"ablate_lowinput",18,1,3,1136198
11743,196,144,52,1720,0.0837209302325581,0.73469387755102,0.26530612244898,0.1,0.220918097335543,0,0,0,54,4058,0.986692952193199,"TMMwsp",FALSE,FALSE,0.708272424375101,"batch_removed",18,1,3,1136198
11743,78,76,2,1720,0.0441860465116279,0.974358974358974,0.0256410256410256,0.1,0.235677775116244,0,0,0,54,4058,0.986692952193199,"TMMwsp",FALSE,FALSE,1.1278872625011,"batch_ignored",18,1,3,1136198
13024,84,82,2,1720,0.0476744186046512,0.976190476190476,0.0238095238095238,0.1,0.237895943078243,0,0,0,54,3216,0.985696517412935,"TMMwsp",TRUE,FALSE,1.11375663460669,"fix_filter",18,1,3,1136198
12693,140,133,7,1720,0.0773255813953488,0.95,0.05,0.1,0.257680257746818,0,0.00251256281407035,0,55,3767,0.98539952216618,"TMMwsp",TRUE,FALSE,1.22031376543237,"ctc_pipeline",18,2,5,775654
4713,136,129,7,1720,0.075,0.948529411764706,0.0514705882352941,0.05,0.218748158441442,0,0.00251256281407035,0,0,0,NA,"TMM",TRUE,FALSE,0.748394003092716,"edger_default",18,2,5,775654
8796,145,135,10,1720,0.0784883720930233,0.931034482758621,0.0689655172413793,0.1,0.240379719591042,0,0.00251256281407035,0,55,4083,0.986529512613275,"TMMwsp",TRUE,FALSE,0.812850980269306,"ablate_filter",18,2,5,775654
8926,148,137,11,1720,0.0796511627906977,0.925675675675676,0.0743243243243243,0.1,0.247545720288013,0,0.00251256281407035,0,0,0,NA,"TMMwsp",TRUE,FALSE,1.16516668865343,"ablate_exclusive",18,2,5,775654
12693,132,127,5,1720,0.0738372093023256,0.962121212121212,0.0378787878787879,0.1,0.259186690009631,0,0.00251256281407035,0,55,3767,0.98539952216618,"TMM",TRUE,FALSE,1.23507379151927,"ablate_tmmwsp",18,2,5,775654
12693,140,133,7,1720,0.0773255813953488,0.95,0.05,0.1,0.257559085433289,0,0.00251256281407035,0,55,3767,0.98539952216618,"TMMwsp",TRUE,FALSE,1.22031376543237,"ablate_priorcount",18,2,5,775654
12693,109,107,2,1720,0.0622093023255814,0.981651376146789,0.018348623853211,0.05,0.257651087652355,0,0,0,55,3767,0.98539952216618,"TMMwsp",TRUE,FALSE,1.22031376543237,"ablate_fdr",18,2,5,775654
12693,140,133,7,1720,0.0773255813953488,0.95,0.05,0.1,0.257847026643241,0,0.00251256281407035,0,55,3767,0.98539952216618,"TMMwsp",TRUE,FALSE,1.22031376543237,"ablate_shrinkfloor",18,2,5,775654
12693,140,133,7,1720,0.0773255813953488,0.95,0.05,0.1,0.25771076594607,0,0.00251256281407035,0,55,3767,0.98539952216618,"TMMwsp",TRUE,FALSE,1.22031376543237,"ablate_lowinput",18,2,5,775654
10457,196,148,48,1720,0.086046511627907,0.755102040816326,0.244897959183673,0.1,0.227058573377115,0,0.00251256281407035,0,55,4084,0.986532810969638,"TMMwsp",FALSE,FALSE,0.920491041160158,"batch_removed",18,2,5,775654
10457,126,118,8,1720,0.0686046511627907,0.936507936507937,0.0634920634920635,0.1,0.246543405710123,0,0.00251256281407035,0,55,4084,0.986532810969638,"TMMwsp",FALSE,FALSE,1.10165526773874,"batch_ignored",18,2,5,775654
12693,140,133,7,1720,0.0773255813953488,0.95,0.05,0.1,0.257463578408801,0,0.00251256281407035,0,55,3767,0.98539952216618,"TMMwsp",TRUE,FALSE,1.22031376543237,"fix_filter",18,2,5,775654
11751,281,262,19,1720,0.152325581395349,0.932384341637011,0.0676156583629893,0.1,0.343044121306867,0,0.00256410256410256,0,91,3580,0.974581005586592,"TMMwsp",TRUE,FALSE,1.07782331104347,"ctc_pipeline",18,3,8,1161964.5
4830,213,207,6,1720,0.120348837209302,0.971830985915493,0.028169014084507,0.05,0.257213029591569,0,0,0,0,0,NA,"TMM",TRUE,FALSE,0.637579532014094,"edger_default",18,3,8,1161964.5
8427,238,226,12,1720,0.131395348837209,0.949579831932773,0.0504201680672269,0.1,0.300589969986738,0,0.00256410256410256,0,91,3597,0.974701139838755,"TMMwsp",TRUE,FALSE,0.686712612154105,"ablate_filter",18,3,8,1161964.5
8171,293,272,21,1720,0.158139534883721,0.928327645051195,0.0716723549488055,0.1,0.309340685361827,0,0.00256410256410256,0,0,0,NA,"TMMwsp",TRUE,FALSE,1.02691617063722,"ablate_exclusive",18,3,8,1161964.5
11751,273,255,18,1720,0.148255813953488,0.934065934065934,0.0659340659340659,0.1,0.341507531449172,0,0.00256410256410256,0,91,3580,0.974581005586592,"TMM",TRUE,FALSE,1.08240402121482,"ablate_tmmwsp",18,3,8,1161964.5
11751,281,262,19,1720,0.152325581395349,0.932384341637011,0.0676156583629893,0.1,0.343183442259618,0,0.00256410256410256,0,91,3580,0.974581005586592,"TMMwsp",TRUE,FALSE,1.07782331104347,"ablate_priorcount",18,3,8,1161964.5
11751,240,232,8,1720,0.134883720930233,0.966666666666667,0.0333333333333333,0.05,0.343236180854101,0,0.00256410256410256,0,91,3580,0.974581005586592,"TMMwsp",TRUE,FALSE,1.07782331104347,"ablate_fdr",18,3,8,1161964.5
11751,281,262,19,1720,0.152325581395349,0.932384341637011,0.0676156583629893,0.1,0.342673741517993,0,0.00256410256410256,0,91,3580,0.974581005586592,"TMMwsp",TRUE,FALSE,1.07782331104347,"ablate_shrinkfloor",18,3,8,1161964.5
11751,281,262,19,1720,0.152325581395349,0.932384341637011,0.0676156583629893,0.1,0.34290284618609,0,0.00256410256410256,0,91,3580,0.974581005586592,"TMMwsp",TRUE,FALSE,1.07782331104347,"ablate_lowinput",18,3,8,1161964.5
10240,310,270,40,1720,0.156976744186047,0.870967741935484,0.129032258064516,0.1,0.308091157885087,0,0.00256410256410256,0,91,3598,0.974708171206226,"TMMwsp",FALSE,FALSE,0.88411928646032,"batch_removed",18,3,8,1161964.5
10240,238,229,9,1720,0.133139534883721,0.96218487394958,0.0378151260504202,0.1,0.320166420315196,0,0.00256410256410256,0,91,3598,0.974708171206226,"TMMwsp",FALSE,FALSE,1.01765245400385,"batch_ignored",18,3,8,1161964.5
11751,281,262,19,1720,0.152325581395349,0.932384341637011,0.0676156583629893,0.1,0.342887755263557,0,0.00256410256410256,0,91,3580,0.974581005586592,"TMMwsp",TRUE,FALSE,1.07782331104347,"fix_filter",18,3,8,1161964.5
11247,48,47,1,1720,0.0273255813953488,0.979166666666667,0.0208333333333333,0.1,0.188259449453358,0,0,0,32,3314,0.991852745926373,"TMMwsp",TRUE,FALSE,1.24901303275788,"ctc_pipeline",19,1,3,601689.5
3914,54,53,1,1720,0.0308139534883721,0.981481481481482,0.0185185185185185,0.05,0.175932139543257,0,0,0,0,0,NA,"TMM",TRUE,FALSE,0.76959859829025,"edger_default",19,1,3,601689.5
8131,53,52,1,1720,0.0302325581395349,0.981132075471698,0.0188679245283019,0.1,0.186495980195233,0,0,0,32,4217,0.992411667061892,"TMMwsp",TRUE,FALSE,0.861755838283435,"ablate_filter",19,1,3,601689.5
7933,56,55,1,1720,0.0319767441860465,0.982142857142857,0.0178571428571429,0.1,0.183188314862334,0,0,0,5,0,NA,"TMMwsp",TRUE,FALSE,1.17391786492749,"ablate_exclusive",19,1,3,601689.5
11247,53,52,1,1720,0.0302325581395349,0.981132075471698,0.0188679245283019,0.1,0.191906332991063,0,0,0,32,3314,0.991852745926373,"TMM",TRUE,FALSE,1.2556591517266,"ablate_tmmwsp",19,1,3,601689.5
11247,48,47,1,1720,0.0273255813953488,0.979166666666667,0.0208333333333333,0.1,0.188189371880042,0,0,0,32,3314,0.991852745926373,"TMMwsp",TRUE,FALSE,1.24901303275788,"ablate_priorcount",19,1,3,601689.5
11247,44,43,1,1720,0.025,0.977272727272727,0.0227272727272727,0.05,0.188347929602442,0,0,0,32,3314,0.991852745926373,"TMMwsp",TRUE,FALSE,1.24901303275788,"ablate_fdr",19,1,3,601689.5
11247,48,47,1,1720,0.0273255813953488,0.979166666666667,0.0208333333333333,0.1,0.188912482040184,0,0,0,32,3314,0.991852745926373,"TMMwsp",TRUE,FALSE,1.24901303275788,"ablate_shrinkfloor",19,1,3,601689.5
11247,48,47,1,1720,0.0273255813953488,0.979166666666667,0.0208333333333333,0.1,0.188985342511923,0,0,0,32,3314,0.991852745926373,"TMMwsp",TRUE,FALSE,1.24901303275788,"ablate_lowinput",19,1,3,601689.5
10111,98,75,23,1720,0.0436046511627907,0.76530612244898,0.23469387755102,0.1,0.174011395284658,0,0,0,32,4102,0.992198927352511,"TMMwsp",FALSE,FALSE,0.815110777088458,"batch_removed",19,1,3,601689.5
10111,46,45,1,1720,0.0261627906976744,0.978260869565217,0.0217391304347826,0.1,0.187197534975705,0,0,0,32,4102,0.992198927352511,"TMMwsp",FALSE,FALSE,1.27837990423753,"batch_ignored",19,1,3,601689.5
11247,48,47,1,1720,0.0273255813953488,0.979166666666667,0.0208333333333333,0.1,0.188442142234053,0,0,0,32,3314,0.991852745926373,"TMMwsp",TRUE,FALSE,1.24901303275788,"fix_filter",19,1,3,601689.5
12724,132,129,3,1720,0.075,0.977272727272727,0.0227272727272727,0.1,0.253472569950825,0,0,0,58,3613,0.985053971768613,"TMMwsp",TRUE,FALSE,1.23381209929134,"ctc_pipeline",19,2,5,1028652.5
4855,133,128,5,1720,0.0744186046511628,0.962406015037594,0.037593984962406,0.05,0.216383506262383,0,0,0,0,0,NA,"TMM",TRUE,FALSE,0.75247386443942,"edger_default",19,2,5,1028652.5
8771,144,138,6,1720,0.0802325581395349,0.958333333333333,0.0416666666666667,0.1,0.241508063082628,0,0,0,58,3916,0.985188968335036,"TMMwsp",TRUE,FALSE,0.816483902680993,"ablate_filter",19,2,5,1028652.5
9111,148,140,8,1720,0.0813953488372093,0.945945945945946,0.0540540540540541,0.1,0.239842706495951,0,0,0,4,0,NA,"TMMwsp",TRUE,FALSE,1.17865173694209,"ablate_exclusive",19,2,5,1028652.5
12724,128,124,4,1720,0.072093023255814,0.96875,0.03125,0.1,0.252722601091214,0,0,0,58,3613,0.985053971768613,"TMM",TRUE,FALSE,1.24893016398184,"ablate_tmmwsp",19,2,5,1028652.5
12724,132,129,3,1720,0.075,0.977272727272727,0.0227272727272727,0.1,0.253474729973055,0,0,0,58,3613,0.985053971768613,"TMMwsp",TRUE,FALSE,1.23381209929134,"ablate_priorcount",19,2,5,1028652.5
12724,114,111,3,1720,0.0645348837209302,0.973684210526316,0.0263157894736842,0.05,0.253425742010772,0,0,0,58,3613,0.985053971768613,"TMMwsp",TRUE,FALSE,1.23381209929134,"ablate_fdr",19,2,5,1028652.5
12724,132,129,3,1720,0.075,0.977272727272727,0.0227272727272727,0.1,0.253264497054904,0,0,0,58,3613,0.985053971768613,"TMMwsp",TRUE,FALSE,1.23381209929134,"ablate_shrinkfloor",19,2,5,1028652.5
12724,132,129,3,1720,0.075,0.977272727272727,0.0227272727272727,0.1,0.253425284637061,0,0,0,58,3613,0.985053971768613,"TMMwsp",TRUE,FALSE,1.23381209929134,"ablate_lowinput",19,2,5,1028652.5
10494,203,163,40,1720,0.0947674418604651,0.80295566502463,0.197044334975369,0.1,0.236864318540218,0,0,0,58,3914,0.985181400102197,"TMMwsp",FALSE,FALSE,0.896412384023396,"batch_removed",19,2,5,1028652.5
10494,137,127,10,1720,0.0738372093023256,0.927007299270073,0.072992700729927,0.1,0.246824319597158,0,0,0,58,3914,0.985181400102197,"TMMwsp",FALSE,FALSE,1.111168766009,"batch_ignored",19,2,5,1028652.5
12724,132,129,3,1720,0.075,0.977272727272727,0.0227272727272727,0.1,0.253624830850912,0,0,0,58,3613,0.985053971768613,"TMMwsp",TRUE,FALSE,1.23381209929134,"fix_filter",19,2,5,1028652.5
11117,243,226,17,1720,0.131395348837209,0.930041152263374,0.0699588477366255,0.1,0.301501979590525,0,0,0,90,3687,0.975589910496338,"TMMwsp",TRUE,FALSE,1.18048315912575,"ctc_pipeline",19,3,8,691858
3810,198,190,8,1720,0.11046511627907,0.95959595959596,0.0404040404040404,0.05,0.22529658943762,0,0,0,0,0,NA,"TMM",TRUE,FALSE,0.609964529502436,"edger_default",19,3,8,691858
7506,204,193,11,1720,0.112209302325581,0.946078431372549,0.053921568627451,0.1,0.25305020604211,0,0,0,90,3696,0.975649350649351,"TMMwsp",TRUE,FALSE,0.667359820017559,"ablate_filter",19,3,8,691858
7430,252,232,20,1720,0.134883720930233,0.920634920634921,0.0793650793650794,0.1,0.277441497887553,0,0,0,0,0,NA,"TMMwsp",TRUE,FALSE,1.12068841617657,"ablate_exclusive",19,3,8,691858
11117,241,227,14,1720,0.131976744186047,0.941908713692946,0.0580912863070539,0.1,0.303647107359909,0,0,0,90,3687,0.975589910496338,"TMM",TRUE,FALSE,1.19023387284564,"ablate_tmmwsp",19,3,8,691858
11117,243,226,17,1720,0.131395348837209,0.930041152263374,0.0699588477366255,0.1,0.3010849042163,0,0,0,90,3687,0.975589910496338,"TMMwsp",TRUE,FALSE,1.18048315912575,"ablate_priorcount",19,3,8,691858
11117,203,198,5,1720,0.115116279069767,0.975369458128079,0.0246305418719212,0.05,0.301085271354748,0,0,0,90,3687,0.975589910496338,"TMMwsp",TRUE,FALSE,1.18048315912575,"ablate_fdr",19,3,8,691858
11117,243,226,17,1720,0.131395348837209,0.930041152263374,0.0699588477366255,0.1,0.301056671928131,0,0,0,90,3687,0.975589910496338,"TMMwsp",TRUE,FALSE,1.18048315912575,"ablate_shrinkfloor",19,3,8,691858
11117,243,226,17,1720,0.131395348837209,0.930041152263374,0.0699588477366255,0.1,0.301203442632896,0,0,0,90,3687,0.975589910496338,"TMMwsp",TRUE,FALSE,1.18048315912575,"ablate_lowinput",19,3,8,691858
9650,265,221,44,1720,0.128488372093023,0.833962264150943,0.166037735849057,0.1,0.271659358969824,0,0,0,90,3699,0.975669099756691,"TMMwsp",FALSE,FALSE,0.963481238426774,"batch_removed",19,3,8,691858
9650,205,194,11,1720,0.112790697674419,0.946341463414634,0.0536585365853659,0.1,0.28309170175859,0,0,0,90,3699,0.975669099756691,"TMMwsp",FALSE,FALSE,1.10534793534575,"batch_ignored",19,3,8,691858
11117,243,226,17,1720,0.131395348837209,0.930041152263374,0.0699588477366255,0.1,0.301605949105599,0,0,0,90,3687,0.975589910496338,"TMMwsp",TRUE,FALSE,1.18048315912575,"fix_filter",19,3,8,691858
12584,73,70,3,1720,0.0406976744186047,0.958904109589041,0.0410958904109589,0.1,0.212545650490212,0,0,0,49,3188,0.987139272271016,"TMMwsp",TRUE,FALSE,1.10230580687389,"ctc_pipeline",20,1,3,1177499
5222,89,81,8,1720,0.047093023255814,0.910112359550562,0.0898876404494382,0.05,0.197483514606696,0,0,0,0,0,NA,"TMM",TRUE,FALSE,0.749784423047749,"edger_default",20,1,3,1177499
9383,88,82,6,1720,0.0476744186046512,0.931818181818182,0.0681818181818182,0.1,0.210745425662335,0,0,0,49,4161,0.988223984619082,"TMMwsp",TRUE,FALSE,0.804614658621418,"ablate_filter",20,1,3,1177499
9396,91,82,9,1720,0.0476744186046512,0.901098901098901,0.0989010989010989,0.1,0.205839226555727,0,0,0,8,0,NA,"TMMwsp",TRUE,FALSE,1.05106095293948,"ablate_exclusive",20,1,3,1177499
12584,70,69,1,1720,0.0401162790697674,0.985714285714286,0.0142857142857143,0.1,0.210837985798698,0,0,0,49,3188,0.987139272271016,"TMM",TRUE,FALSE,1.128048779704,"ablate_tmmwsp",20,1,3,1177499
12584,73,70,3,1720,0.0406976744186047,0.958904109589041,0.0410958904109589,0.1,0.212600013935357,0,0,0,49,3188,0.987139272271016,"TMMwsp",TRUE,FALSE,1.10230580687389,"ablate_priorcount",20,1,3,1177499
12584,62,61,1,1720,0.0354651162790698,0.983870967741935,0.0161290322580645,0.05,0.212390116005386,0,0,0,49,3188,0.987139272271016,"TMMwsp",TRUE,FALSE,1.10230580687389,"ablate_fdr",20,1,3,1177499
12584,73,70,3,1720,0.0406976744186047,0.958904109589041,0.0410958904109589,0.1,0.21304858410461,0,0,0,49,3188,0.987139272271016,"TMMwsp",TRUE,FALSE,1.10230580687389,"ablate_shrinkfloor",20,1,3,1177499
12584,73,70,3,1720,0.0406976744186047,0.958904109589041,0.0410958904109589,0.1,0.212522573129156,0,0,0,49,3188,0.987139272271016,"TMMwsp",TRUE,FALSE,1.10230580687389,"ablate_lowinput",20,1,3,1177499
11320,170,114,56,1720,0.0662790697674419,0.670588235294118,0.329411764705882,0.1,0.191807537118764,0,0.00258397932816537,0,49,4047,0.987892265875957,"TMMwsp",FALSE,FALSE,0.725924722103777,"batch_removed",20,1,3,1177499
11320,65,63,2,1720,0.0366279069767442,0.969230769230769,0.0307692307692308,0.1,0.210505692447561,0,0,0,49,4047,0.987892265875957,"TMMwsp",FALSE,FALSE,1.1338499523648,"batch_ignored",20,1,3,1177499
12584,73,70,3,1720,0.0406976744186047,0.958904109589041,0.0410958904109589,0.1,0.212609918780047,0,0,0,49,3188,0.987139272271016,"TMMwsp",TRUE,FALSE,1.10230580687389,"fix_filter",20,1,3,1177499
12792,117,114,3,1720,0.0662790697674419,0.974358974358974,0.0256410256410256,0.1,0.267478814458156,0,0,0,69,3533,0.981035946787433,"TMMwsp",TRUE,FALSE,1.20757964319871,"ctc_pipeline",20,2,5,776754
4706,124,121,3,1720,0.0703488372093023,0.975806451612903,0.0241935483870968,0.05,0.221807295813457,0,0,0,0,0,NA,"TMM",TRUE,FALSE,0.681279107169668,"edger_default",20,2,5,776754
8522,123,120,3,1720,0.0697674418604651,0.975609756097561,0.024390243902439,0.1,0.249432780393225,0,0,0,69,3816,0.981918238993711,"TMMwsp",TRUE,FALSE,0.744643877883617,"ablate_filter",20,2,5,776754
9259,129,124,5,1720,0.072093023255814,0.961240310077519,0.0387596899224806,0.1,0.252790596142325,0,0,0,2,0,NA,"TMMwsp",TRUE,FALSE,1.14913968302043,"ablate_exclusive",20,2,5,776754
12792,116,114,2,1720,0.0662790697674419,0.982758620689655,0.0172413793103448,0.1,0.268654071172973,0,0,0,69,3533,0.981035946787433,"TMM",TRUE,FALSE,1.2240565160113,"ablate_tmmwsp",20,2,5,776754
12792,117,114,3,1720,0.0662790697674419,0.974358974358974,0.0256410256410256,0.1,0.267327795171236,0,0,0,69,3533,0.981035946787433,"TMMwsp",TRUE,FALSE,1.20757964319871,"ablate_priorcount",20,2,5,776754
12792,104,102,2,1720,0.0593023255813954,0.980769230769231,0.0192307692307692,0.05,0.267698525681656,0,0,0,69,3533,0.981035946787433,"TMMwsp",TRUE,FALSE,1.20757964319871,"ablate_fdr",20,2,5,776754
12792,117,114,3,1720,0.0662790697674419,0.974358974358974,0.0256410256410256,0.1,0.267381871537539,0,0,0,69,3533,0.981035946787433,"TMMwsp",TRUE,FALSE,1.20757964319871,"ablate_shrinkfloor",20,2,5,776754
12792,117,114,3,1720,0.0662790697674419,0.974358974358974,0.0256410256410256,0.1,0.267495420910875,0,0,0,69,3533,0.981035946787433,"TMMwsp",TRUE,FALSE,1.20757964319871,"ablate_lowinput",20,2,5,776754
10546,182,147,35,1720,0.0854651162790698,0.807692307692308,0.192307692307692,0.1,0.240820728438026,0,0.0025706940874036,0,69,3809,0.981885009188763,"TMMwsp",FALSE,FALSE,0.873547266852009,"batch_removed",20,2,5,776754
10546,106,102,4,1720,0.0593023255813954,0.962264150943396,0.0377358490566038,0.1,0.261359826915603,0,0,0,69,3809,0.981885009188763,"TMMwsp",FALSE,FALSE,1.08930977125255,"batch_ignored",20,2,5,776754
12792,117,114,3,1720,0.0662790697674419,0.974358974358974,0.0256410256410256,0.1,0.267630514854947,0,0,0,69,3533,0.981035946787433,"TMMwsp",TRUE,FALSE,1.20757964319871,"fix_filter",20,2,5,776754
11912,285,261,24,1720,0.151744186046512,0.91578947368421,0.0842105263157895,0.1,0.322226733763171,0,0,0,88,3452,0.974507531865585,"TMMwsp",TRUE,FALSE,1.05504853682446,"ctc_pipeline",20,3,8,1094799.5
4916,241,228,13,1720,0.132558139534884,0.946058091286307,0.053941908713693,0.05,0.257372572687388,0,0,0,0,0,NA,"TMM",TRUE,FALSE,0.61000294674927,"edger_default",20,3,8,1094799.5
8381,254,237,17,1720,0.137790697674419,0.933070866141732,0.0669291338582677,0.1,0.287830833111863,0,0,0,88,3465,0.974603174603175,"TMMwsp",TRUE,FALSE,0.647198018562793,"ablate_filter",20,3,8,1094799.5
8460,302,272,30,1720,0.158139534883721,0.900662251655629,0.0993377483443709,0.1,0.297820903615336,0,0,0,0,0,NA,"TMMwsp",TRUE,FALSE,1.01171260481277,"ablate_exclusive",20,3,8,1094799.5
11912,288,263,25,1720,0.152906976744186,0.913194444444444,0.0868055555555556,0.1,0.321720084523106,0,0,0,88,3452,0.974507531865585,"TMM",TRUE,FALSE,1.06601364153205,"ablate_tmmwsp",20,3,8,1094799.5
11912,285,261,24,1720,0.151744186046512,0.91578947368421,0.0842105263157895,0.1,0.32189603260057,0,0,0,88,3452,0.974507531865585,"TMMwsp",TRUE,FALSE,1.05504853682446,"ablate_priorcount",20,3,8,1094799.5
11912,240,233,7,1720,0.13546511627907,0.970833333333333,0.0291666666666667,0.05,0.321995681404079,0,0,0,88,3452,0.974507531865585,"TMMwsp",TRUE,FALSE,1.05504853682446,"ablate_fdr",20,3,8,1094799.5
11912,285,261,24,1720,0.151744186046512,0.91578947368421,0.0842105263157895,0.1,0.321996502467599,0,0,0,88,3452,0.974507531865585,"TMMwsp",TRUE,FALSE,1.05504853682446,"ablate_shrinkfloor",20,3,8,1094799.5
11912,285,261,24,1720,0.151744186046512,0.91578947368421,0.0842105263157895,0.1,0.322386966064766,0,0,0,88,3452,0.974507531865585,"TMMwsp",TRUE,FALSE,1.05504853682446,"ablate_lowinput",20,3,8,1094799.5
10384,314,266,48,1720,0.154651162790698,0.847133757961783,0.152866242038217,0.1,0.296881100929951,0,0,0,88,3465,0.974603174603175,"TMMwsp",FALSE,FALSE,0.866232470476383,"batch_removed",20,3,8,1094799.5
10384,263,244,19,1720,0.141860465116279,0.927756653992395,0.0722433460076046,0.1,0.305928766223247,0,0,0,88,3465,0.974603174603175,"TMMwsp",FALSE,FALSE,1.00018245702705,"batch_ignored",20,3,8,1094799.5
11912,285,261,24,1720,0.151744186046512,0.91578947368421,0.0842105263157895,0.1,0.321965796946219,0,0,0,88,3452,0.974507531865585,"TMMwsp",TRUE,FALSE,1.05504853682446,"fix_filter",20,3,8,1094799.5
12316,61,60,1,1720,0.0348837209302326,0.983606557377049,0.0163934426229508,0.1,0.21140040656803,0,0,0,45,3233,0.987627590473245,"TMMwsp",TRUE,FALSE,1.21436341637782,"ctc_pipeline",21,1,3,1170919.5
4979,64,63,1,1720,0.0366279069767442,0.984375,0.015625,0.05,0.192573139509899,0,0,0,0,0,NA,"TMM",TRUE,FALSE,0.831107404189182,"edger_default",21,1,3,1170919.5
9121,62,61,1,1720,0.0354651162790698,0.983870967741935,0.0161290322580645,0.1,0.211063584684005,0,0,0,45,4142,0.989135683244809,"TMMwsp",TRUE,FALSE,0.876072817889188,"ablate_filter",21,1,3,1170919.5
9083,62,61,1,1720,0.0354651162790698,0.983870967741935,0.0161290322580645,0.1,0.204191552375926,0,0,0,5,0,NA,"TMMwsp",TRUE,FALSE,1.17763183761989,"ablate_exclusive",21,1,3,1170919.5
12316,58,57,1,1720,0.0331395348837209,0.982758620689655,0.0172413793103448,0.1,0.208708588664666,0,0,0,45,3233,0.987627590473245,"TMM",TRUE,FALSE,1.23450628317067,"ablate_tmmwsp",21,1,3,1170919.5
12316,61,60,1,1720,0.0348837209302326,0.983606557377049,0.0163934426229508,0.1,0.211391494785255,0,0,0,45,3233,0.987627590473245,"TMMwsp",TRUE,FALSE,1.21436341637782,"ablate_priorcount",21,1,3,1170919.5
12316,50,50,0,1720,0.0290697674418605,1,0,0.05,0.211198696557282,0,0,0,45,3233,0.987627590473245,"TMMwsp",TRUE,FALSE,1.21436341637782,"ablate_fdr",21,1,3,1170919.5
12316,61,60,1,1720,0.0348837209302326,0.983606557377049,0.0163934426229508,0.1,0.211140940911415,0,0,0,45,3233,0.987627590473245,"TMMwsp",TRUE,FALSE,1.21436341637782,"ablate_shrinkfloor",21,1,3,1170919.5
12316,61,60,1,1720,0.0348837209302326,0.983606557377049,0.0163934426229508,0.1,0.211231615113966,0,0,0,45,3233,0.987627590473245,"TMMwsp",TRUE,FALSE,1.21436341637782,"ablate_lowinput",21,1,3,1170919.5
10998,134,109,25,1720,0.0633720930232558,0.813432835820896,0.186567164179104,0.1,0.198893100449056,0,0,0,45,4042,0.989114299851559,"TMMwsp",FALSE,FALSE,0.779673478236841,"batch_removed",21,1,3,1170919.5
10998,47,46,1,1720,0.0267441860465116,0.978723404255319,0.0212765957446809,0.1,0.20521261790657,0,0,0,45,4042,0.989114299851559,"TMMwsp",FALSE,FALSE,1.19068420786092,"batch_ignored",21,1,3,1170919.5
12316,61,60,1,1720,0.0348837209302326,0.983606557377049,0.0163934426229508,0.1,0.211457506811289,0,0,0,45,3233,0.987627590473245,"TMMwsp",TRUE,FALSE,1.21436341637782,"fix_filter",21,1,3,1170919.5
12748,125,120,5,1720,0.0697674418604651,0.96,0.04,0.1,0.251679174654109,0,0.0022271714922049,0,73,3666,0.981723949809056,"TMMwsp",TRUE,FALSE,1.25532341707892,"ctc_pipeline",21,2,5,979547.5
4778,121,116,5,1720,0.0674418604651163,0.958677685950413,0.0413223140495868,0.05,0.211601481006352,0,0.0022271714922049,0,0,0,NA,"TMM",TRUE,FALSE,0.728071295827494,"edger_default",21,2,5,979547.5
8799,125,120,5,1720,0.0697674418604651,0.96,0.04,0.1,0.232420585048142,0,0.0022271714922049,0,73,4021,0.981845312111415,"TMMwsp",TRUE,FALSE,0.807276809650096,"ablate_filter",21,2,5,979547.5
9082,132,125,7,1720,0.0726744186046512,0.946969696969697,0.053030303030303,0.1,0.240949442837357,0,0.0022271714922049,0,6,0,NA,"TMMwsp",TRUE,FALSE,1.18920875652662,"ablate_exclusive",21,2,5,979547.5
12748,119,114,5,1720,0.0662790697674419,0.957983193277311,0.0420168067226891,0.1,0.248797858786765,0,0.0022271714922049,0,73,3666,0.981723949809056,"TMM",TRUE,FALSE,1.26372301417813,"ablate_tmmwsp",21,2,5,979547.5
12748,125,120,5,1720,0.0697674418604651,0.96,0.04,0.1,0.251888388526814,0,0.0022271714922049,0,73,3666,0.981723949809056,"TMMwsp",TRUE,FALSE,1.25532341707892,"ablate_priorcount",21,2,5,979547.5
12748,104,104,0,1720,0.0604651162790698,1,0,0.05,0.251919296734351,0,0.0022271714922049,0,73,3666,0.981723949809056,"TMMwsp",TRUE,FALSE,1.25532341707892,"ablate_fdr",21,2,5,979547.5
12748,125,120,5,1720,0.0697674418604651,0.96,0.04,0.1,0.251845821999571,0,0.0022271714922049,0,73,3666,0.981723949809056,"TMMwsp",TRUE,FALSE,1.25532341707892,"ablate_shrinkfloor",21,2,5,979547.5
12748,125,120,5,1720,0.0697674418604651,0.96,0.04,0.1,0.25188827585065,0,0.0022271714922049,0,73,3666,0.981723949809056,"TMMwsp",TRUE,FALSE,1.25532341707892,"ablate_lowinput",21,2,5,979547.5
10650,179,149,30,1720,0.0866279069767442,0.832402234636871,0.167597765363128,0.1,0.228067865421005,0,0.0022271714922049,0,73,4014,0.98181365221724,"TMMwsp",FALSE,FALSE,0.907859355996529,"batch_removed",21,2,5,979547.5
10650,113,109,4,1720,0.0633720930232558,0.964601769911504,0.0353982300884956,0.1,0.246096865014649,0,0.0022271714922049,0,73,4014,0.98181365221724,"TMMwsp",FALSE,FALSE,1.12075707756101,"batch_ignored",21,2,5,979547.5
12748,125,120,5,1720,0.0697674418604651,0.96,0.04,0.1,0.251993183963128,0,0.0022271714922049,0,73,3666,0.981723949809056,"TMMwsp",TRUE,FALSE,1.25532341707892,"fix_filter",21,2,5,979547.5
11016,235,209,26,1720,0.121511627906977,0.88936170212766,0.11063829787234,0.1,0.306782841770681,0,0,0,76,3723,0.979586355089981,"TMMwsp",TRUE,FALSE,1.14653000402116,"ctc_pipeline",21,3,8,564474
3509,173,162,11,1720,0.0941860465116279,0.936416184971098,0.0635838150289017,0.05,0.215950708706178,0,0,0,0,0,NA,"TMM",TRUE,FALSE,0.564102368052769,"edger_default",21,3,8,564474
7246,184,172,12,1720,0.1,0.934782608695652,0.0652173913043478,0.1,0.25001122910293,0,0,0,76,3737,0.97966283114798,"TMMwsp",TRUE,FALSE,0.616411168808626,"ablate_filter",21,3,8,564474
7293,256,220,36,1720,0.127906976744186,0.859375,0.140625,0.1,0.280910446537415,0,0,0,0,0,NA,"TMMwsp",TRUE,FALSE,1.09175768090285,"ablate_exclusive",21,3,8,564474
11016,241,214,27,1720,0.124418604651163,0.887966804979253,0.112033195020747,0.1,0.309865333449294,0,0,0,76,3723,0.979586355089981,"TMM",TRUE,FALSE,1.16152023951086,"ablate_tmmwsp",21,3,8,564474
11016,235,209,26,1720,0.121511627906977,0.88936170212766,0.11063829787234,0.1,0.306990648474346,0,0,0,76,3723,0.979586355089981,"TMMwsp",TRUE,FALSE,1.14653000402116,"ablate_priorcount",21,3,8,564474
11016,190,181,9,1720,0.105232558139535,0.952631578947368,0.0473684210526316,0.05,0.307024014184681,0,0,0,76,3723,0.979586355089981,"TMMwsp",TRUE,FALSE,1.14653000402116,"ablate_fdr",21,3,8,564474
11016,235,209,26,1720,0.121511627906977,0.88936170212766,0.11063829787234,0.1,0.306220615517677,0,0,0,76,3723,0.979586355089981,"TMMwsp",TRUE,FALSE,1.14653000402116,"ablate_shrinkfloor",21,3,8,564474
11016,235,209,26,1720,0.121511627906977,0.88936170212766,0.11063829787234,0.1,0.307159965162761,0,0,0,76,3723,0.979586355089981,"TMMwsp",TRUE,FALSE,1.14653000402116,"ablate_lowinput",21,3,8,564474
9688,288,232,56,1720,0.134883720930233,0.805555555555556,0.194444444444444,0.1,0.281499276421053,0,0,0,76,3737,0.97966283114798,"TMMwsp",FALSE,FALSE,0.952175435759583,"batch_removed",21,3,8,564474
9688,220,199,21,1720,0.115697674418605,0.904545454545455,0.0954545454545455,0.1,0.294865507587058,0,0,0,76,3737,0.97966283114798,"TMMwsp",FALSE,FALSE,1.09032439135346,"batch_ignored",21,3,8,564474
11016,235,209,26,1720,0.121511627906977,0.88936170212766,0.11063829787234,0.1,0.306473357367585,0,0,0,76,3723,0.979586355089981,"TMMwsp",TRUE,FALSE,1.14653000402116,"fix_filter",21,3,8,564474
11059,44,42,2,1720,0.0244186046511628,0.954545454545455,0.0454545454545455,0.1,0.186327821141917,0,0,0,45,3346,0.988045427375971,"TMMwsp",TRUE,FALSE,1.31349761394162,"ctc_pipeline",22,1,3,721641
3478,50,48,2,1720,0.027906976744186,0.96,0.04,0.05,0.171621227487075,0,0,0,0,0,NA,"TMM",TRUE,FALSE,0.827953131084293,"edger_default",22,1,3,721641
7703,43,41,2,1720,0.0238372093023256,0.953488372093023,0.0465116279069767,0.1,0.181990714829961,0,0,0,45,4225,0.989349112426036,"TMMwsp",TRUE,FALSE,0.88292492771963,"ablate_filter",22,1,3,721641
7713,47,45,2,1720,0.0261627906976744,0.957446808510638,0.0425531914893617,0.1,0.182639210165078,0,0,0,5,0,NA,"TMMwsp",TRUE,FALSE,1.27689535145599,"ablate_exclusive",22,1,3,721641
11059,43,41,2,1720,0.0238372093023256,0.953488372093023,0.0465116279069767,0.1,0.186966875455035,0,0,0,45,3346,0.988045427375971,"TMM",TRUE,FALSE,1.35800968137892,"ablate_tmmwsp",22,1,3,721641
11059,44,42,2,1720,0.0244186046511628,0.954545454545455,0.0454545454545455,0.1,0.18643795887645,0,0,0,45,3346,0.988045427375971,"TMMwsp",TRUE,FALSE,1.31349761394162,"ablate_priorcount",22,1,3,721641
11059,31,31,0,1720,0.0180232558139535,1,0,0.05,0.186335269254105,0,0,0,45,3346,0.988045427375971,"TMMwsp",TRUE,FALSE,1.31349761394162,"ablate_fdr",22,1,3,721641
11059,44,42,2,1720,0.0244186046511628,0.954545454545455,0.0454545454545455,0.1,0.186300099476497,0,0,0,45,3346,0.988045427375971,"TMMwsp",TRUE,FALSE,1.31349761394162,"ablate_shrinkfloor",22,1,3,721641
11059,44,42,2,1720,0.0244186046511628,0.954545454545455,0.0454545454545455,0.1,0.18656529972788,0,0,0,45,3346,0.988045427375971,"TMMwsp",TRUE,FALSE,1.31349761394162,"ablate_lowinput",22,1,3,721641
9818,151,96,55,1720,0.0558139534883721,0.635761589403974,0.364238410596026,0.1,0.17301681280724,0,0,0,45,4126,0.989093553078042,"TMMwsp",FALSE,FALSE,0.883248944004935,"batch_removed",22,1,3,721641
9818,34,33,1,1720,0.0191860465116279,0.970588235294118,0.0294117647058824,0.1,0.181825296602776,0,0,0,45,4126,0.989093553078042,"TMMwsp",FALSE,FALSE,1.31570858649617,"batch_ignored",22,1,3,721641
11059,44,42,2,1720,0.0244186046511628,0.954545454545455,0.0454545454545455,0.1,0.186152142633146,0,0,0,45,3346,0.988045427375971,"TMMwsp",TRUE,FALSE,1.31349761394162,"fix_filter",22,1,3,721641
13023,142,135,7,1720,0.0784883720930233,0.950704225352113,0.0492957746478873,0.1,0.265248936899201,0,0.00255754475703325,0,75,3582,0.979620323841429,"TMMwsp",TRUE,FALSE,1.21513241224178,"ctc_pipeline",22,2,5,908808.5
4921,137,132,5,1720,0.0767441860465116,0.963503649635037,0.0364963503649635,0.05,0.226527063992169,0,0.00255754475703325,0,0,0,NA,"TMM",TRUE,FALSE,0.71188539344742,"edger_default",22,2,5,908808.5
8784,149,143,6,1720,0.0831395348837209,0.959731543624161,0.0402684563758389,0.1,0.252364759677613,0,0.00255754475703325,0,75,3863,0.980585037535594,"TMMwsp",TRUE,FALSE,0.773198096505501,"ablate_filter",22,2,5,908808.5
9441,156,147,9,1720,0.0854651162790698,0.942307692307692,0.0576923076923077,0.1,0.253832901022133,0,0.00255754475703325,0,2,0,NA,"TMMwsp",TRUE,FALSE,1.16078485695827,"ablate_exclusive",22,2,5,908808.5
13023,136,130,6,1720,0.0755813953488372,0.955882352941177,0.0441176470588235,0.1,0.263664909964085,0,0.00255754475703325,0,75,3582,0.979620323841429,"TMM",TRUE,FALSE,1.2262635689422,"ablate_tmmwsp",22,2,5,908808.5
13023,142,135,7,1720,0.0784883720930233,0.950704225352113,0.0492957746478873,0.1,0.265185630071473,0,0.00255754475703325,0,75,3582,0.979620323841429,"TMMwsp",TRUE,FALSE,1.21513241224178,"ablate_priorcount",22,2,5,908808.5
13023,119,118,1,1720,0.0686046511627907,0.991596638655462,0.00840336134453781,0.05,0.265076324219136,0,0.00255754475703325,0,75,3582,0.979620323841429,"TMMwsp",TRUE,FALSE,1.21513241224178,"ablate_fdr",22,2,5,908808.5
13023,142,135,7,1720,0.0784883720930233,0.950704225352113,0.0492957746478873,0.1,0.265281560180913,0,0.00255754475703325,0,75,3582,0.979620323841429,"TMMwsp",TRUE,FALSE,1.21513241224178,"ablate_shrinkfloor",22,2,5,908808.5
13023,142,135,7,1720,0.0784883720930233,0.950704225352113,0.0492957746478873,0.1,0.26512095579765,0,0.00255754475703325,0,75,3582,0.979620323841429,"TMMwsp",TRUE,FALSE,1.21513241224178,"ablate_lowinput",22,2,5,908808.5
10777,202,163,39,1720,0.0947674418604651,0.806930693069307,0.193069306930693,0.1,0.240103166617775,0,0.00255754475703325,0,75,3864,0.980590062111801,"TMMwsp",FALSE,FALSE,0.897215579938594,"batch_removed",22,2,5,908808.5
10777,134,126,8,1720,0.0732558139534884,0.940298507462687,0.0597014925373134,0.1,0.254852317453026,0,0.00255754475703325,0,75,3864,0.980590062111801,"TMMwsp",FALSE,FALSE,1.09885819376774,"batch_ignored",22,2,5,908808.5
13023,142,135,7,1720,0.0784883720930233,0.950704225352113,0.0492957746478873,0.1,0.264999917687948,0,0.00255754475703325,0,75,3582,0.979620323841429,"TMMwsp",TRUE,FALSE,1.21513241224178,"fix_filter",22,2,5,908808.5
10558,201,190,11,1720,0.11046511627907,0.945273631840796,0.054726368159204,0.1,0.286046109413027,0,0,0,78,3809,0.979522184300341,"TMMwsp",TRUE,FALSE,1.23341581978163,"ctc_pipeline",22,3,8,577214.5
3218,153,150,3,1720,0.0872093023255814,0.980392156862745,0.0196078431372549,0.05,0.198516170535894,0,0,0,0,0,NA,"TMM",TRUE,FALSE,0.612178349343026,"edger_default",22,3,8,577214.5
7039,155,153,2,1720,0.088953488372093,0.987096774193548,0.0129032258064516,0.1,0.233558106788561,0,0,0,78,3821,0.979586495681759,"TMMwsp",TRUE,FALSE,0.674599262518534,"ablate_filter",22,3,8,577214.5
6749,233,213,20,1720,0.123837209302326,0.914163090128755,0.0858369098712446,0.1,0.256929311312391,0,0,0,0,0,NA,"TMMwsp",TRUE,FALSE,1.16983991221904,"ablate_exclusive",22,3,8,577214.5
10558,199,189,10,1720,0.109883720930233,0.949748743718593,0.050251256281407,0.1,0.285491835624206,0,0,0,78,3809,0.979522184300341,"TMM",TRUE,FALSE,1.24714859998325,"ablate_tmmwsp",22,3,8,577214.5
10558,201,190,11,1720,0.11046511627907,0.945273631840796,0.054726368159204,0.1,0.285930178773563,0,0,0,78,3809,0.979522184300341,"TMMwsp",TRUE,FALSE,1.23341581978163,"ablate_priorcount",22,3,8,577214.5
10558,171,168,3,1720,0.0976744186046512,0.982456140350877,0.0175438596491228,0.05,0.286007375845885,0,0,0,78,3809,0.979522184300341,"TMMwsp",TRUE,FALSE,1.23341581978163,"ablate_fdr",22,3,8,577214.5
10558,201,190,11,1720,0.11046511627907,0.945273631840796,0.054726368159204,0.1,0.286390553297278,0,0,0,78,3809,0.979522184300341,"TMMwsp",TRUE,FALSE,1.23341581978163,"ablate_shrinkfloor",22,3,8,577214.5
10558,201,190,11,1720,0.11046511627907,0.945273631840796,0.054726368159204,0.1,0.28571769649878,0,0,0,78,3809,0.979522184300341,"TMMwsp",TRUE,FALSE,1.23341581978163,"ablate_lowinput",22,3,8,577214.5
9189,219,191,28,1720,0.111046511627907,0.872146118721461,0.127853881278539,0.1,0.252828861684362,0,0,0,78,3822,0.979591836734694,"TMMwsp",FALSE,FALSE,1.0045308081976,"batch_removed",22,3,8,577214.5
9189,171,164,7,1720,0.0953488372093023,0.95906432748538,0.0409356725146199,0.1,0.262991872198364,0,0,0,78,3822,0.979591836734694,"TMMwsp",FALSE,FALSE,1.14502179138814,"batch_ignored",22,3,8,577214.5
10558,201,190,11,1720,0.11046511627907,0.945273631840796,0.054726368159204,0.1,0.285683033410838,0,0,0,78,3809,0.979522184300341,"TMMwsp",TRUE,FALSE,1.23341581978163,"fix_filter",22,3,8,577214.5
11968,48,47,1,1720,0.0273255813953488,0.979166666666667,0.0208333333333333,0.1,0.19670903393513,0,0,0,28,3263,0.992644805393809,"TMMwsp",TRUE,FALSE,1.21011765647269,"ctc_pipeline",23,1,3,812678
4506,66,64,2,1720,0.0372093023255814,0.96969696969697,0.0303030303030303,0.05,0.180723425491257,0,0,0,0,0,NA,"TMM",TRUE,FALSE,0.799168744068542,"edger_default",23,1,3,812678
8863,53,51,2,1720,0.0296511627906977,0.962264150943396,0.0377358490566038,0.1,0.193603745656793,0,0,0,28,4357,0.993573559788846,"TMMwsp",TRUE,FALSE,0.8877440607901,"ablate_filter",23,1,3,812678
8705,64,62,2,1720,0.036046511627907,0.96875,0.03125,0.1,0.190723179333081,0,0,0,4,0,NA,"TMMwsp",TRUE,FALSE,1.14833283696832,"ablate_exclusive",23,1,3,812678
11968,56,55,1,1720,0.0319767441860465,0.982142857142857,0.0178571428571429,0.1,0.197742006571676,0,0,0,28,3263,0.992644805393809,"TMM",TRUE,FALSE,1.22159980721698,"ablate_tmmwsp",23,1,3,812678
11968,48,47,1,1720,0.0273255813953488,0.979166666666667,0.0208333333333333,0.1,0.196651912334102,0,0,0,28,3263,0.992644805393809,"TMMwsp",TRUE,FALSE,1.21011765647269,"ablate_priorcount",23,1,3,812678
11968,38,38,0,1720,0.022093023255814,1,0,0.05,0.196576194361734,0,0,0,28,3263,0.992644805393809,"TMMwsp",TRUE,FALSE,1.21011765647269,"ablate_fdr",23,1,3,812678
11968,48,47,1,1720,0.0273255813953488,0.979166666666667,0.0208333333333333,0.1,0.196724994297097,0,0,0,28,3263,0.992644805393809,"TMMwsp",TRUE,FALSE,1.21011765647269,"ablate_shrinkfloor",23,1,3,812678
11968,48,47,1,1720,0.0273255813953488,0.979166666666667,0.0208333333333333,0.1,0.196681808676616,0,0,0,28,3263,0.992644805393809,"TMMwsp",TRUE,FALSE,1.21011765647269,"ablate_lowinput",23,1,3,812678
10819,154,100,54,1720,0.0581395348837209,0.649350649350649,0.350649350649351,0.1,0.174494107045014,0,0,0,28,4210,0.993349168646081,"TMMwsp",FALSE,FALSE,0.811657903142335,"batch_removed",23,1,3,812678
10819,44,43,1,1720,0.025,0.977272727272727,0.0227272727272727,0.1,0.196435348478682,0,0,0,28,4210,0.993349168646081,"TMMwsp",FALSE,FALSE,1.22325963622273,"batch_ignored",23,1,3,812678
11968,48,47,1,1720,0.0273255813953488,0.979166666666667,0.0208333333333333,0.1,0.196517808079224,0,0,0,28,3263,0.992644805393809,"TMMwsp",TRUE,FALSE,1.21011765647269,"fix_filter",23,1,3,812678
12956,139,134,5,1720,0.077906976744186,0.964028776978417,0.0359712230215827,0.1,0.260535074362548,0,0,0,66,3662,0.983342435827417,"TMMwsp",TRUE,FALSE,1.23842977245568,"ctc_pipeline",23,2,5,1240981.5
5075,143,136,7,1720,0.0790697674418605,0.951048951048951,0.048951048951049,0.05,0.228399806874552,0,0,0,0,0,NA,"TMM",TRUE,FALSE,0.7473464547425,"edger_default",23,2,5,1240981.5
9043,155,147,8,1720,0.0854651162790698,0.948387096774194,0.0516129032258065,0.1,0.250478566785206,0,0,0,66,3968,0.983366935483871,"TMMwsp",TRUE,FALSE,0.81662083603018,"ablate_filter",23,2,5,1240981.5
9294,156,147,9,1720,0.0854651162790698,0.942307692307692,0.0576923076923077,0.1,0.246746833201722,0,0,0,5,0,NA,"TMMwsp",TRUE,FALSE,1.18003750825812,"ablate_exclusive",23,2,5,1240981.5
12956,141,135,6,1720,0.0784883720930233,0.957446808510638,0.0425531914893617,0.1,0.259547236279246,0,0,0,66,3662,0.983342435827417,"TMM",TRUE,FALSE,1.24260874662864,"ablate_tmmwsp",23,2,5,1240981.5
12956,139,134,5,1720,0.077906976744186,0.964028776978417,0.0359712230215827,0.1,0.260570219196752,0,0,0,66,3662,0.983342435827417,"TMMwsp",TRUE,FALSE,1.23842977245568,"ablate_priorcount",23,2,5,1240981.5
12956,112,109,3,1720,0.0633720930232558,0.973214285714286,0.0267857142857143,0.05,0.260570854017228,0,0,0,66,3662,0.983342435827417,"TMMwsp",TRUE,FALSE,1.23842977245568,"ablate_fdr",23,2,5,1240981.5
12956,139,134,5,1720,0.077906976744186,0.964028776978417,0.0359712230215827,0.1,0.260569539430081,0,0,0,66,3662,0.983342435827417,"TMMwsp",TRUE,FALSE,1.23842977245568,"ablate_shrinkfloor",23,2,5,1240981.5
12956,139,134,5,1720,0.077906976744186,0.964028776978417,0.0359712230215827,0.1,0.26048913313376,0,0,0,66,3662,0.983342435827417,"TMMwsp",TRUE,FALSE,1.23842977245568,"ablate_lowinput",23,2,5,1240981.5
10698,203,163,40,1720,0.0947674418604651,0.80295566502463,0.197044334975369,0.1,0.24039214062705,0,0,0,66,3972,0.983383685800604,"TMMwsp",FALSE,FALSE,0.88964860623531,"batch_removed",23,2,5,1240981.5
10698,136,128,8,1720,0.0744186046511628,0.941176470588235,0.0588235294117647,0.1,0.250917758509412,0,0,0,66,3972,0.983383685800604,"TMMwsp",FALSE,FALSE,1.10744803183614,"batch_ignored",23,2,5,1240981.5
12956,139,134,5,1720,0.077906976744186,0.964028776978417,0.0359712230215827,0.1,0.260302496166016,0,0,0,66,3662,0.983342435827417,"TMMwsp",TRUE,FALSE,1.23842977245568,"fix_filter",23,2,5,1240981.5
11385,247,230,17,1720,0.133720930232558,0.931174089068826,0.0688259109311741,0.1,0.314108636686163,0,0,0,94,3573,0.973691575706689,"TMMwsp",TRUE,FALSE,1.11435246734287,"ctc_pipeline",23,3,8,929685.5
4254,216,209,7,1720,0.121511627906977,0.967592592592593,0.0324074074074074,0.05,0.241309101521945,0,0,0,0,0,NA,"TMM",TRUE,FALSE,0.605607819558182,"edger_default",23,3,8,929685.5
7839,225,214,11,1720,0.124418604651163,0.951111111111111,0.0488888888888889,0.1,0.277347148328764,0,0,0,94,3585,0.973779637377964,"TMMwsp",TRUE,FALSE,0.651138848462878,"ablate_filter",23,3,8,929685.5
7812,265,246,19,1720,0.143023255813953,0.928301886792453,0.0716981132075472,0.1,0.284555081314667,0,0,0,0,0,NA,"TMMwsp",TRUE,FALSE,1.0641528413262,"ablate_exclusive",23,3,8,929685.5
11385,252,236,16,1720,0.137209302325581,0.936507936507937,0.0634920634920635,0.1,0.318000510508306,0,0,0,94,3573,0.973691575706689,"TMM",TRUE,FALSE,1.12489920828929,"ablate_tmmwsp",23,3,8,929685.5
11385,247,230,17,1720,0.133720930232558,0.931174089068826,0.0688259109311741,0.1,0.314670464681017,0,0,0,94,3573,0.973691575706689,"TMMwsp",TRUE,FALSE,1.11435246734287,"ablate_priorcount",23,3,8,929685.5
11385,218,210,8,1720,0.122093023255814,0.963302752293578,0.036697247706422,0.05,0.314654343115779,0,0,0,94,3573,0.973691575706689,"TMMwsp",TRUE,FALSE,1.11435246734287,"ablate_fdr",23,3,8,929685.5
11385,247,230,17,1720,0.133720930232558,0.931174089068826,0.0688259109311741,0.1,0.314586159000128,0,0,0,94,3573,0.973691575706689,"TMMwsp",TRUE,FALSE,1.11435246734287,"ablate_shrinkfloor",23,3,8,929685.5
11385,247,230,17,1720,0.133720930232558,0.931174089068826,0.0688259109311741,0.1,0.314450111477496,0,0,0,94,3573,0.973691575706689,"TMMwsp",TRUE,FALSE,1.11435246734287,"ablate_lowinput",23,3,8,929685.5
9995,293,244,49,1720,0.141860465116279,0.832764505119454,0.167235494880546,0.1,0.289916697957024,0,0,0,94,3588,0.973801560758083,"TMMwsp",FALSE,FALSE,0.911435264495214,"batch_removed",23,3,8,929685.5
9995,229,213,16,1720,0.123837209302326,0.930131004366812,0.0698689956331878,0.1,0.303099523768935,0,0,0,94,3588,0.973801560758083,"TMMwsp",FALSE,FALSE,1.05218374224697,"batch_ignored",23,3,8,929685.5
11385,247,230,17,1720,0.133720930232558,0.931174089068826,0.0688259109311741,0.1,0.314297886197336,0,0,0,94,3573,0.973691575706689,"TMMwsp",TRUE,FALSE,1.11435246734287,"fix_filter",23,3,8,929685.5
12231,52,51,1,1720,0.0296511627906977,0.980769230769231,0.0192307692307692,0.1,0.19902348092696,0,0,0,52,3263,0.985596077229543,"TMMwsp",TRUE,FALSE,1.16265304895658,"ctc_pipeline",24,1,3,1035822.5
4647,57,55,2,1720,0.0319767441860465,0.964912280701754,0.0350877192982456,0.05,0.181505939163142,0,0,0,0,0,NA,"TMM",TRUE,FALSE,0.726851693984646,"edger_default",24,1,3,1035822.5
8812,54,52,2,1720,0.0302325581395349,0.962962962962963,0.037037037037037,0.1,0.194040203204115,0,0,0,52,4165,0.987515006002401,"TMMwsp",TRUE,FALSE,0.803031851170069,"ablate_filter",24,1,3,1035822.5
8968,56,54,2,1720,0.0313953488372093,0.964285714285714,0.0357142857142857,0.1,0.194251808716952,0,0,0,5,0,NA,"TMMwsp",TRUE,FALSE,1.10117278559685,"ablate_exclusive",24,1,3,1035822.5
12231,53,51,2,1720,0.0296511627906977,0.962264150943396,0.0377358490566038,0.1,0.199482192608314,0,0,0,52,3263,0.985596077229543,"TMM",TRUE,FALSE,1.16783931798897,"ablate_tmmwsp",24,1,3,1035822.5
12231,52,51,1,1720,0.0296511627906977,0.980769230769231,0.0192307692307692,0.1,0.198671720701177,0,0,0,52,3263,0.985596077229543,"TMMwsp",TRUE,FALSE,1.16265304895658,"ablate_priorcount",24,1,3,1035822.5
12231,33,32,1,1720,0.0186046511627907,0.96969696969697,0.0303030303030303,0.05,0.198977108492996,0,0,0,52,3263,0.985596077229543,"TMMwsp",TRUE,FALSE,1.16265304895658,"ablate_fdr",24,1,3,1035822.5
12231,52,51,1,1720,0.0296511627906977,0.980769230769231,0.0192307692307692,0.1,0.198841391360607,0,0,0,52,3263,0.985596077229543,"TMMwsp",TRUE,FALSE,1.16265304895658,"ablate_shrinkfloor",24,1,3,1035822.5
12231,52,51,1,1720,0.0296511627906977,0.980769230769231,0.0192307692307692,0.1,0.198806249098071,0,0,0,52,3263,0.985596077229543,"TMMwsp",TRUE,FALSE,1.16265304895658,"ablate_lowinput",24,1,3,1035822.5
11015,175,111,64,1720,0.0645348837209302,0.634285714285714,0.365714285714286,0.1,0.176810547085849,0,0,0,52,4047,0.987398072646405,"TMMwsp",FALSE,FALSE,0.743803855587356,"batch_removed",24,1,3,1035822.5
11015,38,37,1,1720,0.0215116279069767,0.973684210526316,0.0263157894736842,0.1,0.195063061847199,0,0,0,52,4047,0.987398072646405,"TMMwsp",FALSE,FALSE,1.18587128680231,"batch_ignored",24,1,3,1035822.5
12231,52,51,1,1720,0.0296511627906977,0.980769230769231,0.0192307692307692,0.1,0.198520156840831,0,0,0,52,3263,0.985596077229543,"TMMwsp",TRUE,FALSE,1.16265304895658,"fix_filter",24,1,3,1035822.5
12090,125,119,6,1720,0.0691860465116279,0.952,0.048,0.1,0.243147637510993,0,0.00255102040816327,0,51,3708,0.986245954692557,"TMMwsp",TRUE,FALSE,1.33864978444684,"ctc_pipeline",24,2,5,699637.5
4015,136,129,7,1720,0.075,0.948529411764706,0.0514705882352941,0.05,0.203535456854869,0,0.00255102040816327,0,0,0,NA,"TMM",TRUE,FALSE,0.738052492116802,"edger_default",24,2,5,699637.5
8022,138,129,9,1720,0.075,0.934782608695652,0.0652173913043478,0.1,0.229111512017035,0,0.00255102040816327,0,51,4007,0.987272273521338,"TMMwsp",TRUE,FALSE,0.820087449166699,"ablate_filter",24,2,5,699637.5
8382,142,133,9,1720,0.0773255813953488,0.936619718309859,0.0633802816901408,0.1,0.228650489725267,0,0.00255102040816327,0,0,0,NA,"TMMwsp",TRUE,FALSE,1.26808954349642,"ablate_exclusive",24,2,5,699637.5
12090,125,117,8,1720,0.0680232558139535,0.936,0.064,0.1,0.241226612156612,0,0.00255102040816327,0,51,3708,0.986245954692557,"TMM",TRUE,FALSE,1.34741613545148,"ablate_tmmwsp",24,2,5,699637.5
12090,125,119,6,1720,0.0691860465116279,0.952,0.048,0.1,0.243268555321707,0,0.00255102040816327,0,51,3708,0.986245954692557,"TMMwsp",TRUE,FALSE,1.33864978444684,"ablate_priorcount",24,2,5,699637.5
12090,108,106,2,1720,0.0616279069767442,0.981481481481482,0.0185185185185185,0.05,0.242909811443953,0,0.00255102040816327,0,51,3708,0.986245954692557,"TMMwsp",TRUE,FALSE,1.33864978444684,"ablate_fdr",24,2,5,699637.5
12090,125,119,6,1720,0.0691860465116279,0.952,0.048,0.1,0.243135193761755,0,0.00255102040816327,0,51,3708,0.986245954692557,"TMMwsp",TRUE,FALSE,1.33864978444684,"ablate_shrinkfloor",24,2,5,699637.5
12090,125,119,6,1720,0.0691860465116279,0.952,0.048,0.1,0.242855441045545,0,0.00255102040816327,0,51,3708,0.986245954692557,"TMMwsp",TRUE,FALSE,1.33864978444684,"ablate_lowinput",24,2,5,699637.5
9866,202,153,49,1720,0.088953488372093,0.757425742574257,0.242574257425743,0.1,0.21956735581344,0,0.00255102040816327,0,51,3998,0.987243621810905,"TMMwsp",FALSE,FALSE,0.965038672170608,"batch_removed",24,2,5,699637.5
9866,123,116,7,1720,0.0674418604651163,0.943089430894309,0.056910569105691,0.1,0.236463267430651,0,0.00255102040816327,0,51,3998,0.987243621810905,"TMMwsp",FALSE,FALSE,1.18942952910685,"batch_ignored",24,2,5,699637.5
12090,125,119,6,1720,0.0691860465116279,0.952,0.048,0.1,0.243138106166153,0,0.00255102040816327,0,51,3708,0.986245954692557,"TMMwsp",TRUE,FALSE,1.33864978444684,"fix_filter",24,2,5,699637.5
11081,214,197,17,1720,0.11453488372093,0.920560747663551,0.0794392523364486,0.1,0.286772259080207,0,0.00239808153477218,0,83,3662,0.977334789732387,"TMMwsp",TRUE,FALSE,1.1689274074698,"ctc_pipeline",24,3,8,712729.5
3886,179,168,11,1720,0.0976744186046512,0.93854748603352,0.0614525139664804,0.05,0.215370684576607,0,0,0,0,0,NA,"TMM",TRUE,FALSE,0.618744952719935,"edger_default",24,3,8,712729.5
7557,187,174,13,1720,0.101162790697674,0.93048128342246,0.0695187165775401,0.1,0.247057108441854,0,0,0,83,3671,0.977390356850994,"TMMwsp",TRUE,FALSE,0.672975995107059,"ablate_filter",24,3,8,712729.5
7419,221,203,18,1720,0.118023255813953,0.918552036199095,0.081447963800905,0.1,0.262149871359177,0,0.00239808153477218,0,0,0,NA,"TMMwsp",TRUE,FALSE,1.10972151830174,"ablate_exclusive",24,3,8,712729.5
11081,211,195,16,1720,0.113372093023256,0.924170616113744,0.0758293838862559,0.1,0.288503689196453,0,0.00239808153477218,0,83,3662,0.977334789732387,"TMM",TRUE,FALSE,1.17802736396973,"ablate_tmmwsp",24,3,8,712729.5
11081,214,197,17,1720,0.11453488372093,0.920560747663551,0.0794392523364486,0.1,0.287233598560414,0,0.00239808153477218,0,83,3662,0.977334789732387,"TMMwsp",TRUE,FALSE,1.1689274074698,"ablate_priorcount",24,3,8,712729.5
11081,177,171,6,1720,0.0994186046511628,0.966101694915254,0.0338983050847458,0.05,0.287005488094708,0,0,0,83,3662,0.977334789732387,"TMMwsp",TRUE,FALSE,1.1689274074698,"ablate_fdr",24,3,8,712729.5
11081,214,197,17,1720,0.11453488372093,0.920560747663551,0.0794392523364486,0.1,0.287194066183362,0,0.00239808153477218,0,83,3662,0.977334789732387,"TMMwsp",TRUE,FALSE,1.1689274074698,"ablate_shrinkfloor",24,3,8,712729.5
11081,214,197,17,1720,0.11453488372093,0.920560747663551,0.0794392523364486,0.1,0.286876807969513,0,0.00239808153477218,0,83,3662,0.977334789732387,"TMMwsp",TRUE,FALSE,1.1689274074698,"ablate_lowinput",24,3,8,712729.5
9716,242,204,38,1720,0.118604651162791,0.84297520661157,0.15702479338843,0.1,0.259531827472545,0,0.00239808153477218,0,83,3672,0.97739651416122,"TMMwsp",FALSE,FALSE,0.96205236377263,"batch_removed",24,3,8,712729.5
9716,191,176,15,1720,0.102325581395349,0.921465968586387,0.0785340314136126,0.1,0.270645250712947,0,0.00239808153477218,0,83,3672,0.97739651416122,"TMMwsp",FALSE,FALSE,1.11392118924424,"batch_ignored",24,3,8,712729.5
11081,214,197,17,1720,0.11453488372093,0.920560747663551,0.0794392523364486,0.1,0.286434755985083,0,0.00239808153477218,0,83,3662,0.977334789732387,"TMMwsp",TRUE,FALSE,1.1689274074698,"fix_filter",24,3,8,712729.5
11844,69,66,3,1720,0.0383720930232558,0.956521739130435,0.0434782608695652,0.1,0.196516959263546,0,0,0,56,3337,0.987413844770752,"TMMwsp",TRUE,FALSE,1.20187004119913,"ctc_pipeline",25,1,3,788084
4184,77,70,7,1720,0.0406976744186047,0.909090909090909,0.0909090909090909,0.05,0.177667236554527,0,0,0,0,0,NA,"TMM",TRUE,FALSE,0.738302079993645,"edger_default",25,1,3,788084
8756,72,69,3,1720,0.0401162790697674,0.958333333333333,0.0416666666666667,0.1,0.193982813162689,0,0,0,56,4572,0.987751531058618,"TMMwsp",TRUE,FALSE,0.84006977252591,"ablate_filter",25,1,3,788084
8507,76,71,5,1720,0.0412790697674419,0.93421052631579,0.0657894736842105,0.1,0.190738467024403,0,0,0,14,0,NA,"TMMwsp",TRUE,FALSE,1.12540845607022,"ablate_exclusive",25,1,3,788084
11844,63,59,4,1720,0.0343023255813954,0.936507936507937,0.0634920634920635,0.1,0.190242069335062,0,0,0,56,3337,0.987413844770752,"TMM",TRUE,FALSE,1.20862916975919,"ablate_tmmwsp",25,1,3,788084
11844,69,66,3,1720,0.0383720930232558,0.956521739130435,0.0434782608695652,0.1,0.196640596272394,0,0,0,56,3337,0.987413844770752,"TMMwsp",TRUE,FALSE,1.20187004119913,"ablate_priorcount",25,1,3,788084
11844,65,63,2,1720,0.0366279069767442,0.969230769230769,0.0307692307692308,0.05,0.196721553840968,0,0,0,56,3337,0.987413844770752,"TMMwsp",TRUE,FALSE,1.20187004119913,"ablate_fdr",25,1,3,788084
11844,69,66,3,1720,0.0383720930232558,0.956521739130435,0.0434782608695652,0.1,0.196506209236009,0,0,0,56,3337,0.987413844770752,"TMMwsp",TRUE,FALSE,1.20187004119913,"ablate_shrinkfloor",25,1,3,788084
11844,69,66,3,1720,0.0383720930232558,0.956521739130435,0.0434782608695652,0.1,0.196428311945183,0,0,0,56,3337,0.987413844770752,"TMMwsp",TRUE,FALSE,1.20187004119913,"ablate_lowinput",25,1,3,788084
10813,187,113,74,1720,0.0656976744186046,0.60427807486631,0.39572192513369,0.1,0.176146184292182,0,0,0,56,4372,0.987877401646844,"TMMwsp",FALSE,FALSE,0.779286292050522,"batch_removed",25,1,3,788084
10813,58,56,2,1720,0.0325581395348837,0.96551724137931,0.0344827586206897,0.1,0.193451155269042,0,0,0,56,4372,0.987877401646844,"TMMwsp",FALSE,FALSE,1.23785808953397,"batch_ignored",25,1,3,788084
11844,69,66,3,1720,0.0383720930232558,0.956521739130435,0.0434782608695652,0.1,0.196565350819291,0,0,0,56,3337,0.987413844770752,"TMMwsp",TRUE,FALSE,1.20187004119913,"fix_filter",25,1,3,788084
12164,90,86,4,1720,0.05,0.955555555555556,0.0444444444444444,0.1,0.22849630387518,0,0,0,72,3750,0.9816,"TMMwsp",TRUE,FALSE,1.33282157041256,"ctc_pipeline",25,2,5,757666.5
4064,91,88,3,1720,0.0511627906976744,0.967032967032967,0.032967032967033,0.05,0.191438981170208,0,0,0,0,0,NA,"TMM",TRUE,FALSE,0.7490259535568,"edger_default",25,2,5,757666.5
8146,102,95,7,1720,0.0552325581395349,0.931372549019608,0.0686274509803922,0.1,0.215422030179933,0,0,0,72,4082,0.982361587457129,"TMMwsp",TRUE,FALSE,0.82563413368341,"ablate_filter",25,2,5,757666.5
8414,114,105,9,1720,0.061046511627907,0.921052631578947,0.0789473684210526,0.1,0.218071582999562,0,0,0,3,0,NA,"TMMwsp",TRUE,FALSE,1.26844166267965,"ablate_exclusive",25,2,5,757666.5
12164,87,83,4,1720,0.0482558139534884,0.954022988505747,0.0459770114942529,0.1,0.227600798161561,0,0,0,72,3750,0.9816,"TMM",TRUE,FALSE,1.3456924149778,"ablate_tmmwsp",25,2,5,757666.5
12164,90,86,4,1720,0.05,0.955555555555556,0.0444444444444444,0.1,0.22849944870091,0,0,0,72,3750,0.9816,"TMMwsp",TRUE,FALSE,1.33282157041256,"ablate_priorcount",25,2,5,757666.5
12164,73,71,2,1720,0.0412790697674419,0.972602739726027,0.0273972602739726,0.05,0.228736884054942,0,0,0,72,3750,0.9816,"TMMwsp",TRUE,FALSE,1.33282157041256,"ablate_fdr",25,2,5,757666.5
12164,90,86,4,1720,0.05,0.955555555555556,0.0444444444444444,0.1,0.228448739160826,0,0,0,72,3750,0.9816,"TMMwsp",TRUE,FALSE,1.33282157041256,"ablate_shrinkfloor",25,2,5,757666.5
12164,90,86,4,1720,0.05,0.955555555555556,0.0444444444444444,0.1,0.228718714427548,0,0,0,72,3750,0.9816,"TMMwsp",TRUE,FALSE,1.33282157041256,"ablate_lowinput",25,2,5,757666.5
9991,155,120,35,1720,0.0697674418604651,0.774193548387097,0.225806451612903,0.1,0.202761120099138,0,0,0,72,4082,0.982361587457129,"TMMwsp",FALSE,FALSE,0.943038407748874,"batch_removed",25,2,5,757666.5
9991,87,84,3,1720,0.0488372093023256,0.96551724137931,0.0344827586206897,0.1,0.21816326517485,0,0,0,72,4082,0.982361587457129,"TMMwsp",FALSE,FALSE,1.18189418825447,"batch_ignored",25,2,5,757666.5
12164,90,86,4,1720,0.05,0.955555555555556,0.0444444444444444,0.1,0.228634571043978,0,0,0,72,3750,0.9816,"TMMwsp",TRUE,FALSE,1.33282157041256,"fix_filter",25,2,5,757666.5
10951,216,200,16,1720,0.116279069767442,0.925925925925926,0.0740740740740741,0.1,0.287977334009856,0,0.00232018561484919,0,87,3701,0.976492839773034,"TMMwsp",TRUE,FALSE,1.16239301977329,"ctc_pipeline",25,3,8,749949.5
3712,171,163,8,1720,0.0947674418604651,0.953216374269006,0.0467836257309941,0.05,0.215317017222346,0,0,0,0,0,NA,"TMM",TRUE,FALSE,0.596405428337279,"edger_default",25,3,8,749949.5
7425,182,173,9,1720,0.100581395348837,0.95054945054945,0.0494505494505494,0.1,0.253313631867764,0,0,0,87,3713,0.976568812281174,"TMMwsp",TRUE,FALSE,0.654366280187176,"ablate_filter",25,3,8,749949.5
7250,234,208,26,1720,0.12093023255814,0.888888888888889,0.111111111111111,0.1,0.258498519292555,0,0,0,0,0,NA,"TMMwsp",TRUE,FALSE,1.10240329427601,"ablate_exclusive",25,3,8,749949.5
10951,213,198,15,1720,0.115116279069767,0.929577464788732,0.0704225352112676,0.1,0.287851580847499,0,0.00232018561484919,0,87,3701,0.976492839773034,"TMM",TRUE,FALSE,1.17188122570522,"ablate_tmmwsp",25,3,8,749949.5
10951,216,200,16,1720,0.116279069767442,0.925925925925926,0.0740740740740741,0.1,0.287833069308925,0,0.00232018561484919,0,87,3701,0.976492839773034,"TMMwsp",TRUE,FALSE,1.16239301977329,"ablate_priorcount",25,3,8,749949.5
10951,184,176,8,1720,0.102325581395349,0.956521739130435,0.0434782608695652,0.05,0.287634518627774,0,0.00232018561484919,0,87,3701,0.976492839773034,"TMMwsp",TRUE,FALSE,1.16239301977329,"ablate_fdr",25,3,8,749949.5
10951,216,200,16,1720,0.116279069767442,0.925925925925926,0.0740740740740741,0.1,0.287778428136509,0,0.00232018561484919,0,87,3701,0.976492839773034,"TMMwsp",TRUE,FALSE,1.16239301977329,"ablate_shrinkfloor",25,3,8,749949.5
10951,216,200,16,1720,0.116279069767442,0.925925925925926,0.0740740740740741,0.1,0.287483770174035,0,0.00232018561484919,0,87,3701,0.976492839773034,"TMMwsp",TRUE,FALSE,1.16239301977329,"ablate_lowinput",25,3,8,749949.5
9545,231,202,29,1720,0.117441860465116,0.874458874458874,0.125541125541126,0.1,0.268865078748832,0,0.00232018561484919,0,87,3713,0.976568812281174,"TMMwsp",FALSE,FALSE,0.95040806685588,"batch_removed",25,3,8,749949.5
9545,204,190,14,1720,0.11046511627907,0.931372549019608,0.0686274509803922,0.1,0.277563674449,0,0.00232018561484919,0,87,3713,0.976568812281174,"TMMwsp",FALSE,FALSE,1.09246055020343,"batch_ignored",25,3,8,749949.5
10951,216,200,16,1720,0.116279069767442,0.925925925925926,0.0740740740740741,0.1,0.287824964004883,0,0.00232018561484919,0,87,3701,0.976492839773034,"TMMwsp",TRUE,FALSE,1.16239301977329,"fix_filter",25,3,8,749949.5
12083,65,62,3,1720,0.036046511627907,0.953846153846154,0.0461538461538462,0.1,0.206670791855703,0,0,0,60,3217,0.983525023313646,"TMMwsp",TRUE,FALSE,1.15741546000274,"ctc_pipeline",26,1,3,983645.5
4789,60,58,2,1720,0.0337209302325581,0.966666666666667,0.0333333333333333,0.05,0.187431620824192,0,0,0,0,0,NA,"TMM",TRUE,FALSE,0.757086189769094,"edger_default",26,1,3,983645.5
9098,65,62,3,1720,0.036046511627907,0.953846153846154,0.0461538461538462,0.1,0.204704435094172,0,0,0,60,4309,0.986075655604549,"TMMwsp",TRUE,FALSE,0.85259056437134,"ablate_filter",26,1,3,983645.5
8866,68,65,3,1720,0.0377906976744186,0.955882352941177,0.0441176470588235,0.1,0.198714586496423,0,0,0,7,0,NA,"TMMwsp",TRUE,FALSE,1.08309070881353,"ablate_exclusive",26,1,3,983645.5
12083,55,53,2,1720,0.0308139534883721,0.963636363636364,0.0363636363636364,0.1,0.200598738481715,0,0,0,60,3217,0.983525023313646,"TMM",TRUE,FALSE,1.16290857213564,"ablate_tmmwsp",26,1,3,983645.5
12083,65,62,3,1720,0.036046511627907,0.953846153846154,0.0461538461538462,0.1,0.206737793179243,0,0,0,60,3217,0.983525023313646,"TMMwsp",TRUE,FALSE,1.15741546000274,"ablate_priorcount",26,1,3,983645.5
12083,54,53,1,1720,0.0308139534883721,0.981481481481482,0.0185185185185185,0.05,0.206789912286405,0,0,0,60,3217,0.983525023313646,"TMMwsp",TRUE,FALSE,1.15741546000274,"ablate_fdr",26,1,3,983645.5
12083,65,62,3,1720,0.036046511627907,0.953846153846154,0.0461538461538462,0.1,0.206915662026535,0,0,0,60,3217,0.983525023313646,"TMMwsp",TRUE,FALSE,1.15741546000274,"ablate_shrinkfloor",26,1,3,983645.5
12083,65,62,3,1720,0.036046511627907,0.953846153846154,0.0461538461538462,0.1,0.20677621192316,0,0,0,60,3217,0.983525023313646,"TMMwsp",TRUE,FALSE,1.15741546000274,"ablate_lowinput",26,1,3,983645.5
10931,145,105,40,1720,0.061046511627907,0.724137931034483,0.275862068965517,0.1,0.186885781521255,0,0,0,60,4176,0.985871647509579,"TMMwsp",FALSE,FALSE,0.771196890289439,"batch_removed",26,1,3,983645.5
10931,59,57,2,1720,0.0331395348837209,0.966101694915254,0.0338983050847458,0.1,0.206399406293818,0,0,0,60,4176,0.985871647509579,"TMMwsp",FALSE,FALSE,1.19092894176978,"batch_ignored",26,1,3,983645.5
12083,65,62,3,1720,0.036046511627907,0.953846153846154,0.0461538461538462,0.1,0.20690333598675,0,0,0,60,3217,0.983525023313646,"TMMwsp",TRUE,FALSE,1.15741546000274,"fix_filter",26,1,3,983645.5
12092,107,100,7,1720,0.0581395348837209,0.934579439252336,0.0654205607476635,0.1,0.220987357652486,0,0,0,70,3798,0.982885729331227,"TMMwsp",TRUE,FALSE,1.3348329066207,"ctc_pipeline",26,2,5,860767.5
4267,116,107,9,1720,0.0622093023255814,0.922413793103448,0.0775862068965517,0.05,0.194684654833617,0,0,0,0,0,NA,"TMM",TRUE,FALSE,0.796149875304313,"edger_default",26,2,5,860767.5
8433,114,106,8,1720,0.0616279069767442,0.929824561403509,0.0701754385964912,0.1,0.216269497686187,0,0,0,70,4166,0.983197311569851,"TMMwsp",TRUE,FALSE,0.883176962100509,"ablate_filter",26,2,5,860767.5
8294,119,107,12,1720,0.0622093023255814,0.899159663865546,0.100840336134454,0.1,0.20841185571723,0,0,0,5,0,NA,"TMMwsp",TRUE,FALSE,1.26351528342287,"ablate_exclusive",26,2,5,860767.5
12092,106,99,7,1720,0.0575581395348837,0.933962264150943,0.0660377358490566,0.1,0.221559589016588,0,0,0,70,3798,0.982885729331227,"TMM",TRUE,FALSE,1.35352756105724,"ablate_tmmwsp",26,2,5,860767.5
12092,107,100,7,1720,0.0581395348837209,0.934579439252336,0.0654205607476635,0.1,0.221074149530124,0,0,0,70,3798,0.982885729331227,"TMMwsp",TRUE,FALSE,1.3348329066207,"ablate_priorcount",26,2,5,860767.5
12092,90,87,3,1720,0.0505813953488372,0.966666666666667,0.0333333333333333,0.05,0.221169249048074,0,0,0,70,3798,0.982885729331227,"TMMwsp",TRUE,FALSE,1.3348329066207,"ablate_fdr",26,2,5,860767.5
12092,107,100,7,1720,0.0581395348837209,0.934579439252336,0.0654205607476635,0.1,0.220878804139453,0,0,0,70,3798,0.982885729331227,"TMMwsp",TRUE,FALSE,1.3348329066207,"ablate_shrinkfloor",26,2,5,860767.5
12092,107,100,7,1720,0.0581395348837209,0.934579439252336,0.0654205607476635,0.1,0.221064931536595,0,0,0,70,3798,0.982885729331227,"TMMwsp",TRUE,FALSE,1.3348329066207,"ablate_lowinput",26,2,5,860767.5
9938,169,127,42,1720,0.0738372093023256,0.751479289940828,0.248520710059172,0.1,0.196841575850101,0,0,0,70,4161,0.983177120884403,"TMMwsp",FALSE,FALSE,0.938854839182108,"batch_removed",26,2,5,860767.5
9938,106,97,9,1720,0.0563953488372093,0.915094339622642,0.0849056603773585,0.1,0.216721882696702,0,0,0,70,4161,0.983177120884403,"TMMwsp",FALSE,FALSE,1.16527585546192,"batch_ignored",26,2,5,860767.5
12092,107,100,7,1720,0.0581395348837209,0.934579439252336,0.0654205607476635,0.1,0.220978363839842,0,0,0,70,3798,0.982885729331227,"TMMwsp",TRUE,FALSE,1.3348329066207,"fix_filter",26,2,5,860767.5
11240,262,242,20,1720,0.140697674418605,0.923664122137405,0.0763358778625954,0.1,0.298693746065456,0,0,0,94,3750,0.974933333333333,"TMMwsp",TRUE,FALSE,1.14159257523247,"ctc_pipeline",26,3,8,812737
3955,199,193,6,1720,0.112209302325581,0.969849246231156,0.0301507537688442,0.05,0.229891334346287,0,0,0,0,0,NA,"TMM",TRUE,FALSE,0.614789134007885,"edger_default",26,3,8,812737
7716,212,203,9,1720,0.118023255813953,0.957547169811321,0.0424528301886792,0.1,0.266725065957731,0,0,0,94,3761,0.975006647168306,"TMMwsp",TRUE,FALSE,0.669700743982775,"ablate_filter",26,3,8,812737
7490,275,243,32,1720,0.141279069767442,0.883636363636364,0.116363636363636,0.1,0.266632744667426,0,0,0,0,0,NA,"TMMwsp",TRUE,FALSE,1.08776427542535,"ablate_exclusive",26,3,8,812737
11240,248,233,15,1720,0.13546511627907,0.939516129032258,0.0604838709677419,0.1,0.295930408452176,0,0,0,94,3750,0.974933333333333,"TMM",TRUE,FALSE,1.1556147661845,"ablate_tmmwsp",26,3,8,812737
11240,262,242,20,1720,0.140697674418605,0.923664122137405,0.0763358778625954,0.1,0.298587346774611,0,0,0,94,3750,0.974933333333333,"TMMwsp",TRUE,FALSE,1.14159257523247,"ablate_priorcount",26,3,8,812737
11240,213,204,9,1720,0.118604651162791,0.957746478873239,0.0422535211267606,0.05,0.298653208174997,0,0,0,94,3750,0.974933333333333,"TMMwsp",TRUE,FALSE,1.14159257523247,"ablate_fdr",26,3,8,812737
11240,262,242,20,1720,0.140697674418605,0.923664122137405,0.0763358778625954,0.1,0.298572667227741,0,0,0,94,3750,0.974933333333333,"TMMwsp",TRUE,FALSE,1.14159257523247,"ablate_shrinkfloor",26,3,8,812737
11240,262,242,20,1720,0.140697674418605,0.923664122137405,0.0763358778625954,0.1,0.298975372665854,0,0,0,94,3750,0.974933333333333,"TMMwsp",TRUE,FALSE,1.14159257523247,"ablate_lowinput",26,3,8,812737
9846,284,234,50,1720,0.136046511627907,0.823943661971831,0.176056338028169,0.1,0.273581913262714,0,0,0,94,3762,0.975013290802764,"TMMwsp",FALSE,FALSE,0.941197177207175,"batch_removed",26,3,8,812737
9846,226,212,14,1720,0.123255813953488,0.938053097345133,0.0619469026548673,0.1,0.286156771794921,0,0,0,94,3762,0.975013290802764,"TMMwsp",FALSE,FALSE,1.08387909592425,"batch_ignored",26,3,8,812737
11240,262,242,20,1720,0.140697674418605,0.923664122137405,0.0763358778625954,0.1,0.299128989698846,0,0,0,94,3750,0.974933333333333,"TMMwsp",TRUE,FALSE,1.14159257523247,"fix_filter",26,3,8,812737
12628,54,53,1,1720,0.0308139534883721,0.981481481481482,0.0185185185185185,0.1,0.209997662890804,0,0,0,47,3168,0.988320707070707,"TMMwsp",TRUE,FALSE,1.10815271532515,"ctc_pipeline",27,1,3,1031062
4992,60,59,1,1720,0.0343023255813954,0.983333333333333,0.0166666666666667,0.05,0.196922683712871,0,0,0,0,0,NA,"TMM",TRUE,FALSE,0.711218735946607,"edger_default",27,1,3,1031062
9140,62,58,4,1720,0.0337209302325581,0.935483870967742,0.0645161290322581,0.1,0.204941995981126,0,0,0,47,4148,0.988669238187078,"TMMwsp",TRUE,FALSE,0.765595974329415,"ablate_filter",27,1,3,1031062
9460,62,60,2,1720,0.0348837209302326,0.967741935483871,0.032258064516129,0.1,0.205700542572838,0,0,0,10,0,NA,"TMMwsp",TRUE,FALSE,1.06518008257488,"ablate_exclusive",27,1,3,1031062
12628,54,53,1,1720,0.0308139534883721,0.981481481481482,0.0185185185185185,0.1,0.214181911177326,0,0,0,47,3168,0.988320707070707,"TMM",TRUE,FALSE,1.12387172275214,"ablate_tmmwsp",27,1,3,1031062
12628,54,53,1,1720,0.0308139534883721,0.981481481481482,0.0185185185185185,0.1,0.210150242510893,0,0,0,47,3168,0.988320707070707,"TMMwsp",TRUE,FALSE,1.10815271532515,"ablate_priorcount",27,1,3,1031062
12628,45,44,1,1720,0.0255813953488372,0.977777777777778,0.0222222222222222,0.05,0.209991659149552,0,0,0,47,3168,0.988320707070707,"TMMwsp",TRUE,FALSE,1.10815271532515,"ablate_fdr",27,1,3,1031062
12628,54,53,1,1720,0.0308139534883721,0.981481481481482,0.0185185185185185,0.1,0.209793936059387,0,0,0,47,3168,0.988320707070707,"TMMwsp",TRUE,FALSE,1.10815271532515,"ablate_shrinkfloor",27,1,3,1031062
12628,54,53,1,1720,0.0308139534883721,0.981481481481482,0.0185185185185185,0.1,0.210056138981984,0,0,0,47,3168,0.988320707070707,"TMMwsp",TRUE,FALSE,1.10815271532515,"ablate_lowinput",27,1,3,1031062
11352,146,107,39,1720,0.0622093023255814,0.732876712328767,0.267123287671233,0.1,0.194208378892471,0,0,0,47,4047,0.98838645910551,"TMMwsp",FALSE,FALSE,0.746187832320529,"batch_removed",27,1,3,1031062
11352,45,44,1,1720,0.0255813953488372,0.977777777777778,0.0222222222222222,0.1,0.2071056224179,0,0,0,47,4047,0.98838645910551,"TMMwsp",FALSE,FALSE,1.12676750280438,"batch_ignored",27,1,3,1031062
12628,54,53,1,1720,0.0308139534883721,0.981481481481482,0.0185185185185185,0.1,0.209947634372024,0,0,0,47,3168,0.988320707070707,"TMMwsp",TRUE,FALSE,1.10815271532515,"fix_filter",27,1,3,1031062
12366,124,118,6,1720,0.0686046511627907,0.951612903225806,0.0483870967741935,0.1,0.244426264470336,0,0,0,61,3683,0.984795004072767,"TMMwsp",TRUE,FALSE,1.28002451493324,"ctc_pipeline",27,2,5,814415.5
4314,134,124,10,1720,0.072093023255814,0.925373134328358,0.0746268656716418,0.05,0.20932184874825,0,0,0,0,0,NA,"TMM",TRUE,FALSE,0.7083019739271,"edger_default",27,2,5,814415.5
8328,138,128,10,1720,0.0744186046511628,0.927536231884058,0.072463768115942,0.1,0.235767369206919,0,0,0,61,4014,0.984803188839063,"TMMwsp",TRUE,FALSE,0.787447924094532,"ablate_filter",27,2,5,814415.5
8683,136,125,11,1720,0.0726744186046512,0.919117647058823,0.0808823529411765,0.1,0.232580883887516,0,0,0,5,0,NA,"TMMwsp",TRUE,FALSE,1.21426049335154,"ablate_exclusive",27,2,5,814415.5
12366,121,115,6,1720,0.0668604651162791,0.950413223140496,0.0495867768595041,0.1,0.244038489786139,0,0,0,61,3683,0.984795004072767,"TMM",TRUE,FALSE,1.2946901280415,"ablate_tmmwsp",27,2,5,814415.5
12366,124,118,6,1720,0.0686046511627907,0.951612903225806,0.0483870967741935,0.1,0.244396726003608,0,0,0,61,3683,0.984795004072767,"TMMwsp",TRUE,FALSE,1.28002451493324,"ablate_priorcount",27,2,5,814415.5
12366,101,98,3,1720,0.0569767441860465,0.97029702970297,0.0297029702970297,0.05,0.244459712026006,0,0,0,61,3683,0.984795004072767,"TMMwsp",TRUE,FALSE,1.28002451493324,"ablate_fdr",27,2,5,814415.5
12366,124,118,6,1720,0.0686046511627907,0.951612903225806,0.0483870967741935,0.1,0.244177675735438,0,0,0,61,3683,0.984795004072767,"TMMwsp",TRUE,FALSE,1.28002451493324,"ablate_shrinkfloor",27,2,5,814415.5
12366,124,118,6,1720,0.0686046511627907,0.951612903225806,0.0483870967741935,0.1,0.244376986980084,0,0,0,61,3683,0.984795004072767,"TMMwsp",TRUE,FALSE,1.28002451493324,"ablate_lowinput",27,2,5,814415.5
10225,185,141,44,1720,0.0819767441860465,0.762162162162162,0.237837837837838,0.1,0.227006262445928,0,0,0,61,4009,0.984784235470192,"TMMwsp",FALSE,FALSE,0.924492959048935,"batch_removed",27,2,5,814415.5
10225,119,111,8,1720,0.0645348837209302,0.932773109243697,0.0672268907563025,0.1,0.240086138997295,0,0,0,61,4009,0.984784235470192,"TMMwsp",FALSE,FALSE,1.15696623780632,"batch_ignored",27,2,5,814415.5
12366,124,118,6,1720,0.0686046511627907,0.951612903225806,0.0483870967741935,0.1,0.244392262165807,0,0,0,61,3683,0.984795004072767,"TMMwsp",TRUE,FALSE,1.28002451493324,"fix_filter",27,2,5,814415.5
11230,229,210,19,1720,0.122093023255814,0.91703056768559,0.0829694323144105,0.1,0.31668589875678,0,0.00249376558603491,0,89,3635,0.975515818431912,"TMMwsp",TRUE,FALSE,1.1349753528582,"ctc_pipeline",27,3,8,970538.5
4069,189,179,10,1720,0.10406976744186,0.947089947089947,0.0529100529100529,0.05,0.235390766564997,0,0,0,0,0,NA,"TMM",TRUE,FALSE,0.617690871405415,"edger_default",27,3,8,970538.5
7708,204,187,17,1720,0.108720930232558,0.916666666666667,0.0833333333333333,0.1,0.269991041158386,0,0,0,89,3639,0.975542731519648,"TMMwsp",TRUE,FALSE,0.666805116161794,"ablate_filter",27,3,8,970538.5
7595,244,219,25,1720,0.127325581395349,0.897540983606557,0.102459016393443,0.1,0.28539648009137,0,0,0,0,0,NA,"TMMwsp",TRUE,FALSE,1.08175761161133,"ablate_exclusive",27,3,8,970538.5
11230,233,214,19,1720,0.124418604651163,0.918454935622318,0.0815450643776824,0.1,0.319000309256434,0,0.00249376558603491,0,89,3635,0.975515818431912,"TMM",TRUE,FALSE,1.14725126907769,"ablate_tmmwsp",27,3,8,970538.5
11230,229,210,19,1720,0.122093023255814,0.91703056768559,0.0829694323144105,0.1,0.316573391118884,0,0.00249376558603491,0,89,3635,0.975515818431912,"TMMwsp",TRUE,FALSE,1.1349753528582,"ablate_priorcount",27,3,8,970538.5
11230,190,182,8,1720,0.105813953488372,0.957894736842105,0.0421052631578947,0.05,0.316079604294861,0,0,0,89,3635,0.975515818431912,"TMMwsp",TRUE,FALSE,1.1349753528582,"ablate_fdr",27,3,8,970538.5
11230,229,210,19,1720,0.122093023255814,0.91703056768559,0.0829694323144105,0.1,0.31655972396735,0,0.00249376558603491,0,89,3635,0.975515818431912,"TMMwsp",TRUE,FALSE,1.1349753528582,"ablate_shrinkfloor",27,3,8,970538.5
11230,229,210,19,1720,0.122093023255814,0.91703056768559,0.0829694323144105,0.1,0.316626570486862,0,0.00249376558603491,0,89,3635,0.975515818431912,"TMMwsp",TRUE,FALSE,1.1349753528582,"ablate_lowinput",27,3,8,970538.5
9806,287,227,60,1720,0.131976744186047,0.790940766550523,0.209059233449477,0.1,0.282064247438887,0,0.00249376558603491,0,89,3639,0.975542731519648,"TMMwsp",FALSE,FALSE,0.927486950558666,"batch_removed",27,3,8,970538.5
9806,228,208,20,1720,0.12093023255814,0.912280701754386,0.087719298245614,0.1,0.298894090467486,0,0.00249376558603491,0,89,3639,0.975542731519648,"TMMwsp",FALSE,FALSE,1.0775499753704,"batch_ignored",27,3,8,970538.5
11230,229,210,19,1720,0.122093023255814,0.91703056768559,0.0829694323144105,0.1,0.3166112807087,0,0.00249376558603491,0,89,3635,0.975515818431912,"TMMwsp",TRUE,FALSE,1.1349753528582,"fix_filter",27,3,8,970538.5
12077,67,66,1,1720,0.0383720930232558,0.985074626865672,0.0149253731343284,0.1,0.198198738025108,0,0,0,58,3312,0.985507246376812,"TMMwsp",TRUE,FALSE,1.20368552072353,"ctc_pipeline",28,1,3,794862.5
4407,70,68,2,1720,0.0395348837209302,0.971428571428571,0.0285714285714286,0.05,0.183049234895418,0,0,0,0,0,NA,"TMM",TRUE,FALSE,0.766586731943427,"edger_default",28,1,3,794862.5
9008,71,70,1,1720,0.0406976744186047,0.985915492957746,0.0140845070422535,0.1,0.196868754994967,0,0,0,58,4601,0.987394044772876,"TMMwsp",TRUE,FALSE,0.859336404272175,"ablate_filter",28,1,3,794862.5
8765,74,73,1,1720,0.0424418604651163,0.986486486486487,0.0135135135135135,0.1,0.191811023182687,0,0,0,10,0,NA,"TMMwsp",TRUE,FALSE,1.14647933682161,"ablate_exclusive",28,1,3,794862.5
12077,61,60,1,1720,0.0348837209302326,0.983606557377049,0.0163934426229508,0.1,0.193396238553715,0,0,0,58,3312,0.985507246376812,"TMM",TRUE,FALSE,1.20358642586272,"ablate_tmmwsp",28,1,3,794862.5
12077,67,66,1,1720,0.0383720930232558,0.985074626865672,0.0149253731343284,0.1,0.197760711349981,0,0,0,58,3312,0.985507246376812,"TMMwsp",TRUE,FALSE,1.20368552072353,"ablate_priorcount",28,1,3,794862.5
12077,54,53,1,1720,0.0308139534883721,0.981481481481482,0.0185185185185185,0.05,0.198178507259099,0,0,0,58,3312,0.985507246376812,"TMMwsp",TRUE,FALSE,1.20368552072353,"ablate_fdr",28,1,3,794862.5
12077,67,66,1,1720,0.0383720930232558,0.985074626865672,0.0149253731343284,0.1,0.198464081069413,0,0,0,58,3312,0.985507246376812,"TMMwsp",TRUE,FALSE,1.20368552072353,"ablate_shrinkfloor",28,1,3,794862.5
12077,67,66,1,1720,0.0383720930232558,0.985074626865672,0.0149253731343284,0.1,0.197994354671971,0,0,0,58,3312,0.985507246376812,"TMMwsp",TRUE,FALSE,1.20368552072353,"ablate_lowinput",28,1,3,794862.5
10972,172,101,71,1720,0.0587209302325581,0.587209302325581,0.412790697674419,0.1,0.170875495944863,0,0,0,58,4377,0.986748914781814,"TMMwsp",FALSE,FALSE,0.761858686436904,"batch_removed",28,1,3,794862.5
10972,55,54,1,1720,0.0313953488372093,0.981818181818182,0.0181818181818182,0.1,0.197176024211247,0,0,0,58,4377,0.986748914781814,"TMMwsp",FALSE,FALSE,1.23674547077267,"batch_ignored",28,1,3,794862.5
12077,67,66,1,1720,0.0383720930232558,0.985074626865672,0.0149253731343284,0.1,0.197915866803485,0,0,0,58,3312,0.985507246376812,"TMMwsp",TRUE,FALSE,1.20368552072353,"fix_filter",28,1,3,794862.5
12281,113,108,5,1720,0.0627906976744186,0.955752212389381,0.0442477876106195,0.1,0.236599209312224,0,0,0,43,3728,0.988465665236052,"TMMwsp",TRUE,FALSE,1.30659575280797,"ctc_pipeline",28,2,5,986877.5
4486,126,119,7,1720,0.0691860465116279,0.944444444444444,0.0555555555555556,0.05,0.206210534073776,0,0,0,0,0,NA,"TMM",TRUE,FALSE,0.790891749034311,"edger_default",28,2,5,986877.5
8618,121,115,6,1720,0.0668604651162791,0.950413223140496,0.0495867768595041,0.1,0.227411992981574,0,0,0,43,4132,0.989593417231365,"TMMwsp",TRUE,FALSE,0.888109965704136,"ablate_filter",28,2,5,986877.5
8553,125,118,7,1720,0.0686046511627907,0.944,0.056,0.1,0.220482614683564,0,0,0,0,0,NA,"TMMwsp",TRUE,FALSE,1.22948076346965,"ablate_exclusive",28,2,5,986877.5
12281,122,116,6,1720,0.0674418604651163,0.950819672131147,0.0491803278688525,0.1,0.237468358440068,0,0,0,43,3728,0.988465665236052,"TMM",TRUE,FALSE,1.3133247034249,"ablate_tmmwsp",28,2,5,986877.5
12281,113,108,5,1720,0.0627906976744186,0.955752212389381,0.0442477876106195,0.1,0.236407619329719,0,0,0,43,3728,0.988465665236052,"TMMwsp",TRUE,FALSE,1.30659575280797,"ablate_priorcount",28,2,5,986877.5
12281,97,94,3,1720,0.0546511627906977,0.969072164948454,0.0309278350515464,0.05,0.236769006011946,0,0,0,43,3728,0.988465665236052,"TMMwsp",TRUE,FALSE,1.30659575280797,"ablate_fdr",28,2,5,986877.5
12281,113,108,5,1720,0.0627906976744186,0.955752212389381,0.0442477876106195,0.1,0.236479167599239,0,0,0,43,3728,0.988465665236052,"TMMwsp",TRUE,FALSE,1.30659575280797,"ablate_shrinkfloor",28,2,5,986877.5
12281,113,108,5,1720,0.0627906976744186,0.955752212389381,0.0442477876106195,0.1,0.237028086833501,0,0,0,43,3728,0.988465665236052,"TMMwsp",TRUE,FALSE,1.30659575280797,"ablate_lowinput",28,2,5,986877.5
10217,177,140,37,1720,0.0813953488372093,0.790960451977401,0.209039548022599,0.1,0.217366726858558,0,0,0,43,4124,0.989573229873909,"TMMwsp",FALSE,FALSE,0.936733988137448,"batch_removed",28,2,5,986877.5
10217,98,95,3,1720,0.0552325581395349,0.969387755102041,0.0306122448979592,0.1,0.231295801553173,0,0,0,43,4124,0.989573229873909,"TMMwsp",FALSE,FALSE,1.17788977289677,"batch_ignored",28,2,5,986877.5
12281,113,108,5,1720,0.0627906976744186,0.955752212389381,0.0442477876106195,0.1,0.236937225342231,0,0,0,43,3728,0.988465665236052,"TMMwsp",TRUE,FALSE,1.30659575280797,"fix_filter",28,2,5,986877.5
11487,225,208,17,1720,0.12093023255814,0.924444444444444,0.0755555555555556,0.1,0.300733118973644,0,0,0,80,3640,0.978021978021978,"TMMwsp",TRUE,FALSE,1.10022588922039,"ctc_pipeline",28,3,8,944012
4427,190,184,6,1720,0.106976744186047,0.968421052631579,0.0315789473684211,0.05,0.236570909180892,0,0,0,0,0,NA,"TMM",TRUE,FALSE,0.612444211462675,"edger_default",28,3,8,944012
8078,200,189,11,1720,0.109883720930233,0.945,0.055,0.1,0.264120388894952,0,0,0,80,3651,0.978088195015064,"TMMwsp",TRUE,FALSE,0.66286072134156,"ablate_filter",28,3,8,944012
7847,237,219,18,1720,0.127325581395349,0.924050632911392,0.0759493670886076,0.1,0.276783142467542,0,0,0,0,0,NA,"TMMwsp",TRUE,FALSE,1.04706924192438,"ablate_exclusive",28,3,8,944012
11487,233,215,18,1720,0.125,0.92274678111588,0.0772532188841202,0.1,0.304405730046929,0,0,0,80,3640,0.978021978021978,"TMM",TRUE,FALSE,1.10655736439382,"ablate_tmmwsp",28,3,8,944012
11487,225,208,17,1720,0.12093023255814,0.924444444444444,0.0755555555555556,0.1,0.300862893227713,0,0,0,80,3640,0.978021978021978,"TMMwsp",TRUE,FALSE,1.10022588922039,"ablate_priorcount",28,3,8,944012
11487,188,183,5,1720,0.106395348837209,0.973404255319149,0.0265957446808511,0.05,0.300571768732833,0,0,0,80,3640,0.978021978021978,"TMMwsp",TRUE,FALSE,1.10022588922039,"ablate_fdr",28,3,8,944012
11487,225,208,17,1720,0.12093023255814,0.924444444444444,0.0755555555555556,0.1,0.300702336475712,0,0,0,80,3640,0.978021978021978,"TMMwsp",TRUE,FALSE,1.10022588922039,"ablate_shrinkfloor",28,3,8,944012
11487,225,208,17,1720,0.12093023255814,0.924444444444444,0.0755555555555556,0.1,0.300701747065456,0,0,0,80,3640,0.978021978021978,"TMMwsp",TRUE,FALSE,1.10022588922039,"ablate_lowinput",28,3,8,944012
10110,251,215,36,1720,0.125,0.856573705179283,0.143426294820717,0.1,0.270284177269556,0,0,0,80,3650,0.978082191780822,"TMMwsp",FALSE,FALSE,0.918726028550277,"batch_removed",28,3,8,944012
10110,196,184,12,1720,0.106976744186047,0.938775510204082,0.0612244897959184,0.1,0.285847186408008,0,0,0,80,3650,0.978082191780822,"TMMwsp",FALSE,FALSE,1.06032423592979,"batch_ignored",28,3,8,944012
11487,225,208,17,1720,0.12093023255814,0.924444444444444,0.0755555555555556,0.1,0.30078455501133,0,0,0,80,3640,0.978021978021978,"TMMwsp",TRUE,FALSE,1.10022588922039,"fix_filter",28,3,8,944012
11523,45,45,0,1720,0.0261627906976744,1,0,0.1,0.187104527168942,0,0,0,28,3410,0.99208211143695,"TMMwsp",TRUE,FALSE,1.22756108799401,"ctc_pipeline",29,1,3,509111
3912,49,49,0,1720,0.0284883720930233,1,0,0.05,0.178824401646507,0,0,0,0,0,NA,"TMM",TRUE,FALSE,0.761866932228498,"edger_default",29,1,3,509111
8328,48,48,0,1720,0.027906976744186,1,0,0.1,0.190505061663413,0,0,0,28,4416,0.993659420289855,"TMMwsp",TRUE,FALSE,0.850943850352789,"ablate_filter",29,1,3,509111
8113,47,47,0,1720,0.0273255813953488,1,0,0.1,0.181696202245533,0,0,0,1,0,NA,"TMMwsp",TRUE,FALSE,1.15551444456705,"ablate_exclusive",29,1,3,509111
11523,46,46,0,1720,0.0267441860465116,1,0,0.1,0.185172047389334,0,0,0,28,3410,0.99208211143695,"TMM",TRUE,FALSE,1.24392356918034,"ablate_tmmwsp",29,1,3,509111
11523,45,45,0,1720,0.0261627906976744,1,0,0.1,0.187139642053396,0,0,0,28,3410,0.99208211143695,"TMMwsp",TRUE,FALSE,1.22756108799401,"ablate_priorcount",29,1,3,509111
11523,41,41,0,1720,0.0238372093023256,1,0,0.05,0.187172681372575,0,0,0,28,3410,0.99208211143695,"TMMwsp",TRUE,FALSE,1.22756108799401,"ablate_fdr",29,1,3,509111
11523,45,45,0,1720,0.0261627906976744,1,0,0.1,0.187155179822062,0,0,0,28,3410,0.99208211143695,"TMMwsp",TRUE,FALSE,1.22756108799401,"ablate_shrinkfloor",29,1,3,509111
11523,45,45,0,1720,0.0261627906976744,1,0,0.1,0.186833428876527,0,0,0,28,3410,0.99208211143695,"TMMwsp",TRUE,FALSE,1.22756108799401,"ablate_lowinput",29,1,3,509111
10403,135,95,40,1720,0.0552325581395349,0.703703703703704,0.296296296296296,0.1,0.170573984273309,0,0,0,28,4294,0.993479273404751,"TMMwsp",FALSE,FALSE,0.795674106711969,"batch_removed",29,1,3,509111
10403,45,45,0,1720,0.0261627906976744,1,0,0.1,0.184676894541444,0,0,0,28,4294,0.993479273404751,"TMMwsp",FALSE,FALSE,1.25347792537296,"batch_ignored",29,1,3,509111
11523,45,45,0,1720,0.0261627906976744,1,0,0.1,0.187484324027296,0,0,0,28,3410,0.99208211143695,"TMMwsp",TRUE,FALSE,1.22756108799401,"fix_filter",29,1,3,509111
11913,105,100,5,1720,0.0581395348837209,0.952380952380952,0.0476190476190476,0.1,0.2348981844977,0,0,0,67,3726,0.982286634460548,"TMMwsp",TRUE,FALSE,1.32851224684429,"ctc_pipeline",29,2,5,714067
3878,110,103,7,1720,0.0598837209302326,0.936363636363636,0.0636363636363636,0.05,0.19994668293721,0,0,0,0,0,NA,"TMM",TRUE,FALSE,0.758592558549296,"edger_default",29,2,5,714067
7878,112,105,7,1720,0.061046511627907,0.9375,0.0625,0.1,0.222438159465542,0,0,0,67,4000,0.98325,"TMMwsp",TRUE,FALSE,0.82185593956481,"ablate_filter",29,2,5,714067
8187,116,108,8,1720,0.0627906976744186,0.931034482758621,0.0689655172413793,0.1,0.221862216948271,0,0,0,1,0,NA,"TMMwsp",TRUE,FALSE,1.27092610136652,"ablate_exclusive",29,2,5,714067
11913,101,96,5,1720,0.0558139534883721,0.95049504950495,0.0495049504950495,0.1,0.234922704702365,0,0,0,67,3726,0.982286634460548,"TMM",TRUE,FALSE,1.36452451621716,"ablate_tmmwsp",29,2,5,714067
11913,105,100,5,1720,0.0581395348837209,0.952380952380952,0.0476190476190476,0.1,0.234826537644155,0,0,0,67,3726,0.982286634460548,"TMMwsp",TRUE,FALSE,1.32851224684429,"ablate_priorcount",29,2,5,714067
11913,90,88,2,1720,0.0511627906976744,0.977777777777778,0.0222222222222222,0.05,0.234596045426805,0,0,0,67,3726,0.982286634460548,"TMMwsp",TRUE,FALSE,1.32851224684429,"ablate_fdr",29,2,5,714067
11913,105,100,5,1720,0.0581395348837209,0.952380952380952,0.0476190476190476,0.1,0.235155603171333,0,0,0,67,3726,0.982286634460548,"TMMwsp",TRUE,FALSE,1.32851224684429,"ablate_shrinkfloor",29,2,5,714067
11913,105,100,5,1720,0.0581395348837209,0.952380952380952,0.0476190476190476,0.1,0.234656768055379,0,0,0,67,3726,0.982286634460548,"TMMwsp",TRUE,FALSE,1.32851224684429,"ablate_lowinput",29,2,5,714067
9696,160,128,32,1720,0.0744186046511628,0.8,0.2,0.1,0.208389498701959,0,0,0,67,3994,0.983224837255884,"TMMwsp",FALSE,FALSE,0.94946404341243,"batch_removed",29,2,5,714067
9696,97,89,8,1720,0.0517441860465116,0.917525773195876,0.0824742268041237,0.1,0.220384413121428,0,0,0,67,3994,0.983224837255884,"TMMwsp",FALSE,FALSE,1.17935761988372,"batch_ignored",29,2,5,714067
11913,105,100,5,1720,0.0581395348837209,0.952380952380952,0.0476190476190476,0.1,0.234670067361609,0,0,0,67,3726,0.982286634460548,"TMMwsp",TRUE,FALSE,1.32851224684429,"fix_filter",29,2,5,714067
11556,220,207,13,1720,0.120348837209302,0.940909090909091,0.0590909090909091,0.1,0.312367132758353,0,0.0048780487804878,0,78,3595,0.978303198887344,"TMMwsp",TRUE,FALSE,1.11389001810383,"ctc_pipeline",29,3,8,940262
4312,196,189,7,1720,0.109883720930233,0.964285714285714,0.0357142857142857,0.05,0.244066947923872,0,0.0024390243902439,0,0,0,NA,"TMM",TRUE,FALSE,0.599497404101797,"edger_default",29,3,8,940262
7917,201,193,8,1720,0.112209302325581,0.960199004975124,0.0398009950248756,0.1,0.280137712099193,0,0.0024390243902439,0,78,3605,0.978363384188627,"TMMwsp",TRUE,FALSE,0.645895049231374,"ablate_filter",29,3,8,940262
7961,237,223,14,1720,0.129651162790698,0.940928270042194,0.0590717299578059,0.1,0.282176191875197,0,0.0024390243902439,0,0,0,NA,"TMMwsp",TRUE,FALSE,1.06225265385089,"ablate_exclusive",29,3,8,940262
11556,227,216,11,1720,0.125581395348837,0.951541850220264,0.0484581497797357,0.1,0.314999146173335,0,0.0048780487804878,0,78,3595,0.978303198887344,"TMM",TRUE,FALSE,1.121865599778,"ablate_tmmwsp",29,3,8,940262
11556,220,207,13,1720,0.120348837209302,0.940909090909091,0.0590909090909091,0.1,0.312560816046649,0,0.0048780487804878,0,78,3595,0.978303198887344,"TMMwsp",TRUE,FALSE,1.11389001810383,"ablate_priorcount",29,3,8,940262
11556,184,179,5,1720,0.10406976744186,0.972826086956522,0.0271739130434783,0.05,0.31227638635259,0,0.0024390243902439,0,78,3595,0.978303198887344,"TMMwsp",TRUE,FALSE,1.11389001810383,"ablate_fdr",29,3,8,940262
11556,220,207,13,1720,0.120348837209302,0.940909090909091,0.0590909090909091,0.1,0.312435815207793,0,0.0048780487804878,0,78,3595,0.978303198887344,"TMMwsp",TRUE,FALSE,1.11389001810383,"ablate_shrinkfloor",29,3,8,940262
11556,220,207,13,1720,0.120348837209302,0.940909090909091,0.0590909090909091,0.1,0.312141127341016,0,0.0048780487804878,0,78,3595,0.978303198887344,"TMMwsp",TRUE,FALSE,1.11389001810383,"ablate_lowinput",29,3,8,940262
10111,255,226,29,1720,0.131395348837209,0.886274509803922,0.113725490196078,0.1,0.290618305833813,0,0.0048780487804878,0,78,3605,0.978363384188627,"TMMwsp",FALSE,FALSE,0.913602565672707,"batch_removed",29,3,8,940262
10111,194,187,7,1720,0.108720930232558,0.963917525773196,0.0360824742268041,0.1,0.299327213738332,0,0.0048780487804878,0,78,3605,0.978363384188627,"TMMwsp",FALSE,FALSE,1.05597128863189,"batch_ignored",29,3,8,940262
11556,220,207,13,1720,0.120348837209302,0.940909090909091,0.0590909090909091,0.1,0.312458037396422,0,0.0048780487804878,0,78,3595,0.978303198887344,"TMMwsp",TRUE,FALSE,1.11389001810383,"fix_filter",29,3,8,940262
11256,51,49,2,1720,0.0284883720930233,0.96078431372549,0.0392156862745098,0.1,0.195271702935121,0,0,0,38,3194,0.989981214777708,"TMMwsp",TRUE,FALSE,1.23184622097293,"ctc_pipeline",30,1,3,577365.5
3764,62,58,4,1720,0.0337209302325581,0.935483870967742,0.0645161290322581,0.05,0.182011867001408,0,0,0,0,0,NA,"TMM",TRUE,FALSE,0.74616558923366,"edger_default",30,1,3,577365.5
7838,59,55,4,1720,0.0319767441860465,0.932203389830508,0.0677966101694915,0.1,0.18654129633468,0,0,0,38,4074,0.990672557682867,"TMMwsp",TRUE,FALSE,0.814406254784265,"ablate_filter",30,1,3,577365.5
8062,58,54,4,1720,0.0313953488372093,0.931034482758621,0.0689655172413793,0.1,0.190704172549141,0,0,0,6,0,NA,"TMMwsp",TRUE,FALSE,1.17749697698016,"ablate_exclusive",30,1,3,577365.5
11256,54,52,2,1720,0.0302325581395349,0.962962962962963,0.037037037037037,0.1,0.200618379467406,0,0,0,38,3194,0.989981214777708,"TMM",TRUE,FALSE,1.27234356726455,"ablate_tmmwsp",30,1,3,577365.5
11256,51,49,2,1720,0.0284883720930233,0.96078431372549,0.0392156862745098,0.1,0.195071075398042,0,0,0,38,3194,0.989981214777708,"TMMwsp",TRUE,FALSE,1.23184622097293,"ablate_priorcount",30,1,3,577365.5
11256,46,45,1,1720,0.0261627906976744,0.978260869565217,0.0217391304347826,0.05,0.195566203265106,0,0,0,38,3194,0.989981214777708,"TMMwsp",TRUE,FALSE,1.23184622097293,"ablate_fdr",30,1,3,577365.5
11256,51,49,2,1720,0.0284883720930233,0.96078431372549,0.0392156862745098,0.1,0.195234377080683,0,0,0,38,3194,0.989981214777708,"TMMwsp",TRUE,FALSE,1.23184622097293,"ablate_shrinkfloor",30,1,3,577365.5
11256,51,49,2,1720,0.0284883720930233,0.96078431372549,0.0392156862745098,0.1,0.19531631445807,0,0,0,38,3194,0.989981214777708,"TMMwsp",TRUE,FALSE,1.23184622097293,"ablate_lowinput",30,1,3,577365.5
10038,136,99,37,1720,0.0575581395348837,0.727941176470588,0.272058823529412,0.1,0.184104032408579,0,0,0,38,3978,0.990447461035696,"TMMwsp",FALSE,FALSE,0.826398185158462,"batch_removed",30,1,3,577365.5
10038,44,43,1,1720,0.025,0.977272727272727,0.0227272727272727,0.1,0.192951019294019,0,0,0,38,3978,0.990447461035696,"TMMwsp",FALSE,FALSE,1.25993016542899,"batch_ignored",30,1,3,577365.5
11256,51,49,2,1720,0.0284883720930233,0.96078431372549,0.0392156862745098,0.1,0.195463557756931,0,0,0,38,3194,0.989981214777708,"TMMwsp",TRUE,FALSE,1.23184622097293,"fix_filter",30,1,3,577365.5
12588,142,137,5,1720,0.0796511627906977,0.964788732394366,0.0352112676056338,0.1,0.254184819387465,0,0,0,55,3630,0.98595041322314,"TMMwsp",TRUE,FALSE,1.24975043223497,"ctc_pipeline",30,2,5,706061
4457,139,135,4,1720,0.0784883720930233,0.971223021582734,0.0287769784172662,0.05,0.218978658435477,0,0,0,0,0,NA,"TMM",TRUE,FALSE,0.723931153611834,"edger_default",30,2,5,706061
8388,149,144,5,1720,0.0837209302325581,0.966442953020134,0.0335570469798658,0.1,0.245313413337665,0,0,0,55,3931,0.986008649198677,"TMMwsp",TRUE,FALSE,0.7886319053406,"ablate_filter",30,2,5,706061
8958,164,153,11,1720,0.088953488372093,0.932926829268293,0.0670731707317073,0.1,0.239973622874997,0,0,0,4,0,NA,"TMMwsp",TRUE,FALSE,1.19803391430258,"ablate_exclusive",30,2,5,706061
12588,138,133,5,1720,0.0773255813953488,0.963768115942029,0.036231884057971,0.1,0.252632416350132,0,0,0,55,3630,0.98595041322314,"TMM",TRUE,FALSE,1.27493248651532,"ablate_tmmwsp",30,2,5,706061
12588,142,137,5,1720,0.0796511627906977,0.964788732394366,0.0352112676056338,0.1,0.253882461442288,0,0,0,55,3630,0.98595041322314,"TMMwsp",TRUE,FALSE,1.24975043223497,"ablate_priorcount",30,2,5,706061
12588,114,111,3,1720,0.0645348837209302,0.973684210526316,0.0263157894736842,0.05,0.253443761194453,0,0,0,55,3630,0.98595041322314,"TMMwsp",TRUE,FALSE,1.24975043223497,"ablate_fdr",30,2,5,706061
12588,142,137,5,1720,0.0796511627906977,0.964788732394366,0.0352112676056338,0.1,0.253730224371337,0,0,0,55,3630,0.98595041322314,"TMMwsp",TRUE,FALSE,1.24975043223497,"ablate_shrinkfloor",30,2,5,706061
12588,142,137,5,1720,0.0796511627906977,0.964788732394366,0.0352112676056338,0.1,0.253803384427506,0,0,0,55,3630,0.98595041322314,"TMMwsp",TRUE,FALSE,1.24975043223497,"ablate_lowinput",30,2,5,706061
10354,220,166,54,1720,0.0965116279069767,0.754545454545455,0.245454545454545,0.1,0.227776106296228,0,0,0,55,3931,0.986008649198677,"TMMwsp",FALSE,FALSE,0.930183551843685,"batch_removed",30,2,5,706061
10354,139,131,8,1720,0.0761627906976744,0.942446043165468,0.0575539568345324,0.1,0.244007063193227,0,0,0,55,3931,0.986008649198677,"TMMwsp",FALSE,FALSE,1.11681090023962,"batch_ignored",30,2,5,706061
12588,142,137,5,1720,0.0796511627906977,0.964788732394366,0.0352112676056338,0.1,0.253661978408691,0,0,0,55,3630,0.98595041322314,"TMMwsp",TRUE,FALSE,1.24975043223497,"fix_filter",30,2,5,706061
11528,220,210,10,1720,0.122093023255814,0.954545454545455,0.0454545454545455,0.1,0.312714536229037,0,0,0,95,3610,0.973684210526316,"TMMwsp",TRUE,FALSE,1.12330345209414,"ctc_pipeline",30,3,8,1074975.5
4562,185,181,4,1720,0.105232558139535,0.978378378378378,0.0216216216216216,0.05,0.235141191472488,0,0,0,0,0,NA,"TMM",TRUE,FALSE,0.649180867219772,"edger_default",30,3,8,1074975.5
8181,193,190,3,1720,0.11046511627907,0.984455958549223,0.0155440414507772,0.1,0.27942653090824,0,0,0,95,3619,0.973749654600718,"TMMwsp",TRUE,FALSE,0.699062193009935,"ablate_filter",30,3,8,1074975.5
7918,241,222,19,1720,0.12906976744186,0.921161825726141,0.0788381742738589,0.1,0.275567242826071,0,0,0,0,0,NA,"TMMwsp",TRUE,FALSE,1.06972639223446,"ablate_exclusive",30,3,8,1074975.5
11528,221,207,14,1720,0.120348837209302,0.936651583710407,0.0633484162895928,0.1,0.310850473098664,0,0,0,95,3610,0.973684210526316,"TMM",TRUE,FALSE,1.1343209785962,"ablate_tmmwsp",30,3,8,1074975.5
11528,220,210,10,1720,0.122093023255814,0.954545454545455,0.0454545454545455,0.1,0.312506272418042,0,0,0,95,3610,0.973684210526316,"TMMwsp",TRUE,FALSE,1.12330345209414,"ablate_priorcount",30,3,8,1074975.5
11528,188,184,4,1720,0.106976744186047,0.978723404255319,0.0212765957446809,0.05,0.312910358874799,0,0,0,95,3610,0.973684210526316,"TMMwsp",TRUE,FALSE,1.12330345209414,"ablate_fdr",30,3,8,1074975.5
11528,220,210,10,1720,0.122093023255814,0.954545454545455,0.0454545454545455,0.1,0.312985752088678,0,0,0,95,3610,0.973684210526316,"TMMwsp",TRUE,FALSE,1.12330345209414,"ablate_shrinkfloor",30,3,8,1074975.5
11528,220,210,10,1720,0.122093023255814,0.954545454545455,0.0454545454545455,0.1,0.312469292243579,0,0,0,95,3610,0.973684210526316,"TMMwsp",TRUE,FALSE,1.12330345209414,"ablate_lowinput",30,3,8,1074975.5
10077,253,215,38,1720,0.125,0.849802371541502,0.150197628458498,0.1,0.282776635496143,0,0,0,95,3620,0.973756906077348,"TMMwsp",FALSE,FALSE,0.928389974504188,"batch_removed",30,3,8,1074975.5
10077,198,188,10,1720,0.109302325581395,0.94949494949495,0.0505050505050505,0.1,0.300618459427631,0,0,0,95,3620,0.973756906077348,"TMMwsp",FALSE,FALSE,1.06104101450075,"batch_ignored",30,3,8,1074975.5
11528,220,210,10,1720,0.122093023255814,0.954545454545455,0.0454545454545455,0.1,0.312718257247846,0,0,0,95,3610,0.973684210526316,"TMMwsp",TRUE,FALSE,1.12330345209414,"fix_filter",30,3,8,1074975.5
12197,58,54,4,1720,0.0313953488372093,0.931034482758621,0.0689655172413793,0.1,0.203473648012649,0,0,0,38,3323,0.991874811916942,"TMMwsp",TRUE,FALSE,1.24595033125547,"ctc_pipeline",31,1,3,599651.5
4162,82,74,8,1720,0.0430232558139535,0.902439024390244,0.0975609756097561,0.05,0.187143999763049,0,0,0,0,0,NA,"TMM",TRUE,FALSE,0.75648638356121,"edger_default",31,1,3,599651.5
8397,69,64,5,1720,0.0372093023255814,0.927536231884058,0.072463768115942,0.1,0.20204894648655,0,0,0,38,4235,0.991027154663518,"TMMwsp",TRUE,FALSE,0.810635048630924,"ablate_filter",31,1,3,599651.5
8874,77,70,7,1720,0.0406976744186047,0.909090909090909,0.0909090909090909,0.1,0.198264186048087,0,0,0,11,0,NA,"TMMwsp",TRUE,FALSE,1.20191978770691,"ablate_exclusive",31,1,3,599651.5
12197,59,54,5,1720,0.0313953488372093,0.915254237288136,0.0847457627118644,0.1,0.205528503052929,0,0,0,38,3323,0.991874811916942,"TMM",TRUE,FALSE,1.29902465469769,"ablate_tmmwsp",31,1,3,599651.5
12197,58,54,4,1720,0.0313953488372093,0.931034482758621,0.0689655172413793,0.1,0.203351815689933,0,0,0,38,3323,0.991874811916942,"TMMwsp",TRUE,FALSE,1.24595033125547,"ablate_priorcount",31,1,3,599651.5
12197,47,43,4,1720,0.025,0.914893617021277,0.0851063829787234,0.05,0.203234760497423,0,0,0,38,3323,0.991874811916942,"TMMwsp",TRUE,FALSE,1.24595033125547,"ablate_fdr",31,1,3,599651.5
12197,58,54,4,1720,0.0313953488372093,0.931034482758621,0.0689655172413793,0.1,0.203536124057085,0,0,0,38,3323,0.991874811916942,"TMMwsp",TRUE,FALSE,1.24595033125547,"ablate_shrinkfloor",31,1,3,599651.5
12197,58,54,4,1720,0.0313953488372093,0.931034482758621,0.0689655172413793,0.1,0.203612728342668,0,0,0,38,3323,0.991874811916942,"TMMwsp",TRUE,FALSE,1.24595033125547,"ablate_lowinput",31,1,3,599651.5
10950,187,104,83,1720,0.0604651162790698,0.556149732620321,0.443850267379679,0.1,0.176918299482789,0,0,0,38,4109,0.990995376003894,"TMMwsp",FALSE,FALSE,0.88585751952629,"batch_removed",31,1,3,599651.5
10950,42,39,3,1720,0.0226744186046512,0.928571428571429,0.0714285714285714,0.1,0.203459249107403,0,0,0,38,4109,0.990995376003894,"TMMwsp",FALSE,FALSE,1.21175727896807,"batch_ignored",31,1,3,599651.5
12197,58,54,4,1720,0.0313953488372093,0.931034482758621,0.0689655172413793,0.1,0.203602557818553,0,0,0,38,3323,0.991874811916942,"TMMwsp",TRUE,FALSE,1.24595033125547,"fix_filter",31,1,3,599651.5
12552,126,123,3,1720,0.0715116279069767,0.976190476190476,0.0238095238095238,0.1,0.25668335609556,0,0,0,53,3785,0.986525759577279,"TMMwsp",TRUE,FALSE,1.28395441690313,"ctc_pipeline",31,2,5,796029
4305,137,130,7,1720,0.0755813953488372,0.948905109489051,0.0510948905109489,0.05,0.216504082514015,0,0,0,0,0,NA,"TMM",TRUE,FALSE,0.723723373076723,"edger_default",31,2,5,796029
8366,140,133,7,1720,0.0773255813953488,0.95,0.05,0.1,0.239973482558835,0,0,0,53,4061,0.986949027333169,"TMMwsp",TRUE,FALSE,0.787108181749462,"ablate_filter",31,2,5,796029
8767,144,137,7,1720,0.0796511627906977,0.951388888888889,0.0486111111111111,0.1,0.245101588108062,0,0,0,2,0,NA,"TMMwsp",TRUE,FALSE,1.22677495937923,"ablate_exclusive",31,2,5,796029
12552,125,122,3,1720,0.0709302325581395,0.976,0.024,0.1,0.257319124695687,0,0,0,53,3785,0.986525759577279,"TMM",TRUE,FALSE,1.29781500777696,"ablate_tmmwsp",31,2,5,796029
12552,126,123,3,1720,0.0715116279069767,0.976190476190476,0.0238095238095238,0.1,0.256655007467989,0,0,0,53,3785,0.986525759577279,"TMMwsp",TRUE,FALSE,1.28395441690313,"ablate_priorcount",31,2,5,796029
12552,102,99,3,1720,0.0575581395348837,0.970588235294118,0.0294117647058824,0.05,0.256775023760109,0,0,0,53,3785,0.986525759577279,"TMMwsp",TRUE,FALSE,1.28395441690313,"ablate_fdr",31,2,5,796029
12552,126,123,3,1720,0.0715116279069767,0.976190476190476,0.0238095238095238,0.1,0.256711632511802,0,0,0,53,3785,0.986525759577279,"TMMwsp",TRUE,FALSE,1.28395441690313,"ablate_shrinkfloor",31,2,5,796029
12552,126,123,3,1720,0.0715116279069767,0.976190476190476,0.0238095238095238,0.1,0.256869968878014,0,0,0,53,3785,0.986525759577279,"TMMwsp",TRUE,FALSE,1.28395441690313,"ablate_lowinput",31,2,5,796029
10281,169,145,24,1720,0.0843023255813953,0.857988165680473,0.142011834319527,0.1,0.232744366928564,0,0,0,53,4063,0.986955451636722,"TMMwsp",FALSE,FALSE,0.960065925148021,"batch_removed",31,2,5,796029
10281,114,110,4,1720,0.063953488372093,0.964912280701754,0.0350877192982456,0.1,0.243713961891226,0,0,0,53,4063,0.986955451636722,"TMMwsp",FALSE,FALSE,1.13454997330835,"batch_ignored",31,2,5,796029
12552,126,123,3,1720,0.0715116279069767,0.976190476190476,0.0238095238095238,0.1,0.256775197105401,0,0,0,53,3785,0.986525759577279,"TMMwsp",TRUE,FALSE,1.28395441690313,"fix_filter",31,2,5,796029
11824,266,245,21,1720,0.142441860465116,0.921052631578947,0.0789473684210526,0.1,0.315520202659907,0,0,0,88,3512,0.9749430523918,"TMMwsp",TRUE,FALSE,1.07598633597351,"ctc_pipeline",31,3,8,1091575.5
4790,236,225,11,1720,0.130813953488372,0.953389830508475,0.0466101694915254,0.05,0.248831276426395,0,0,0,0,0,NA,"TMM",TRUE,FALSE,0.604466177075144,"edger_default",31,3,8,1091575.5
8314,245,228,17,1720,0.132558139534884,0.930612244897959,0.0693877551020408,0.1,0.280031572372368,0,0,0,88,3524,0.975028376844495,"TMMwsp",TRUE,FALSE,0.649737265553792,"ablate_filter",31,3,8,1091575.5
8312,286,258,28,1720,0.15,0.902097902097902,0.0979020979020979,0.1,0.287959553437086,0,0,0,0,0,NA,"TMMwsp",TRUE,FALSE,1.02708239399123,"ablate_exclusive",31,3,8,1091575.5
11824,272,251,21,1720,0.14593023255814,0.922794117647059,0.0772058823529412,0.1,0.318213329542296,0,0,0,88,3512,0.9749430523918,"TMM",TRUE,FALSE,1.08010277724246,"ablate_tmmwsp",31,3,8,1091575.5
11824,266,245,21,1720,0.142441860465116,0.921052631578947,0.0789473684210526,0.1,0.315257587477438,0,0,0,88,3512,0.9749430523918,"TMMwsp",TRUE,FALSE,1.07598633597351,"ablate_priorcount",31,3,8,1091575.5
11824,235,229,6,1720,0.133139534883721,0.974468085106383,0.025531914893617,0.05,0.314947691577821,0,0,0,88,3512,0.9749430523918,"TMMwsp",TRUE,FALSE,1.07598633597351,"ablate_fdr",31,3,8,1091575.5
11824,266,245,21,1720,0.142441860465116,0.921052631578947,0.0789473684210526,0.1,0.315048882116839,0,0,0,88,3512,0.9749430523918,"TMMwsp",TRUE,FALSE,1.07598633597351,"ablate_shrinkfloor",31,3,8,1091575.5
11824,266,245,21,1720,0.142441860465116,0.921052631578947,0.0789473684210526,0.1,0.315260463419305,0,0,0,88,3512,0.9749430523918,"TMMwsp",TRUE,FALSE,1.07598633597351,"ablate_lowinput",31,3,8,1091575.5
10411,300,248,52,1720,0.144186046511628,0.826666666666667,0.173333333333333,0.1,0.291145006909951,0,0,0,88,3526,0.975042541123086,"TMMwsp",FALSE,FALSE,0.886981638397675,"batch_removed",31,3,8,1091575.5
10411,225,212,13,1720,0.123255813953488,0.942222222222222,0.0577777777777778,0.1,0.3007811463969,0,0,0,88,3526,0.975042541123086,"TMMwsp",FALSE,FALSE,1.03157442995685,"batch_ignored",31,3,8,1091575.5
11824,266,245,21,1720,0.142441860465116,0.921052631578947,0.0789473684210526,0.1,0.314925343453118,0,0,0,88,3512,0.9749430523918,"TMMwsp",TRUE,FALSE,1.07598633597351,"fix_filter",31,3,8,1091575.5
11781,47,45,2,1720,0.0261627906976744,0.957446808510638,0.0425531914893617,0.1,0.195437250961543,0,0,0,63,3250,0.985846153846154,"TMMwsp",TRUE,FALSE,1.19028778332819,"ctc_pipeline",32,1,3,1185239.5
4422,51,49,2,1720,0.0284883720930233,0.96078431372549,0.0392156862745098,0.05,0.174788562278868,0,0,0,1,0,NA,"TMM",TRUE,FALSE,0.770475374943613,"edger_default",32,1,3,1185239.5
8750,51,49,2,1720,0.0284883720930233,0.96078431372549,0.0392156862745098,0.1,0.192207790453836,0,0,0,63,4328,0.985674676524954,"TMMwsp",TRUE,FALSE,0.863667553080382,"ablate_filter",32,1,3,1185239.5
8531,52,50,2,1720,0.0290697674418605,0.961538461538462,0.0384615384615385,0.1,0.187811672410763,0,0,0,17,0,NA,"TMMwsp",TRUE,FALSE,1.11863829212745,"ablate_exclusive",32,1,3,1185239.5
11781,38,37,1,1720,0.0215116279069767,0.973684210526316,0.0263157894736842,0.1,0.189366661826636,0,0,0,63,3250,0.985846153846154,"TMM",TRUE,FALSE,1.19124685735212,"ablate_tmmwsp",32,1,3,1185239.5
11781,47,45,2,1720,0.0261627906976744,0.957446808510638,0.0425531914893617,0.1,0.195135200733837,0,0,0,63,3250,0.985846153846154,"TMMwsp",TRUE,FALSE,1.19028778332819,"ablate_priorcount",32,1,3,1185239.5
11781,35,35,0,1720,0.0203488372093023,1,0,0.05,0.195473656966936,0,0,0,63,3250,0.985846153846154,"TMMwsp",TRUE,FALSE,1.19028778332819,"ablate_fdr",32,1,3,1185239.5
11781,47,45,2,1720,0.0261627906976744,0.957446808510638,0.0425531914893617,0.1,0.195469040467096,0,0,0,63,3250,0.985846153846154,"TMMwsp",TRUE,FALSE,1.19028778332819,"ablate_shrinkfloor",32,1,3,1185239.5
11781,47,45,2,1720,0.0261627906976744,0.957446808510638,0.0425531914893617,0.1,0.19540874685788,0,0,0,63,3250,0.985846153846154,"TMMwsp",TRUE,FALSE,1.19028778332819,"ablate_lowinput",32,1,3,1185239.5
10645,140,91,49,1720,0.052906976744186,0.65,0.35,0.1,0.173488679045765,0,0,0,63,4178,0.985399712781235,"TMMwsp",FALSE,FALSE,0.783138447169861,"batch_removed",32,1,3,1185239.5
10645,38,37,1,1720,0.0215116279069767,0.973684210526316,0.0263157894736842,0.1,0.193754958281696,0,0,0,63,4178,0.985399712781235,"TMMwsp",FALSE,FALSE,1.2285343195292,"batch_ignored",32,1,3,1185239.5
11781,47,45,2,1720,0.0261627906976744,0.957446808510638,0.0425531914893617,0.1,0.195063482385902,0,0,0,63,3250,0.985846153846154,"TMMwsp",TRUE,FALSE,1.19028778332819,"fix_filter",32,1,3,1185239.5
13042,160,154,6,1720,0.0895348837209302,0.9625,0.0375,0.1,0.291261112970407,0,0.00256410256410256,0,64,3452,0.982618771726535,"TMMwsp",TRUE,FALSE,1.20342911277474,"ctc_pipeline",32,2,5,975893.5
5179,168,159,9,1720,0.0924418604651163,0.946428571428571,0.0535714285714286,0.05,0.243277305014847,0,0.00256410256410256,0,0,0,NA,"TMM",TRUE,FALSE,0.706537557553332,"edger_default",32,2,5,975893.5
8943,169,161,8,1720,0.0936046511627907,0.952662721893491,0.0473372781065089,0.1,0.27308131255617,0,0.00256410256410256,0,64,3764,0.982996811902232,"TMMwsp",TRUE,FALSE,0.769409946843265,"ablate_filter",32,2,5,975893.5
9590,176,167,9,1720,0.097093023255814,0.948863636363636,0.0511363636363636,0.1,0.281600921590493,0,0.00256410256410256,0,4,0,NA,"TMMwsp",TRUE,FALSE,1.14500679911278,"ablate_exclusive",32,2,5,975893.5
13042,170,162,8,1720,0.0941860465116279,0.952941176470588,0.0470588235294118,0.1,0.288054631861475,0,0.00256410256410256,0,64,3452,0.982618771726535,"TMM",TRUE,FALSE,1.21110636976413,"ablate_tmmwsp",32,2,5,975893.5
13042,160,154,6,1720,0.0895348837209302,0.9625,0.0375,0.1,0.290957230374255,0,0.00256410256410256,0,64,3452,0.982618771726535,"TMMwsp",TRUE,FALSE,1.20342911277474,"ablate_priorcount",32,2,5,975893.5
13042,143,140,3,1720,0.0813953488372093,0.979020979020979,0.020979020979021,0.05,0.291273103901682,0,0.00256410256410256,0,64,3452,0.982618771726535,"TMMwsp",TRUE,FALSE,1.20342911277474,"ablate_fdr",32,2,5,975893.5
13042,160,154,6,1720,0.0895348837209302,0.9625,0.0375,0.1,0.291030539171217,0,0.00256410256410256,0,64,3452,0.982618771726535,"TMMwsp",TRUE,FALSE,1.20342911277474,"ablate_shrinkfloor",32,2,5,975893.5
13042,160,154,6,1720,0.0895348837209302,0.9625,0.0375,0.1,0.290679215504641,0,0.00256410256410256,0,64,3452,0.982618771726535,"TMMwsp",TRUE,FALSE,1.20342911277474,"ablate_lowinput",32,2,5,975893.5
10829,243,198,45,1720,0.115116279069767,0.814814814814815,0.185185185185185,0.1,0.264285191880257,0,0.00256410256410256,0,64,3758,0.982969664715274,"TMMwsp",FALSE,FALSE,0.86763165723933,"batch_removed",32,2,5,975893.5
10829,148,147,1,1720,0.0854651162790698,0.993243243243243,0.00675675675675676,0.1,0.28321665469512,0,0.00256410256410256,0,64,3758,0.982969664715274,"TMMwsp",FALSE,FALSE,1.09012393208667,"batch_ignored",32,2,5,975893.5
13042,160,154,6,1720,0.0895348837209302,0.9625,0.0375,0.1,0.291016126565871,0,0.00256410256410256,0,64,3452,0.982618771726535,"TMMwsp",TRUE,FALSE,1.20342911277474,"fix_filter",32,2,5,975893.5
10892,210,204,6,1720,0.118604651162791,0.971428571428571,0.0285714285714286,0.1,0.292060948334838,0,0.00246913580246914,0,75,3712,0.97979525862069,"TMMwsp",TRUE,FALSE,1.16452414182917,"ctc_pipeline",32,3,8,844218
3852,192,187,5,1720,0.108720930232558,0.973958333333333,0.0260416666666667,0.05,0.230738331366916,0,0,0,0,0,NA,"TMM",TRUE,FALSE,0.628432375874067,"edger_default",32,3,8,844218
7574,198,190,8,1720,0.11046511627907,0.95959595959596,0.0404040404040404,0.1,0.264764284407568,0,0.00246913580246914,0,75,3722,0.979849543256314,"TMMwsp",TRUE,FALSE,0.684105061624575,"ablate_filter",32,3,8,844218
7180,236,219,17,1720,0.127325581395349,0.927966101694915,0.0720338983050847,0.1,0.261961453886723,0,0.00246913580246914,0,0,0,NA,"TMMwsp",TRUE,FALSE,1.10607840801617,"ablate_exclusive",32,3,8,844218
10892,220,214,6,1720,0.124418604651163,0.972727272727273,0.0272727272727273,0.1,0.297237350357053,0,0.00246913580246914,0,75,3712,0.97979525862069,"TMM",TRUE,FALSE,1.17290990656228,"ablate_tmmwsp",32,3,8,844218
10892,210,204,6,1720,0.118604651162791,0.971428571428571,0.0285714285714286,0.1,0.292090361558045,0,0.00246913580246914,0,75,3712,0.97979525862069,"TMMwsp",TRUE,FALSE,1.16452414182917,"ablate_priorcount",32,3,8,844218
10892,192,189,3,1720,0.109883720930233,0.984375,0.015625,0.05,0.292066716963729,0,0.00246913580246914,0,75,3712,0.97979525862069,"TMMwsp",TRUE,FALSE,1.16452414182917,"ablate_fdr",32,3,8,844218
10892,210,204,6,1720,0.118604651162791,0.971428571428571,0.0285714285714286,0.1,0.29208266445509,0,0.00246913580246914,0,75,3712,0.97979525862069,"TMMwsp",TRUE,FALSE,1.16452414182917,"ablate_shrinkfloor",32,3,8,844218
10892,210,204,6,1720,0.118604651162791,0.971428571428571,0.0285714285714286,0.1,0.292197499161747,0,0.00246913580246914,0,75,3712,0.97979525862069,"TMMwsp",TRUE,FALSE,1.16452414182917,"ablate_lowinput",32,3,8,844218
9497,252,226,26,1720,0.131395348837209,0.896825396825397,0.103174603174603,0.1,0.269368693355234,0,0.00246913580246914,0,75,3723,0.979854955680903,"TMMwsp",FALSE,FALSE,0.954352840532592,"batch_removed",32,3,8,844218
9497,196,190,6,1720,0.11046511627907,0.969387755102041,0.0306122448979592,0.1,0.274933368351716,0,0.00246913580246914,0,75,3723,0.979854955680903,"TMMwsp",FALSE,FALSE,1.0913449876116,"batch_ignored",32,3,8,844218
10892,210,204,6,1720,0.118604651162791,0.971428571428571,0.0285714285714286,0.1,0.292269765300046,0,0.00246913580246914,0,75,3712,0.97979525862069,"TMMwsp",TRUE,FALSE,1.16452414182917,"fix_filter",32,3,8,844218
11796,55,55,0,1720,0.0319767441860465,1,0,0.1,0.197709824119209,0,0,0,44,3242,0.988278840222085,"TMMwsp",TRUE,FALSE,1.20576934185274,"ctc_pipeline",33,1,3,795955
4293,59,58,1,1720,0.0337209302325581,0.983050847457627,0.0169491525423729,0.05,0.174620914170725,0,0,0,0,0,NA,"TMM",TRUE,FALSE,0.73357987795947,"edger_default",33,1,3,795955
8461,61,60,1,1720,0.0348837209302326,0.983606557377049,0.0163934426229508,0.1,0.193635179023702,0,0,0,44,4168,0.989443378119002,"TMMwsp",TRUE,FALSE,0.824281546312439,"ablate_filter",33,1,3,795955
8554,58,58,0,1720,0.0337209302325581,1,0,0.1,0.190149868924539,0,0,0,6,0,NA,"TMMwsp",TRUE,FALSE,1.12943917635812,"ablate_exclusive",33,1,3,795955
11796,50,50,0,1720,0.0290697674418605,1,0,0.1,0.19249606735508,0,0,0,44,3242,0.988278840222085,"TMM",TRUE,FALSE,1.22210063805768,"ablate_tmmwsp",33,1,3,795955
11796,55,55,0,1720,0.0319767441860465,1,0,0.1,0.19797857213608,0,0,0,44,3242,0.988278840222085,"TMMwsp",TRUE,FALSE,1.20576934185274,"ablate_priorcount",33,1,3,795955
11796,46,46,0,1720,0.0267441860465116,1,0,0.05,0.198186147627174,0,0,0,44,3242,0.988278840222085,"TMMwsp",TRUE,FALSE,1.20576934185274,"ablate_fdr",33,1,3,795955
11796,55,55,0,1720,0.0319767441860465,1,0,0.1,0.198008499090461,0,0,0,44,3242,0.988278840222085,"TMMwsp",TRUE,FALSE,1.20576934185274,"ablate_shrinkfloor",33,1,3,795955
11796,55,55,0,1720,0.0319767441860465,1,0,0.1,0.197733689894072,0,0,0,44,3242,0.988278840222085,"TMMwsp",TRUE,FALSE,1.20576934185274,"ablate_lowinput",33,1,3,795955
10548,147,97,50,1720,0.0563953488372093,0.659863945578231,0.340136054421769,0.1,0.177305258332379,0,0,0,44,4045,0.989369592088999,"TMMwsp",FALSE,FALSE,0.776100029473861,"batch_removed",33,1,3,795955
10548,52,51,1,1720,0.0296511627906977,0.980769230769231,0.0192307692307692,0.1,0.197531546848756,0,0,0,44,4045,0.989369592088999,"TMMwsp",FALSE,FALSE,1.22587374483449,"batch_ignored",33,1,3,795955
11796,55,55,0,1720,0.0319767441860465,1,0,0.1,0.197697827734227,0,0,0,44,3242,0.988278840222085,"TMMwsp",TRUE,FALSE,1.20576934185274,"fix_filter",33,1,3,795955
12871,139,132,7,1720,0.0767441860465116,0.949640287769784,0.0503597122302158,0.1,0.263355740879984,0,0,0,66,3655,0.982489740082079,"TMMwsp",TRUE,FALSE,1.22637062751894,"ctc_pipeline",33,2,5,878701.5
4889,145,138,7,1720,0.0802325581395349,0.951724137931034,0.0482758620689655,0.05,0.22543373212781,0,0,0,0,0,NA,"TMM",TRUE,FALSE,0.7345433708672,"edger_default",33,2,5,878701.5
8822,149,142,7,1720,0.0825581395348837,0.953020134228188,0.0469798657718121,0.1,0.250464285349238,0,0,0,66,3933,0.983218916857361,"TMMwsp",TRUE,FALSE,0.802638141082078,"ablate_filter",33,2,5,878701.5
9216,152,144,8,1720,0.0837209302325581,0.947368421052632,0.0526315789473684,0.1,0.249379912760075,0,0,0,2,0,NA,"TMMwsp",TRUE,FALSE,1.1691495138715,"ablate_exclusive",33,2,5,878701.5
12871,140,133,7,1720,0.0773255813953488,0.95,0.05,0.1,0.263297556146216,0,0,0,66,3655,0.982489740082079,"TMM",TRUE,FALSE,1.23588691370576,"ablate_tmmwsp",33,2,5,878701.5
12871,139,132,7,1720,0.0767441860465116,0.949640287769784,0.0503597122302158,0.1,0.263495601021454,0,0,0,66,3655,0.982489740082079,"TMMwsp",TRUE,FALSE,1.22637062751894,"ablate_priorcount",33,2,5,878701.5
12871,113,112,1,1720,0.0651162790697674,0.991150442477876,0.00884955752212389,0.05,0.263578979255223,0,0,0,66,3655,0.982489740082079,"TMMwsp",TRUE,FALSE,1.22637062751894,"ablate_fdr",33,2,5,878701.5
12871,139,132,7,1720,0.0767441860465116,0.949640287769784,0.0503597122302158,0.1,0.263383872961567,0,0,0,66,3655,0.982489740082079,"TMMwsp",TRUE,FALSE,1.22637062751894,"ablate_shrinkfloor",33,2,5,878701.5
12871,139,132,7,1720,0.0767441860465116,0.949640287769784,0.0503597122302158,0.1,0.26327983374389,0,0,0,66,3655,0.982489740082079,"TMMwsp",TRUE,FALSE,1.22637062751894,"ablate_lowinput",33,2,5,878701.5
10626,201,161,40,1720,0.0936046511627907,0.800995024875622,0.199004975124378,0.1,0.237226137907151,0,0,0,66,3930,0.983206106870229,"TMMwsp",FALSE,FALSE,0.904001473279946,"batch_removed",33,2,5,878701.5
10626,122,118,4,1720,0.0686046511627907,0.967213114754098,0.0327868852459016,0.1,0.25160564674173,0,0,0,66,3930,0.983206106870229,"TMMwsp",FALSE,FALSE,1.11115700261972,"batch_ignored",33,2,5,878701.5
12871,139,132,7,1720,0.0767441860465116,0.949640287769784,0.0503597122302158,0.1,0.263414909080815,0,0,0,66,3655,0.982489740082079,"TMMwsp",TRUE,FALSE,1.22637062751894,"fix_filter",33,2,5,878701.5
11399,259,244,15,1720,0.141860465116279,0.942084942084942,0.0579150579150579,0.1,0.328962696181781,0,0,0,84,3577,0.976516634050881,"TMMwsp",TRUE,FALSE,1.11950507546884,"ctc_pipeline",33,3,8,1037778
4458,206,203,3,1720,0.118023255813953,0.985436893203884,0.0145631067961165,0.05,0.246943784702007,0,0,0,0,0,NA,"TMM",TRUE,FALSE,0.636629547529367,"edger_default",33,3,8,1037778
8048,225,216,9,1720,0.125581395348837,0.96,0.04,0.1,0.287140188510743,0,0,0,84,3590,0.976601671309192,"TMMwsp",TRUE,FALSE,0.682896673888015,"ablate_filter",33,3,8,1037778
7822,267,251,16,1720,0.14593023255814,0.940074906367041,0.0599250936329588,0.1,0.292437903121741,0,0,0,0,0,NA,"TMMwsp",TRUE,FALSE,1.06883296387105,"ablate_exclusive",33,3,8,1037778
11399,252,238,14,1720,0.138372093023256,0.944444444444444,0.0555555555555556,0.1,0.328982658924489,0,0,0,84,3577,0.976516634050881,"TMM",TRUE,FALSE,1.13073782666572,"ablate_tmmwsp",33,3,8,1037778
11399,259,244,15,1720,0.141860465116279,0.942084942084942,0.0579150579150579,0.1,0.328866668776188,0,0,0,84,3577,0.976516634050881,"TMMwsp",TRUE,FALSE,1.11950507546884,"ablate_priorcount",33,3,8,1037778
11399,215,209,6,1720,0.121511627906977,0.972093023255814,0.027906976744186,0.05,0.329074361950297,0,0,0,84,3577,0.976516634050881,"TMMwsp",TRUE,FALSE,1.11950507546884,"ablate_fdr",33,3,8,1037778
11399,259,244,15,1720,0.141860465116279,0.942084942084942,0.0579150579150579,0.1,0.329180476019053,0,0,0,84,3577,0.976516634050881,"TMMwsp",TRUE,FALSE,1.11950507546884,"ablate_shrinkfloor",33,3,8,1037778
11399,259,244,15,1720,0.141860465116279,0.942084942084942,0.0579150579150579,0.1,0.329005700388644,0,0,0,84,3577,0.976516634050881,"TMMwsp",TRUE,FALSE,1.11950507546884,"ablate_lowinput",33,3,8,1037778
9950,272,243,29,1720,0.141279069767442,0.893382352941177,0.106617647058824,0.1,0.299176517641571,0,0,0,84,3591,0.976608187134503,"TMMwsp",FALSE,FALSE,0.909957679189034,"batch_removed",33,3,8,1037778
9950,221,210,11,1720,0.122093023255814,0.950226244343891,0.0497737556561086,0.1,0.310233117026145,0,0,0,84,3591,0.976608187134503,"TMMwsp",FALSE,FALSE,1.05685324834392,"batch_ignored",33,3,8,1037778
11399,259,244,15,1720,0.141860465116279,0.942084942084942,0.0579150579150579,0.1,0.32897563139827,0,0,0,84,3577,0.976516634050881,"TMMwsp",TRUE,FALSE,1.11950507546884,"fix_filter",33,3,8,1037778
11646,55,55,0,1720,0.0319767441860465,1,0,0.1,0.191788074265195,0,0,0,40,3175,0.988346456692913,"TMMwsp",TRUE,FALSE,1.16529693404595,"ctc_pipeline",34,1,3,748256
4453,57,55,2,1720,0.0319767441860465,0.964912280701754,0.0350877192982456,0.05,0.173985199050119,0,0,0,0,0,NA,"TMM",TRUE,FALSE,0.759518027460201,"edger_default",34,1,3,748256
8699,62,62,0,1720,0.036046511627907,1,0,0.1,0.190908649987727,0,0,0,40,4246,0.990579368817711,"TMMwsp",TRUE,FALSE,0.843821796233369,"ablate_filter",34,1,3,748256
8471,65,64,1,1720,0.0372093023255814,0.984615384615385,0.0153846153846154,0.1,0.189151973089924,0,0,0,3,0,NA,"TMMwsp",TRUE,FALSE,1.09928079850996,"ablate_exclusive",34,1,3,748256
11646,50,49,1,1720,0.0284883720930233,0.98,0.02,0.1,0.186650224420395,0,0,0,40,3175,0.988346456692913,"TMM",TRUE,FALSE,1.16949044563115,"ablate_tmmwsp",34,1,3,748256
11646,55,55,0,1720,0.0319767441860465,1,0,0.1,0.191957226485585,0,0,0,40,3175,0.988346456692913,"TMMwsp",TRUE,FALSE,1.16529693404595,"ablate_priorcount",34,1,3,748256
11646,46,46,0,1720,0.0267441860465116,1,0,0.05,0.191776578313349,0,0,0,40,3175,0.988346456692913,"TMMwsp",TRUE,FALSE,1.16529693404595,"ablate_fdr",34,1,3,748256
11646,55,55,0,1720,0.0319767441860465,1,0,0.1,0.191692756994028,0,0,0,40,3175,0.988346456692913,"TMMwsp",TRUE,FALSE,1.16529693404595,"ablate_shrinkfloor",34,1,3,748256
11646,55,55,0,1720,0.0319767441860465,1,0,0.1,0.191740625281386,0,0,0,40,3175,0.988346456692913,"TMMwsp",TRUE,FALSE,1.16529693404595,"ablate_lowinput",34,1,3,748256
10548,103,78,25,1720,0.0453488372093023,0.757281553398058,0.242718446601942,0.1,0.174754796235604,0,0,0,40,4109,0.990265271355561,"TMMwsp",FALSE,FALSE,0.760306012549016,"batch_removed",34,1,3,748256
10548,54,52,2,1720,0.0302325581395349,0.962962962962963,0.037037037037037,0.1,0.191011785694695,0,0,0,40,4109,0.990265271355561,"TMMwsp",FALSE,FALSE,1.21169590005766,"batch_ignored",34,1,3,748256
11646,55,55,0,1720,0.0319767441860465,1,0,0.1,0.191820820096532,0,0,0,40,3175,0.988346456692913,"TMMwsp",TRUE,FALSE,1.16529693404595,"fix_filter",34,1,3,748256
11590,105,99,6,1720,0.0575581395348837,0.942857142857143,0.0571428571428571,0.1,0.241929342043946,0,0,0,56,3730,0.984986595174263,"TMMwsp",TRUE,FALSE,1.38094639065252,"ctc_pipeline",34,2,5,804674.5
3823,120,114,6,1720,0.0662790697674419,0.95,0.05,0.05,0.210119770299334,0,0,0,0,0,NA,"TMM",TRUE,FALSE,0.804754168689869,"edger_default",34,2,5,804674.5
7850,112,105,7,1720,0.061046511627907,0.9375,0.0625,0.1,0.229577281678726,0,0,0,56,4027,0.986093866401788,"TMMwsp",TRUE,FALSE,0.882303972456469,"ablate_filter",34,2,5,804674.5
7860,127,119,8,1720,0.0691860465116279,0.937007874015748,0.062992125984252,0.1,0.230635598859817,0,0,0,0,0,NA,"TMMwsp",TRUE,FALSE,1.31625682445739,"ablate_exclusive",34,2,5,804674.5
11590,102,100,2,1720,0.0581395348837209,0.980392156862745,0.0196078431372549,0.1,0.244624275874803,0,0,0,56,3730,0.984986595174263,"TMM",TRUE,FALSE,1.40018047115858,"ablate_tmmwsp",34,2,5,804674.5
11590,105,99,6,1720,0.0575581395348837,0.942857142857143,0.0571428571428571,0.1,0.242361985608693,0,0,0,56,3730,0.984986595174263,"TMMwsp",TRUE,FALSE,1.38094639065252,"ablate_priorcount",34,2,5,804674.5
11590,83,81,2,1720,0.047093023255814,0.975903614457831,0.0240963855421687,0.05,0.242720512556235,0,0,0,56,3730,0.984986595174263,"TMMwsp",TRUE,FALSE,1.38094639065252,"ablate_fdr",34,2,5,804674.5
11590,105,99,6,1720,0.0575581395348837,0.942857142857143,0.0571428571428571,0.1,0.242560598077025,0,0,0,56,3730,0.984986595174263,"TMMwsp",TRUE,FALSE,1.38094639065252,"ablate_shrinkfloor",34,2,5,804674.5
11590,105,99,6,1720,0.0575581395348837,0.942857142857143,0.0571428571428571,0.1,0.24255094321582,0,0,0,56,3730,0.984986595174263,"TMMwsp",TRUE,FALSE,1.38094639065252,"ablate_lowinput",34,2,5,804674.5
9487,177,134,43,1720,0.077906976744186,0.757062146892655,0.242937853107345,0.1,0.220197463780083,0,0,0,56,4027,0.986093866401788,"TMMwsp",FALSE,FALSE,0.995958161356894,"batch_removed",34,2,5,804674.5
9487,91,87,4,1720,0.0505813953488372,0.956043956043956,0.043956043956044,0.1,0.233545139181185,0,0,0,56,4027,0.986093866401788,"TMMwsp",FALSE,FALSE,1.21055625614588,"batch_ignored",34,2,5,804674.5
11590,105,99,6,1720,0.0575581395348837,0.942857142857143,0.0571428571428571,0.1,0.242256865441457,0,0,0,56,3730,0.984986595174263,"TMMwsp",TRUE,FALSE,1.38094639065252,"fix_filter",34,2,5,804674.5
11579,216,196,20,1720,0.113953488372093,0.907407407407407,0.0925925925925926,0.1,0.297239772612526,0,0.00493827160493827,0,94,3731,0.974805682122755,"TMMwsp",TRUE,FALSE,1.13259369324364,"ctc_pipeline",34,3,8,766165.5
4165,180,169,11,1720,0.0982558139534884,0.938888888888889,0.0611111111111111,0.05,0.223471359089756,0,0.00246913580246914,0,0,0,NA,"TMM",TRUE,FALSE,0.600587126730069,"edger_default",34,3,8,766165.5
7923,187,175,12,1720,0.101744186046512,0.935828877005348,0.0641711229946524,0.1,0.258203255926805,0,0.00493827160493827,0,94,3758,0.974986695050559,"TMMwsp",TRUE,FALSE,0.662118192748076,"ablate_filter",34,3,8,766165.5
7848,227,203,24,1720,0.118023255813953,0.894273127753304,0.105726872246696,0.1,0.271901387039406,0,0.00246913580246914,0,0,0,NA,"TMMwsp",TRUE,FALSE,1.06777357272836,"ablate_exclusive",34,3,8,766165.5
11579,207,191,16,1720,0.111046511627907,0.922705314009662,0.0772946859903382,0.1,0.293045939644594,0,0.00493827160493827,0,94,3731,0.974805682122755,"TMM",TRUE,FALSE,1.1412661898414,"ablate_tmmwsp",34,3,8,766165.5
11579,216,196,20,1720,0.113953488372093,0.907407407407407,0.0925925925925926,0.1,0.296940777171548,0,0.00493827160493827,0,94,3731,0.974805682122755,"TMMwsp",TRUE,FALSE,1.13259369324364,"ablate_priorcount",34,3,8,766165.5
11579,170,167,3,1720,0.097093023255814,0.98235294117647,0.0176470588235294,0.05,0.297327707765634,0,0.00493827160493827,0,94,3731,0.974805682122755,"TMMwsp",TRUE,FALSE,1.13259369324364,"ablate_fdr",34,3,8,766165.5
11579,216,196,20,1720,0.113953488372093,0.907407407407407,0.0925925925925926,0.1,0.297493418772011,0,0.00493827160493827,0,94,3731,0.974805682122755,"TMMwsp",TRUE,FALSE,1.13259369324364,"ablate_shrinkfloor",34,3,8,766165.5
11579,216,196,20,1720,0.113953488372093,0.907407407407407,0.0925925925925926,0.1,0.297203953465891,0,0.00493827160493827,0,94,3731,0.974805682122755,"TMMwsp",TRUE,FALSE,1.13259369324364,"ablate_lowinput",34,3,8,766165.5
10117,280,213,67,1720,0.123837209302326,0.760714285714286,0.239285714285714,0.1,0.260308183799904,0,0.00493827160493827,0,94,3759,0.974993349295025,"TMMwsp",FALSE,FALSE,0.933720984261547,"batch_removed",34,3,8,766165.5
10117,188,179,9,1720,0.10406976744186,0.952127659574468,0.0478723404255319,0.1,0.285465693253045,0,0.00493827160493827,0,94,3759,0.974993349295025,"TMMwsp",FALSE,FALSE,1.0763955094034,"batch_ignored",34,3,8,766165.5
11579,216,196,20,1720,0.113953488372093,0.907407407407407,0.0925925925925926,0.1,0.297095896789793,0,0.00493827160493827,0,94,3731,0.974805682122755,"TMMwsp",TRUE,FALSE,1.13259369324364,"fix_filter",34,3,8,766165.5
11704,61,61,0,1720,0.0354651162790698,1,0,0.1,0.21357392145892,0,0,0,29,3264,0.99264705882353,"TMMwsp",TRUE,FALSE,1.23590879660502,"ctc_pipeline",35,1,3,659481.5
4161,79,77,2,1720,0.0447674418604651,0.974683544303797,0.0253164556962025,0.05,0.198954143309586,0,0,0,0,0,NA,"TMM",TRUE,FALSE,0.789513599222361,"edger_default",35,1,3,659481.5
8390,65,64,1,1720,0.0372093023255814,0.984615384615385,0.0153846153846154,0.1,0.206094151065858,0,0,0,29,4229,0.993142586899976,"TMMwsp",TRUE,FALSE,0.842883886380441,"ablate_filter",35,1,3,659481.5
8440,71,69,2,1720,0.0401162790697674,0.971830985915493,0.028169014084507,0.1,0.211230622895742,0,0,0,5,0,NA,"TMMwsp",TRUE,FALSE,1.19676770811514,"ablate_exclusive",35,1,3,659481.5
11704,72,71,1,1720,0.0412790697674419,0.986111111111111,0.0138888888888889,0.1,0.220098267421296,0,0,0,29,3264,0.99264705882353,"TMM",TRUE,FALSE,1.26150007245406,"ablate_tmmwsp",35,1,3,659481.5
11704,61,61,0,1720,0.0354651162790698,1,0,0.1,0.213000552689221,0,0,0,29,3264,0.99264705882353,"TMMwsp",TRUE,FALSE,1.23590879660502,"ablate_priorcount",35,1,3,659481.5
11704,48,48,0,1720,0.027906976744186,1,0,0.05,0.213430729579664,0,0,0,29,3264,0.99264705882353,"TMMwsp",TRUE,FALSE,1.23590879660502,"ablate_fdr",35,1,3,659481.5
11704,61,61,0,1720,0.0354651162790698,1,0,0.1,0.213303305062664,0,0,0,29,3264,0.99264705882353,"TMMwsp",TRUE,FALSE,1.23590879660502,"ablate_shrinkfloor",35,1,3,659481.5
11704,61,61,0,1720,0.0354651162790698,1,0,0.1,0.2129549700811,0,0,0,29,3264,0.99264705882353,"TMMwsp",TRUE,FALSE,1.23590879660502,"ablate_lowinput",35,1,3,659481.5
10447,180,124,56,1720,0.072093023255814,0.688888888888889,0.311111111111111,0.1,0.200900351058201,0,0,0,29,4143,0.993000241370987,"TMMwsp",FALSE,FALSE,0.828217166970151,"batch_removed",35,1,3,659481.5
10447,54,53,1,1720,0.0308139534883721,0.981481481481482,0.0185185185185185,0.1,0.211444655155547,0,0,0,29,4143,0.993000241370987,"TMMwsp",FALSE,FALSE,1.21640814657099,"batch_ignored",35,1,3,659481.5
11704,61,61,0,1720,0.0354651162790698,1,0,0.1,0.213089886993377,0,0,0,29,3264,0.99264705882353,"TMMwsp",TRUE,FALSE,1.23590879660502,"fix_filter",35,1,3,659481.5
12800,155,144,11,1720,0.0837209302325581,0.929032258064516,0.0709677419354839,0.1,0.27150670599084,0,0,0,79,3515,0.978093883357041,"TMMwsp",TRUE,FALSE,1.19823574666612,"ctc_pipeline",35,2,5,1218576
5124,151,143,8,1720,0.0831395348837209,0.947019867549669,0.0529801324503311,0.05,0.230814905415165,0,0,0,0,0,NA,"TMM",TRUE,FALSE,0.73718074714643,"edger_default",35,2,5,1218576
8980,161,149,12,1720,0.0866279069767442,0.925465838509317,0.0745341614906832,0.1,0.263189015140187,0,0,0,79,3856,0.97951244813278,"TMMwsp",TRUE,FALSE,0.802489325961504,"ablate_filter",35,2,5,1218576
9285,168,153,15,1720,0.088953488372093,0.910714285714286,0.0892857142857143,0.1,0.255852058159505,0,0,0,2,0,NA,"TMMwsp",TRUE,FALSE,1.14073835257451,"ablate_exclusive",35,2,5,1218576
12800,154,145,9,1720,0.0843023255813953,0.941558441558442,0.0584415584415584,0.1,0.272107250432513,0,0,0,79,3515,0.978093883357041,"TMM",TRUE,FALSE,1.21350544165596,"ablate_tmmwsp",35,2,5,1218576
12800,155,144,11,1720,0.0837209302325581,0.929032258064516,0.0709677419354839,0.1,0.271777907911077,0,0,0,79,3515,0.978093883357041,"TMMwsp",TRUE,FALSE,1.19823574666612,"ablate_priorcount",35,2,5,1218576
12800,130,127,3,1720,0.0738372093023256,0.976923076923077,0.0230769230769231,0.05,0.271600186637571,0,0,0,79,3515,0.978093883357041,"TMMwsp",TRUE,FALSE,1.19823574666612,"ablate_fdr",35,2,5,1218576
12800,155,144,11,1720,0.0837209302325581,0.929032258064516,0.0709677419354839,0.1,0.271646197014297,0,0,0,79,3515,0.978093883357041,"TMMwsp",TRUE,FALSE,1.19823574666612,"ablate_shrinkfloor",35,2,5,1218576
12800,155,144,11,1720,0.0837209302325581,0.929032258064516,0.0709677419354839,0.1,0.271629354373252,0,0,0,79,3515,0.978093883357041,"TMMwsp",TRUE,FALSE,1.19823574666612,"ablate_lowinput",35,2,5,1218576
10575,232,182,50,1720,0.105813953488372,0.78448275862069,0.21551724137931,0.1,0.251761090477212,0,0,0,79,3858,0.979523068947641,"TMMwsp",FALSE,FALSE,0.863509934185213,"batch_removed",35,2,5,1218576
10575,145,136,9,1720,0.0790697674418605,0.937931034482759,0.0620689655172414,0.1,0.265632512749688,0,0,0,79,3858,0.979523068947641,"TMMwsp",FALSE,FALSE,1.08035487414585,"batch_ignored",35,2,5,1218576
12800,155,144,11,1720,0.0837209302325581,0.929032258064516,0.0709677419354839,0.1,0.271483771024866,0,0,0,79,3515,0.978093883357041,"TMMwsp",TRUE,FALSE,1.19823574666612,"fix_filter",35,2,5,1218576
11438,241,215,26,1720,0.125,0.892116182572614,0.107883817427386,0.1,0.290806730120699,0,0,0,91,3777,0.97590680434207,"TMMwsp",TRUE,FALSE,1.12711198181416,"ctc_pipeline",35,3,8,1109371
4464,197,180,17,1720,0.104651162790698,0.913705583756345,0.0862944162436548,0.05,0.218735699874031,0,0,0,0,0,NA,"TMM",TRUE,FALSE,0.672155631059537,"edger_default",35,3,8,1109371
8251,208,189,19,1720,0.109883720930233,0.908653846153846,0.0913461538461538,0.1,0.250554604739806,0,0,0,91,3787,0.975970425138632,"TMMwsp",TRUE,FALSE,0.731140401929835,"ablate_filter",35,3,8,1109371
7661,263,227,36,1720,0.131976744186047,0.863117870722434,0.136882129277567,0.1,0.265287118021752,0,0,0,0,0,NA,"TMMwsp",TRUE,FALSE,1.06711227151159,"ablate_exclusive",35,3,8,1109371
11438,249,218,31,1720,0.126744186046512,0.875502008032129,0.124497991967871,0.1,0.288604351283538,0,0,0,91,3777,0.97590680434207,"TMM",TRUE,FALSE,1.13465414724061,"ablate_tmmwsp",35,3,8,1109371
11438,241,215,26,1720,0.125,0.892116182572614,0.107883817427386,0.1,0.291200753110724,0,0,0,91,3777,0.97590680434207,"TMMwsp",TRUE,FALSE,1.12711198181416,"ablate_priorcount",35,3,8,1109371
11438,196,188,8,1720,0.109302325581395,0.959183673469388,0.0408163265306122,0.05,0.29102960929416,0,0,0,91,3777,0.97590680434207,"TMMwsp",TRUE,FALSE,1.12711198181416,"ablate_fdr",35,3,8,1109371
11438,241,215,26,1720,0.125,0.892116182572614,0.107883817427386,0.1,0.290758541554522,0,0,0,91,3777,0.97590680434207,"TMMwsp",TRUE,FALSE,1.12711198181416,"ablate_shrinkfloor",35,3,8,1109371
11438,241,215,26,1720,0.125,0.892116182572614,0.107883817427386,0.1,0.29090683870469,0,0,0,91,3777,0.97590680434207,"TMMwsp",TRUE,FALSE,1.12711198181416,"ablate_lowinput",35,3,8,1109371
10023,268,217,51,1720,0.126162790697674,0.809701492537313,0.190298507462687,0.1,0.258926469664558,0,0,0,91,3789,0.975983108999736,"TMMwsp",FALSE,FALSE,0.919940083680217,"batch_removed",35,3,8,1109371
10023,211,188,23,1720,0.109302325581395,0.890995260663507,0.109004739336493,0.1,0.274777065343434,0,0,0,91,3789,0.975983108999736,"TMMwsp",FALSE,FALSE,1.06278447652734,"batch_ignored",35,3,8,1109371
11438,241,215,26,1720,0.125,0.892116182572614,0.107883817427386,0.1,0.291310253723513,0,0,0,91,3777,0.97590680434207,"TMMwsp",TRUE,FALSE,1.12711198181416,"fix_filter",35,3,8,1109371
10741,38,38,0,1720,0.022093023255814,1,0,0.1,0.171928567686094,0,0,0,36,3288,0.990571776155718,"TMMwsp",TRUE,FALSE,1.32750300909433,"ctc_pipeline",36,1,3,637647
3316,46,43,3,1720,0.025,0.934782608695652,0.0652173913043478,0.05,0.165501165613443,0,0,0,0,0,NA,"TMM",TRUE,FALSE,0.789671270875086,"edger_default",36,1,3,637647
7478,40,39,1,1720,0.0226744186046512,0.975,0.025,0.1,0.168549319881703,0,0,0,36,4162,0.991350312349832,"TMMwsp",TRUE,FALSE,0.85443618408695,"ablate_filter",36,1,3,637647
7453,44,42,2,1720,0.0244186046511628,0.954545454545455,0.0454545454545455,0.1,0.171206248093461,0,0,0,5,0,NA,"TMMwsp",TRUE,FALSE,1.27590579207591,"ablate_exclusive",36,1,3,637647
10741,37,37,0,1720,0.0215116279069767,1,0,0.1,0.177266102326763,0,0,0,36,3288,0.990571776155718,"TMM",TRUE,FALSE,1.35373365105878,"ablate_tmmwsp",36,1,3,637647
10741,38,38,0,1720,0.022093023255814,1,0,0.1,0.171774050588506,0,0,0,36,3288,0.990571776155718,"TMMwsp",TRUE,FALSE,1.32750300909433,"ablate_priorcount",36,1,3,637647
10741,32,32,0,1720,0.0186046511627907,1,0,0.05,0.172167863429095,0,0,0,36,3288,0.990571776155718,"TMMwsp",TRUE,FALSE,1.32750300909433,"ablate_fdr",36,1,3,637647
10741,38,38,0,1720,0.022093023255814,1,0,0.1,0.171629496998266,0,0,0,36,3288,0.990571776155718,"TMMwsp",TRUE,FALSE,1.32750300909433,"ablate_shrinkfloor",36,1,3,637647
10741,38,38,0,1720,0.022093023255814,1,0,0.1,0.171890718392725,0,0,0,36,3288,0.990571776155718,"TMMwsp",TRUE,FALSE,1.32750300909433,"ablate_lowinput",36,1,3,637647
9578,113,72,41,1720,0.0418604651162791,0.63716814159292,0.36283185840708,0.1,0.163100907125555,0,0,0,36,4073,0.991161306162534,"TMMwsp",FALSE,FALSE,0.862296914656882,"batch_removed",36,1,3,637647
9578,34,32,2,1720,0.0186046511627907,0.941176470588235,0.0588235294117647,0.1,0.170191319847127,0,0,0,36,4073,0.991161306162534,"TMMwsp",FALSE,FALSE,1.31337628741801,"batch_ignored",36,1,3,637647
10741,38,38,0,1720,0.022093023255814,1,0,0.1,0.172034499268809,0,0,0,36,3288,0.990571776155718,"TMMwsp",TRUE,FALSE,1.32750300909433,"fix_filter",36,1,3,637647
12306,124,122,2,1720,0.0709302325581395,0.983870967741935,0.0161290322580645,0.1,0.244431932926835,0,0,0,51,3706,0.986778197517539,"TMMwsp",TRUE,FALSE,1.29913293796739,"ctc_pipeline",36,2,5,817458
4402,135,131,4,1720,0.0761627906976744,0.97037037037037,0.0296296296296296,0.05,0.216152450345085,0,0,0,0,0,NA,"TMM",TRUE,FALSE,0.772643123381192,"edger_default",36,2,5,817458
8396,133,130,3,1720,0.0755813953488372,0.977443609022556,0.0225563909774436,0.1,0.235985478163407,0,0,0,51,3994,0.987230846269404,"TMMwsp",TRUE,FALSE,0.841264498707096,"ablate_filter",36,2,5,817458
8600,136,133,3,1720,0.0773255813953488,0.977941176470588,0.0220588235294118,0.1,0.23172466326964,0,0,0,2,0,NA,"TMMwsp",TRUE,FALSE,1.24048726582322,"ablate_exclusive",36,2,5,817458
12306,120,118,2,1720,0.0686046511627907,0.983333333333333,0.0166666666666667,0.1,0.247897105787471,0,0,0,51,3706,0.986778197517539,"TMM",TRUE,FALSE,1.31850764396421,"ablate_tmmwsp",36,2,5,817458
12306,124,122,2,1720,0.0709302325581395,0.983870967741935,0.0161290322580645,0.1,0.244419339399891,0,0,0,51,3706,0.986778197517539,"TMMwsp",TRUE,FALSE,1.29913293796739,"ablate_priorcount",36,2,5,817458
12306,91,90,1,1720,0.0523255813953488,0.989010989010989,0.010989010989011,0.05,0.244666945337059,0,0,0,51,3706,0.986778197517539,"TMMwsp",TRUE,FALSE,1.29913293796739,"ablate_fdr",36,2,5,817458
12306,124,122,2,1720,0.0709302325581395,0.983870967741935,0.0161290322580645,0.1,0.244708167758188,0,0,0,51,3706,0.986778197517539,"TMMwsp",TRUE,FALSE,1.29913293796739,"ablate_shrinkfloor",36,2,5,817458
12306,124,122,2,1720,0.0709302325581395,0.983870967741935,0.0161290322580645,0.1,0.244458115680994,0,0,0,51,3706,0.986778197517539,"TMMwsp",TRUE,FALSE,1.29913293796739,"ablate_lowinput",36,2,5,817458
10128,186,151,35,1720,0.0877906976744186,0.811827956989247,0.188172043010753,0.1,0.226998844531154,0,0,0,51,3997,0.987240430322742,"TMMwsp",FALSE,FALSE,0.946692680509025,"batch_removed",36,2,5,817458
10128,109,104,5,1720,0.0604651162790698,0.954128440366973,0.0458715596330275,0.1,0.23633215600684,0,0,0,51,3997,0.987240430322742,"TMMwsp",FALSE,FALSE,1.14820179839181,"batch_ignored",36,2,5,817458
12306,124,122,2,1720,0.0709302325581395,0.983870967741935,0.0161290322580645,0.1,0.244833493397693,0,0,0,51,3706,0.986778197517539,"TMMwsp",TRUE,FALSE,1.29913293796739,"fix_filter",36,2,5,817458
11649,239,220,19,1720,0.127906976744186,0.920502092050209,0.0794979079497908,0.1,0.310768607447446,0,0,0,82,3558,0.976953344575604,"TMMwsp",TRUE,FALSE,1.10243183329493,"ctc_pipeline",36,3,8,961208
4451,181,173,8,1720,0.100581395348837,0.955801104972376,0.0441988950276243,0.05,0.226939084891911,0,0,0,0,0,NA,"TMM",TRUE,FALSE,0.5976256131999,"edger_default",36,3,8,961208
8024,197,188,9,1720,0.109302325581395,0.954314720812183,0.0456852791878173,0.1,0.264701867763945,0,0,0,82,3573,0.977050097956899,"TMMwsp",TRUE,FALSE,0.64681784561346,"ablate_filter",36,3,8,961208
8091,267,235,32,1720,0.136627906976744,0.880149812734082,0.119850187265918,0.1,0.28284897307041,0,0,0,0,0,NA,"TMMwsp",TRUE,FALSE,1.04977764579901,"ablate_exclusive",36,3,8,961208
11649,237,216,21,1720,0.125581395348837,0.911392405063291,0.0886075949367089,0.1,0.30710915535045,0,0,0,82,3558,0.976953344575604,"TMM",TRUE,FALSE,1.11069856920824,"ablate_tmmwsp",36,3,8,961208
11649,239,220,19,1720,0.127906976744186,0.920502092050209,0.0794979079497908,0.1,0.311024725194347,0,0,0,82,3558,0.976953344575604,"TMMwsp",TRUE,FALSE,1.10243183329493,"ablate_priorcount",36,3,8,961208
11649,208,202,6,1720,0.117441860465116,0.971153846153846,0.0288461538461538,0.05,0.31084737402783,0,0,0,82,3558,0.976953344575604,"TMMwsp",TRUE,FALSE,1.10243183329493,"ablate_fdr",36,3,8,961208
11649,239,220,19,1720,0.127906976744186,0.920502092050209,0.0794979079497908,0.1,0.311170831428514,0,0,0,82,3558,0.976953344575604,"TMMwsp",TRUE,FALSE,1.10243183329493,"ablate_shrinkfloor",36,3,8,961208
11649,239,220,19,1720,0.127906976744186,0.920502092050209,0.0794979079497908,0.1,0.310811503350652,0,0,0,82,3558,0.976953344575604,"TMMwsp",TRUE,FALSE,1.10243183329493,"ablate_lowinput",36,3,8,961208
10188,278,227,51,1720,0.131976744186047,0.816546762589928,0.183453237410072,0.1,0.281278992974129,0,0,0,82,3575,0.977062937062937,"TMMwsp",FALSE,FALSE,0.895984364173362,"batch_removed",36,3,8,961208
10188,210,195,15,1720,0.113372093023256,0.928571428571429,0.0714285714285714,0.1,0.296772643643941,0,0,0,82,3575,0.977062937062937,"TMMwsp",FALSE,FALSE,1.04035780288711,"batch_ignored",36,3,8,961208
11649,239,220,19,1720,0.127906976744186,0.920502092050209,0.0794979079497908,0.1,0.311130216425328,0,0,0,82,3558,0.976953344575604,"TMMwsp",TRUE,FALSE,1.10243183329493,"fix_filter",36,3,8,961208
12171,46,44,2,1720,0.0255813953488372,0.956521739130435,0.0434782608695652,0.1,0.192483082783728,0,0,0,41,3269,0.98990516977669,"TMMwsp",TRUE,FALSE,1.25367184834685,"ctc_pipeline",37,1,3,610697.5
4099,51,48,3,1720,0.027906976744186,0.941176470588235,0.0588235294117647,0.05,0.17618321856424,0,0,0,0,0,NA,"TMM",TRUE,FALSE,0.747650488690225,"edger_default",37,1,3,610697.5
8264,48,46,2,1720,0.0267441860465116,0.958333333333333,0.0416666666666667,0.1,0.190364963077682,0,0,0,41,4165,0.99015606242497,"TMMwsp",TRUE,FALSE,0.802059343540886,"ablate_filter",37,1,3,610697.5
8902,47,45,2,1720,0.0261627906976744,0.957446808510638,0.0425531914893617,0.1,0.182614688102023,0,0,0,8,0,NA,"TMMwsp",TRUE,FALSE,1.22080412363623,"ablate_exclusive",37,1,3,610697.5
12171,46,44,2,1720,0.0255813953488372,0.956521739130435,0.0434782608695652,0.1,0.192688404816671,0,0,0,41,3269,0.98990516977669,"TMM",TRUE,FALSE,1.25525621886362,"ablate_tmmwsp",37,1,3,610697.5
12171,46,44,2,1720,0.0255813953488372,0.956521739130435,0.0434782608695652,0.1,0.192547831899078,0,0,0,41,3269,0.98990516977669,"TMMwsp",TRUE,FALSE,1.25367184834685,"ablate_priorcount",37,1,3,610697.5
12171,38,37,1,1720,0.0215116279069767,0.973684210526316,0.0263157894736842,0.05,0.192377983944124,0,0,0,41,3269,0.98990516977669,"TMMwsp",TRUE,FALSE,1.25367184834685,"ablate_fdr",37,1,3,610697.5
12171,46,44,2,1720,0.0255813953488372,0.956521739130435,0.0434782608695652,0.1,0.19226999567672,0,0,0,41,3269,0.98990516977669,"TMMwsp",TRUE,FALSE,1.25367184834685,"ablate_shrinkfloor",37,1,3,610697.5
12171,46,44,2,1720,0.0255813953488372,0.956521739130435,0.0434782608695652,0.1,0.192666901733904,0,0,0,41,3269,0.98990516977669,"TMMwsp",TRUE,FALSE,1.25367184834685,"ablate_lowinput",37,1,3,610697.5
10866,99,68,31,1720,0.0395348837209302,0.686868686868687,0.313131313131313,0.1,0.166909574136001,0,0,0,41,4061,0.989903964540753,"TMMwsp",FALSE,FALSE,0.850634829976385,"batch_removed",37,1,3,610697.5
10866,38,36,2,1720,0.0209302325581395,0.947368421052632,0.0526315789473684,0.1,0.184959701402058,0,0,0,41,4061,0.989903964540753,"TMMwsp",FALSE,FALSE,1.20922161502249,"batch_ignored",37,1,3,610697.5
12171,46,44,2,1720,0.0255813953488372,0.956521739130435,0.0434782608695652,0.1,0.192807523277276,0,0,0,41,3269,0.98990516977669,"TMMwsp",TRUE,FALSE,1.25367184834685,"fix_filter",37,1,3,610697.5
12864,133,127,6,1720,0.0738372093023256,0.954887218045113,0.0451127819548872,0.1,0.249143361851991,0,0,0,72,3730,0.982037533512064,"TMMwsp",TRUE,FALSE,1.2582521160153,"ctc_pipeline",37,2,5,813128.5
4649,137,128,9,1720,0.0744186046511628,0.934306569343066,0.0656934306569343,0.05,0.222382736063876,0,0,0,0,0,NA,"TMM",TRUE,FALSE,0.720157888253576,"edger_default",37,2,5,813128.5
8741,135,129,6,1720,0.075,0.955555555555556,0.0444444444444444,0.1,0.24138604382742,0,0,0,72,4092,0.982404692082111,"TMMwsp",TRUE,FALSE,0.798230488359337,"ablate_filter",37,2,5,813128.5
9134,141,132,9,1720,0.0767441860465116,0.936170212765957,0.0638297872340425,0.1,0.243101916456576,0,0,0,5,0,NA,"TMMwsp",TRUE,FALSE,1.18982855453453,"ablate_exclusive",37,2,5,813128.5
12864,126,119,7,1720,0.0691860465116279,0.944444444444444,0.0555555555555556,0.1,0.246900776269477,0,0,0,72,3730,0.982037533512064,"TMM",TRUE,FALSE,1.27114021449432,"ablate_tmmwsp",37,2,5,813128.5
12864,133,127,6,1720,0.0738372093023256,0.954887218045113,0.0451127819548872,0.1,0.249006317495982,0,0,0,72,3730,0.982037533512064,"TMMwsp",TRUE,FALSE,1.2582521160153,"ablate_priorcount",37,2,5,813128.5
12864,110,106,4,1720,0.0616279069767442,0.963636363636364,0.0363636363636364,0.05,0.248887284426972,0,0,0,72,3730,0.982037533512064,"TMMwsp",TRUE,FALSE,1.2582521160153,"ablate_fdr",37,2,5,813128.5
12864,133,127,6,1720,0.0738372093023256,0.954887218045113,0.0451127819548872,0.1,0.248983052168504,0,0,0,72,3730,0.982037533512064,"TMMwsp",TRUE,FALSE,1.2582521160153,"ablate_shrinkfloor",37,2,5,813128.5
12864,133,127,6,1720,0.0738372093023256,0.954887218045113,0.0451127819548872,0.1,0.248907249303686,0,0,0,72,3730,0.982037533512064,"TMMwsp",TRUE,FALSE,1.2582521160153,"ablate_lowinput",37,2,5,813128.5
10671,214,152,62,1720,0.0883720930232558,0.710280373831776,0.289719626168224,0.1,0.228229130005937,0,0,0,72,4083,0.982365907421014,"TMMwsp",FALSE,FALSE,0.911569068711138,"batch_removed",37,2,5,813128.5
10671,131,121,10,1720,0.0703488372093023,0.923664122137405,0.0763358778625954,0.1,0.245113359781173,0,0,0,72,4083,0.982365907421014,"TMMwsp",FALSE,FALSE,1.13486041627795,"batch_ignored",37,2,5,813128.5
12864,133,127,6,1720,0.0738372093023256,0.954887218045113,0.0451127819548872,0.1,0.248909152805169,0,0,0,72,3730,0.982037533512064,"TMMwsp",TRUE,FALSE,1.2582521160153,"fix_filter",37,2,5,813128.5
11163,230,216,14,1720,0.125581395348837,0.939130434782609,0.0608695652173913,0.1,0.319348791870394,0,0,0,73,3628,0.979878721058434,"TMMwsp",TRUE,FALSE,1.1560571553485,"ctc_pipeline",37,3,8,760395.5
3879,188,180,8,1720,0.104651162790698,0.957446808510638,0.0425531914893617,0.05,0.228129743544004,0,0,0,0,0,NA,"TMM",TRUE,FALSE,0.59611365386922,"edger_default",37,3,8,760395.5
7520,196,184,12,1720,0.106976744186047,0.938775510204082,0.0612244897959184,0.1,0.267374262462194,0,0,0,73,3641,0.979950563032134,"TMMwsp",TRUE,FALSE,0.645030292358474,"ablate_filter",37,3,8,760395.5
7535,242,224,18,1720,0.130232558139535,0.925619834710744,0.0743801652892562,0.1,0.282480807524781,0,0,0,0,0,NA,"TMMwsp",TRUE,FALSE,1.10390369440543,"ablate_exclusive",37,3,8,760395.5
11163,230,217,13,1720,0.126162790697674,0.943478260869565,0.0565217391304348,0.1,0.319107853277211,0,0,0,73,3628,0.979878721058434,"TMM",TRUE,FALSE,1.16534190532857,"ablate_tmmwsp",37,3,8,760395.5
11163,230,216,14,1720,0.125581395348837,0.939130434782609,0.0608695652173913,0.1,0.319147997762898,0,0,0,73,3628,0.979878721058434,"TMMwsp",TRUE,FALSE,1.1560571553485,"ablate_priorcount",37,3,8,760395.5
11163,199,190,9,1720,0.11046511627907,0.954773869346734,0.0452261306532663,0.05,0.319363652113016,0,0,0,73,3628,0.979878721058434,"TMMwsp",TRUE,FALSE,1.1560571553485,"ablate_fdr",37,3,8,760395.5
11163,230,216,14,1720,0.125581395348837,0.939130434782609,0.0608695652173913,0.1,0.319370817474235,0,0,0,73,3628,0.979878721058434,"TMMwsp",TRUE,FALSE,1.1560571553485,"ablate_shrinkfloor",37,3,8,760395.5
11163,230,216,14,1720,0.125581395348837,0.939130434782609,0.0608695652173913,0.1,0.319237548073277,0,0,0,73,3628,0.979878721058434,"TMMwsp",TRUE,FALSE,1.1560571553485,"ablate_lowinput",37,3,8,760395.5
9772,258,224,34,1720,0.130232558139535,0.868217054263566,0.131782945736434,0.1,0.289850513319962,0,0,0,73,3641,0.979950563032134,"TMMwsp",FALSE,FALSE,0.951798147090399,"batch_removed",37,3,8,760395.5
9772,209,200,9,1720,0.116279069767442,0.956937799043062,0.0430622009569378,0.1,0.304709926521356,0,0,0,73,3641,0.979950563032134,"TMMwsp",FALSE,FALSE,1.08903150909749,"batch_ignored",37,3,8,760395.5
11163,230,216,14,1720,0.125581395348837,0.939130434782609,0.0608695652173913,0.1,0.319531577716847,0,0,0,73,3628,0.979878721058434,"TMMwsp",TRUE,FALSE,1.1560571553485,"fix_filter",37,3,8,760395.5
11918,54,51,3,1720,0.0296511627906977,0.944444444444444,0.0555555555555556,0.1,0.19082663036176,0,0,0,51,3361,0.987503719131211,"TMMwsp",TRUE,FALSE,1.23898384679615,"ctc_pipeline",38,1,3,566699
3857,59,55,4,1720,0.0319767441860465,0.932203389830508,0.0677966101694915,0.05,0.175956667831766,0,0,0,0,0,NA,"TMM",TRUE,FALSE,0.74048362940401,"edger_default",38,1,3,566699
8302,61,58,3,1720,0.0337209302325581,0.950819672131147,0.0491803278688525,0.1,0.192720283252382,0,0,0,51,4445,0.988526434195726,"TMMwsp",TRUE,FALSE,0.805838541655116,"ablate_filter",38,1,3,566699
8557,60,57,3,1720,0.0331395348837209,0.95,0.05,0.1,0.189135250304702,0,0,0,9,0,NA,"TMMwsp",TRUE,FALSE,1.19981512473426,"ablate_exclusive",38,1,3,566699
11918,52,48,4,1720,0.027906976744186,0.923076923076923,0.0769230769230769,0.1,0.181041216714545,0,0,0,51,3361,0.987503719131211,"TMM",TRUE,FALSE,1.27280075891524,"ablate_tmmwsp",38,1,3,566699
11918,54,51,3,1720,0.0296511627906977,0.944444444444444,0.0555555555555556,0.1,0.191390473144919,0,0,0,51,3361,0.987503719131211,"TMMwsp",TRUE,FALSE,1.23898384679615,"ablate_priorcount",38,1,3,566699
11918,45,44,1,1720,0.0255813953488372,0.977777777777778,0.0222222222222222,0.05,0.191479803619598,0,0,0,51,3361,0.987503719131211,"TMMwsp",TRUE,FALSE,1.23898384679615,"ablate_fdr",38,1,3,566699
11918,54,51,3,1720,0.0296511627906977,0.944444444444444,0.0555555555555556,0.1,0.191049032041777,0,0,0,51,3361,0.987503719131211,"TMMwsp",TRUE,FALSE,1.23898384679615,"ablate_shrinkfloor",38,1,3,566699
11918,54,51,3,1720,0.0296511627906977,0.944444444444444,0.0555555555555556,0.1,0.19113249227387,0,0,0,51,3361,0.987503719131211,"TMMwsp",TRUE,FALSE,1.23898384679615,"ablate_lowinput",38,1,3,566699
10755,198,108,90,1720,0.0627906976744186,0.545454545454545,0.454545454545455,0.1,0.168089887082463,0,0,0,51,4308,0.988161559888579,"TMMwsp",FALSE,FALSE,0.852596862384174,"batch_removed",38,1,3,566699
10755,53,50,3,1720,0.0290697674418605,0.943396226415094,0.0566037735849057,0.1,0.185917078036836,0,0,0,51,4308,0.988161559888579,"TMMwsp",FALSE,FALSE,1.23413093688687,"batch_ignored",38,1,3,566699
11918,54,51,3,1720,0.0296511627906977,0.944444444444444,0.0555555555555556,0.1,0.191647816593235,0,0,0,51,3361,0.987503719131211,"TMMwsp",TRUE,FALSE,1.23898384679615,"fix_filter",38,1,3,566699
11760,109,105,4,1720,0.061046511627907,0.963302752293578,0.036697247706422,0.1,0.226383368624831,0,0,0,52,3892,0.986896197327852,"TMMwsp",TRUE,FALSE,1.3631569345373,"ctc_pipeline",38,2,5,647331
3753,105,103,2,1720,0.0598837209302326,0.980952380952381,0.019047619047619,0.05,0.194615334194056,0,0,0,0,0,NA,"TMM",TRUE,FALSE,0.757177962324612,"edger_default",38,2,5,647331
8039,112,109,3,1720,0.0633720930232558,0.973214285714286,0.0267857142857143,0.1,0.219540219789557,0,0,0,52,4286,0.987867475501633,"TMMwsp",TRUE,FALSE,0.8552237776608,"ablate_filter",38,2,5,647331
7868,120,116,4,1720,0.0674418604651163,0.966666666666667,0.0333333333333333,0.1,0.216115145321641,0,0,0,1,0,NA,"TMMwsp",TRUE,FALSE,1.28350588130536,"ablate_exclusive",38,2,5,647331
11760,100,99,1,1720,0.0575581395348837,0.99,0.01,0.1,0.227406876943465,0,0,0,52,3892,0.986896197327852,"TMM",TRUE,FALSE,1.37321445868205,"ablate_tmmwsp",38,2,5,647331
11760,109,105,4,1720,0.061046511627907,0.963302752293578,0.036697247706422,0.1,0.226437479688014,0,0,0,52,3892,0.986896197327852,"TMMwsp",TRUE,FALSE,1.3631569345373,"ablate_priorcount",38,2,5,647331
11760,83,83,0,1720,0.0482558139534884,1,0,0.05,0.226749940924605,0,0,0,52,3892,0.986896197327852,"TMMwsp",TRUE,FALSE,1.3631569345373,"ablate_fdr",38,2,5,647331
11760,109,105,4,1720,0.061046511627907,0.963302752293578,0.036697247706422,0.1,0.226816952990341,0,0,0,52,3892,0.986896197327852,"TMMwsp",TRUE,FALSE,1.3631569345373,"ablate_shrinkfloor",38,2,5,647331
11760,109,105,4,1720,0.061046511627907,0.963302752293578,0.036697247706422,0.1,0.226799421958893,0,0,0,52,3892,0.986896197327852,"TMMwsp",TRUE,FALSE,1.3631569345373,"ablate_lowinput",38,2,5,647331
9734,154,127,27,1720,0.0738372093023256,0.824675324675325,0.175324675324675,0.1,0.209864178716698,0,0,0,52,4277,0.987841945288754,"TMMwsp",FALSE,FALSE,0.972199440386975,"batch_removed",38,2,5,647331
9734,99,98,1,1720,0.0569767441860465,0.98989898989899,0.0101010101010101,0.1,0.222105126842362,0,0,0,52,4277,0.987841945288754,"TMMwsp",FALSE,FALSE,1.20035751851235,"batch_ignored",38,2,5,647331
11760,109,105,4,1720,0.061046511627907,0.963302752293578,0.036697247706422,0.1,0.226437005511425,0,0,0,52,3892,0.986896197327852,"TMMwsp",TRUE,FALSE,1.3631569345373,"fix_filter",38,2,5,647331
11387,240,222,18,1720,0.12906976744186,0.925,0.075,0.1,0.308556955148149,0,0.00251889168765743,0,82,3524,0.976730987514188,"TMMwsp",TRUE,FALSE,1.11993531218882,"ctc_pipeline",38,3,8,772504
4104,186,182,4,1720,0.105813953488372,0.978494623655914,0.021505376344086,0.05,0.233692850516763,0,0.00251889168765743,0,0,0,NA,"TMM",TRUE,FALSE,0.575773736973837,"edger_default",38,3,8,772504
7638,197,189,8,1720,0.109883720930233,0.959390862944162,0.0406091370558376,0.1,0.269381951183841,0,0.00251889168765743,0,82,3534,0.976796830786644,"TMMwsp",TRUE,FALSE,0.625096982935723,"ablate_filter",38,3,8,772504
7863,261,233,28,1720,0.13546511627907,0.89272030651341,0.10727969348659,0.1,0.278212108615925,0,0.00251889168765743,0,0,0,NA,"TMMwsp",TRUE,FALSE,1.06614385576338,"ablate_exclusive",38,3,8,772504
11387,234,218,16,1720,0.126744186046512,0.931623931623932,0.0683760683760684,0.1,0.307961100543594,0,0.00251889168765743,0,82,3524,0.976730987514188,"TMM",TRUE,FALSE,1.12552292988399,"ablate_tmmwsp",38,3,8,772504
11387,240,222,18,1720,0.12906976744186,0.925,0.075,0.1,0.3088359328298,0,0.00251889168765743,0,82,3524,0.976730987514188,"TMMwsp",TRUE,FALSE,1.11993531218882,"ablate_priorcount",38,3,8,772504
11387,209,196,13,1720,0.113953488372093,0.937799043062201,0.062200956937799,0.05,0.308330935375921,0,0.00251889168765743,0,82,3524,0.976730987514188,"TMMwsp",TRUE,FALSE,1.11993531218882,"ablate_fdr",38,3,8,772504
11387,240,222,18,1720,0.12906976744186,0.925,0.075,0.1,0.308253572902166,0,0.00251889168765743,0,82,3524,0.976730987514188,"TMMwsp",TRUE,FALSE,1.11993531218882,"ablate_shrinkfloor",38,3,8,772504
11387,240,222,18,1720,0.12906976744186,0.925,0.075,0.1,0.308889414116,0,0.00251889168765743,0,82,3524,0.976730987514188,"TMMwsp",TRUE,FALSE,1.11993531218882,"ablate_lowinput",38,3,8,772504
9981,269,228,41,1720,0.132558139534884,0.847583643122677,0.152416356877323,0.1,0.287785218619477,0,0.00251889168765743,0,82,3535,0.976803394625177,"TMMwsp",FALSE,FALSE,0.926766804754031,"batch_removed",38,3,8,772504
9981,223,207,16,1720,0.120348837209302,0.928251121076233,0.0717488789237668,0.1,0.296065285744329,0,0.00251889168765743,0,82,3535,0.976803394625177,"TMMwsp",FALSE,FALSE,1.06378560875749,"batch_ignored",38,3,8,772504
11387,240,222,18,1720,0.12906976744186,0.925,0.075,0.1,0.308280452223444,0,0.00251889168765743,0,82,3524,0.976730987514188,"TMMwsp",TRUE,FALSE,1.11993531218882,"fix_filter",38,3,8,772504
11543,44,40,4,1720,0.0232558139534884,0.909090909090909,0.0909090909090909,0.1,0.188918862910328,0,0,0,31,3331,0.992194536175323,"TMMwsp",TRUE,FALSE,1.21164239667162,"ctc_pipeline",39,1,3,832710
4063,60,55,5,1720,0.0319767441860465,0.916666666666667,0.0833333333333333,0.05,0.172618346402906,0,0,0,0,0,NA,"TMM",TRUE,FALSE,0.82757476206019,"edger_default",39,1,3,832710
8289,49,45,4,1720,0.0261627906976744,0.918367346938776,0.0816326530612245,0.1,0.180530618985586,0,0,0,31,4226,0.992664458116422,"TMMwsp",TRUE,FALSE,0.859783524239219,"ablate_filter",39,1,3,832710
8212,56,52,4,1720,0.0302325581395349,0.928571428571429,0.0714285714285714,0.1,0.184795662687988,0,0,0,5,0,NA,"TMMwsp",TRUE,FALSE,1.1785767742292,"ablate_exclusive",39,1,3,832710
11543,50,46,4,1720,0.0267441860465116,0.92,0.08,0.1,0.190928641854612,0,0,0,31,3331,0.992194536175323,"TMM",TRUE,FALSE,1.2894034687941,"ablate_tmmwsp",39,1,3,832710
11543,44,40,4,1720,0.0232558139534884,0.909090909090909,0.0909090909090909,0.1,0.188566857287252,0,0,0,31,3331,0.992194536175323,"TMMwsp",TRUE,FALSE,1.21164239667162,"ablate_priorcount",39,1,3,832710
11543,29,29,0,1720,0.0168604651162791,1,0,0.05,0.189418101318899,0,0,0,31,3331,0.992194536175323,"TMMwsp",TRUE,FALSE,1.21164239667162,"ablate_fdr",39,1,3,832710
11543,44,40,4,1720,0.0232558139534884,0.909090909090909,0.0909090909090909,0.1,0.18863413250818,0,0,0,31,3331,0.992194536175323,"TMMwsp",TRUE,FALSE,1.21164239667162,"ablate_shrinkfloor",39,1,3,832710
11543,44,40,4,1720,0.0232558139534884,0.909090909090909,0.0909090909090909,0.1,0.188808758389857,0,0,0,31,3331,0.992194536175323,"TMMwsp",TRUE,FALSE,1.21164239667162,"ablate_lowinput",39,1,3,832710
10233,203,113,90,1720,0.0656976744186046,0.556650246305419,0.443349753694581,0.1,0.163381718799292,0,0,0,31,4164,0.992555235350624,"TMMwsp",FALSE,FALSE,0.864905609525049,"batch_removed",39,1,3,832710
10233,33,32,1,1720,0.0186046511627907,0.96969696969697,0.0303030303030303,0.1,0.185393612738427,0,0,0,31,4164,0.992555235350624,"TMMwsp",FALSE,FALSE,1.2093553059926,"batch_ignored",39,1,3,832710
11543,44,40,4,1720,0.0232558139534884,0.909090909090909,0.0909090909090909,0.1,0.189220319744278,0,0,0,31,3331,0.992194536175323,"TMMwsp",TRUE,FALSE,1.21164239667162,"fix_filter",39,1,3,832710
13004,154,151,3,1720,0.0877906976744186,0.980519480519481,0.0194805194805195,0.1,0.264714034239534,0,0.00240963855421687,0,76,3683,0.980993755090958,"TMMwsp",TRUE,FALSE,1.24563772007084,"ctc_pipeline",39,2,5,839125
4706,151,146,5,1720,0.0848837209302326,0.966887417218543,0.033112582781457,0.05,0.225566377724403,0,0.00240963855421687,0,0,0,NA,"TMM",TRUE,FALSE,0.70148414593037,"edger_default",39,2,5,839125
8744,164,160,4,1720,0.0930232558139535,0.975609756097561,0.024390243902439,0.1,0.253907684786507,0,0.00240963855421687,0,76,4038,0.981178801386825,"TMMwsp",TRUE,FALSE,0.768883676030071,"ablate_filter",39,2,5,839125
9321,164,159,5,1720,0.0924418604651163,0.969512195121951,0.0304878048780488,0.1,0.252256720427424,0,0.00240963855421687,0,6,0,NA,"TMMwsp",TRUE,FALSE,1.18714407375498,"ablate_exclusive",39,2,5,839125
13004,139,135,4,1720,0.0784883720930233,0.971223021582734,0.0287769784172662,0.1,0.261472234387451,0,0.00240963855421687,0,76,3683,0.980993755090958,"TMM",TRUE,FALSE,1.24804853219549,"ablate_tmmwsp",39,2,5,839125
13004,154,151,3,1720,0.0877906976744186,0.980519480519481,0.0194805194805195,0.1,0.264757313631008,0,0.00240963855421687,0,76,3683,0.980993755090958,"TMMwsp",TRUE,FALSE,1.24563772007084,"ablate_priorcount",39,2,5,839125
13004,124,122,2,1720,0.0709302325581395,0.983870967741935,0.0161290322580645,0.05,0.264815908813983,0,0.00240963855421687,0,76,3683,0.980993755090958,"TMMwsp",TRUE,FALSE,1.24563772007084,"ablate_fdr",39,2,5,839125
13004,154,151,3,1720,0.0877906976744186,0.980519480519481,0.0194805194805195,0.1,0.264967295405371,0,0.00240963855421687,0,76,3683,0.980993755090958,"TMMwsp",TRUE,FALSE,1.24563772007084,"ablate_shrinkfloor",39,2,5,839125
13004,154,151,3,1720,0.0877906976744186,0.980519480519481,0.0194805194805195,0.1,0.264806223382174,0,0.00240963855421687,0,76,3683,0.980993755090958,"TMMwsp",TRUE,FALSE,1.24563772007084,"ablate_lowinput",39,2,5,839125
10815,202,163,39,1720,0.0947674418604651,0.806930693069307,0.193069306930693,0.1,0.243645411102186,0,0.00240963855421687,0,76,4035,0.981164807930607,"TMMwsp",FALSE,FALSE,0.905678761757211,"batch_removed",39,2,5,839125
10815,139,133,6,1720,0.0773255813953488,0.956834532374101,0.0431654676258993,0.1,0.260339808935143,0,0.00240963855421687,0,76,4035,0.981164807930607,"TMMwsp",FALSE,FALSE,1.11638067530662,"batch_ignored",39,2,5,839125
13004,154,151,3,1720,0.0877906976744186,0.980519480519481,0.0194805194805195,0.1,0.264666576373177,0,0.00240963855421687,0,76,3683,0.980993755090958,"TMMwsp",TRUE,FALSE,1.24563772007084,"fix_filter",39,2,5,839125
11807,227,217,10,1720,0.126162790697674,0.955947136563877,0.0440528634361234,0.1,0.325191502058593,0,0,0,81,3451,0.976528542451463,"TMMwsp",TRUE,FALSE,1.07613061718516,"ctc_pipeline",39,3,8,967690.5
4650,198,190,8,1720,0.11046511627907,0.95959595959596,0.0404040404040404,0.05,0.244938257979051,0,0,0,0,0,NA,"TMM",TRUE,FALSE,0.573762002029724,"edger_default",39,3,8,967690.5
8115,210,199,11,1720,0.115697674418605,0.947619047619048,0.0523809523809524,0.1,0.279797543359045,0,0,0,81,3465,0.976623376623377,"TMMwsp",TRUE,FALSE,0.613206900379753,"ablate_filter",39,3,8,967690.5
8356,245,225,20,1720,0.130813953488372,0.918367346938776,0.0816326530612245,0.1,0.293715248082214,0,0,0,0,0,NA,"TMMwsp",TRUE,FALSE,1.02954386511354,"ablate_exclusive",39,3,8,967690.5
11807,231,221,10,1720,0.128488372093023,0.956709956709957,0.0432900432900433,0.1,0.326962496870779,0,0,0,81,3451,0.976528542451463,"TMM",TRUE,FALSE,1.08105699905607,"ablate_tmmwsp",39,3,8,967690.5
11807,227,217,10,1720,0.126162790697674,0.955947136563877,0.0440528634361234,0.1,0.32528766849915,0,0,0,81,3451,0.976528542451463,"TMMwsp",TRUE,FALSE,1.07613061718516,"ablate_priorcount",39,3,8,967690.5
11807,193,188,5,1720,0.109302325581395,0.974093264248705,0.0259067357512953,0.05,0.325242934880636,0,0,0,81,3451,0.976528542451463,"TMMwsp",TRUE,FALSE,1.07613061718516,"ablate_fdr",39,3,8,967690.5
11807,227,217,10,1720,0.126162790697674,0.955947136563877,0.0440528634361234,0.1,0.325212900251663,0,0,0,81,3451,0.976528542451463,"TMMwsp",TRUE,FALSE,1.07613061718516,"ablate_shrinkfloor",39,3,8,967690.5
11807,227,217,10,1720,0.126162790697674,0.955947136563877,0.0440528634361234,0.1,0.325365603251397,0,0,0,81,3451,0.976528542451463,"TMMwsp",TRUE,FALSE,1.07613061718516,"ablate_lowinput",39,3,8,967690.5
10353,263,233,30,1720,0.13546511627907,0.885931558935361,0.114068441064639,0.1,0.295591817212793,0,0,0,81,3465,0.976623376623377,"TMMwsp",FALSE,FALSE,0.87216737119488,"batch_removed",39,3,8,967690.5
10353,196,187,9,1720,0.108720930232558,0.954081632653061,0.0459183673469388,0.1,0.305631680227875,0,0,0,81,3465,0.976623376623377,"TMMwsp",FALSE,FALSE,1.02295573873308,"batch_ignored",39,3,8,967690.5
11807,227,217,10,1720,0.126162790697674,0.955947136563877,0.0440528634361234,0.1,0.325236343440283,0,0,0,81,3451,0.976528542451463,"TMMwsp",TRUE,FALSE,1.07613061718516,"fix_filter",39,3,8,967690.5
12158,68,66,2,1720,0.0383720930232558,0.970588235294118,0.0294117647058824,0.1,0.218060545947994,0,0,0,40,3235,0.989799072642968,"TMMwsp",TRUE,FALSE,1.23365488146959,"ctc_pipeline",40,1,3,970199
4682,80,77,3,1720,0.0447674418604651,0.9625,0.0375,0.05,0.197651303102696,0,0,0,0,0,NA,"TMM",TRUE,FALSE,0.829244642392883,"edger_default",40,1,3,970199
8777,70,68,2,1720,0.0395348837209302,0.971428571428571,0.0285714285714286,0.1,0.21301937523458,0,0,0,40,4095,0.99023199023199,"TMMwsp",TRUE,FALSE,0.879269942256887,"ablate_filter",40,1,3,970199
8923,76,74,2,1720,0.0430232558139535,0.973684210526316,0.0263157894736842,0.1,0.21245214240637,0,0,0,7,0,NA,"TMMwsp",TRUE,FALSE,1.19721393770611,"ablate_exclusive",40,1,3,970199
12158,66,64,2,1720,0.0372093023255814,0.96969696969697,0.0303030303030303,0.1,0.21943326140233,0,0,0,40,3235,0.989799072642968,"TMM",TRUE,FALSE,1.24759825670736,"ablate_tmmwsp",40,1,3,970199
12158,68,66,2,1720,0.0383720930232558,0.970588235294118,0.0294117647058824,0.1,0.217962985491411,0,0,0,40,3235,0.989799072642968,"TMMwsp",TRUE,FALSE,1.23365488146959,"ablate_priorcount",40,1,3,970199
12158,60,58,2,1720,0.0337209302325581,0.966666666666667,0.0333333333333333,0.05,0.217804604931846,0,0,0,40,3235,0.989799072642968,"TMMwsp",TRUE,FALSE,1.23365488146959,"ablate_fdr",40,1,3,970199
12158,68,66,2,1720,0.0383720930232558,0.970588235294118,0.0294117647058824,0.1,0.218019354841698,0,0,0,40,3235,0.989799072642968,"TMMwsp",TRUE,FALSE,1.23365488146959,"ablate_shrinkfloor",40,1,3,970199
12158,68,66,2,1720,0.0383720930232558,0.970588235294118,0.0294117647058824,0.1,0.218139983089362,0,0,0,40,3235,0.989799072642968,"TMMwsp",TRUE,FALSE,1.23365488146959,"ablate_lowinput",40,1,3,970199
10879,162,103,59,1720,0.0598837209302326,0.635802469135803,0.364197530864198,0.1,0.191364226522008,0,0,0,40,3998,0.989994997498749,"TMMwsp",FALSE,FALSE,0.820281976835663,"batch_removed",40,1,3,970199
10879,61,60,1,1720,0.0348837209302326,0.983606557377049,0.0163934426229508,0.1,0.215447201705327,0,0,0,40,3998,0.989994997498749,"TMMwsp",FALSE,FALSE,1.21654808247391,"batch_ignored",40,1,3,970199
12158,68,66,2,1720,0.0383720930232558,0.970588235294118,0.0294117647058824,0.1,0.217834779768466,0,0,0,40,3235,0.989799072642968,"TMMwsp",TRUE,FALSE,1.23365488146959,"fix_filter",40,1,3,970199
12851,133,128,5,1720,0.0744186046511628,0.962406015037594,0.037593984962406,0.1,0.274318947925272,0,0,0,67,3563,0.981195621667134,"TMMwsp",TRUE,FALSE,1.23478709729252,"ctc_pipeline",40,2,5,1033451
5111,143,137,6,1720,0.0796511627906977,0.958041958041958,0.041958041958042,0.05,0.241166918515,0,0,0,0,0,NA,"TMM",TRUE,FALSE,0.77364598667861,"edger_default",40,2,5,1033451
8960,152,144,8,1720,0.0837209302325581,0.947368421052632,0.0526315789473684,0.1,0.262323680112345,0,0,0,67,3849,0.982592881267862,"TMMwsp",TRUE,FALSE,0.825947113897497,"ablate_filter",40,2,5,1033451
9288,156,146,10,1720,0.0848837209302326,0.935897435897436,0.0641025641025641,0.1,0.261989730963308,0,0,0,0,0,NA,"TMMwsp",TRUE,FALSE,1.18079502601946,"ablate_exclusive",40,2,5,1033451
12851,133,128,5,1720,0.0744186046511628,0.962406015037594,0.037593984962406,0.1,0.27443584077799,0,0,0,67,3563,0.981195621667134,"TMM",TRUE,FALSE,1.25357178009106,"ablate_tmmwsp",40,2,5,1033451
12851,133,128,5,1720,0.0744186046511628,0.962406015037594,0.037593984962406,0.1,0.274589826955299,0,0,0,67,3563,0.981195621667134,"TMMwsp",TRUE,FALSE,1.23478709729252,"ablate_priorcount",40,2,5,1033451
12851,111,108,3,1720,0.0627906976744186,0.972972972972973,0.027027027027027,0.05,0.274390490346808,0,0,0,67,3563,0.981195621667134,"TMMwsp",TRUE,FALSE,1.23478709729252,"ablate_fdr",40,2,5,1033451
12851,133,128,5,1720,0.0744186046511628,0.962406015037594,0.037593984962406,0.1,0.274625981608816,0,0,0,67,3563,0.981195621667134,"TMMwsp",TRUE,FALSE,1.23478709729252,"ablate_shrinkfloor",40,2,5,1033451
12851,133,128,5,1720,0.0744186046511628,0.962406015037594,0.037593984962406,0.1,0.274539734819172,0,0,0,67,3563,0.981195621667134,"TMMwsp",TRUE,FALSE,1.23478709729252,"ablate_lowinput",40,2,5,1033451
10557,213,170,43,1720,0.0988372093023256,0.7981220657277,0.2018779342723,0.1,0.250406511596149,0,0,0,67,3845,0.98257477243173,"TMMwsp",FALSE,FALSE,0.887979607179221,"batch_removed",40,2,5,1033451
10557,127,117,10,1720,0.0680232558139535,0.921259842519685,0.078740157480315,0.1,0.263294448996602,0,0,0,67,3845,0.98257477243173,"TMMwsp",FALSE,FALSE,1.08999290239645,"batch_ignored",40,2,5,1033451
12851,133,128,5,1720,0.0744186046511628,0.962406015037594,0.037593984962406,0.1,0.274404362462582,0,0,0,67,3563,0.981195621667134,"TMMwsp",TRUE,FALSE,1.23478709729252,"fix_filter",40,2,5,1033451
11179,227,209,18,1720,0.121511627906977,0.920704845814978,0.079295154185022,0.1,0.292285004845008,0,0,0,70,3731,0.981238273921201,"TMMwsp",TRUE,FALSE,1.13513328488432,"ctc_pipeline",40,3,8,831021
4049,198,187,11,1720,0.108720930232558,0.944444444444444,0.0555555555555556,0.05,0.22462703781377,0,0,0,0,0,NA,"TMM",TRUE,FALSE,0.611881986338897,"edger_default",40,3,8,831021
7805,199,190,9,1720,0.11046511627907,0.954773869346734,0.0452261306532663,0.1,0.259238443386058,0,0,0,70,3756,0.98136315228967,"TMMwsp",TRUE,FALSE,0.675181151611842,"ablate_filter",40,3,8,831021
7448,249,225,24,1720,0.130813953488372,0.903614457831325,0.0963855421686747,0.1,0.263622874038597,0,0,0,0,0,NA,"TMMwsp",TRUE,FALSE,1.07019270143793,"ablate_exclusive",40,3,8,831021
11179,230,212,18,1720,0.123255813953488,0.921739130434783,0.0782608695652174,0.1,0.293483527109346,0,0,0,70,3731,0.981238273921201,"TMM",TRUE,FALSE,1.14009132962982,"ablate_tmmwsp",40,3,8,831021
11179,227,209,18,1720,0.121511627906977,0.920704845814978,0.079295154185022,0.1,0.292028526024447,0,0,0,70,3731,0.981238273921201,"TMMwsp",TRUE,FALSE,1.13513328488432,"ablate_priorcount",40,3,8,831021
11179,182,180,2,1720,0.104651162790698,0.989010989010989,0.010989010989011,0.05,0.291540603365929,0,0,0,70,3731,0.981238273921201,"TMMwsp",TRUE,FALSE,1.13513328488432,"ablate_fdr",40,3,8,831021
11179,227,209,18,1720,0.121511627906977,0.920704845814978,0.079295154185022,0.1,0.291971213747505,0,0,0,70,3731,0.981238273921201,"TMMwsp",TRUE,FALSE,1.13513328488432,"ablate_shrinkfloor",40,3,8,831021
11179,227,209,18,1720,0.121511627906977,0.920704845814978,0.079295154185022,0.1,0.291643914646961,0,0,0,70,3731,0.981238273921201,"TMMwsp",TRUE,FALSE,1.13513328488432,"ablate_lowinput",40,3,8,831021
9772,280,223,57,1720,0.129651162790698,0.796428571428571,0.203571428571429,0.1,0.267688682018448,0,0,0,70,3755,0.981358189081225,"TMMwsp",FALSE,FALSE,0.917749212387844,"batch_removed",40,3,8,831021
9772,216,197,19,1720,0.11453488372093,0.912037037037037,0.087962962962963,0.1,0.280932010908072,0,0,0,70,3755,0.981358189081225,"TMMwsp",FALSE,FALSE,1.07489799385683,"batch_ignored",40,3,8,831021
11179,227,209,18,1720,0.121511627906977,0.920704845814978,0.079295154185022,0.1,0.291971388843984,0,0,0,70,3731,0.981238273921201,"TMMwsp",TRUE,FALSE,1.13513328488432,"fix_filter",40,3,8,831021
12173,40,39,1,1720,0.0226744186046512,0.975,0.025,0.1,0.196203303203441,0,0,0,46,3222,0.987585350713842,"TMMwsp",TRUE,FALSE,1.24199876552594,"ctc_pipeline",41,1,3,813036
4555,46,44,2,1720,0.0255813953488372,0.956521739130435,0.0434782608695652,0.05,0.17239861538475,0,0,0,0,0,NA,"TMM",TRUE,FALSE,0.830532815052891,"edger_default",41,1,3,813036
8702,48,46,2,1720,0.0267441860465116,0.958333333333333,0.0416666666666667,0.1,0.191441509803455,0,0,0,46,4147,0.988907644080058,"TMMwsp",TRUE,FALSE,0.881211360706377,"ablate_filter",41,1,3,813036
8951,46,44,2,1720,0.0255813953488372,0.956521739130435,0.0434782608695652,0.1,0.187667881937105,0,0,0,6,0,NA,"TMMwsp",TRUE,FALSE,1.20315121033309,"ablate_exclusive",41,1,3,813036
12173,38,37,1,1720,0.0215116279069767,0.973684210526316,0.0263157894736842,0.1,0.192347701833188,0,0,0,46,3222,0.987585350713842,"TMM",TRUE,FALSE,1.27594171355794,"ablate_tmmwsp",41,1,3,813036
12173,40,39,1,1720,0.0226744186046512,0.975,0.025,0.1,0.196065019081083,0,0,0,46,3222,0.987585350713842,"TMMwsp",TRUE,FALSE,1.24199876552594,"ablate_priorcount",41,1,3,813036
12173,34,33,1,1720,0.0191860465116279,0.970588235294118,0.0294117647058824,0.05,0.195659164402172,0,0,0,46,3222,0.987585350713842,"TMMwsp",TRUE,FALSE,1.24199876552594,"ablate_fdr",41,1,3,813036
12173,40,39,1,1720,0.0226744186046512,0.975,0.025,0.1,0.195624425881058,0,0,0,46,3222,0.987585350713842,"TMMwsp",TRUE,FALSE,1.24199876552594,"ablate_shrinkfloor",41,1,3,813036
12173,40,39,1,1720,0.0226744186046512,0.975,0.025,0.1,0.195913730005705,0,0,0,46,3222,0.987585350713842,"TMMwsp",TRUE,FALSE,1.24199876552594,"ablate_lowinput",41,1,3,813036
10927,107,87,20,1720,0.0505813953488372,0.813084112149533,0.186915887850467,0.1,0.183638651302083,0,0,0,46,4040,0.988861386138614,"TMMwsp",FALSE,FALSE,0.853559652936364,"batch_removed",41,1,3,813036
10927,34,33,1,1720,0.0191860465116279,0.970588235294118,0.0294117647058824,0.1,0.191146137809759,0,0,0,46,4040,0.988861386138614,"TMMwsp",FALSE,FALSE,1.24471200343262,"batch_ignored",41,1,3,813036
12173,40,39,1,1720,0.0226744186046512,0.975,0.025,0.1,0.195909677256482,0,0,0,46,3222,0.987585350713842,"TMMwsp",TRUE,FALSE,1.24199876552594,"fix_filter",41,1,3,813036
12500,131,126,5,1720,0.0732558139534884,0.961832061068702,0.0381679389312977,0.1,0.259130346422731,0,0,0,54,3721,0.986025262026337,"TMMwsp",TRUE,FALSE,1.28687322287053,"ctc_pipeline",41,2,5,694855
4185,142,136,6,1720,0.0790697674418605,0.957746478873239,0.0422535211267606,0.05,0.218233748710077,0,0,0,0,0,NA,"TMM",TRUE,FALSE,0.722431315896906,"edger_default",41,2,5,694855
8150,140,134,6,1720,0.077906976744186,0.957142857142857,0.0428571428571429,0.1,0.243675201100089,0,0,0,54,3965,0.986380832282472,"TMMwsp",TRUE,FALSE,0.784394315499313,"ablate_filter",41,2,5,694855
8779,140,134,6,1720,0.077906976744186,0.957142857142857,0.0428571428571429,0.1,0.24887857221815,0,0,0,2,0,NA,"TMMwsp",TRUE,FALSE,1.23680558624108,"ablate_exclusive",41,2,5,694855
12500,133,128,5,1720,0.0744186046511628,0.962406015037594,0.037593984962406,0.1,0.260557769398772,0,0,0,54,3721,0.986025262026337,"TMM",TRUE,FALSE,1.30737544833852,"ablate_tmmwsp",41,2,5,694855
12500,131,126,5,1720,0.0732558139534884,0.961832061068702,0.0381679389312977,0.1,0.259319112629113,0,0,0,54,3721,0.986025262026337,"TMMwsp",TRUE,FALSE,1.28687322287053,"ablate_priorcount",41,2,5,694855
12500,113,111,2,1720,0.0645348837209302,0.982300884955752,0.0176991150442478,0.05,0.259163137439868,0,0,0,54,3721,0.986025262026337,"TMMwsp",TRUE,FALSE,1.28687322287053,"ablate_fdr",41,2,5,694855
12500,131,126,5,1720,0.0732558139534884,0.961832061068702,0.0381679389312977,0.1,0.259311544821182,0,0,0,54,3721,0.986025262026337,"TMMwsp",TRUE,FALSE,1.28687322287053,"ablate_shrinkfloor",41,2,5,694855
12500,131,126,5,1720,0.0732558139534884,0.961832061068702,0.0381679389312977,0.1,0.259482413825489,0,0,0,54,3721,0.986025262026337,"TMMwsp",TRUE,FALSE,1.28687322287053,"ablate_lowinput",41,2,5,694855
10212,189,157,32,1720,0.0912790697674419,0.830687830687831,0.169312169312169,0.1,0.235259365863732,0,0.00240963855421687,0,54,3961,0.986367079020449,"TMMwsp",FALSE,FALSE,0.941418568486721,"batch_removed",41,2,5,694855
10212,123,118,5,1720,0.0686046511627907,0.959349593495935,0.040650406504065,0.1,0.24444240321074,0,0,0,54,3961,0.986367079020449,"TMMwsp",FALSE,FALSE,1.15446271201538,"batch_ignored",41,2,5,694855
12500,131,126,5,1720,0.0732558139534884,0.961832061068702,0.0381679389312977,0.1,0.259292225338617,0,0,0,54,3721,0.986025262026337,"TMMwsp",TRUE,FALSE,1.28687322287053,"fix_filter",41,2,5,694855
12045,260,238,22,1720,0.138372093023256,0.915384615384615,0.0846153846153846,0.1,0.324664307836597,0,0.00236406619385343,0,91,3493,0.973947895791583,"TMMwsp",TRUE,FALSE,1.05795184820555,"ctc_pipeline",41,3,8,998855
4780,212,200,12,1720,0.116279069767442,0.943396226415094,0.0566037735849057,0.05,0.247703570583769,0,0,0,0,0,NA,"TMM",TRUE,FALSE,0.566707496205772,"edger_default",41,3,8,998855
8285,230,215,15,1720,0.125,0.934782608695652,0.0652173913043478,0.1,0.289481728233975,0,0,0,91,3505,0.974037089871612,"TMMwsp",TRUE,FALSE,0.609701411043899,"ablate_filter",41,3,8,998855
8552,280,252,28,1720,0.146511627906977,0.9,0.1,0.1,0.290223863585763,0,0,0,0,0,NA,"TMMwsp",TRUE,FALSE,1.00828063012328,"ablate_exclusive",41,3,8,998855
12045,257,234,23,1720,0.136046511627907,0.910505836575875,0.0894941634241245,0.1,0.322543230670091,0,0.00236406619385343,0,91,3493,0.973947895791583,"TMM",TRUE,FALSE,1.06395015101373,"ablate_tmmwsp",41,3,8,998855
12045,260,238,22,1720,0.138372093023256,0.915384615384615,0.0846153846153846,0.1,0.324832393892881,0,0.00236406619385343,0,91,3493,0.973947895791583,"TMMwsp",TRUE,FALSE,1.05795184820555,"ablate_priorcount",41,3,8,998855
12045,226,217,9,1720,0.126162790697674,0.960176991150443,0.0398230088495575,0.05,0.324705936707241,0,0.00236406619385343,0,91,3493,0.973947895791583,"TMMwsp",TRUE,FALSE,1.05795184820555,"ablate_fdr",41,3,8,998855
12045,260,238,22,1720,0.138372093023256,0.915384615384615,0.0846153846153846,0.1,0.324868201993292,0,0.00236406619385343,0,91,3493,0.973947895791583,"TMMwsp",TRUE,FALSE,1.05795184820555,"ablate_shrinkfloor",41,3,8,998855
12045,260,238,22,1720,0.138372093023256,0.915384615384615,0.0846153846153846,0.1,0.324754339830184,0,0.00236406619385343,0,91,3493,0.973947895791583,"TMMwsp",TRUE,FALSE,1.05795184820555,"ablate_lowinput",41,3,8,998855
10597,308,254,54,1720,0.147674418604651,0.824675324675325,0.175324675324675,0.1,0.30196262698368,0,0.00236406619385343,0,91,3505,0.974037089871612,"TMMwsp",FALSE,FALSE,0.871054117976135,"batch_removed",41,3,8,998855
10597,234,219,15,1720,0.127325581395349,0.935897435897436,0.0641025641025641,0.1,0.310683118787544,0,0.00236406619385343,0,91,3505,0.974037089871612,"TMMwsp",FALSE,FALSE,1.01207743490925,"batch_ignored",41,3,8,998855
12045,260,238,22,1720,0.138372093023256,0.915384615384615,0.0846153846153846,0.1,0.324749848420296,0,0.00236406619385343,0,91,3493,0.973947895791583,"TMMwsp",TRUE,FALSE,1.05795184820555,"fix_filter",41,3,8,998855
12198,53,53,0,1720,0.0308139534883721,1,0,0.1,0.197737602699297,0,0,0,31,3404,0.992068155111633,"TMMwsp",TRUE,FALSE,1.25585305478672,"ctc_pipeline",42,1,3,977027
4608,66,64,2,1720,0.0372093023255814,0.96969696969697,0.0303030303030303,0.05,0.179239505139411,0,0,0,0,0,NA,"TMM",TRUE,FALSE,0.842614663478637,"edger_default",42,1,3,977027
8912,59,58,1,1720,0.0337209302325581,0.983050847457627,0.0169491525423729,0.1,0.193241898606254,0,0,0,31,4304,0.992797397769517,"TMMwsp",TRUE,FALSE,0.898271376621166,"ablate_filter",42,1,3,977027
8794,65,63,2,1720,0.0366279069767442,0.969230769230769,0.0307692307692308,0.1,0.189688859741304,0,0,0,4,0,NA,"TMMwsp",TRUE,FALSE,1.2198117236449,"ablate_exclusive",42,1,3,977027
12198,51,51,0,1720,0.0296511627906977,1,0,0.1,0.197262739833944,0,0,0,31,3404,0.992068155111633,"TMM",TRUE,FALSE,1.2668553633824,"ablate_tmmwsp",42,1,3,977027
12198,53,53,0,1720,0.0308139534883721,1,0,0.1,0.197339278485207,0,0,0,31,3404,0.992068155111633,"TMMwsp",TRUE,FALSE,1.25585305478672,"ablate_priorcount",42,1,3,977027
12198,40,40,0,1720,0.0232558139534884,1,0,0.05,0.197678861847093,0,0,0,31,3404,0.992068155111633,"TMMwsp",TRUE,FALSE,1.25585305478672,"ablate_fdr",42,1,3,977027
12198,53,53,0,1720,0.0308139534883721,1,0,0.1,0.19758036876029,0,0,0,31,3404,0.992068155111633,"TMMwsp",TRUE,FALSE,1.25585305478672,"ablate_shrinkfloor",42,1,3,977027
12198,53,53,0,1720,0.0308139534883721,1,0,0.1,0.197309030231683,0,0,0,31,3404,0.992068155111633,"TMMwsp",TRUE,FALSE,1.25585305478672,"ablate_lowinput",42,1,3,977027
10903,151,101,50,1720,0.0587209302325581,0.66887417218543,0.33112582781457,0.1,0.175875220223702,0,0,0,31,4204,0.992626070409134,"TMMwsp",FALSE,FALSE,0.819150141581489,"batch_removed",42,1,3,977027
10903,45,45,0,1720,0.0261627906976744,1,0,0.1,0.196733526798279,0,0,0,31,4204,0.992626070409134,"TMMwsp",FALSE,FALSE,1.20369392202887,"batch_ignored",42,1,3,977027
12198,53,53,0,1720,0.0308139534883721,1,0,0.1,0.19752343265127,0,0,0,31,3404,0.992068155111633,"TMMwsp",TRUE,FALSE,1.25585305478672,"fix_filter",42,1,3,977027
12910,88,86,2,1720,0.05,0.977272727272727,0.0227272727272727,0.1,0.227376454891919,0,0,0,52,3718,0.986820871436256,"TMMwsp",TRUE,FALSE,1.24114236219929,"ctc_pipeline",42,2,5,850205.5
4737,104,101,3,1720,0.0587209302325581,0.971153846153846,0.0288461538461538,0.05,0.201664717888642,0,0,0,0,0,NA,"TMM",TRUE,FALSE,0.708903364724404,"edger_default",42,2,5,850205.5
8760,104,100,4,1720,0.0581395348837209,0.961538461538462,0.0384615384615385,0.1,0.211730328502168,0,0,0,52,4023,0.987074322644792,"TMMwsp",TRUE,FALSE,0.776373609486555,"ablate_filter",42,2,5,850205.5
9192,107,102,5,1720,0.0593023255813954,0.953271028037383,0.0467289719626168,0.1,0.219857829971944,0,0,0,3,0,NA,"TMMwsp",TRUE,FALSE,1.18144839946085,"ablate_exclusive",42,2,5,850205.5
12910,100,98,2,1720,0.0569767441860465,0.98,0.02,0.1,0.234948842457786,0,0,0,52,3718,0.986820871436256,"TMM",TRUE,FALSE,1.24560484088186,"ablate_tmmwsp",42,2,5,850205.5
12910,88,86,2,1720,0.05,0.977272727272727,0.0227272727272727,0.1,0.227201604284295,0,0,0,52,3718,0.986820871436256,"TMMwsp",TRUE,FALSE,1.24114236219929,"ablate_priorcount",42,2,5,850205.5
12910,72,71,1,1720,0.0412790697674419,0.986111111111111,0.0138888888888889,0.05,0.227261040667688,0,0,0,52,3718,0.986820871436256,"TMMwsp",TRUE,FALSE,1.24114236219929,"ablate_fdr",42,2,5,850205.5
12910,88,86,2,1720,0.05,0.977272727272727,0.0227272727272727,0.1,0.22716245715122,0,0,0,52,3718,0.986820871436256,"TMMwsp",TRUE,FALSE,1.24114236219929,"ablate_shrinkfloor",42,2,5,850205.5
12910,88,86,2,1720,0.05,0.977272727272727,0.0227272727272727,0.1,0.226951895443783,0,0,0,52,3718,0.986820871436256,"TMMwsp",TRUE,FALSE,1.24114236219929,"ablate_lowinput",42,2,5,850205.5
10744,150,120,30,1720,0.0697674418604651,0.8,0.2,0.1,0.207521751544325,0,0,0,52,4016,0.987051792828685,"TMMwsp",FALSE,FALSE,0.906237936350924,"batch_removed",42,2,5,850205.5
10744,69,67,2,1720,0.038953488372093,0.971014492753623,0.0289855072463768,0.1,0.21483906841125,0,0,0,52,4016,0.987051792828685,"TMMwsp",FALSE,FALSE,1.12744298188096,"batch_ignored",42,2,5,850205.5
12910,88,86,2,1720,0.05,0.977272727272727,0.0227272727272727,0.1,0.227268100416847,0,0,0,52,3718,0.986820871436256,"TMMwsp",TRUE,FALSE,1.24114236219929,"fix_filter",42,2,5,850205.5
11422,237,226,11,1720,0.131395348837209,0.953586497890295,0.0464135021097046,0.1,0.311666404753009,0,0,0,86,3590,0.976044568245125,"TMMwsp",TRUE,FALSE,1.09868811328617,"ctc_pipeline",42,3,8,851717.5
4327,208,199,9,1720,0.115697674418605,0.956730769230769,0.0432692307692308,0.05,0.236781771121813,0,0,0,0,0,NA,"TMM",TRUE,FALSE,0.6004651811045,"edger_default",42,3,8,851717.5
7927,220,211,9,1720,0.122674418604651,0.959090909090909,0.0409090909090909,0.1,0.266990926280281,0,0,0,86,3600,0.976111111111111,"TMMwsp",TRUE,FALSE,0.645643607434895,"ablate_filter",42,3,8,851717.5
7832,260,237,23,1720,0.137790697674419,0.911538461538462,0.0884615384615385,0.1,0.286022686300698,0,0,0,0,0,NA,"TMMwsp",TRUE,FALSE,1.04776435672012,"ablate_exclusive",42,3,8,851717.5
11422,238,222,16,1720,0.12906976744186,0.932773109243697,0.0672268907563025,0.1,0.308966135771007,0,0,0,86,3590,0.976044568245125,"TMM",TRUE,FALSE,1.10477343858293,"ablate_tmmwsp",42,3,8,851717.5
11422,237,226,11,1720,0.131395348837209,0.953586497890295,0.0464135021097046,0.1,0.3115626514741,0,0,0,86,3590,0.976044568245125,"TMMwsp",TRUE,FALSE,1.09868811328617,"ablate_priorcount",42,3,8,851717.5
11422,199,193,6,1720,0.112209302325581,0.969849246231156,0.0301507537688442,0.05,0.311957410881145,0,0,0,86,3590,0.976044568245125,"TMMwsp",TRUE,FALSE,1.09868811328617,"ablate_fdr",42,3,8,851717.5
11422,237,226,11,1720,0.131395348837209,0.953586497890295,0.0464135021097046,0.1,0.311544675934199,0,0,0,86,3590,0.976044568245125,"TMMwsp",TRUE,FALSE,1.09868811328617,"ablate_shrinkfloor",42,3,8,851717.5
11422,237,226,11,1720,0.131395348837209,0.953586497890295,0.0464135021097046,0.1,0.311463327741268,0,0,0,86,3590,0.976044568245125,"TMMwsp",TRUE,FALSE,1.09868811328617,"ablate_lowinput",42,3,8,851717.5
10087,262,230,32,1720,0.133720930232558,0.877862595419847,0.122137404580153,0.1,0.282437857912921,0,0,0,86,3599,0.976104473464851,"TMMwsp",FALSE,FALSE,0.902660672329626,"batch_removed",42,3,8,851717.5
10087,207,196,11,1720,0.113953488372093,0.946859903381642,0.0531400966183575,0.1,0.292637304033778,0,0,0,86,3599,0.976104473464851,"TMMwsp",FALSE,FALSE,1.05249564222316,"batch_ignored",42,3,8,851717.5
11422,237,226,11,1720,0.131395348837209,0.953586497890295,0.0464135021097046,0.1,0.311585809438807,0,0,0,86,3590,0.976044568245125,"TMMwsp",TRUE,FALSE,1.09868811328617,"fix_filter",42,3,8,851717.5
12419,58,57,1,1720,0.0331395348837209,0.982758620689655,0.0172413793103448,0.1,0.198679073931168,0,0,0,59,3436,0.985157159487776,"TMMwsp",TRUE,FALSE,1.22513171108092,"ctc_pipeline",43,1,3,901241.5
4872,69,64,5,1720,0.0372093023255814,0.927536231884058,0.072463768115942,0.05,0.18142552451453,0,0,0,0,0,NA,"TMM",TRUE,FALSE,0.82105921197302,"edger_default",43,1,3,901241.5
9472,63,61,2,1720,0.0354651162790698,0.968253968253968,0.0317460317460317,0.1,0.19830086571243,0,0,0,59,4600,0.987173913043478,"TMMwsp",TRUE,FALSE,0.912808492367962,"ablate_filter",43,1,3,901241.5
8983,62,60,2,1720,0.0348837209302326,0.967741935483871,0.032258064516129,0.1,0.195529088878343,0,0,0,8,0,NA,"TMMwsp",TRUE,FALSE,1.16215726756907,"ablate_exclusive",43,1,3,901241.5
12419,54,54,0,1720,0.0313953488372093,1,0,0.1,0.19192227412608,0,0,0,59,3436,0.985157159487776,"TMM",TRUE,FALSE,1.21992569385223,"ablate_tmmwsp",43,1,3,901241.5
12419,58,57,1,1720,0.0331395348837209,0.982758620689655,0.0172413793103448,0.1,0.199230418288529,0,0,0,59,3436,0.985157159487776,"TMMwsp",TRUE,FALSE,1.22513171108092,"ablate_priorcount",43,1,3,901241.5
12419,50,49,1,1720,0.0284883720930233,0.98,0.02,0.05,0.198648675124491,0,0,0,59,3436,0.985157159487776,"TMMwsp",TRUE,FALSE,1.22513171108092,"ablate_fdr",43,1,3,901241.5
12419,58,57,1,1720,0.0331395348837209,0.982758620689655,0.0172413793103448,0.1,0.199114779952028,0,0,0,59,3436,0.985157159487776,"TMMwsp",TRUE,FALSE,1.22513171108092,"ablate_shrinkfloor",43,1,3,901241.5
12419,58,57,1,1720,0.0331395348837209,0.982758620689655,0.0172413793103448,0.1,0.1989999045092,0,0,0,59,3436,0.985157159487776,"TMMwsp",TRUE,FALSE,1.22513171108092,"ablate_lowinput",43,1,3,901241.5
11307,153,97,56,1720,0.0563953488372093,0.633986928104575,0.366013071895425,0.1,0.176762967126436,0,0,0,59,4443,0.986720684222372,"TMMwsp",FALSE,FALSE,0.780701748359461,"batch_removed",43,1,3,901241.5
11307,57,54,3,1720,0.0313953488372093,0.947368421052632,0.0526315789473684,0.1,0.196261986425673,0,0,0,59,4443,0.986720684222372,"TMMwsp",FALSE,FALSE,1.22240547428872,"batch_ignored",43,1,3,901241.5
12419,58,57,1,1720,0.0331395348837209,0.982758620689655,0.0172413793103448,0.1,0.199183410493308,0,0,0,59,3436,0.985157159487776,"TMMwsp",TRUE,FALSE,1.22513171108092,"fix_filter",43,1,3,901241.5
12133,141,138,3,1720,0.0802325581395349,0.978723404255319,0.0212765957446809,0.1,0.267206703357737,0,0,0,64,3775,0.983841059602649,"TMMwsp",TRUE,FALSE,1.30593918886094,"ctc_pipeline",43,2,5,956491
4352,150,146,4,1720,0.0848837209302326,0.973333333333333,0.0266666666666667,0.05,0.229906413444712,0,0,0,0,0,NA,"TMM",TRUE,FALSE,0.785215528155352,"edger_default",43,2,5,956491
8387,151,146,5,1720,0.0848837209302326,0.966887417218543,0.033112582781457,0.1,0.25434671346748,0,0,0,64,4035,0.984138785625775,"TMMwsp",TRUE,FALSE,0.851914385891058,"ablate_filter",43,2,5,956491
8358,160,151,9,1720,0.0877906976744186,0.94375,0.05625,0.1,0.255500538727739,0,0,0,3,0,NA,"TMMwsp",TRUE,FALSE,1.24831420164169,"ablate_exclusive",43,2,5,956491
12133,143,139,4,1720,0.0808139534883721,0.972027972027972,0.027972027972028,0.1,0.265065435957554,0,0,0,64,3775,0.983841059602649,"TMM",TRUE,FALSE,1.31522140074786,"ablate_tmmwsp",43,2,5,956491
12133,141,138,3,1720,0.0802325581395349,0.978723404255319,0.0212765957446809,0.1,0.266940778350821,0,0,0,64,3775,0.983841059602649,"TMMwsp",TRUE,FALSE,1.30593918886094,"ablate_priorcount",43,2,5,956491
12133,121,119,2,1720,0.0691860465116279,0.983471074380165,0.0165289256198347,0.05,0.266599690247155,0,0,0,64,3775,0.983841059602649,"TMMwsp",TRUE,FALSE,1.30593918886094,"ablate_fdr",43,2,5,956491
12133,141,138,3,1720,0.0802325581395349,0.978723404255319,0.0212765957446809,0.1,0.266871631045707,0,0,0,64,3775,0.983841059602649,"TMMwsp",TRUE,FALSE,1.30593918886094,"ablate_shrinkfloor",43,2,5,956491
12133,141,138,3,1720,0.0802325581395349,0.978723404255319,0.0212765957446809,0.1,0.266851567431238,0,0,0,64,3775,0.983841059602649,"TMMwsp",TRUE,FALSE,1.30593918886094,"ablate_lowinput",43,2,5,956491
9953,200,174,26,1720,0.101162790697674,0.87,0.13,0.1,0.247354595089994,0,0,0,64,4038,0.984150569588905,"TMMwsp",FALSE,FALSE,0.941545395593857,"batch_removed",43,2,5,956491
9953,136,128,8,1720,0.0744186046511628,0.941176470588235,0.0588235294117647,0.1,0.255641011635819,0,0,0,64,4038,0.984150569588905,"TMMwsp",FALSE,FALSE,1.15390291370212,"batch_ignored",43,2,5,956491
12133,141,138,3,1720,0.0802325581395349,0.978723404255319,0.0212765957446809,0.1,0.267037001181962,0,0,0,64,3775,0.983841059602649,"TMMwsp",TRUE,FALSE,1.30593918886094,"fix_filter",43,2,5,956491
10814,219,209,10,1720,0.121511627906977,0.954337899543379,0.045662100456621,0.1,0.289073517439797,0,0,0,79,3724,0.978786251342642,"TMMwsp",TRUE,FALSE,1.19542541303531,"ctc_pipeline",43,3,8,934699
3707,186,178,8,1720,0.103488372093023,0.956989247311828,0.043010752688172,0.05,0.221322110212118,0,0,0,0,0,NA,"TMM",TRUE,FALSE,0.631673258491138,"edger_default",43,3,8,934699
7443,194,187,7,1720,0.108720930232558,0.963917525773196,0.0360824742268041,0.1,0.257547245708406,0,0,0,79,3736,0.978854389721627,"TMMwsp",TRUE,FALSE,0.692704960920017,"ablate_filter",43,3,8,934699
7090,227,211,16,1720,0.122674418604651,0.929515418502203,0.0704845814977974,0.1,0.257613427214404,0,0,0,0,0,NA,"TMMwsp",TRUE,FALSE,1.13285090579479,"ablate_exclusive",43,3,8,934699
10814,217,205,12,1720,0.119186046511628,0.944700460829493,0.0552995391705069,0.1,0.287463877055201,0,0,0,79,3724,0.978786251342642,"TMM",TRUE,FALSE,1.19849675695543,"ablate_tmmwsp",43,3,8,934699
10814,219,209,10,1720,0.121511627906977,0.954337899543379,0.045662100456621,0.1,0.289081833233581,0,0,0,79,3724,0.978786251342642,"TMMwsp",TRUE,FALSE,1.19542541303531,"ablate_priorcount",43,3,8,934699
10814,191,186,5,1720,0.108139534883721,0.973821989528796,0.0261780104712042,0.05,0.289830286219296,0,0,0,79,3724,0.978786251342642,"TMMwsp",TRUE,FALSE,1.19542541303531,"ablate_fdr",43,3,8,934699
10814,219,209,10,1720,0.121511627906977,0.954337899543379,0.045662100456621,0.1,0.289340114773101,0,0,0,79,3724,0.978786251342642,"TMMwsp",TRUE,FALSE,1.19542541303531,"ablate_shrinkfloor",43,3,8,934699
10814,219,209,10,1720,0.121511627906977,0.954337899543379,0.045662100456621,0.1,0.288946826290252,0,0,0,79,3724,0.978786251342642,"TMMwsp",TRUE,FALSE,1.19542541303531,"ablate_lowinput",43,3,8,934699
9444,243,212,31,1720,0.123255813953488,0.872427983539095,0.127572016460905,0.1,0.265539295889811,0,0,0,79,3737,0.978860048166979,"TMMwsp",FALSE,FALSE,0.976482682432222,"batch_removed",43,3,8,934699
9444,196,187,9,1720,0.108720930232558,0.954081632653061,0.0459183673469388,0.1,0.274503509634664,0,0,0,79,3737,0.978860048166979,"TMMwsp",FALSE,FALSE,1.11898987419755,"batch_ignored",43,3,8,934699
10814,219,209,10,1720,0.121511627906977,0.954337899543379,0.045662100456621,0.1,0.289308973969263,0,0,0,79,3724,0.978786251342642,"TMMwsp",TRUE,FALSE,1.19542541303531,"fix_filter",43,3,8,934699
13793,78,77,1,1720,0.0447674418604651,0.987179487179487,0.0128205128205128,0.1,0.238059015695438,0,0,0,61,3033,0.983844378503132,"TMMwsp",TRUE,FALSE,1.03872518140988,"ctc_pipeline",44,1,3,1392247
6172,102,97,5,1720,0.0563953488372093,0.950980392156863,0.0490196078431373,0.05,0.215430365795128,0,0,0,0,0,NA,"TMM",TRUE,FALSE,0.672803645345323,"edger_default",44,1,3,1392247
10199,94,91,3,1720,0.052906976744186,0.968085106382979,0.0319148936170213,0.1,0.233470343765418,0,0,0,61,4027,0.984852247330519,"TMMwsp",TRUE,FALSE,0.72264625186713,"ablate_filter",44,1,3,1392247
10760,104,99,5,1720,0.0575581395348837,0.951923076923077,0.0480769230769231,0.1,0.231498871855583,0,0,0,12,0,NA,"TMMwsp",TRUE,FALSE,1.00012340602635,"ablate_exclusive",44,1,3,1392247
13793,77,77,0,1720,0.0447674418604651,1,0,0.1,0.237895954978398,0,0,0,61,3033,0.983844378503132,"TMM",TRUE,FALSE,1.03903587632844,"ablate_tmmwsp",44,1,3,1392247
13793,78,77,1,1720,0.0447674418604651,0.987179487179487,0.0128205128205128,0.1,0.238169799054607,0,0,0,61,3033,0.983844378503132,"TMMwsp",TRUE,FALSE,1.03872518140988,"ablate_priorcount",44,1,3,1392247
13793,64,64,0,1720,0.0372093023255814,1,0,0.05,0.238175770597499,0,0,0,61,3033,0.983844378503132,"TMMwsp",TRUE,FALSE,1.03872518140988,"ablate_fdr",44,1,3,1392247
13793,78,77,1,1720,0.0447674418604651,0.987179487179487,0.0128205128205128,0.1,0.238336032347508,0,0,0,61,3033,0.983844378503132,"TMMwsp",TRUE,FALSE,1.03872518140988,"ablate_shrinkfloor",44,1,3,1392247
13793,78,77,1,1720,0.0447674418604651,0.987179487179487,0.0128205128205128,0.1,0.238175333170069,0,0,0,61,3033,0.983844378503132,"TMMwsp",TRUE,FALSE,1.03872518140988,"ablate_lowinput",44,1,3,1392247
12534,186,141,45,1720,0.0819767441860465,0.758064516129032,0.241935483870968,0.1,0.219232182494044,0,0,0,61,3906,0.985151049667179,"TMMwsp",FALSE,FALSE,0.663072477641472,"batch_removed",44,1,3,1392247
12534,61,60,1,1720,0.0348837209302326,0.983606557377049,0.0163934426229508,0.1,0.235337466094317,0,0,0,61,3906,0.985151049667179,"TMMwsp",FALSE,FALSE,1.05119349355871,"batch_ignored",44,1,3,1392247
13793,78,77,1,1720,0.0447674418604651,0.987179487179487,0.0128205128205128,0.1,0.238115820078095,0,0,0,61,3033,0.983844378503132,"TMMwsp",TRUE,FALSE,1.03872518140988,"fix_filter",44,1,3,1392247
12849,139,129,10,1720,0.075,0.928057553956835,0.0719424460431655,0.1,0.267723348215608,0,0,0,80,3659,0.979502596337797,"TMMwsp",TRUE,FALSE,1.21964063173998,"ctc_pipeline",44,2,5,1078395.5
4947,155,144,11,1720,0.0837209302325581,0.929032258064516,0.0709677419354839,0.05,0.225760958579008,0,0,0,0,0,NA,"TMM",TRUE,FALSE,0.725243796531401,"edger_default",44,2,5,1078395.5
8910,149,138,11,1720,0.0802325581395349,0.926174496644295,0.0738255033557047,0.1,0.254512899994225,0,0,0,80,3963,0.979813272773152,"TMMwsp",TRUE,FALSE,0.793481350914695,"ablate_filter",44,2,5,1078395.5
9190,154,140,14,1720,0.0813953488372093,0.909090909090909,0.0909090909090909,0.1,0.25311100718994,0,0,0,5,0,NA,"TMMwsp",TRUE,FALSE,1.15761099419296,"ablate_exclusive",44,2,5,1078395.5
12849,135,127,8,1720,0.0738372093023256,0.940740740740741,0.0592592592592593,0.1,0.264027917144506,0,0,0,80,3659,0.979502596337797,"TMM",TRUE,FALSE,1.23395701383081,"ablate_tmmwsp",44,2,5,1078395.5
12849,139,129,10,1720,0.075,0.928057553956835,0.0719424460431655,0.1,0.267716181528553,0,0,0,80,3659,0.979502596337797,"TMMwsp",TRUE,FALSE,1.21964063173998,"ablate_priorcount",44,2,5,1078395.5
12849,124,119,5,1720,0.0691860465116279,0.959677419354839,0.0403225806451613,0.05,0.267716216858339,0,0,0,80,3659,0.979502596337797,"TMMwsp",TRUE,FALSE,1.21964063173998,"ablate_fdr",44,2,5,1078395.5
12849,139,129,10,1720,0.075,0.928057553956835,0.0719424460431655,0.1,0.267873934244198,0,0,0,80,3659,0.979502596337797,"TMMwsp",TRUE,FALSE,1.21964063173998,"ablate_shrinkfloor",44,2,5,1078395.5
12849,139,129,10,1720,0.075,0.928057553956835,0.0719424460431655,0.1,0.267883385103464,0,0,0,80,3659,0.979502596337797,"TMMwsp",TRUE,FALSE,1.21964063173998,"ablate_lowinput",44,2,5,1078395.5
10658,235,181,54,1720,0.105232558139535,0.770212765957447,0.229787234042553,0.1,0.246194349744184,0,0,0,80,3965,0.979823455233291,"TMMwsp",FALSE,FALSE,0.891001904873761,"batch_removed",44,2,5,1078395.5
10658,130,122,8,1720,0.0709302325581395,0.938461538461538,0.0615384615384615,0.1,0.259516311566544,0,0,0,80,3965,0.979823455233291,"TMMwsp",FALSE,FALSE,1.10221430648065,"batch_ignored",44,2,5,1078395.5
12849,139,129,10,1720,0.075,0.928057553956835,0.0719424460431655,0.1,0.267674834638418,0,0,0,80,3659,0.979502596337797,"TMMwsp",TRUE,FALSE,1.21964063173998,"fix_filter",44,2,5,1078395.5
11316,208,195,13,1720,0.113372093023256,0.9375,0.0625,0.1,0.294793826387966,0,0.00241545893719807,0,83,3682,0.977457903313417,"TMMwsp",TRUE,FALSE,1.10725385766057,"ctc_pipeline",44,3,8,957330
4158,174,166,8,1720,0.0965116279069767,0.954022988505747,0.0459770114942529,0.05,0.219223476686931,0,0,0,0,0,NA,"TMM",TRUE,FALSE,0.583232909493327,"edger_default",44,3,8,957330
7852,185,178,7,1720,0.103488372093023,0.962162162162162,0.0378378378378378,0.1,0.256133002102405,0,0.00241545893719807,0,83,3694,0.9775311315647,"TMMwsp",TRUE,FALSE,0.634484396557029,"ablate_filter",44,3,8,957330
7634,223,206,17,1720,0.119767441860465,0.923766816143498,0.0762331838565022,0.1,0.264213200947992,0,0.00241545893719807,0,0,0,NA,"TMMwsp",TRUE,FALSE,1.05004975941756,"ablate_exclusive",44,3,8,957330
11316,208,195,13,1720,0.113372093023256,0.9375,0.0625,0.1,0.295605624698106,0,0.00241545893719807,0,83,3682,0.977457903313417,"TMM",TRUE,FALSE,1.11267786976767,"ablate_tmmwsp",44,3,8,957330
11316,208,195,13,1720,0.113372093023256,0.9375,0.0625,0.1,0.294365357060551,0,0.00241545893719807,0,83,3682,0.977457903313417,"TMMwsp",TRUE,FALSE,1.10725385766057,"ablate_priorcount",44,3,8,957330
11316,170,163,7,1720,0.0947674418604651,0.958823529411765,0.0411764705882353,0.05,0.294717569569097,0,0.00241545893719807,0,83,3682,0.977457903313417,"TMMwsp",TRUE,FALSE,1.10725385766057,"ablate_fdr",44,3,8,957330
11316,208,195,13,1720,0.113372093023256,0.9375,0.0625,0.1,0.294827554785105,0,0.00241545893719807,0,83,3682,0.977457903313417,"TMMwsp",TRUE,FALSE,1.10725385766057,"ablate_shrinkfloor",44,3,8,957330
11316,208,195,13,1720,0.113372093023256,0.9375,0.0625,0.1,0.2948141544934,0,0.00241545893719807,0,83,3682,0.977457903313417,"TMMwsp",TRUE,FALSE,1.10725385766057,"ablate_lowinput",44,3,8,957330
9978,257,218,39,1720,0.126744186046512,0.848249027237354,0.151750972762646,0.1,0.275306144106777,0,0.00483091787439614,0,83,3694,0.9775311315647,"TMMwsp",FALSE,FALSE,0.908116179149564,"batch_removed",44,3,8,957330
9978,184,175,9,1720,0.101744186046512,0.951086956521739,0.0489130434782609,0.1,0.284083396222051,0,0.00241545893719807,0,83,3694,0.9775311315647,"TMMwsp",FALSE,FALSE,1.05573164186877,"batch_ignored",44,3,8,957330
11316,208,195,13,1720,0.113372093023256,0.9375,0.0625,0.1,0.295032370362807,0,0.00241545893719807,0,83,3682,0.977457903313417,"TMMwsp",TRUE,FALSE,1.10725385766057,"fix_filter",44,3,8,957330
12845,81,81,0,1720,0.047093023255814,1,0,0.1,0.217411983080773,0,0,0,52,3172,0.985182849936948,"TMMwsp",TRUE,FALSE,1.11913877726728,"ctc_pipeline",45,1,3,1022462.5
5304,87,85,2,1720,0.0494186046511628,0.977011494252874,0.0229885057471264,0.05,0.198657867301015,0,0,0,0,0,NA,"TMM",TRUE,FALSE,0.74369830915847,"edger_default",45,1,3,1022462.5
9474,94,92,2,1720,0.0534883720930233,0.978723404255319,0.0212765957446809,0.1,0.213427792886495,0,0,0,52,4170,0.987529976019185,"TMMwsp",TRUE,FALSE,0.820374897023666,"ablate_filter",45,1,3,1022462.5
9673,94,90,4,1720,0.0523255813953488,0.957446808510638,0.0425531914893617,0.1,0.212084655619296,0,0,0,5,0,NA,"TMMwsp",TRUE,FALSE,1.05792478643723,"ablate_exclusive",45,1,3,1022462.5
12845,81,81,0,1720,0.047093023255814,1,0,0.1,0.215850400388911,0,0,0,52,3172,0.985182849936948,"TMM",TRUE,FALSE,1.12945776964147,"ablate_tmmwsp",45,1,3,1022462.5
12845,81,81,0,1720,0.047093023255814,1,0,0.1,0.217214980322898,0,0,0,52,3172,0.985182849936948,"TMMwsp",TRUE,FALSE,1.11913877726728,"ablate_priorcount",45,1,3,1022462.5
12845,72,72,0,1720,0.0418604651162791,1,0,0.05,0.216994353713789,0,0,0,52,3172,0.985182849936948,"TMMwsp",TRUE,FALSE,1.11913877726728,"ablate_fdr",45,1,3,1022462.5
12845,81,81,0,1720,0.047093023255814,1,0,0.1,0.217062509421883,0,0,0,52,3172,0.985182849936948,"TMMwsp",TRUE,FALSE,1.11913877726728,"ablate_shrinkfloor",45,1,3,1022462.5
12845,81,81,0,1720,0.047093023255814,1,0,0.1,0.217233487952402,0,0,0,52,3172,0.985182849936948,"TMMwsp",TRUE,FALSE,1.11913877726728,"ablate_lowinput",45,1,3,1022462.5
11618,136,111,25,1720,0.0645348837209302,0.816176470588235,0.183823529411765,0.1,0.199384166252284,0,0,0,52,4026,0.987332339791356,"TMMwsp",FALSE,FALSE,0.736065574281512,"batch_removed",45,1,3,1022462.5
11618,77,76,1,1720,0.0441860465116279,0.987012987012987,0.012987012987013,0.1,0.215789396502281,0,0,0,52,4026,0.987332339791356,"TMMwsp",FALSE,FALSE,1.14624689161511,"batch_ignored",45,1,3,1022462.5
12845,81,81,0,1720,0.047093023255814,1,0,0.1,0.217070773651525,0,0,0,52,3172,0.985182849936948,"TMMwsp",TRUE,FALSE,1.11913877726728,"fix_filter",45,1,3,1022462.5
12231,137,133,4,1720,0.0773255813953488,0.970802919708029,0.0291970802919708,0.1,0.24444138699291,0,0,0,57,3711,0.985179196981946,"TMMwsp",TRUE,FALSE,1.3098023520907,"ctc_pipeline",45,2,5,890819
4494,144,137,7,1720,0.0796511627906977,0.951388888888889,0.0486111111111111,0.05,0.212103092538423,0,0,0,0,0,NA,"TMM",TRUE,FALSE,0.783127957620425,"edger_default",45,2,5,890819
8473,152,143,9,1720,0.0831395348837209,0.94078947368421,0.0592105263157895,0.1,0.232515241697674,0,0,0,57,3979,0.985674792661473,"TMMwsp",TRUE,FALSE,0.85977916288085,"ablate_filter",45,2,5,890819
8520,151,141,10,1720,0.0819767441860465,0.933774834437086,0.0662251655629139,0.1,0.230691683820941,0,0,0,2,0,NA,"TMMwsp",TRUE,FALSE,1.24204728243341,"ablate_exclusive",45,2,5,890819
12231,135,131,4,1720,0.0761627906976744,0.97037037037037,0.0296296296296296,0.1,0.244853850433077,0,0,0,57,3711,0.985179196981946,"TMM",TRUE,FALSE,1.32242873030426,"ablate_tmmwsp",45,2,5,890819
12231,137,133,4,1720,0.0773255813953488,0.970802919708029,0.0291970802919708,0.1,0.244521403135664,0,0,0,57,3711,0.985179196981946,"TMMwsp",TRUE,FALSE,1.3098023520907,"ablate_priorcount",45,2,5,890819
12231,118,116,2,1720,0.0674418604651163,0.983050847457627,0.0169491525423729,0.05,0.244506115815674,0,0,0,57,3711,0.985179196981946,"TMMwsp",TRUE,FALSE,1.3098023520907,"ablate_fdr",45,2,5,890819
12231,137,133,4,1720,0.0773255813953488,0.970802919708029,0.0291970802919708,0.1,0.244401784955321,0,0,0,57,3711,0.985179196981946,"TMMwsp",TRUE,FALSE,1.3098023520907,"ablate_shrinkfloor",45,2,5,890819
12231,137,133,4,1720,0.0773255813953488,0.970802919708029,0.0291970802919708,0.1,0.24474425309534,0,0,0,57,3711,0.985179196981946,"TMMwsp",TRUE,FALSE,1.3098023520907,"ablate_lowinput",45,2,5,890819
10045,188,155,33,1720,0.0901162790697674,0.824468085106383,0.175531914893617,0.1,0.226319474193868,0,0,0,57,3975,0.98566037735849,"TMMwsp",FALSE,FALSE,0.940307332462188,"batch_removed",45,2,5,890819
10045,124,118,6,1720,0.0686046511627907,0.951612903225806,0.0483870967741935,0.1,0.236139974663886,0,0,0,57,3975,0.98566037735849,"TMMwsp",FALSE,FALSE,1.16429526647443,"batch_ignored",45,2,5,890819
12231,137,133,4,1720,0.0773255813953488,0.970802919708029,0.0291970802919708,0.1,0.24435491766635,0,0,0,57,3711,0.985179196981946,"TMMwsp",TRUE,FALSE,1.3098023520907,"fix_filter",45,2,5,890819
11814,312,290,22,1720,0.168604651162791,0.92948717948718,0.0705128205128205,0.1,0.352877844835347,0,0.0051948051948052,0,84,3538,0.976257772752968,"TMMwsp",TRUE,FALSE,1.07236026827874,"ctc_pipeline",45,3,8,989733
4569,247,238,9,1720,0.138372093023256,0.963562753036437,0.0364372469635627,0.05,0.26400673911621,0,0,0,0,0,NA,"TMM",TRUE,FALSE,0.580008273492413,"edger_default",45,3,8,989733
8117,267,254,13,1720,0.147674418604651,0.951310861423221,0.048689138576779,0.1,0.294754048625086,0,0.0025974025974026,0,84,3548,0.976324689966178,"TMMwsp",TRUE,FALSE,0.623419351532484,"ablate_filter",45,3,8,989733
8276,329,305,24,1720,0.177325581395349,0.927051671732523,0.0729483282674772,0.1,0.327969812745713,0,0.0025974025974026,0,0,0,NA,"TMMwsp",TRUE,FALSE,1.02467217720797,"ablate_exclusive",45,3,8,989733
11814,309,290,19,1720,0.168604651162791,0.938511326860841,0.0614886731391586,0.1,0.351476990712355,0,0.0025974025974026,0,84,3538,0.976257772752968,"TMM",TRUE,FALSE,1.07756113244181,"ablate_tmmwsp",45,3,8,989733
11814,312,290,22,1720,0.168604651162791,0.92948717948718,0.0705128205128205,0.1,0.353151129721274,0,0.0051948051948052,0,84,3538,0.976257772752968,"TMMwsp",TRUE,FALSE,1.07236026827874,"ablate_priorcount",45,3,8,989733
11814,268,259,9,1720,0.150581395348837,0.966417910447761,0.0335820895522388,0.05,0.353076302524073,0,0.0025974025974026,0,84,3538,0.976257772752968,"TMMwsp",TRUE,FALSE,1.07236026827874,"ablate_fdr",45,3,8,989733
11814,312,290,22,1720,0.168604651162791,0.92948717948718,0.0705128205128205,0.1,0.353293040086989,0,0.0051948051948052,0,84,3538,0.976257772752968,"TMMwsp",TRUE,FALSE,1.07236026827874,"ablate_shrinkfloor",45,3,8,989733
11814,312,290,22,1720,0.168604651162791,0.92948717948718,0.0705128205128205,0.1,0.353230511263493,0,0.0051948051948052,0,84,3538,0.976257772752968,"TMMwsp",TRUE,FALSE,1.07236026827874,"ablate_lowinput",45,3,8,989733
10370,358,303,55,1720,0.176162790697674,0.846368715083799,0.153631284916201,0.1,0.319925236664665,0,0.0051948051948052,0,84,3549,0.976331360946746,"TMMwsp",FALSE,FALSE,0.887611319523702,"batch_removed",45,3,8,989733
10370,286,266,20,1720,0.154651162790698,0.93006993006993,0.0699300699300699,0.1,0.333379680820196,0,0.0051948051948052,0,84,3549,0.976331360946746,"TMMwsp",FALSE,FALSE,1.027120340311,"batch_ignored",45,3,8,989733
11814,312,290,22,1720,0.168604651162791,0.92948717948718,0.0705128205128205,0.1,0.352903265598488,0,0.0051948051948052,0,84,3538,0.976257772752968,"TMMwsp",TRUE,FALSE,1.07236026827874,"fix_filter",45,3,8,989733
12380,67,66,1,1720,0.0383720930232558,0.985074626865672,0.0149253731343284,0.1,0.224594896636537,0,0,0,45,3166,0.988629185091598,"TMMwsp",TRUE,FALSE,1.15252819009366,"ctc_pipeline",46,1,3,960466.5
4814,80,79,1,1720,0.0459302325581395,0.9875,0.0125,0.05,0.202522626598784,0,0,0,0,0,NA,"TMM",TRUE,FALSE,0.706444577339069,"edger_default",46,1,3,960466.5
8960,71,69,2,1720,0.0401162790697674,0.971830985915493,0.028169014084507,0.1,0.216675646490051,0,0,0,45,4146,0.989146164978292,"TMMwsp",TRUE,FALSE,0.784584817529403,"ablate_filter",46,1,3,960466.5
9214,73,72,1,1720,0.0418604651162791,0.986301369863014,0.0136986301369863,0.1,0.220890462219355,0,0,0,9,0,NA,"TMMwsp",TRUE,FALSE,1.09214404007544,"ablate_exclusive",46,1,3,960466.5
12380,65,64,1,1720,0.0372093023255814,0.984615384615385,0.0153846153846154,0.1,0.23013481970995,0,0,0,45,3166,0.988629185091598,"TMM",TRUE,FALSE,1.15705521161444,"ablate_tmmwsp",46,1,3,960466.5
12380,67,66,1,1720,0.0383720930232558,0.985074626865672,0.0149253731343284,0.1,0.225101479210833,0,0,0,45,3166,0.988629185091598,"TMMwsp",TRUE,FALSE,1.15252819009366,"ablate_priorcount",46,1,3,960466.5
12380,54,53,1,1720,0.0308139534883721,0.981481481481482,0.0185185185185185,0.05,0.224957382253811,0,0,0,45,3166,0.988629185091598,"TMMwsp",TRUE,FALSE,1.15252819009366,"ablate_fdr",46,1,3,960466.5
12380,67,66,1,1720,0.0383720930232558,0.985074626865672,0.0149253731343284,0.1,0.22486254603102,0,0,0,45,3166,0.988629185091598,"TMMwsp",TRUE,FALSE,1.15252819009366,"ablate_shrinkfloor",46,1,3,960466.5
12380,67,66,1,1720,0.0383720930232558,0.985074626865672,0.0149253731343284,0.1,0.225023663327141,0,0,0,45,3166,0.988629185091598,"TMMwsp",TRUE,FALSE,1.15252819009366,"ablate_lowinput",46,1,3,960466.5
11129,155,115,40,1720,0.0668604651162791,0.741935483870968,0.258064516129032,0.1,0.206661208926772,0,0,0,45,4012,0.988783649052841,"TMMwsp",FALSE,FALSE,0.737346023227617,"batch_removed",46,1,3,960466.5
11129,57,56,1,1720,0.0325581395348837,0.982456140350877,0.0175438596491228,0.1,0.224937406629306,0,0,0,45,4012,0.988783649052841,"TMMwsp",FALSE,FALSE,1.18197453185503,"batch_ignored",46,1,3,960466.5
12380,67,66,1,1720,0.0383720930232558,0.985074626865672,0.0149253731343284,0.1,0.225006855132659,0,0,0,45,3166,0.988629185091598,"TMMwsp",TRUE,FALSE,1.15252819009366,"fix_filter",46,1,3,960466.5
3751,82,73,9,1720,0.0424418604651163,0.890243902439024,0.109756097560976,0.05,0.156281325819971,0,0,0,0,0,NA,"TMM",TRUE,FALSE,0.817733057100999,"edger_default",46,2,5,749835.5
9006,79,71,8,1720,0.0412790697674419,0.89873417721519,0.10126582278481,0.1,0.169987787458943,0,0,0,59,5255,0.988772597526166,"TMMwsp",TRUE,FALSE,0.995865826986759,"ablate_filter",46,2,5,749835.5
7419,89,79,10,1720,0.0459302325581395,0.887640449438202,0.112359550561798,0.1,0.181266119240527,0,0,0,3,0,NA,"TMMwsp",TRUE,FALSE,1.26705110165385,"ablate_exclusive",46,2,5,749835.5
10216,134,90,44,1720,0.0523255813953488,0.671641791044776,0.328358208955224,0.1,0.161598055547446,0,0.00254452926208651,0,59,5254,0.988770460601446,"TMMwsp",FALSE,FALSE,0.984533028957765,"batch_removed",46,2,5,749835.5
10216,81,70,11,1720,0.0406976744186047,0.864197530864197,0.135802469135802,0.1,0.177706275405837,0,0.00254452926208651,0,59,5254,0.988770460601446,"TMMwsp",FALSE,FALSE,1.28565070551807,"batch_ignored",46,2,5,749835.5
11839,254,236,18,1720,0.137209302325581,0.929133858267717,0.0708661417322835,0.1,0.321742132476685,0,0,0,92,3739,0.975394490505483,"TMMwsp",TRUE,FALSE,1.11837733163199,"ctc_pipeline",46,3,8,1120754.5
4546,206,196,10,1720,0.113953488372093,0.951456310679612,0.0485436893203883,0.05,0.249175797288614,0,0,0,0,0,NA,"TMM",TRUE,FALSE,0.626524825251079,"edger_default",46,3,8,1120754.5
8299,211,198,13,1720,0.115116279069767,0.938388625592417,0.0616113744075829,0.1,0.281194343643338,0,0,0,92,3753,0.975486277644551,"TMMwsp",TRUE,FALSE,0.679126575301974,"ablate_filter",46,3,8,1120754.5
8100,279,256,23,1720,0.148837209302326,0.917562724014337,0.0824372759856631,0.1,0.296526875395198,0,0,0,0,0,NA,"TMMwsp",TRUE,FALSE,1.06280724989029,"ablate_exclusive",46,3,8,1120754.5
11839,251,234,17,1720,0.136046511627907,0.932270916334661,0.0677290836653386,0.1,0.317412282161323,0,0,0,92,3739,0.975394490505483,"TMM",TRUE,FALSE,1.12308243623674,"ablate_tmmwsp",46,3,8,1120754.5
11839,254,236,18,1720,0.137209302325581,0.929133858267717,0.0708661417322835,0.1,0.321909905656667,0,0,0,92,3739,0.975394490505483,"TMMwsp",TRUE,FALSE,1.11837733163199,"ablate_priorcount",46,3,8,1120754.5
11839,213,209,4,1720,0.121511627906977,0.981220657276995,0.0187793427230047,0.05,0.321255945931879,0,0,0,92,3739,0.975394490505483,"TMMwsp",TRUE,FALSE,1.11837733163199,"ablate_fdr",46,3,8,1120754.5
11839,254,236,18,1720,0.137209302325581,0.929133858267717,0.0708661417322835,0.1,0.321811328562412,0,0,0,92,3739,0.975394490505483,"TMMwsp",TRUE,FALSE,1.11837733163199,"ablate_shrinkfloor",46,3,8,1120754.5
11839,254,236,18,1720,0.137209302325581,0.929133858267717,0.0708661417322835,0.1,0.32212426750228,0,0,0,92,3739,0.975394490505483,"TMMwsp",TRUE,FALSE,1.11837733163199,"ablate_lowinput",46,3,8,1120754.5
10405,288,240,48,1720,0.13953488372093,0.833333333333333,0.166666666666667,0.1,0.293531042509645,0,0,0,92,3756,0.975505857294995,"TMMwsp",FALSE,FALSE,0.909403706880943,"batch_removed",46,3,8,1120754.5
10405,230,213,17,1720,0.123837209302326,0.926086956521739,0.0739130434782609,0.1,0.304972003364394,0,0,0,92,3756,0.975505857294995,"TMMwsp",FALSE,FALSE,1.06367835053434,"batch_ignored",46,3,8,1120754.5
11839,254,236,18,1720,0.137209302325581,0.929133858267717,0.0708661417322835,0.1,0.32204124016539,0,0,0,92,3739,0.975394490505483,"TMMwsp",TRUE,FALSE,1.11837733163199,"fix_filter",46,3,8,1120754.5
12558,69,67,2,1720,0.038953488372093,0.971014492753623,0.0289855072463768,0.1,0.206865406788266,0,0.00264550264550265,0,44,3356,0.988379022646007,"TMMwsp",TRUE,FALSE,1.12410358428858,"ctc_pipeline",47,1,3,1038136
5052,78,75,3,1720,0.0436046511627907,0.961538461538462,0.0384615384615385,0.05,0.19334480093211,0,0.00264550264550265,0,0,0,NA,"TMM",TRUE,FALSE,0.746602634592796,"edger_default",47,1,3,1038136
9284,73,70,3,1720,0.0406976744186047,0.958904109589041,0.0410958904109589,0.1,0.202428457376112,0,0.00264550264550265,0,44,4232,0.989603024574669,"TMMwsp",TRUE,FALSE,0.800292194262724,"ablate_filter",47,1,3,1038136
9202,79,76,3,1720,0.0441860465116279,0.962025316455696,0.0379746835443038,0.1,0.201304776737465,0,0.00264550264550265,0,5,0,NA,"TMMwsp",TRUE,FALSE,1.07310768091015,"ablate_exclusive",47,1,3,1038136
12558,69,67,2,1720,0.038953488372093,0.971014492753623,0.0289855072463768,0.1,0.205941231321323,0,0.00264550264550265,0,44,3356,0.988379022646007,"TMM",TRUE,FALSE,1.15331645136036,"ablate_tmmwsp",47,1,3,1038136
12558,69,67,2,1720,0.038953488372093,0.971014492753623,0.0289855072463768,0.1,0.206958980602464,0,0.00264550264550265,0,44,3356,0.988379022646007,"TMMwsp",TRUE,FALSE,1.12410358428858,"ablate_priorcount",47,1,3,1038136
12558,61,59,2,1720,0.0343023255813954,0.967213114754098,0.0327868852459016,0.05,0.2067908261222,0,0.00264550264550265,0,44,3356,0.988379022646007,"TMMwsp",TRUE,FALSE,1.12410358428858,"ablate_fdr",47,1,3,1038136
12558,69,67,2,1720,0.038953488372093,0.971014492753623,0.0289855072463768,0.1,0.206946621426539,0,0.00264550264550265,0,44,3356,0.988379022646007,"TMMwsp",TRUE,FALSE,1.12410358428858,"ablate_shrinkfloor",47,1,3,1038136
12558,69,67,2,1720,0.038953488372093,0.971014492753623,0.0289855072463768,0.1,0.206910782328612,0,0.00264550264550265,0,44,3356,0.988379022646007,"TMMwsp",TRUE,FALSE,1.12410358428858,"ablate_lowinput",47,1,3,1038136
11273,201,122,79,1720,0.0709302325581395,0.606965174129353,0.393034825870647,0.1,0.187822095135402,0,0.00264550264550265,0,44,4152,0.989643545279383,"TMMwsp",FALSE,FALSE,0.738157709337641,"batch_removed",47,1,3,1038136
11273,60,58,2,1720,0.0337209302325581,0.966666666666667,0.0333333333333333,0.1,0.204653450180953,0,0.00264550264550265,0,44,4152,0.989643545279383,"TMMwsp",FALSE,FALSE,1.14643432353519,"batch_ignored",47,1,3,1038136
12558,69,67,2,1720,0.038953488372093,0.971014492753623,0.0289855072463768,0.1,0.207046954961634,0,0.00264550264550265,0,44,3356,0.988379022646007,"TMMwsp",TRUE,FALSE,1.12410358428858,"fix_filter",47,1,3,1038136
12261,117,111,6,1720,0.0645348837209302,0.948717948717949,0.0512820512820513,0.1,0.24197018516687,0,0,0,75,3625,0.979862068965517,"TMMwsp",TRUE,FALSE,1.28595848525171,"ctc_pipeline",47,2,5,805921
4378,117,111,6,1720,0.0645348837209302,0.948717948717949,0.0512820512820513,0.05,0.210501065023907,0,0,0,0,0,NA,"TMM",TRUE,FALSE,0.738039199677872,"edger_default",47,2,5,805921
8332,119,113,6,1720,0.0656976744186046,0.949579831932773,0.0504201680672269,0.1,0.230486110282389,0,0,0,75,3954,0.98103186646434,"TMMwsp",TRUE,FALSE,0.810254145027229,"ablate_filter",47,2,5,805921
8636,128,119,9,1720,0.0691860465116279,0.9296875,0.0703125,0.1,0.231832537430978,0,0,0,2,0,NA,"TMMwsp",TRUE,FALSE,1.22223818112029,"ablate_exclusive",47,2,5,805921
12261,115,110,5,1720,0.063953488372093,0.956521739130435,0.0434782608695652,0.1,0.241335812741631,0,0,0,75,3625,0.979862068965517,"TMM",TRUE,FALSE,1.30010302889537,"ablate_tmmwsp",47,2,5,805921
12261,117,111,6,1720,0.0645348837209302,0.948717948717949,0.0512820512820513,0.1,0.242167503869588,0,0,0,75,3625,0.979862068965517,"TMMwsp",TRUE,FALSE,1.28595848525171,"ablate_priorcount",47,2,5,805921
12261,96,96,0,1720,0.0558139534883721,1,0,0.05,0.242012536067237,0,0,0,75,3625,0.979862068965517,"TMMwsp",TRUE,FALSE,1.28595848525171,"ablate_fdr",47,2,5,805921
12261,117,111,6,1720,0.0645348837209302,0.948717948717949,0.0512820512820513,0.1,0.24189259613219,0,0,0,75,3625,0.979862068965517,"TMMwsp",TRUE,FALSE,1.28595848525171,"ablate_shrinkfloor",47,2,5,805921
12261,117,111,6,1720,0.0645348837209302,0.948717948717949,0.0512820512820513,0.1,0.242222990944265,0,0,0,75,3625,0.979862068965517,"TMMwsp",TRUE,FALSE,1.28595848525171,"ablate_lowinput",47,2,5,805921
10086,173,135,38,1720,0.0784883720930233,0.780346820809249,0.219653179190751,0.1,0.218693855880316,0,0,0,75,3952,0.981022267206478,"TMMwsp",FALSE,FALSE,0.909918890088211,"batch_removed",47,2,5,805921
10086,114,109,5,1720,0.0633720930232558,0.956140350877193,0.043859649122807,0.1,0.231207664247102,0,0,0,75,3952,0.981022267206478,"TMMwsp",FALSE,FALSE,1.14326303241688,"batch_ignored",47,2,5,805921
12261,117,111,6,1720,0.0645348837209302,0.948717948717949,0.0512820512820513,0.1,0.242209247344727,0,0,0,75,3625,0.979862068965517,"TMMwsp",TRUE,FALSE,1.28595848525171,"fix_filter",47,2,5,805921
10776,201,190,11,1720,0.11046511627907,0.945273631840796,0.054726368159204,0.1,0.27612178797266,0,0,0,72,3911,0.981590386090514,"TMMwsp",TRUE,FALSE,1.18875160246731,"ctc_pipeline",47,3,8,716221.5
3383,157,151,6,1720,0.0877906976744186,0.961783439490446,0.0382165605095541,0.05,0.195318868348444,0,0,0,0,0,NA,"TMM",TRUE,FALSE,0.590089332868615,"edger_default",47,3,8,716221.5
7307,170,161,9,1720,0.0936046511627907,0.947058823529412,0.0529411764705882,0.1,0.23579374282611,0,0,0,72,3924,0.981651376146789,"TMMwsp",TRUE,FALSE,0.655074304954663,"ablate_filter",47,3,8,716221.5
6865,210,198,12,1720,0.115116279069767,0.942857142857143,0.0571428571428571,0.1,0.241546670985026,0,0,0,0,0,NA,"TMMwsp",TRUE,FALSE,1.12273871808911,"ablate_exclusive",47,3,8,716221.5
10776,195,187,8,1720,0.108720930232558,0.958974358974359,0.041025641025641,0.1,0.277162833773921,0,0,0,72,3911,0.981590386090514,"TMM",TRUE,FALSE,1.19843154794059,"ablate_tmmwsp",47,3,8,716221.5
10776,201,190,11,1720,0.11046511627907,0.945273631840796,0.054726368159204,0.1,0.276023643861916,0,0,0,72,3911,0.981590386090514,"TMMwsp",TRUE,FALSE,1.18875160246731,"ablate_priorcount",47,3,8,716221.5
10776,168,166,2,1720,0.0965116279069767,0.988095238095238,0.0119047619047619,0.05,0.275818978028986,0,0,0,72,3911,0.981590386090514,"TMMwsp",TRUE,FALSE,1.18875160246731,"ablate_fdr",47,3,8,716221.5
10776,201,190,11,1720,0.11046511627907,0.945273631840796,0.054726368159204,0.1,0.27602404755685,0,0,0,72,3911,0.981590386090514,"TMMwsp",TRUE,FALSE,1.18875160246731,"ablate_shrinkfloor",47,3,8,716221.5
10776,201,190,11,1720,0.11046511627907,0.945273631840796,0.054726368159204,0.1,0.276327522067296,0,0,0,72,3911,0.981590386090514,"TMMwsp",TRUE,FALSE,1.18875160246731,"ablate_lowinput",47,3,8,716221.5
9405,221,194,27,1720,0.112790697674419,0.877828054298643,0.122171945701357,0.1,0.254270819033769,0,0,0,72,3925,0.981656050955414,"TMMwsp",FALSE,FALSE,0.975665558630677,"batch_removed",47,3,8,716221.5
9405,181,174,7,1720,0.101162790697674,0.961325966850829,0.0386740331491713,0.1,0.268545463852905,0,0,0,72,3925,0.981656050955414,"TMMwsp",FALSE,FALSE,1.12671674581285,"batch_ignored",47,3,8,716221.5
10776,201,190,11,1720,0.11046511627907,0.945273631840796,0.054726368159204,0.1,0.2757714547417,0,0,0,72,3911,0.981590386090514,"TMMwsp",TRUE,FALSE,1.18875160246731,"fix_filter",47,3,8,716221.5
12420,62,60,2,1720,0.0348837209302326,0.967741935483871,0.032258064516129,0.1,0.212914972034572,0,0,0,35,3210,0.990031152647975,"TMMwsp",TRUE,FALSE,1.14101396841645,"ctc_pipeline",48,1,3,982634.5
4984,70,68,2,1720,0.0395348837209302,0.971428571428571,0.0285714285714286,0.05,0.19506853740001,0,0,0,0,0,NA,"TMM",TRUE,FALSE,0.775523546769318,"edger_default",48,1,3,982634.5
9180,69,67,2,1720,0.038953488372093,0.971014492753623,0.0289855072463768,0.1,0.208230038071551,0,0,0,35,4196,0.991658722592946,"TMMwsp",TRUE,FALSE,0.821405157086861,"ablate_filter",48,1,3,982634.5
9210,70,68,2,1720,0.0395348837209302,0.971428571428571,0.0285714285714286,0.1,0.20989242947592,0,0,0,3,0,NA,"TMMwsp",TRUE,FALSE,1.0994737498137,"ablate_exclusive",48,1,3,982634.5
12420,60,58,2,1720,0.0337209302325581,0.966666666666667,0.0333333333333333,0.1,0.213088495481689,0,0,0,35,3210,0.990031152647975,"TMM",TRUE,FALSE,1.17009198118061,"ablate_tmmwsp",48,1,3,982634.5
12420,62,60,2,1720,0.0348837209302326,0.967741935483871,0.032258064516129,0.1,0.213040192311666,0,0,0,35,3210,0.990031152647975,"TMMwsp",TRUE,FALSE,1.14101396841645,"ablate_priorcount",48,1,3,982634.5
12420,51,49,2,1720,0.0284883720930233,0.96078431372549,0.0392156862745098,0.05,0.213018449881611,0,0,0,35,3210,0.990031152647975,"TMMwsp",TRUE,FALSE,1.14101396841645,"ablate_fdr",48,1,3,982634.5
12420,62,60,2,1720,0.0348837209302326,0.967741935483871,0.032258064516129,0.1,0.212686152261457,0,0,0,35,3210,0.990031152647975,"TMMwsp",TRUE,FALSE,1.14101396841645,"ablate_shrinkfloor",48,1,3,982634.5
12420,62,60,2,1720,0.0348837209302326,0.967741935483871,0.032258064516129,0.1,0.212794689536695,0,0,0,35,3210,0.990031152647975,"TMMwsp",TRUE,FALSE,1.14101396841645,"ablate_lowinput",48,1,3,982634.5
11185,169,102,67,1720,0.0593023255813954,0.603550295857988,0.396449704142012,0.1,0.188013655902178,0,0,0,35,4072,0.991404715127701,"TMMwsp",FALSE,FALSE,0.773430863462742,"batch_removed",48,1,3,982634.5
11185,53,52,1,1720,0.0302325581395349,0.981132075471698,0.0188679245283019,0.1,0.213621983585256,0,0,0,35,4072,0.991404715127701,"TMMwsp",FALSE,FALSE,1.17036066485363,"batch_ignored",48,1,3,982634.5
12420,62,60,2,1720,0.0348837209302326,0.967741935483871,0.032258064516129,0.1,0.212642425496939,0,0,0,35,3210,0.990031152647975,"TMMwsp",TRUE,FALSE,1.14101396841645,"fix_filter",48,1,3,982634.5
12229,104,103,1,1720,0.0598837209302326,0.990384615384615,0.00961538461538462,0.1,0.237263268665036,0,0,0,54,3693,0.986731654481451,"TMMwsp",TRUE,FALSE,1.27705666053694,"ctc_pipeline",48,2,5,799492.5
4203,116,111,5,1720,0.0645348837209302,0.956896551724138,0.0431034482758621,0.05,0.198110781666167,0,0,0,0,0,NA,"TMM",TRUE,FALSE,0.70522418356399,"edger_default",48,2,5,799492.5
8188,114,109,5,1720,0.0633720930232558,0.956140350877193,0.043859649122807,0.1,0.220588621522468,0,0,0,54,3985,0.986449184441656,"TMMwsp",TRUE,FALSE,0.783895954981704,"ablate_filter",48,2,5,799492.5
8536,114,110,4,1720,0.063953488372093,0.964912280701754,0.0350877192982456,0.1,0.230779287789657,0,0,0,5,0,NA,"TMMwsp",TRUE,FALSE,1.21227264980004,"ablate_exclusive",48,2,5,799492.5
12229,107,105,2,1720,0.061046511627907,0.981308411214953,0.0186915887850467,0.1,0.238107071233056,0,0,0,54,3693,0.986731654481451,"TMM",TRUE,FALSE,1.28435282469359,"ablate_tmmwsp",48,2,5,799492.5
12229,104,103,1,1720,0.0598837209302326,0.990384615384615,0.00961538461538462,0.1,0.236982396727705,0,0,0,54,3693,0.986731654481451,"TMMwsp",TRUE,FALSE,1.27705666053694,"ablate_priorcount",48,2,5,799492.5
12229,91,91,0,1720,0.052906976744186,1,0,0.05,0.237434570529403,0,0,0,54,3693,0.986731654481451,"TMMwsp",TRUE,FALSE,1.27705666053694,"ablate_fdr",48,2,5,799492.5
12229,104,103,1,1720,0.0598837209302326,0.990384615384615,0.00961538461538462,0.1,0.237289455740014,0,0,0,54,3693,0.986731654481451,"TMMwsp",TRUE,FALSE,1.27705666053694,"ablate_shrinkfloor",48,2,5,799492.5
12229,104,103,1,1720,0.0598837209302326,0.990384615384615,0.00961538461538462,0.1,0.237332721019072,0,0,0,54,3693,0.986731654481451,"TMMwsp",TRUE,FALSE,1.27705666053694,"ablate_lowinput",48,2,5,799492.5
10037,164,131,33,1720,0.0761627906976744,0.798780487804878,0.201219512195122,0.1,0.218413763909855,0,0,0,54,3987,0.986455981941309,"TMMwsp",FALSE,FALSE,0.914885724596306,"batch_removed",48,2,5,799492.5
10037,96,93,3,1720,0.0540697674418605,0.96875,0.03125,0.1,0.228277181345009,0,0,0,54,3987,0.986455981941309,"TMMwsp",FALSE,FALSE,1.13221008251936,"batch_ignored",48,2,5,799492.5
12229,104,103,1,1720,0.0598837209302326,0.990384615384615,0.00961538461538462,0.1,0.237526049784922,0,0,0,54,3693,0.986731654481451,"TMMwsp",TRUE,FALSE,1.27705666053694,"fix_filter",48,2,5,799492.5
10327,178,170,8,1720,0.0988372093023256,0.955056179775281,0.0449438202247191,0.1,0.272425291583781,0,0,0,83,3862,0.978508544795443,"TMMwsp",TRUE,FALSE,1.21964385819568,"ctc_pipeline",48,3,8,994184.5
3363,149,145,4,1720,0.0843023255813953,0.973154362416107,0.0268456375838926,0.05,0.205902132700883,0,0,0,0,0,NA,"TMM",TRUE,FALSE,0.661742733855482,"edger_default",48,3,8,994184.5
7240,151,148,3,1720,0.086046511627907,0.980132450331126,0.0198675496688742,0.1,0.237215462428672,0,0,0,83,3877,0.978591694609234,"TMMwsp",TRUE,FALSE,0.731243493258824,"ablate_filter",48,3,8,994184.5
6465,200,185,15,1720,0.107558139534884,0.925,0.075,0.1,0.250132905362248,0,0,0,0,0,NA,"TMMwsp",TRUE,FALSE,1.14903957987211,"ablate_exclusive",48,3,8,994184.5
10327,177,168,9,1720,0.0976744186046512,0.949152542372881,0.0508474576271186,0.1,0.270391704515377,0,0,0,83,3862,0.978508544795443,"TMM",TRUE,FALSE,1.23408727811901,"ablate_tmmwsp",48,3,8,994184.5
10327,178,170,8,1720,0.0988372093023256,0.955056179775281,0.0449438202247191,0.1,0.272291972461469,0,0,0,83,3862,0.978508544795443,"TMMwsp",TRUE,FALSE,1.21964385819568,"ablate_priorcount",48,3,8,994184.5
10327,151,149,2,1720,0.0866279069767442,0.986754966887417,0.0132450331125828,0.05,0.272447684010052,0,0,0,83,3862,0.978508544795443,"TMMwsp",TRUE,FALSE,1.21964385819568,"ablate_fdr",48,3,8,994184.5
10327,178,170,8,1720,0.0988372093023256,0.955056179775281,0.0449438202247191,0.1,0.272377695929184,0,0,0,83,3862,0.978508544795443,"TMMwsp",TRUE,FALSE,1.21964385819568,"ablate_shrinkfloor",48,3,8,994184.5
10327,178,170,8,1720,0.0988372093023256,0.955056179775281,0.0449438202247191,0.1,0.272780131283197,0,0,0,83,3862,0.978508544795443,"TMMwsp",TRUE,FALSE,1.21964385819568,"ablate_lowinput",48,3,8,994184.5
9080,221,185,36,1720,0.107558139534884,0.83710407239819,0.16289592760181,0.1,0.247823213911582,0,0,0,83,3876,0.97858617131063,"TMMwsp",FALSE,FALSE,0.988112254391843,"batch_removed",48,3,8,994184.5
9080,159,150,9,1720,0.0872093023255814,0.943396226415094,0.0566037735849057,0.1,0.259074417285463,0,0,0,83,3876,0.97858617131063,"TMMwsp",FALSE,FALSE,1.1526309475759,"batch_ignored",48,3,8,994184.5
10327,178,170,8,1720,0.0988372093023256,0.955056179775281,0.0449438202247191,0.1,0.272383310775303,0,0,0,83,3862,0.978508544795443,"TMMwsp",TRUE,FALSE,1.21964385819568,"fix_filter",48,3,8,994184.5
10785,36,36,0,1720,0.0209302325581395,1,0,0.1,0.172564298491658,0,0,0,34,3308,0.990326481257557,"TMMwsp",TRUE,FALSE,1.32146975649285,"ctc_pipeline",49,1,3,600579.5
3263,49,49,0,1720,0.0284883720930233,1,0,0.05,0.165408511451098,0,0,0,0,0,NA,"TMM",TRUE,FALSE,0.765962697496373,"edger_default",49,1,3,600579.5
7523,45,43,2,1720,0.025,0.955555555555556,0.0444444444444444,0.1,0.168938527542059,0,0,0,34,4260,0.992018779342723,"TMMwsp",TRUE,FALSE,0.836341398168656,"ablate_filter",49,1,3,600579.5
7477,48,47,1,1720,0.0273255813953488,0.979166666666667,0.0208333333333333,0.1,0.171627509833267,0,0,0,2,0,NA,"TMMwsp",TRUE,FALSE,1.26857222551932,"ablate_exclusive",49,1,3,600579.5
10785,43,43,0,1720,0.025,1,0,0.1,0.178624921727404,0,0,0,34,3308,0.990326481257557,"TMM",TRUE,FALSE,1.35163460737915,"ablate_tmmwsp",49,1,3,600579.5
10785,36,36,0,1720,0.0209302325581395,1,0,0.1,0.172689611828709,0,0,0,34,3308,0.990326481257557,"TMMwsp",TRUE,FALSE,1.32146975649285,"ablate_priorcount",49,1,3,600579.5
10785,29,29,0,1720,0.0168604651162791,1,0,0.05,0.172797031935176,0,0,0,34,3308,0.990326481257557,"TMMwsp",TRUE,FALSE,1.32146975649285,"ablate_fdr",49,1,3,600579.5
10785,36,36,0,1720,0.0209302325581395,1,0,0.1,0.172733638924925,0,0,0,34,3308,0.990326481257557,"TMMwsp",TRUE,FALSE,1.32146975649285,"ablate_shrinkfloor",49,1,3,600579.5
10785,36,36,0,1720,0.0209302325581395,1,0,0.1,0.172919121341793,0,0,0,34,3308,0.990326481257557,"TMMwsp",TRUE,FALSE,1.32146975649285,"ablate_lowinput",49,1,3,600579.5
9690,136,85,51,1720,0.0494186046511628,0.625,0.375,0.1,0.161764017688775,0,0,0,34,4138,0.991783470275495,"TMMwsp",FALSE,FALSE,0.877354468316754,"batch_removed",49,1,3,600579.5
9690,33,33,0,1720,0.0191860465116279,1,0,0.1,0.168073393110652,0,0,0,34,4138,0.991783470275495,"TMMwsp",FALSE,FALSE,1.30885823784922,"batch_ignored",49,1,3,600579.5
10785,36,36,0,1720,0.0209302325581395,1,0,0.1,0.172527478636744,0,0,0,34,3308,0.990326481257557,"TMMwsp",TRUE,FALSE,1.32146975649285,"fix_filter",49,1,3,600579.5
12703,155,147,8,1720,0.0854651162790698,0.948387096774194,0.0516129032258065,0.1,0.263615673251055,0,0,0,61,3593,0.984135819649318,"TMMwsp",TRUE,FALSE,1.24810045252502,"ctc_pipeline",49,2,5,850219.5
4640,164,155,9,1720,0.0901162790697674,0.945121951219512,0.0548780487804878,0.05,0.224634920831602,0,0,0,0,0,NA,"TMM",TRUE,FALSE,0.705707755966483,"edger_default",49,2,5,850219.5
8530,164,154,10,1720,0.0895348837209302,0.939024390243902,0.0609756097560976,0.1,0.25399711503143,0,0,0,61,3890,0.984318766066838,"TMMwsp",TRUE,FALSE,0.770711042650987,"ablate_filter",49,2,5,850219.5
9110,167,155,12,1720,0.0901162790697674,0.92814371257485,0.0718562874251497,0.1,0.245439367124598,0,0,0,4,0,NA,"TMMwsp",TRUE,FALSE,1.18786080463157,"ablate_exclusive",49,2,5,850219.5
12703,153,145,8,1720,0.0843023255813953,0.947712418300654,0.0522875816993464,0.1,0.26397623772601,0,0,0,61,3593,0.984135819649318,"TMM",TRUE,FALSE,1.26053024100739,"ablate_tmmwsp",49,2,5,850219.5
12703,155,147,8,1720,0.0854651162790698,0.948387096774194,0.0516129032258065,0.1,0.263699985407738,0,0,0,61,3593,0.984135819649318,"TMMwsp",TRUE,FALSE,1.24810045252502,"ablate_priorcount",49,2,5,850219.5
12703,125,122,3,1720,0.0709302325581395,0.976,0.024,0.05,0.26321080704407,0,0,0,61,3593,0.984135819649318,"TMMwsp",TRUE,FALSE,1.24810045252502,"ablate_fdr",49,2,5,850219.5
12703,155,147,8,1720,0.0854651162790698,0.948387096774194,0.0516129032258065,0.1,0.263529190938214,0,0,0,61,3593,0.984135819649318,"TMMwsp",TRUE,FALSE,1.24810045252502,"ablate_shrinkfloor",49,2,5,850219.5
12703,155,147,8,1720,0.0854651162790698,0.948387096774194,0.0516129032258065,0.1,0.263370316087254,0,0,0,61,3593,0.984135819649318,"TMMwsp",TRUE,FALSE,1.24810045252502,"ablate_lowinput",49,2,5,850219.5
10489,223,174,49,1720,0.101162790697674,0.780269058295964,0.219730941704036,0.1,0.246287324284731,0,0,0,61,3890,0.984318766066838,"TMMwsp",FALSE,FALSE,0.899832003199081,"batch_removed",49,2,5,850219.5
10489,142,134,8,1720,0.077906976744186,0.943661971830986,0.0563380281690141,0.1,0.258111854622536,0,0,0,61,3890,0.984318766066838,"TMMwsp",FALSE,FALSE,1.11501381478879,"batch_ignored",49,2,5,850219.5
12703,155,147,8,1720,0.0854651162790698,0.948387096774194,0.0516129032258065,0.1,0.263547164631072,0,0,0,61,3593,0.984135819649318,"TMMwsp",TRUE,FALSE,1.24810045252502,"fix_filter",49,2,5,850219.5
11053,232,211,21,1720,0.122674418604651,0.90948275862069,0.0905172413793103,0.1,0.286997580764985,0,0.00251889168765743,0,88,3773,0.97667638483965,"TMMwsp",TRUE,FALSE,1.2215442184103,"ctc_pipeline",49,3,8,787300.5
3751,160,156,4,1720,0.0906976744186047,0.975,0.025,0.05,0.213077659735033,0,0,0,0,0,NA,"TMM",TRUE,FALSE,0.650498073742754,"edger_default",49,3,8,787300.5
7542,182,174,8,1720,0.101162790697674,0.956043956043956,0.043956043956044,0.1,0.25169136004145,0,0.00251889168765743,0,88,3791,0.976787127407017,"TMMwsp",TRUE,FALSE,0.719979266162931,"ablate_filter",49,3,8,787300.5
7280,236,217,19,1720,0.126162790697674,0.919491525423729,0.0805084745762712,0.1,0.25799859509538,0,0,0,0,0,NA,"TMMwsp",TRUE,FALSE,1.15283485304984,"ablate_exclusive",49,3,8,787300.5
11053,218,201,17,1720,0.116860465116279,0.922018348623853,0.0779816513761468,0.1,0.283947953277515,0,0.00251889168765743,0,88,3773,0.97667638483965,"TMM",TRUE,FALSE,1.23000549358378,"ablate_tmmwsp",49,3,8,787300.5
11053,232,211,21,1720,0.122674418604651,0.90948275862069,0.0905172413793103,0.1,0.287430792285173,0,0.00251889168765743,0,88,3773,0.97667638483965,"TMMwsp",TRUE,FALSE,1.2215442184103,"ablate_priorcount",49,3,8,787300.5
11053,187,179,8,1720,0.10406976744186,0.957219251336898,0.0427807486631016,0.05,0.287232277904511,0,0.00251889168765743,0,88,3773,0.97667638483965,"TMMwsp",TRUE,FALSE,1.2215442184103,"ablate_fdr",49,3,8,787300.5
11053,232,211,21,1720,0.122674418604651,0.90948275862069,0.0905172413793103,0.1,0.2864223875579,0,0.00251889168765743,0,88,3773,0.97667638483965,"TMMwsp",TRUE,FALSE,1.2215442184103,"ablate_shrinkfloor",49,3,8,787300.5
11053,232,211,21,1720,0.122674418604651,0.90948275862069,0.0905172413793103,0.1,0.287063826146377,0,0.00251889168765743,0,88,3773,0.97667638483965,"TMMwsp",TRUE,FALSE,1.2215442184103,"ablate_lowinput",49,3,8,787300.5
9602,243,198,45,1720,0.115116279069767,0.814814814814815,0.185185185185185,0.1,0.253987101694927,0,0.00251889168765743,0,88,3790,0.976781002638522,"TMMwsp",FALSE,FALSE,0.982128651612528,"batch_removed",49,3,8,787300.5
9602,197,179,18,1720,0.10406976744186,0.908629441624365,0.0913705583756345,0.1,0.268675079069801,0,0.00251889168765743,0,88,3790,0.976781002638522,"TMMwsp",FALSE,FALSE,1.14412733695699,"batch_ignored",49,3,8,787300.5
11053,232,211,21,1720,0.122674418604651,0.90948275862069,0.0905172413793103,0.1,0.287507995529965,0,0.00251889168765743,0,88,3773,0.97667638483965,"TMMwsp",TRUE,FALSE,1.2215442184103,"fix_filter",49,3,8,787300.5
11854,58,56,2,1720,0.0325581395348837,0.96551724137931,0.0344827586206897,0.1,0.203459852473502,0,0,0,39,3289,0.989966555183946,"TMMwsp",TRUE,FALSE,1.22136856540761,"ctc_pipeline",50,1,3,796382
4157,68,65,3,1720,0.0377906976744186,0.955882352941177,0.0441176470588235,0.05,0.188704304533695,0,0,0,0,0,NA,"TMM",TRUE,FALSE,0.78502447749154,"edger_default",50,1,3,796382
8291,62,60,2,1720,0.0348837209302326,0.967741935483871,0.032258064516129,0.1,0.202836801521039,0,0,0,39,4134,0.990566037735849,"TMMwsp",TRUE,FALSE,0.821196592536368,"ablate_filter",50,1,3,796382
8565,68,65,3,1720,0.0377906976744186,0.955882352941177,0.0441176470588235,0.1,0.199249239240952,0,0,0,6,0,NA,"TMMwsp",TRUE,FALSE,1.18950230431376,"ablate_exclusive",50,1,3,796382
11854,57,57,0,1720,0.0331395348837209,1,0,0.1,0.204712439694593,0,0,0,39,3289,0.989966555183946,"TMM",TRUE,FALSE,1.28309165108994,"ablate_tmmwsp",50,1,3,796382
11854,58,56,2,1720,0.0325581395348837,0.96551724137931,0.0344827586206897,0.1,0.20376592421547,0,0,0,39,3289,0.989966555183946,"TMMwsp",TRUE,FALSE,1.22136856540761,"ablate_priorcount",50,1,3,796382
11854,53,53,0,1720,0.0308139534883721,1,0,0.05,0.20335786677188,0,0,0,39,3289,0.989966555183946,"TMMwsp",TRUE,FALSE,1.22136856540761,"ablate_fdr",50,1,3,796382
11854,58,56,2,1720,0.0325581395348837,0.96551724137931,0.0344827586206897,0.1,0.203500366000252,0,0,0,39,3289,0.989966555183946,"TMMwsp",TRUE,FALSE,1.22136856540761,"ablate_shrinkfloor",50,1,3,796382
11854,58,56,2,1720,0.0325581395348837,0.96551724137931,0.0344827586206897,0.1,0.203454037154244,0,0,0,39,3289,0.989966555183946,"TMMwsp",TRUE,FALSE,1.22136856540761,"ablate_lowinput",50,1,3,796382
10541,196,114,82,1720,0.0662790697674419,0.581632653061224,0.418367346938776,0.1,0.184374845021496,0,0,0,39,4045,0.99035846724351,"TMMwsp",FALSE,FALSE,0.836771240840679,"batch_removed",50,1,3,796382
10541,52,52,0,1720,0.0302325581395349,1,0,0.1,0.201042173144703,0,0,0,39,4045,0.99035846724351,"TMMwsp",FALSE,FALSE,1.20487708427554,"batch_ignored",50,1,3,796382
11854,58,56,2,1720,0.0325581395348837,0.96551724137931,0.0344827586206897,0.1,0.203373744565962,0,0,0,39,3289,0.989966555183946,"TMMwsp",TRUE,FALSE,1.22136856540761,"fix_filter",50,1,3,796382
12663,120,115,5,1720,0.0668604651162791,0.958333333333333,0.0416666666666667,0.1,0.253221226619336,0,0.00490196078431373,0,49,3601,0.986392668703138,"TMMwsp",TRUE,FALSE,1.26112198260331,"ctc_pipeline",50,2,5,896875.5
4836,138,129,9,1720,0.075,0.934782608695652,0.0652173913043478,0.05,0.219499647720542,0,0.00490196078431373,0,0,0,NA,"TMM",TRUE,FALSE,0.761170145274084,"edger_default",50,2,5,896875.5
8751,132,122,10,1720,0.0709302325581395,0.924242424242424,0.0757575757575758,0.1,0.24185792391218,0,0.00490196078431373,0,49,3915,0.987484035759898,"TMMwsp",TRUE,FALSE,0.826202496007037,"ablate_filter",50,2,5,896875.5
9062,140,131,9,1720,0.0761627906976744,0.935714285714286,0.0642857142857143,0.1,0.241556540645034,0,0.00490196078431373,0,0,0,NA,"TMMwsp",TRUE,FALSE,1.2046371916587,"ablate_exclusive",50,2,5,896875.5
12663,131,123,8,1720,0.0715116279069767,0.938931297709924,0.0610687022900763,0.1,0.254943003839166,0,0.00490196078431373,0,49,3601,0.986392668703138,"TMM",TRUE,FALSE,1.27039040661338,"ablate_tmmwsp",50,2,5,896875.5
12663,120,115,5,1720,0.0668604651162791,0.958333333333333,0.0416666666666667,0.1,0.25309444643026,0,0.00490196078431373,0,49,3601,0.986392668703138,"TMMwsp",TRUE,FALSE,1.26112198260331,"ablate_priorcount",50,2,5,896875.5
12663,106,104,2,1720,0.0604651162790698,0.981132075471698,0.0188679245283019,0.05,0.253314702426587,0,0.00245098039215686,0,49,3601,0.986392668703138,"TMMwsp",TRUE,FALSE,1.26112198260331,"ablate_fdr",50,2,5,896875.5
12663,120,115,5,1720,0.0668604651162791,0.958333333333333,0.0416666666666667,0.1,0.253078955699683,0,0.00490196078431373,0,49,3601,0.986392668703138,"TMMwsp",TRUE,FALSE,1.26112198260331,"ablate_shrinkfloor",50,2,5,896875.5
12663,120,115,5,1720,0.0668604651162791,0.958333333333333,0.0416666666666667,0.1,0.253200800244264,0,0.00490196078431373,0,49,3601,0.986392668703138,"TMMwsp",TRUE,FALSE,1.26112198260331,"ablate_lowinput",50,2,5,896875.5
10408,186,150,36,1720,0.0872093023255814,0.806451612903226,0.193548387096774,0.1,0.234984298249607,0,0.00490196078431373,0,49,3917,0.987490426346694,"TMMwsp",FALSE,FALSE,0.903648938977196,"batch_removed",50,2,5,896875.5
10408,122,115,7,1720,0.0668604651162791,0.942622950819672,0.0573770491803279,0.1,0.244152687814799,0,0.00490196078431373,0,49,3917,0.987490426346694,"TMMwsp",FALSE,FALSE,1.11304212713561,"batch_ignored",50,2,5,896875.5
12663,120,115,5,1720,0.0668604651162791,0.958333333333333,0.0416666666666667,0.1,0.253321505274754,0,0.00490196078431373,0,49,3601,0.986392668703138,"TMMwsp",TRUE,FALSE,1.26112198260331,"fix_filter",50,2,5,896875.5
11047,224,208,16,1720,0.12093023255814,0.928571428571429,0.0714285714285714,0.1,0.302762531571943,0,0,0,70,3756,0.98136315228967,"TMMwsp",TRUE,FALSE,1.1715564289151,"ctc_pipeline",50,3,8,944109
4064,189,183,6,1720,0.106395348837209,0.968253968253968,0.0317460317460317,0.05,0.230948542858695,0,0,0,0,0,NA,"TMM",TRUE,FALSE,0.677279092319048,"edger_default",50,3,8,944109
7828,195,185,10,1720,0.107558139534884,0.948717948717949,0.0512820512820513,0.1,0.265743252796898,0,0,0,70,3764,0.981402763018066,"TMMwsp",TRUE,FALSE,0.729753440545539,"ablate_filter",50,3,8,944109
7291,247,222,25,1720,0.12906976744186,0.898785425101215,0.101214574898785,0.1,0.272475864840403,0,0,0,0,0,NA,"TMMwsp",TRUE,FALSE,1.11574043550096,"ablate_exclusive",50,3,8,944109
11047,229,211,18,1720,0.122674418604651,0.921397379912664,0.0786026200873362,0.1,0.30854216966513,0,0,0,70,3756,0.98136315228967,"TMM",TRUE,FALSE,1.1836000671,"ablate_tmmwsp",50,3,8,944109
11047,224,208,16,1720,0.12093023255814,0.928571428571429,0.0714285714285714,0.1,0.302861178296649,0,0,0,70,3756,0.98136315228967,"TMMwsp",TRUE,FALSE,1.1715564289151,"ablate_priorcount",50,3,8,944109
11047,184,178,6,1720,0.103488372093023,0.967391304347826,0.0326086956521739,0.05,0.303066628163617,0,0,0,70,3756,0.98136315228967,"TMMwsp",TRUE,FALSE,1.1715564289151,"ablate_fdr",50,3,8,944109
11047,224,208,16,1720,0.12093023255814,0.928571428571429,0.0714285714285714,0.1,0.302979472142451,0,0,0,70,3756,0.98136315228967,"TMMwsp",TRUE,FALSE,1.1715564289151,"ablate_shrinkfloor",50,3,8,944109
11047,224,208,16,1720,0.12093023255814,0.928571428571429,0.0714285714285714,0.1,0.303163707401913,0,0,0,70,3756,0.98136315228967,"TMMwsp",TRUE,FALSE,1.1715564289151,"ablate_lowinput",50,3,8,944109
9669,266,228,38,1720,0.132558139534884,0.857142857142857,0.142857142857143,0.1,0.284334328788274,0,0,0,70,3766,0.981412639405205,"TMMwsp",FALSE,FALSE,0.958252651567298,"batch_removed",50,3,8,944109
9669,203,189,14,1720,0.109883720930233,0.931034482758621,0.0689655172413793,0.1,0.293891024543166,0,0,0,70,3766,0.981412639405205,"TMMwsp",FALSE,FALSE,1.10341267251306,"batch_ignored",50,3,8,944109
11047,224,208,16,1720,0.12093023255814,0.928571428571429,0.0714285714285714,0.1,0.303131473535841,0,0,0,70,3756,0.98136315228967,"TMMwsp",TRUE,FALSE,1.1715564289151,"fix_filter",50,3,8,944109
