"n_tested","n_significant","true_positives","false_positives","n_true_de","sensitivity","precision","empirical_fdr","nominal_fdr","avg_precision","sens_exclusive","sens_low_abund","sig_excl_rescued","n_excl_kept","n_exclusive_added","excl_admit_fpr","norm_used","batch_in_model","shrink_applied","common_disp","arm","rep","scenario_row","n_per_group","prop_de","n_exclusive","median_lib"
11517,0,0,0,0,NA,NA,NA,0.1,NA,NA,NA,0,0,3274,1,"TMMwsp",TRUE,FALSE,1.22707745851281,"ctc_pipeline",1,1,3,0,0,639688.5
3910,0,0,0,0,NA,NA,NA,0.05,NA,NA,NA,0,0,0,NA,"TMM",TRUE,FALSE,0.758492040336822,"edger_default",1,1,3,0,0,639688.5
8104,0,0,0,0,NA,NA,NA,0.1,NA,NA,NA,0,0,4194,1,"TMMwsp",TRUE,FALSE,0.841849137498619,"ablate_filter",1,1,3,0,0,639688.5
8243,0,0,0,0,NA,NA,NA,0.1,NA,NA,NA,0,0,0,NA,"TMMwsp",TRUE,FALSE,1.16069371084674,"ablate_exclusive",1,1,3,0,0,639688.5
11517,0,0,0,0,NA,NA,NA,0.1,NA,NA,NA,0,0,3274,1,"TMM",TRUE,FALSE,1.23983382342237,"ablate_tmmwsp",1,1,3,0,0,639688.5
11517,0,0,0,0,NA,NA,NA,0.1,NA,NA,NA,0,0,3274,1,"TMMwsp",TRUE,FALSE,1.22707745851281,"ablate_priorcount",1,1,3,0,0,639688.5
11517,0,0,0,0,NA,NA,NA,0.05,NA,NA,NA,0,0,3274,1,"TMMwsp",TRUE,FALSE,1.22707745851281,"ablate_fdr",1,1,3,0,0,639688.5
11517,0,0,0,0,NA,NA,NA,0.1,NA,NA,NA,0,0,3274,1,"TMMwsp",TRUE,FALSE,1.22707745851281,"ablate_shrinkfloor",1,1,3,0,0,639688.5
11517,0,0,0,0,NA,NA,NA,0.1,NA,NA,NA,0,0,3274,1,"TMMwsp",TRUE,FALSE,1.22707745851281,"ablate_lowinput",1,1,3,0,0,639688.5
10277,1,0,1,0,NA,0,1,0.1,NA,NA,NA,0,0,4057,1,"TMMwsp",FALSE,FALSE,0.824772741654475,"batch_removed",1,1,3,0,0,639688.5
10277,0,0,0,0,NA,NA,NA,0.1,NA,NA,NA,0,0,4057,1,"TMMwsp",FALSE,FALSE,1.2625742863434,"batch_ignored",1,1,3,0,0,639688.5
11517,0,0,0,0,NA,NA,NA,0.1,NA,NA,NA,0,0,3274,1,"TMMwsp",TRUE,FALSE,1.22707745851281,"fix_filter",1,1,3,0,0,639688.5
12886,0,0,0,0,NA,NA,NA,0.1,NA,NA,NA,0,0,3588,1,"TMMwsp",TRUE,FALSE,1.24708675687913,"ctc_pipeline",1,2,5,0,0,772540.5
4613,0,0,0,0,NA,NA,NA,0.05,NA,NA,NA,0,0,0,NA,"TMM",TRUE,FALSE,0.701006171668946,"edger_default",1,2,5,0,0,772540.5
8505,0,0,0,0,NA,NA,NA,0.1,NA,NA,NA,0,0,3892,1,"TMMwsp",TRUE,FALSE,0.759118762134563,"ablate_filter",1,2,5,0,0,772540.5
9298,0,0,0,0,NA,NA,NA,0.1,NA,NA,NA,0,0,0,NA,"TMMwsp",TRUE,FALSE,1.19222847440494,"ablate_exclusive",1,2,5,0,0,772540.5
12886,0,0,0,0,NA,NA,NA,0.1,NA,NA,NA,0,0,3588,1,"TMM",TRUE,FALSE,1.26486798368946,"ablate_tmmwsp",1,2,5,0,0,772540.5
12886,0,0,0,0,NA,NA,NA,0.1,NA,NA,NA,0,0,3588,1,"TMMwsp",TRUE,FALSE,1.24708675687913,"ablate_priorcount",1,2,5,0,0,772540.5
12886,0,0,0,0,NA,NA,NA,0.05,NA,NA,NA,0,0,3588,1,"TMMwsp",TRUE,FALSE,1.24708675687913,"ablate_fdr",1,2,5,0,0,772540.5
12886,0,0,0,0,NA,NA,NA,0.1,NA,NA,NA,0,0,3588,1,"TMMwsp",TRUE,FALSE,1.24708675687913,"ablate_shrinkfloor",1,2,5,0,0,772540.5
12886,0,0,0,0,NA,NA,NA,0.1,NA,NA,NA,0,0,3588,1,"TMMwsp",TRUE,FALSE,1.24708675687913,"ablate_lowinput",1,2,5,0,0,772540.5
10659,0,0,0,0,NA,NA,NA,0.1,NA,NA,NA,0,0,3883,1,"TMMwsp",FALSE,FALSE,0.915037166955742,"batch_removed",1,2,5,0,0,772540.5
10659,0,0,0,0,NA,NA,NA,0.1,NA,NA,NA,0,0,3883,1,"TMMwsp",FALSE,FALSE,1.12061002058532,"batch_ignored",1,2,5,0,0,772540.5
12886,0,0,0,0,NA,NA,NA,0.1,NA,NA,NA,0,0,3588,1,"TMMwsp",TRUE,FALSE,1.24708675687913,"fix_filter",1,2,5,0,0,772540.5
11447,0,0,0,0,NA,NA,NA,0.1,NA,NA,NA,0,0,3393,1,"TMMwsp",TRUE,FALSE,1.1127958204858,"ctc_pipeline",1,3,8,0,0,992885
4494,0,0,0,0,NA,NA,NA,0.05,NA,NA,NA,0,0,0,NA,"TMM",TRUE,FALSE,0.641845105978851,"edger_default",1,3,8,0,0,992885
7897,0,0,0,0,NA,NA,NA,0.1,NA,NA,NA,0,0,3403,1,"TMMwsp",TRUE,FALSE,0.676801269049691,"ablate_filter",1,3,8,0,0,992885
8054,0,0,0,0,NA,NA,NA,0.1,NA,NA,NA,0,0,0,NA,"TMMwsp",TRUE,FALSE,1.07172474370629,"ablate_exclusive",1,3,8,0,0,992885
11447,0,0,0,0,NA,NA,NA,0.1,NA,NA,NA,0,0,3393,1,"TMM",TRUE,FALSE,1.12858876724414,"ablate_tmmwsp",1,3,8,0,0,992885
11447,0,0,0,0,NA,NA,NA,0.1,NA,NA,NA,0,0,3393,1,"TMMwsp",TRUE,FALSE,1.1127958204858,"ablate_priorcount",1,3,8,0,0,992885
11447,0,0,0,0,NA,NA,NA,0.05,NA,NA,NA,0,0,3393,1,"TMMwsp",TRUE,FALSE,1.1127958204858,"ablate_fdr",1,3,8,0,0,992885
11447,0,0,0,0,NA,NA,NA,0.1,NA,NA,NA,0,0,3393,1,"TMMwsp",TRUE,FALSE,1.1127958204858,"ablate_shrinkfloor",1,3,8,0,0,992885
11447,0,0,0,0,NA,NA,NA,0.1,NA,NA,NA,0,0,3393,1,"TMMwsp",TRUE,FALSE,1.1127958204858,"ablate_lowinput",1,3,8,0,0,992885
9990,0,0,0,0,NA,NA,NA,0.1,NA,NA,NA,0,0,3402,1,"TMMwsp",FALSE,FALSE,0.919801505047925,"batch_removed",1,3,8,0,0,992885
9990,0,0,0,0,NA,NA,NA,0.1,NA,NA,NA,0,0,3402,1,"TMMwsp",FALSE,FALSE,1.05131733007245,"batch_ignored",1,3,8,0,0,992885
11447,0,0,0,0,NA,NA,NA,0.1,NA,NA,NA,0,0,3393,1,"TMMwsp",TRUE,FALSE,1.1127958204858,"fix_filter",1,3,8,0,0,992885
12202,0,0,0,0,NA,NA,NA,0.1,NA,NA,NA,0,0,3223,1,"TMMwsp",TRUE,FALSE,1.24398899251484,"ctc_pipeline",2,1,3,0,0,1051127
4854,0,0,0,0,NA,NA,NA,0.05,NA,NA,NA,0,0,0,NA,"TMM",TRUE,FALSE,0.831761459558598,"edger_default",2,1,3,0,0,1051127
8974,0,0,0,0,NA,NA,NA,0.1,NA,NA,NA,0,0,4120,1,"TMMwsp",TRUE,FALSE,0.890291481076683,"ablate_filter",2,1,3,0,0,1051127
8979,0,0,0,0,NA,NA,NA,0.1,NA,NA,NA,0,0,0,NA,"TMMwsp",TRUE,FALSE,1.20087176011541,"ablate_exclusive",2,1,3,0,0,1051127
12202,0,0,0,0,NA,NA,NA,0.1,NA,NA,NA,0,0,3223,1,"TMM",TRUE,FALSE,1.25694471521174,"ablate_tmmwsp",2,1,3,0,0,1051127
12202,0,0,0,0,NA,NA,NA,0.1,NA,NA,NA,0,0,3223,1,"TMMwsp",TRUE,FALSE,1.24398899251484,"ablate_priorcount",2,1,3,0,0,1051127
12202,0,0,0,0,NA,NA,NA,0.05,NA,NA,NA,0,0,3223,1,"TMMwsp",TRUE,FALSE,1.24398899251484,"ablate_fdr",2,1,3,0,0,1051127
12202,0,0,0,0,NA,NA,NA,0.1,NA,NA,NA,0,0,3223,1,"TMMwsp",TRUE,FALSE,1.24398899251484,"ablate_shrinkfloor",2,1,3,0,0,1051127
12202,0,0,0,0,NA,NA,NA,0.1,NA,NA,NA,0,0,3223,1,"TMMwsp",TRUE,FALSE,1.24398899251484,"ablate_lowinput",2,1,3,0,0,1051127
10956,30,0,30,0,NA,0,1,0.1,NA,NA,NA,0,0,4006,1,"TMMwsp",FALSE,FALSE,0.809921353586311,"batch_removed",2,1,3,0,0,1051127
10956,0,0,0,0,NA,NA,NA,0.1,NA,NA,NA,0,0,4006,1,"TMMwsp",FALSE,FALSE,1.22072536436318,"batch_ignored",2,1,3,0,0,1051127
12202,0,0,0,0,NA,NA,NA,0.1,NA,NA,NA,0,0,3223,1,"TMMwsp",TRUE,FALSE,1.24398899251484,"fix_filter",2,1,3,0,0,1051127
13415,0,0,0,0,NA,NA,NA,0.1,NA,NA,NA,0,0,3726,1,"TMMwsp",TRUE,FALSE,1.21382573698753,"ctc_pipeline",2,2,5,0,0,866201
5294,0,0,0,0,NA,NA,NA,0.05,NA,NA,NA,0,0,0,NA,"TMM",TRUE,FALSE,0.736523223367273,"edger_default",2,2,5,0,0,866201
9532,0,0,0,0,NA,NA,NA,0.1,NA,NA,NA,0,0,4238,1,"TMMwsp",TRUE,FALSE,0.824601094242611,"ablate_filter",2,2,5,0,0,866201
9689,0,0,0,0,NA,NA,NA,0.1,NA,NA,NA,0,0,0,NA,"TMMwsp",TRUE,FALSE,1.14223493859373,"ablate_exclusive",2,2,5,0,0,866201
13415,0,0,0,0,NA,NA,NA,0.1,NA,NA,NA,0,0,3726,1,"TMM",TRUE,FALSE,1.21365360265886,"ablate_tmmwsp",2,2,5,0,0,866201
13415,0,0,0,0,NA,NA,NA,0.1,NA,NA,NA,0,0,3726,1,"TMMwsp",TRUE,FALSE,1.21382573698753,"ablate_priorcount",2,2,5,0,0,866201
13415,0,0,0,0,NA,NA,NA,0.05,NA,NA,NA,0,0,3726,1,"TMMwsp",TRUE,FALSE,1.21382573698753,"ablate_fdr",2,2,5,0,0,866201
13415,0,0,0,0,NA,NA,NA,0.1,NA,NA,NA,0,0,3726,1,"TMMwsp",TRUE,FALSE,1.21382573698753,"ablate_shrinkfloor",2,2,5,0,0,866201
13415,0,0,0,0,NA,NA,NA,0.1,NA,NA,NA,0,0,3726,1,"TMMwsp",TRUE,FALSE,1.21382573698753,"ablate_lowinput",2,2,5,0,0,866201
11306,10,0,10,0,NA,0,1,0.1,NA,NA,NA,0,0,4214,1,"TMMwsp",FALSE,FALSE,0.873651062404905,"batch_removed",2,2,5,0,0,866201
11306,0,0,0,0,NA,NA,NA,0.1,NA,NA,NA,0,0,4214,1,"TMMwsp",FALSE,FALSE,1.12253286737406,"batch_ignored",2,2,5,0,0,866201
13415,0,0,0,0,NA,NA,NA,0.1,NA,NA,NA,0,0,3726,1,"TMMwsp",TRUE,FALSE,1.21382573698753,"fix_filter",2,2,5,0,0,866201
10806,0,0,0,0,NA,NA,NA,0.1,NA,NA,NA,0,0,3758,1,"TMMwsp",TRUE,FALSE,1.1942235308607,"ctc_pipeline",2,3,8,0,0,847467
3579,0,0,0,0,NA,NA,NA,0.05,NA,NA,NA,0,0,0,NA,"TMM",TRUE,FALSE,0.611856205556456,"edger_default",2,3,8,0,0,847467
7345,0,0,0,0,NA,NA,NA,0.1,NA,NA,NA,0,0,3766,1,"TMMwsp",TRUE,FALSE,0.671157197082677,"ablate_filter",2,3,8,0,0,847467
7048,0,0,0,0,NA,NA,NA,0.1,NA,NA,NA,0,0,0,NA,"TMMwsp",TRUE,FALSE,1.13155825850288,"ablate_exclusive",2,3,8,0,0,847467
10806,0,0,0,0,NA,NA,NA,0.1,NA,NA,NA,0,0,3758,1,"TMM",TRUE,FALSE,1.20187144237388,"ablate_tmmwsp",2,3,8,0,0,847467
10806,0,0,0,0,NA,NA,NA,0.1,NA,NA,NA,0,0,3758,1,"TMMwsp",TRUE,FALSE,1.1942235308607,"ablate_priorcount",2,3,8,0,0,847467
10806,0,0,0,0,NA,NA,NA,0.05,NA,NA,NA,0,0,3758,1,"TMMwsp",TRUE,FALSE,1.1942235308607,"ablate_fdr",2,3,8,0,0,847467
10806,0,0,0,0,NA,NA,NA,0.1,NA,NA,NA,0,0,3758,1,"TMMwsp",TRUE,FALSE,1.1942235308607,"ablate_shrinkfloor",2,3,8,0,0,847467
10806,0,0,0,0,NA,NA,NA,0.1,NA,NA,NA,0,0,3758,1,"TMMwsp",TRUE,FALSE,1.1942235308607,"ablate_lowinput",2,3,8,0,0,847467
9399,1,0,1,0,NA,0,1,0.1,NA,NA,NA,0,0,3766,1,"TMMwsp",FALSE,FALSE,0.966864545856775,"batch_removed",2,3,8,0,0,847467
9399,0,0,0,0,NA,NA,NA,0.1,NA,NA,NA,0,0,3766,1,"TMMwsp",FALSE,FALSE,1.12242565331909,"batch_ignored",2,3,8,0,0,847467
10806,0,0,0,0,NA,NA,NA,0.1,NA,NA,NA,0,0,3758,1,"TMMwsp",TRUE,FALSE,1.1942235308607,"fix_filter",2,3,8,0,0,847467
13242,0,0,0,0,NA,NA,NA,0.1,NA,NA,NA,0,0,3137,1,"TMMwsp",TRUE,FALSE,1.07081954589148,"ctc_pipeline",3,1,3,0,0,1341517.5
5936,0,0,0,0,NA,NA,NA,0.05,NA,NA,NA,0,0,0,NA,"TMM",TRUE,FALSE,0.752469747569535,"edger_default",3,1,3,0,0,1341517.5
10111,0,0,0,0,NA,NA,NA,0.1,NA,NA,NA,0,0,4175,1,"TMMwsp",TRUE,FALSE,0.814823939327256,"ablate_filter",3,1,3,0,0,1341517.5
10105,1,0,1,0,NA,0,1,0.1,NA,NA,NA,0,0,0,NA,"TMMwsp",TRUE,FALSE,1.01830716303897,"ablate_exclusive",3,1,3,0,0,1341517.5
13242,0,0,0,0,NA,NA,NA,0.1,NA,NA,NA,0,0,3137,1,"TMM",TRUE,FALSE,1.0844063976715,"ablate_tmmwsp",3,1,3,0,0,1341517.5
13242,0,0,0,0,NA,NA,NA,0.1,NA,NA,NA,0,0,3137,1,"TMMwsp",TRUE,FALSE,1.07081954589148,"ablate_priorcount",3,1,3,0,0,1341517.5
13242,0,0,0,0,NA,NA,NA,0.05,NA,NA,NA,0,0,3137,1,"TMMwsp",TRUE,FALSE,1.07081954589148,"ablate_fdr",3,1,3,0,0,1341517.5
13242,0,0,0,0,NA,NA,NA,0.1,NA,NA,NA,0,0,3137,1,"TMMwsp",TRUE,FALSE,1.07081954589148,"ablate_shrinkfloor",3,1,3,0,0,1341517.5
13242,0,0,0,0,NA,NA,NA,0.1,NA,NA,NA,0,0,3137,1,"TMMwsp",TRUE,FALSE,1.07081954589148,"ablate_lowinput",3,1,3,0,0,1341517.5
11950,0,0,0,0,NA,NA,NA,0.1,NA,NA,NA,0,0,4021,1,"TMMwsp",FALSE,FALSE,0.727559549910357,"batch_removed",3,1,3,0,0,1341517.5
11950,1,0,1,0,NA,0,1,0.1,NA,NA,NA,0,0,4021,1,"TMMwsp",FALSE,FALSE,1.09738196144739,"batch_ignored",3,1,3,0,0,1341517.5
13242,0,0,0,0,NA,NA,NA,0.1,NA,NA,NA,0,0,3137,1,"TMMwsp",TRUE,FALSE,1.07081954589148,"fix_filter",3,1,3,0,0,1341517.5
12861,0,0,0,0,NA,NA,NA,0.1,NA,NA,NA,0,0,3584,1,"TMMwsp",TRUE,FALSE,1.25167325879858,"ctc_pipeline",3,2,5,0,0,1073739.5
4868,0,0,0,0,NA,NA,NA,0.05,NA,NA,NA,0,0,0,NA,"TMM",TRUE,FALSE,0.728625612614448,"edger_default",3,2,5,0,0,1073739.5
8735,0,0,0,0,NA,NA,NA,0.1,NA,NA,NA,0,0,3867,1,"TMMwsp",TRUE,FALSE,0.792376749587515,"ablate_filter",3,2,5,0,0,1073739.5
9277,0,0,0,0,NA,NA,NA,0.1,NA,NA,NA,0,0,0,NA,"TMMwsp",TRUE,FALSE,1.19197395275699,"ablate_exclusive",3,2,5,0,0,1073739.5
12861,0,0,0,0,NA,NA,NA,0.1,NA,NA,NA,0,0,3584,1,"TMM",TRUE,FALSE,1.25807004091043,"ablate_tmmwsp",3,2,5,0,0,1073739.5
12861,0,0,0,0,NA,NA,NA,0.1,NA,NA,NA,0,0,3584,1,"TMMwsp",TRUE,FALSE,1.25167325879858,"ablate_priorcount",3,2,5,0,0,1073739.5
12861,0,0,0,0,NA,NA,NA,0.05,NA,NA,NA,0,0,3584,1,"TMMwsp",TRUE,FALSE,1.25167325879858,"ablate_fdr",3,2,5,0,0,1073739.5
12861,0,0,0,0,NA,NA,NA,0.1,NA,NA,NA,0,0,3584,1,"TMMwsp",TRUE,FALSE,1.25167325879858,"ablate_shrinkfloor",3,2,5,0,0,1073739.5
12861,0,0,0,0,NA,NA,NA,0.1,NA,NA,NA,0,0,3584,1,"TMMwsp",TRUE,FALSE,1.25167325879858,"ablate_lowinput",3,2,5,0,0,1073739.5
10649,1,0,1,0,NA,0,1,0.1,NA,NA,NA,0,0,3863,1,"TMMwsp",FALSE,FALSE,0.90062141237513,"batch_removed",3,2,5,0,0,1073739.5
10649,0,0,0,0,NA,NA,NA,0.1,NA,NA,NA,0,0,3863,1,"TMMwsp",FALSE,FALSE,1.12615555463919,"batch_ignored",3,2,5,0,0,1073739.5
12861,0,0,0,0,NA,NA,NA,0.1,NA,NA,NA,0,0,3584,1,"TMMwsp",TRUE,FALSE,1.25167325879858,"fix_filter",3,2,5,0,0,1073739.5
9805,0,0,0,0,NA,NA,NA,0.1,NA,NA,NA,0,0,3948,1,"TMMwsp",TRUE,FALSE,1.28152149533391,"ctc_pipeline",3,3,8,0,0,962166.5
2909,0,0,0,0,NA,NA,NA,0.05,NA,NA,NA,0,0,0,NA,"TMM",TRUE,FALSE,0.677161366370576,"edger_default",3,3,8,0,0,962166.5
6858,0,0,0,0,NA,NA,NA,0.1,NA,NA,NA,0,0,3949,1,"TMMwsp",TRUE,FALSE,0.759786702642531,"ablate_filter",3,3,8,0,0,962166.5
5857,0,0,0,0,NA,NA,NA,0.1,NA,NA,NA,0,0,0,NA,"TMMwsp",TRUE,FALSE,1.20698306174532,"ablate_exclusive",3,3,8,0,0,962166.5
9805,0,0,0,0,NA,NA,NA,0.1,NA,NA,NA,0,0,3948,1,"TMM",TRUE,FALSE,1.28791246848056,"ablate_tmmwsp",3,3,8,0,0,962166.5
9805,0,0,0,0,NA,NA,NA,0.1,NA,NA,NA,0,0,3948,1,"TMMwsp",TRUE,FALSE,1.28152149533391,"ablate_priorcount",3,3,8,0,0,962166.5
9805,0,0,0,0,NA,NA,NA,0.05,NA,NA,NA,0,0,3948,1,"TMMwsp",TRUE,FALSE,1.28152149533391,"ablate_fdr",3,3,8,0,0,962166.5
9805,0,0,0,0,NA,NA,NA,0.1,NA,NA,NA,0,0,3948,1,"TMMwsp",TRUE,FALSE,1.28152149533391,"ablate_shrinkfloor",3,3,8,0,0,962166.5
9805,0,0,0,0,NA,NA,NA,0.1,NA,NA,NA,0,0,3948,1,"TMMwsp",TRUE,FALSE,1.28152149533391,"ablate_lowinput",3,3,8,0,0,962166.5
8554,0,0,0,0,NA,NA,NA,0.1,NA,NA,NA,0,0,3949,1,"TMMwsp",FALSE,FALSE,1.0596887642143,"batch_removed",3,3,8,0,0,962166.5
8554,0,0,0,0,NA,NA,NA,0.1,NA,NA,NA,0,0,3949,1,"TMMwsp",FALSE,FALSE,1.2040503932529,"batch_ignored",3,3,8,0,0,962166.5
9805,0,0,0,0,NA,NA,NA,0.1,NA,NA,NA,0,0,3948,1,"TMMwsp",TRUE,FALSE,1.28152149533391,"fix_filter",3,3,8,0,0,962166.5
11835,0,0,0,0,NA,NA,NA,0.1,NA,NA,NA,0,0,3189,1,"TMMwsp",TRUE,FALSE,1.20349006382403,"ctc_pipeline",4,1,3,0,0,647284
4228,0,0,0,0,NA,NA,NA,0.05,NA,NA,NA,0,0,0,NA,"TMM",TRUE,FALSE,0.749904669776979,"edger_default",4,1,3,0,0,647284
8339,0,0,0,0,NA,NA,NA,0.1,NA,NA,NA,0,0,4111,1,"TMMwsp",TRUE,FALSE,0.802811134089423,"ablate_filter",4,1,3,0,0,647284
8646,0,0,0,0,NA,NA,NA,0.1,NA,NA,NA,0,0,0,NA,"TMMwsp",TRUE,FALSE,1.15935549006853,"ablate_exclusive",4,1,3,0,0,647284
11835,0,0,0,0,NA,NA,NA,0.1,NA,NA,NA,0,0,3189,1,"TMM",TRUE,FALSE,1.24991715236344,"ablate_tmmwsp",4,1,3,0,0,647284
11835,0,0,0,0,NA,NA,NA,0.1,NA,NA,NA,0,0,3189,1,"TMMwsp",TRUE,FALSE,1.20349006382403,"ablate_priorcount",4,1,3,0,0,647284
11835,0,0,0,0,NA,NA,NA,0.05,NA,NA,NA,0,0,3189,1,"TMMwsp",TRUE,FALSE,1.20349006382403,"ablate_fdr",4,1,3,0,0,647284
11835,0,0,0,0,NA,NA,NA,0.1,NA,NA,NA,0,0,3189,1,"TMMwsp",TRUE,FALSE,1.20349006382403,"ablate_shrinkfloor",4,1,3,0,0,647284
11835,0,0,0,0,NA,NA,NA,0.1,NA,NA,NA,0,0,3189,1,"TMMwsp",TRUE,FALSE,1.20349006382403,"ablate_lowinput",4,1,3,0,0,647284
10538,21,0,21,0,NA,0,1,0.1,NA,NA,NA,0,0,4008,1,"TMMwsp",FALSE,FALSE,0.802801115223792,"batch_removed",4,1,3,0,0,647284
10538,0,0,0,0,NA,NA,NA,0.1,NA,NA,NA,0,0,4008,1,"TMMwsp",FALSE,FALSE,1.21205300612778,"batch_ignored",4,1,3,0,0,647284
11835,0,0,0,0,NA,NA,NA,0.1,NA,NA,NA,0,0,3189,1,"TMMwsp",TRUE,FALSE,1.20349006382403,"fix_filter",4,1,3,0,0,647284
13041,0,0,0,0,NA,NA,NA,0.1,NA,NA,NA,0,0,3689,1,"TMMwsp",TRUE,FALSE,1.21286360444123,"ctc_pipeline",4,2,5,0,0,1018810.5
5194,0,0,0,0,NA,NA,NA,0.05,NA,NA,NA,0,0,0,NA,"TMM",TRUE,FALSE,0.751391973572528,"edger_default",4,2,5,0,0,1018810.5
9378,0,0,0,0,NA,NA,NA,0.1,NA,NA,NA,0,0,4184,1,"TMMwsp",TRUE,FALSE,0.842215383361799,"ablate_filter",4,2,5,0,0,1018810.5
9352,0,0,0,0,NA,NA,NA,0.1,NA,NA,NA,0,0,0,NA,"TMMwsp",TRUE,FALSE,1.13982949723013,"ablate_exclusive",4,2,5,0,0,1018810.5
13041,0,0,0,0,NA,NA,NA,0.1,NA,NA,NA,0,0,3689,1,"TMM",TRUE,FALSE,1.21467901167573,"ablate_tmmwsp",4,2,5,0,0,1018810.5
13041,0,0,0,0,NA,NA,NA,0.1,NA,NA,NA,0,0,3689,1,"TMMwsp",TRUE,FALSE,1.21286360444123,"ablate_priorcount",4,2,5,0,0,1018810.5
13041,0,0,0,0,NA,NA,NA,0.05,NA,NA,NA,0,0,3689,1,"TMMwsp",TRUE,FALSE,1.21286360444123,"ablate_fdr",4,2,5,0,0,1018810.5
13041,0,0,0,0,NA,NA,NA,0.1,NA,NA,NA,0,0,3689,1,"TMMwsp",TRUE,FALSE,1.21286360444123,"ablate_shrinkfloor",4,2,5,0,0,1018810.5
13041,0,0,0,0,NA,NA,NA,0.1,NA,NA,NA,0,0,3689,1,"TMMwsp",TRUE,FALSE,1.21286360444123,"ablate_lowinput",4,2,5,0,0,1018810.5
10935,18,0,18,0,NA,0,1,0.1,NA,NA,NA,0,0,4174,1,"TMMwsp",FALSE,FALSE,0.866424982092021,"batch_removed",4,2,5,0,0,1018810.5
10935,0,0,0,0,NA,NA,NA,0.1,NA,NA,NA,0,0,4174,1,"TMMwsp",FALSE,FALSE,1.10576119839996,"batch_ignored",4,2,5,0,0,1018810.5
13041,0,0,0,0,NA,NA,NA,0.1,NA,NA,NA,0,0,3689,1,"TMMwsp",TRUE,FALSE,1.21286360444123,"fix_filter",4,2,5,0,0,1018810.5
11143,0,0,0,0,NA,NA,NA,0.1,NA,NA,NA,0,0,3509,1,"TMMwsp",TRUE,FALSE,1.12252410216622,"ctc_pipeline",4,3,8,0,0,944228.5
4140,0,0,0,0,NA,NA,NA,0.05,NA,NA,NA,0,0,0,NA,"TMM",TRUE,FALSE,0.610478555040598,"edger_default",4,3,8,0,0,944228.5
7652,0,0,0,0,NA,NA,NA,0.1,NA,NA,NA,0,0,3512,1,"TMMwsp",TRUE,FALSE,0.653596536292088,"ablate_filter",4,3,8,0,0,944228.5
7634,0,0,0,0,NA,NA,NA,0.1,NA,NA,NA,0,0,0,NA,"TMMwsp",TRUE,FALSE,1.07428924478739,"ablate_exclusive",4,3,8,0,0,944228.5
11143,0,0,0,0,NA,NA,NA,0.1,NA,NA,NA,0,0,3509,1,"TMM",TRUE,FALSE,1.12989218831781,"ablate_tmmwsp",4,3,8,0,0,944228.5
11143,0,0,0,0,NA,NA,NA,0.1,NA,NA,NA,0,0,3509,1,"TMMwsp",TRUE,FALSE,1.12252410216622,"ablate_priorcount",4,3,8,0,0,944228.5
11143,0,0,0,0,NA,NA,NA,0.05,NA,NA,NA,0,0,3509,1,"TMMwsp",TRUE,FALSE,1.12252410216622,"ablate_fdr",4,3,8,0,0,944228.5
11143,0,0,0,0,NA,NA,NA,0.1,NA,NA,NA,0,0,3509,1,"TMMwsp",TRUE,FALSE,1.12252410216622,"ablate_shrinkfloor",4,3,8,0,0,944228.5
11143,0,0,0,0,NA,NA,NA,0.1,NA,NA,NA,0,0,3509,1,"TMMwsp",TRUE,FALSE,1.12252410216622,"ablate_lowinput",4,3,8,0,0,944228.5
9655,0,0,0,0,NA,NA,NA,0.1,NA,NA,NA,0,0,3512,1,"TMMwsp",FALSE,FALSE,0.897596234678185,"batch_removed",4,3,8,0,0,944228.5
9655,0,0,0,0,NA,NA,NA,0.1,NA,NA,NA,0,0,3512,1,"TMMwsp",FALSE,FALSE,1.0458662097858,"batch_ignored",4,3,8,0,0,944228.5
11143,0,0,0,0,NA,NA,NA,0.1,NA,NA,NA,0,0,3509,1,"TMMwsp",TRUE,FALSE,1.12252410216622,"fix_filter",4,3,8,0,0,944228.5
12296,0,0,0,0,NA,NA,NA,0.1,NA,NA,NA,0,0,3150,1,"TMMwsp",TRUE,FALSE,1.13783289332865,"ctc_pipeline",5,1,3,0,0,790905
4695,0,0,0,0,NA,NA,NA,0.05,NA,NA,NA,0,0,0,NA,"TMM",TRUE,FALSE,0.698870191627326,"edger_default",5,1,3,0,0,790905
8786,0,0,0,0,NA,NA,NA,0.1,NA,NA,NA,0,0,4091,1,"TMMwsp",TRUE,FALSE,0.773555764245961,"ablate_filter",5,1,3,0,0,790905
9146,0,0,0,0,NA,NA,NA,0.1,NA,NA,NA,0,0,0,NA,"TMMwsp",TRUE,FALSE,1.07269871838983,"ablate_exclusive",5,1,3,0,0,790905
12296,0,0,0,0,NA,NA,NA,0.1,NA,NA,NA,0,0,3150,1,"TMM",TRUE,FALSE,1.14530220590345,"ablate_tmmwsp",5,1,3,0,0,790905
12296,0,0,0,0,NA,NA,NA,0.1,NA,NA,NA,0,0,3150,1,"TMMwsp",TRUE,FALSE,1.13783289332865,"ablate_priorcount",5,1,3,0,0,790905
12296,0,0,0,0,NA,NA,NA,0.05,NA,NA,NA,0,0,3150,1,"TMMwsp",TRUE,FALSE,1.13783289332865,"ablate_fdr",5,1,3,0,0,790905
12296,0,0,0,0,NA,NA,NA,0.1,NA,NA,NA,0,0,3150,1,"TMMwsp",TRUE,FALSE,1.13783289332865,"ablate_shrinkfloor",5,1,3,0,0,790905
12296,0,0,0,0,NA,NA,NA,0.1,NA,NA,NA,0,0,3150,1,"TMMwsp",TRUE,FALSE,1.13783289332865,"ablate_lowinput",5,1,3,0,0,790905
11053,18,0,18,0,NA,0,1,0.1,NA,NA,NA,0,0,3962,1,"TMMwsp",FALSE,FALSE,0.735709014614588,"batch_removed",5,1,3,0,0,790905
11053,0,0,0,0,NA,NA,NA,0.1,NA,NA,NA,0,0,3962,1,"TMMwsp",FALSE,FALSE,1.17032860266554,"batch_ignored",5,1,3,0,0,790905
12296,0,0,0,0,NA,NA,NA,0.1,NA,NA,NA,0,0,3150,1,"TMMwsp",TRUE,FALSE,1.13783289332865,"fix_filter",5,1,3,0,0,790905
13093,0,0,0,0,NA,NA,NA,0.1,NA,NA,NA,0,0,3499,1,"TMMwsp",TRUE,FALSE,1.18556624064189,"ctc_pipeline",5,2,5,0,0,900088.5
5040,0,0,0,0,NA,NA,NA,0.05,NA,NA,NA,0,0,0,NA,"TMM",TRUE,FALSE,0.69108806940913,"edger_default",5,2,5,0,0,900088.5
8841,0,0,0,0,NA,NA,NA,0.1,NA,NA,NA,0,0,3801,1,"TMMwsp",TRUE,FALSE,0.74441251422594,"ablate_filter",5,2,5,0,0,900088.5
9594,0,0,0,0,NA,NA,NA,0.1,NA,NA,NA,0,0,0,NA,"TMMwsp",TRUE,FALSE,1.13466646614653,"ablate_exclusive",5,2,5,0,0,900088.5
13093,0,0,0,0,NA,NA,NA,0.1,NA,NA,NA,0,0,3499,1,"TMM",TRUE,FALSE,1.19624485943799,"ablate_tmmwsp",5,2,5,0,0,900088.5
13093,0,0,0,0,NA,NA,NA,0.1,NA,NA,NA,0,0,3499,1,"TMMwsp",TRUE,FALSE,1.18556624064189,"ablate_priorcount",5,2,5,0,0,900088.5
13093,0,0,0,0,NA,NA,NA,0.05,NA,NA,NA,0,0,3499,1,"TMMwsp",TRUE,FALSE,1.18556624064189,"ablate_fdr",5,2,5,0,0,900088.5
13093,0,0,0,0,NA,NA,NA,0.1,NA,NA,NA,0,0,3499,1,"TMMwsp",TRUE,FALSE,1.18556624064189,"ablate_shrinkfloor",5,2,5,0,0,900088.5
13093,0,0,0,0,NA,NA,NA,0.1,NA,NA,NA,0,0,3499,1,"TMMwsp",TRUE,FALSE,1.18556624064189,"ablate_lowinput",5,2,5,0,0,900088.5
10859,2,0,2,0,NA,0,1,0.1,NA,NA,NA,0,0,3798,1,"TMMwsp",FALSE,FALSE,0.869102860260802,"batch_removed",5,2,5,0,0,900088.5
10859,0,0,0,0,NA,NA,NA,0.1,NA,NA,NA,0,0,3798,1,"TMMwsp",FALSE,FALSE,1.07145284628405,"batch_ignored",5,2,5,0,0,900088.5
13093,0,0,0,0,NA,NA,NA,0.1,NA,NA,NA,0,0,3499,1,"TMMwsp",TRUE,FALSE,1.18556624064189,"fix_filter",5,2,5,0,0,900088.5
10492,0,0,0,0,NA,NA,NA,0.1,NA,NA,NA,0,0,3673,1,"TMMwsp",TRUE,FALSE,1.23139980514341,"ctc_pipeline",5,3,8,0,0,557095
3117,0,0,0,0,NA,NA,NA,0.05,NA,NA,NA,0,0,0,NA,"TMM",TRUE,FALSE,0.59986567263808,"edger_default",5,3,8,0,0,557095
6798,0,0,0,0,NA,NA,NA,0.1,NA,NA,NA,0,0,3681,1,"TMMwsp",TRUE,FALSE,0.65984747791087,"ablate_filter",5,3,8,0,0,557095
6819,0,0,0,0,NA,NA,NA,0.1,NA,NA,NA,0,0,0,NA,"TMMwsp",TRUE,FALSE,1.1734807989492,"ablate_exclusive",5,3,8,0,0,557095
10492,0,0,0,0,NA,NA,NA,0.1,NA,NA,NA,0,0,3673,1,"TMM",TRUE,FALSE,1.24604679295031,"ablate_tmmwsp",5,3,8,0,0,557095
10492,0,0,0,0,NA,NA,NA,0.1,NA,NA,NA,0,0,3673,1,"TMMwsp",TRUE,FALSE,1.23139980514341,"ablate_priorcount",5,3,8,0,0,557095
10492,0,0,0,0,NA,NA,NA,0.05,NA,NA,NA,0,0,3673,1,"TMMwsp",TRUE,FALSE,1.23139980514341,"ablate_fdr",5,3,8,0,0,557095
10492,0,0,0,0,NA,NA,NA,0.1,NA,NA,NA,0,0,3673,1,"TMMwsp",TRUE,FALSE,1.23139980514341,"ablate_shrinkfloor",5,3,8,0,0,557095
10492,0,0,0,0,NA,NA,NA,0.1,NA,NA,NA,0,0,3673,1,"TMMwsp",TRUE,FALSE,1.23139980514341,"ablate_lowinput",5,3,8,0,0,557095
9111,1,0,1,0,NA,0,1,0.1,NA,NA,NA,0,0,3681,1,"TMMwsp",FALSE,FALSE,1.01453494809291,"batch_removed",5,3,8,0,0,557095
9111,0,0,0,0,NA,NA,NA,0.1,NA,NA,NA,0,0,3681,1,"TMMwsp",FALSE,FALSE,1.15852097612085,"batch_ignored",5,3,8,0,0,557095
10492,0,0,0,0,NA,NA,NA,0.1,NA,NA,NA,0,0,3673,1,"TMMwsp",TRUE,FALSE,1.23139980514341,"fix_filter",5,3,8,0,0,557095
11984,0,0,0,0,NA,NA,NA,0.1,NA,NA,NA,0,0,3258,1,"TMMwsp",TRUE,FALSE,1.19584303315066,"ctc_pipeline",6,1,3,0,0,704499
4335,0,0,0,0,NA,NA,NA,0.05,NA,NA,NA,0,0,0,NA,"TMM",TRUE,FALSE,0.737696827204093,"edger_default",6,1,3,0,0,704499
8717,0,0,0,0,NA,NA,NA,0.1,NA,NA,NA,0,0,4382,1,"TMMwsp",TRUE,FALSE,0.845503459335641,"ablate_filter",6,1,3,0,0,704499
8726,0,0,0,0,NA,NA,NA,0.1,NA,NA,NA,0,0,0,NA,"TMMwsp",TRUE,FALSE,1.11368594087691,"ablate_exclusive",6,1,3,0,0,704499
11984,0,0,0,0,NA,NA,NA,0.1,NA,NA,NA,0,0,3258,1,"TMM",TRUE,FALSE,1.20037619519257,"ablate_tmmwsp",6,1,3,0,0,704499
11984,0,0,0,0,NA,NA,NA,0.1,NA,NA,NA,0,0,3258,1,"TMMwsp",TRUE,FALSE,1.19584303315066,"ablate_priorcount",6,1,3,0,0,704499
11984,0,0,0,0,NA,NA,NA,0.05,NA,NA,NA,0,0,3258,1,"TMMwsp",TRUE,FALSE,1.19584303315066,"ablate_fdr",6,1,3,0,0,704499
11984,0,0,0,0,NA,NA,NA,0.1,NA,NA,NA,0,0,3258,1,"TMMwsp",TRUE,FALSE,1.19584303315066,"ablate_shrinkfloor",6,1,3,0,0,704499
11984,0,0,0,0,NA,NA,NA,0.1,NA,NA,NA,0,0,3258,1,"TMMwsp",TRUE,FALSE,1.19584303315066,"ablate_lowinput",6,1,3,0,0,704499
10838,16,0,16,0,NA,0,1,0.1,NA,NA,NA,0,0,4209,1,"TMMwsp",FALSE,FALSE,0.79912688786296,"batch_removed",6,1,3,0,0,704499
10838,0,0,0,0,NA,NA,NA,0.1,NA,NA,NA,0,0,4209,1,"TMMwsp",FALSE,FALSE,1.24182132882359,"batch_ignored",6,1,3,0,0,704499
11984,0,0,0,0,NA,NA,NA,0.1,NA,NA,NA,0,0,3258,1,"TMMwsp",TRUE,FALSE,1.19584303315066,"fix_filter",6,1,3,0,0,704499
13244,0,0,0,0,NA,NA,NA,0.1,NA,NA,NA,0,0,3482,1,"TMMwsp",TRUE,FALSE,1.1786427354243,"ctc_pipeline",6,2,5,0,0,936571.5
5283,0,0,0,0,NA,NA,NA,0.05,NA,NA,NA,0,0,0,NA,"TMM",TRUE,FALSE,0.688203995903143,"edger_default",6,2,5,0,0,936571.5
9010,0,0,0,0,NA,NA,NA,0.1,NA,NA,NA,0,0,3727,1,"TMMwsp",TRUE,FALSE,0.738578197791652,"ablate_filter",6,2,5,0,0,936571.5
9762,0,0,0,0,NA,NA,NA,0.1,NA,NA,NA,0,0,0,NA,"TMMwsp",TRUE,FALSE,1.13189937286109,"ablate_exclusive",6,2,5,0,0,936571.5
13244,0,0,0,0,NA,NA,NA,0.1,NA,NA,NA,0,0,3482,1,"TMM",TRUE,FALSE,1.18651267321771,"ablate_tmmwsp",6,2,5,0,0,936571.5
13244,0,0,0,0,NA,NA,NA,0.1,NA,NA,NA,0,0,3482,1,"TMMwsp",TRUE,FALSE,1.1786427354243,"ablate_priorcount",6,2,5,0,0,936571.5
13244,0,0,0,0,NA,NA,NA,0.05,NA,NA,NA,0,0,3482,1,"TMMwsp",TRUE,FALSE,1.1786427354243,"ablate_fdr",6,2,5,0,0,936571.5
13244,0,0,0,0,NA,NA,NA,0.1,NA,NA,NA,0,0,3482,1,"TMMwsp",TRUE,FALSE,1.1786427354243,"ablate_shrinkfloor",6,2,5,0,0,936571.5
13244,0,0,0,0,NA,NA,NA,0.1,NA,NA,NA,0,0,3482,1,"TMMwsp",TRUE,FALSE,1.1786427354243,"ablate_lowinput",6,2,5,0,0,936571.5
11029,1,0,1,0,NA,0,1,0.1,NA,NA,NA,0,0,3720,1,"TMMwsp",FALSE,FALSE,0.864655738525651,"batch_removed",6,2,5,0,0,936571.5
11029,0,0,0,0,NA,NA,NA,0.1,NA,NA,NA,0,0,3720,1,"TMMwsp",FALSE,FALSE,1.07017815753098,"batch_ignored",6,2,5,0,0,936571.5
13244,0,0,0,0,NA,NA,NA,0.1,NA,NA,NA,0,0,3482,1,"TMMwsp",TRUE,FALSE,1.1786427354243,"fix_filter",6,2,5,0,0,936571.5
11686,0,0,0,0,NA,NA,NA,0.1,NA,NA,NA,0,0,3444,1,"TMMwsp",TRUE,FALSE,1.08583075849815,"ctc_pipeline",6,3,8,0,0,1044380
4719,0,0,0,0,NA,NA,NA,0.05,NA,NA,NA,0,0,0,NA,"TMM",TRUE,FALSE,0.617169566229581,"edger_default",6,3,8,0,0,1044380
8168,0,0,0,0,NA,NA,NA,0.1,NA,NA,NA,0,0,3449,1,"TMMwsp",TRUE,FALSE,0.656750899823852,"ablate_filter",6,3,8,0,0,1044380
8242,0,0,0,0,NA,NA,NA,0.1,NA,NA,NA,0,0,0,NA,"TMMwsp",TRUE,FALSE,1.03942943697535,"ablate_exclusive",6,3,8,0,0,1044380
11686,0,0,0,0,NA,NA,NA,0.1,NA,NA,NA,0,0,3444,1,"TMM",TRUE,FALSE,1.09449408196215,"ablate_tmmwsp",6,3,8,0,0,1044380
11686,0,0,0,0,NA,NA,NA,0.1,NA,NA,NA,0,0,3444,1,"TMMwsp",TRUE,FALSE,1.08583075849815,"ablate_priorcount",6,3,8,0,0,1044380
11686,0,0,0,0,NA,NA,NA,0.05,NA,NA,NA,0,0,3444,1,"TMMwsp",TRUE,FALSE,1.08583075849815,"ablate_fdr",6,3,8,0,0,1044380
11686,0,0,0,0,NA,NA,NA,0.1,NA,NA,NA,0,0,3444,1,"TMMwsp",TRUE,FALSE,1.08583075849815,"ablate_shrinkfloor",6,3,8,0,0,1044380
11686,0,0,0,0,NA,NA,NA,0.1,NA,NA,NA,0,0,3444,1,"TMMwsp",TRUE,FALSE,1.08583075849815,"ablate_lowinput",6,3,8,0,0,1044380
10241,1,0,1,0,NA,0,1,0.1,NA,NA,NA,0,0,3449,1,"TMMwsp",FALSE,FALSE,0.889237133946112,"batch_removed",6,3,8,0,0,1044380
10241,0,0,0,0,NA,NA,NA,0.1,NA,NA,NA,0,0,3449,1,"TMMwsp",FALSE,FALSE,1.03145178311952,"batch_ignored",6,3,8,0,0,1044380
11686,0,0,0,0,NA,NA,NA,0.1,NA,NA,NA,0,0,3444,1,"TMMwsp",TRUE,FALSE,1.08583075849815,"fix_filter",6,3,8,0,0,1044380
12137,0,0,0,0,NA,NA,NA,0.1,NA,NA,NA,0,0,3296,1,"TMMwsp",TRUE,FALSE,1.18516830161787,"ctc_pipeline",7,1,3,0,0,754138
4627,0,0,0,0,NA,NA,NA,0.05,NA,NA,NA,0,0,0,NA,"TMM",TRUE,FALSE,0.828319684577152,"edger_default",7,1,3,0,0,754138
8877,0,0,0,0,NA,NA,NA,0.1,NA,NA,NA,0,0,4250,1,"TMMwsp",TRUE,FALSE,0.869881093478074,"ablate_filter",7,1,3,0,0,754138
8841,0,0,0,0,NA,NA,NA,0.1,NA,NA,NA,0,0,0,NA,"TMMwsp",TRUE,FALSE,1.142334575131,"ablate_exclusive",7,1,3,0,0,754138
12137,0,0,0,0,NA,NA,NA,0.1,NA,NA,NA,0,0,3296,1,"TMM",TRUE,FALSE,1.22128004833018,"ablate_tmmwsp",7,1,3,0,0,754138
12137,0,0,0,0,NA,NA,NA,0.1,NA,NA,NA,0,0,3296,1,"TMMwsp",TRUE,FALSE,1.18516830161787,"ablate_priorcount",7,1,3,0,0,754138
12137,0,0,0,0,NA,NA,NA,0.05,NA,NA,NA,0,0,3296,1,"TMMwsp",TRUE,FALSE,1.18516830161787,"ablate_fdr",7,1,3,0,0,754138
12137,0,0,0,0,NA,NA,NA,0.1,NA,NA,NA,0,0,3296,1,"TMMwsp",TRUE,FALSE,1.18516830161787,"ablate_shrinkfloor",7,1,3,0,0,754138
12137,0,0,0,0,NA,NA,NA,0.1,NA,NA,NA,0,0,3296,1,"TMMwsp",TRUE,FALSE,1.18516830161787,"ablate_lowinput",7,1,3,0,0,754138
10863,52,0,52,0,NA,0,1,0.1,NA,NA,NA,0,0,4155,1,"TMMwsp",FALSE,FALSE,0.846594353836769,"batch_removed",7,1,3,0,0,754138
10863,0,0,0,0,NA,NA,NA,0.1,NA,NA,NA,0,0,4155,1,"TMMwsp",FALSE,FALSE,1.19878007638982,"batch_ignored",7,1,3,0,0,754138
12137,0,0,0,0,NA,NA,NA,0.1,NA,NA,NA,0,0,3296,1,"TMMwsp",TRUE,FALSE,1.18516830161787,"fix_filter",7,1,3,0,0,754138
12648,0,0,0,0,NA,NA,NA,0.1,NA,NA,NA,0,0,3621,1,"TMMwsp",TRUE,FALSE,1.26615487412458,"ctc_pipeline",7,2,5,0,0,734790.5
4462,0,0,0,0,NA,NA,NA,0.05,NA,NA,NA,0,0,0,NA,"TMM",TRUE,FALSE,0.713065167324699,"edger_default",7,2,5,0,0,734790.5
8395,0,0,0,0,NA,NA,NA,0.1,NA,NA,NA,0,0,3933,1,"TMMwsp",TRUE,FALSE,0.78110842419263,"ablate_filter",7,2,5,0,0,734790.5
9027,0,0,0,0,NA,NA,NA,0.1,NA,NA,NA,0,0,0,NA,"TMMwsp",TRUE,FALSE,1.20699256381207,"ablate_exclusive",7,2,5,0,0,734790.5
12648,0,0,0,0,NA,NA,NA,0.1,NA,NA,NA,0,0,3621,1,"TMM",TRUE,FALSE,1.27780058627834,"ablate_tmmwsp",7,2,5,0,0,734790.5
12648,0,0,0,0,NA,NA,NA,0.1,NA,NA,NA,0,0,3621,1,"TMMwsp",TRUE,FALSE,1.26615487412458,"ablate_priorcount",7,2,5,0,0,734790.5
12648,0,0,0,0,NA,NA,NA,0.05,NA,NA,NA,0,0,3621,1,"TMMwsp",TRUE,FALSE,1.26615487412458,"ablate_fdr",7,2,5,0,0,734790.5
12648,0,0,0,0,NA,NA,NA,0.1,NA,NA,NA,0,0,3621,1,"TMMwsp",TRUE,FALSE,1.26615487412458,"ablate_shrinkfloor",7,2,5,0,0,734790.5
12648,0,0,0,0,NA,NA,NA,0.1,NA,NA,NA,0,0,3621,1,"TMMwsp",TRUE,FALSE,1.26615487412458,"ablate_lowinput",7,2,5,0,0,734790.5
10388,0,0,0,0,NA,NA,NA,0.1,NA,NA,NA,0,0,3923,1,"TMMwsp",FALSE,FALSE,0.908265695525323,"batch_removed",7,2,5,0,0,734790.5
10388,0,0,0,0,NA,NA,NA,0.1,NA,NA,NA,0,0,3923,1,"TMMwsp",FALSE,FALSE,1.1317445557149,"batch_ignored",7,2,5,0,0,734790.5
12648,0,0,0,0,NA,NA,NA,0.1,NA,NA,NA,0,0,3621,1,"TMMwsp",TRUE,FALSE,1.26615487412458,"fix_filter",7,2,5,0,0,734790.5
11553,0,0,0,0,NA,NA,NA,0.1,NA,NA,NA,0,0,3494,1,"TMMwsp",TRUE,FALSE,1.08477035480451,"ctc_pipeline",7,3,8,0,0,969125
4622,0,0,0,0,NA,NA,NA,0.05,NA,NA,NA,0,0,0,NA,"TMM",TRUE,FALSE,0.622456493430215,"edger_default",7,3,8,0,0,969125
8118,0,0,0,0,NA,NA,NA,0.1,NA,NA,NA,0,0,3496,1,"TMMwsp",TRUE,FALSE,0.664199672380074,"ablate_filter",7,3,8,0,0,969125
8059,0,0,0,0,NA,NA,NA,0.1,NA,NA,NA,0,0,0,NA,"TMMwsp",TRUE,FALSE,1.03806706579696,"ablate_exclusive",7,3,8,0,0,969125
11553,0,0,0,0,NA,NA,NA,0.1,NA,NA,NA,0,0,3494,1,"TMM",TRUE,FALSE,1.09158319163267,"ablate_tmmwsp",7,3,8,0,0,969125
11553,0,0,0,0,NA,NA,NA,0.1,NA,NA,NA,0,0,3494,1,"TMMwsp",TRUE,FALSE,1.08477035480451,"ablate_priorcount",7,3,8,0,0,969125
11553,0,0,0,0,NA,NA,NA,0.05,NA,NA,NA,0,0,3494,1,"TMMwsp",TRUE,FALSE,1.08477035480451,"ablate_fdr",7,3,8,0,0,969125
11553,0,0,0,0,NA,NA,NA,0.1,NA,NA,NA,0,0,3494,1,"TMMwsp",TRUE,FALSE,1.08477035480451,"ablate_shrinkfloor",7,3,8,0,0,969125
11553,0,0,0,0,NA,NA,NA,0.1,NA,NA,NA,0,0,3494,1,"TMMwsp",TRUE,FALSE,1.08477035480451,"ablate_lowinput",7,3,8,0,0,969125
10090,0,0,0,0,NA,NA,NA,0.1,NA,NA,NA,0,0,3496,1,"TMMwsp",FALSE,FALSE,0.899561773787848,"batch_removed",7,3,8,0,0,969125
10090,0,0,0,0,NA,NA,NA,0.1,NA,NA,NA,0,0,3496,1,"TMMwsp",FALSE,FALSE,1.03020887040766,"batch_ignored",7,3,8,0,0,969125
11553,0,0,0,0,NA,NA,NA,0.1,NA,NA,NA,0,0,3494,1,"TMMwsp",TRUE,FALSE,1.08477035480451,"fix_filter",7,3,8,0,0,969125
11617,0,0,0,0,NA,NA,NA,0.1,NA,NA,NA,0,0,3105,1,"TMMwsp",TRUE,FALSE,1.24569852823129,"ctc_pipeline",8,1,3,0,0,786712
4145,0,0,0,0,NA,NA,NA,0.05,NA,NA,NA,0,0,0,NA,"TMM",TRUE,FALSE,0.776657846491855,"edger_default",8,1,3,0,0,786712
8135,0,0,0,0,NA,NA,NA,0.1,NA,NA,NA,0,0,3990,1,"TMMwsp",TRUE,FALSE,0.838843680296187,"ablate_filter",8,1,3,0,0,786712
8512,0,0,0,0,NA,NA,NA,0.1,NA,NA,NA,0,0,0,NA,"TMMwsp",TRUE,FALSE,1.19902336033132,"ablate_exclusive",8,1,3,0,0,786712
11617,0,0,0,0,NA,NA,NA,0.1,NA,NA,NA,0,0,3105,1,"TMM",TRUE,FALSE,1.26007839041068,"ablate_tmmwsp",8,1,3,0,0,786712
11617,0,0,0,0,NA,NA,NA,0.1,NA,NA,NA,0,0,3105,1,"TMMwsp",TRUE,FALSE,1.24569852823129,"ablate_priorcount",8,1,3,0,0,786712
11617,0,0,0,0,NA,NA,NA,0.05,NA,NA,NA,0,0,3105,1,"TMMwsp",TRUE,FALSE,1.24569852823129,"ablate_fdr",8,1,3,0,0,786712
11617,0,0,0,0,NA,NA,NA,0.1,NA,NA,NA,0,0,3105,1,"TMMwsp",TRUE,FALSE,1.24569852823129,"ablate_shrinkfloor",8,1,3,0,0,786712
11617,0,0,0,0,NA,NA,NA,0.1,NA,NA,NA,0,0,3105,1,"TMMwsp",TRUE,FALSE,1.24569852823129,"ablate_lowinput",8,1,3,0,0,786712
10344,19,0,19,0,NA,0,1,0.1,NA,NA,NA,0,0,3874,1,"TMMwsp",FALSE,FALSE,0.797314915997733,"batch_removed",8,1,3,0,0,786712
10344,0,0,0,0,NA,NA,NA,0.1,NA,NA,NA,0,0,3874,1,"TMMwsp",FALSE,FALSE,1.22561064076535,"batch_ignored",8,1,3,0,0,786712
11617,0,0,0,0,NA,NA,NA,0.1,NA,NA,NA,0,0,3105,1,"TMMwsp",TRUE,FALSE,1.24569852823129,"fix_filter",8,1,3,0,0,786712
11814,0,0,0,0,NA,NA,NA,0.1,NA,NA,NA,0,0,3713,1,"TMMwsp",TRUE,FALSE,1.35317523086727,"ctc_pipeline",8,2,5,0,0,692568.5
3860,0,0,0,0,NA,NA,NA,0.05,NA,NA,NA,0,0,0,NA,"TMM",TRUE,FALSE,0.736468121292463,"edger_default",8,2,5,0,0,692568.5
7822,0,0,0,0,NA,NA,NA,0.1,NA,NA,NA,0,0,3962,1,"TMMwsp",TRUE,FALSE,0.803506562556476,"ablate_filter",8,2,5,0,0,692568.5
8101,0,0,0,0,NA,NA,NA,0.1,NA,NA,NA,0,0,0,NA,"TMMwsp",TRUE,FALSE,1.29313074430209,"ablate_exclusive",8,2,5,0,0,692568.5
11814,0,0,0,0,NA,NA,NA,0.1,NA,NA,NA,0,0,3713,1,"TMM",TRUE,FALSE,1.37180853938323,"ablate_tmmwsp",8,2,5,0,0,692568.5
11814,0,0,0,0,NA,NA,NA,0.1,NA,NA,NA,0,0,3713,1,"TMMwsp",TRUE,FALSE,1.35317523086727,"ablate_priorcount",8,2,5,0,0,692568.5
11814,0,0,0,0,NA,NA,NA,0.05,NA,NA,NA,0,0,3713,1,"TMMwsp",TRUE,FALSE,1.35317523086727,"ablate_fdr",8,2,5,0,0,692568.5
11814,0,0,0,0,NA,NA,NA,0.1,NA,NA,NA,0,0,3713,1,"TMMwsp",TRUE,FALSE,1.35317523086727,"ablate_shrinkfloor",8,2,5,0,0,692568.5
11814,0,0,0,0,NA,NA,NA,0.1,NA,NA,NA,0,0,3713,1,"TMMwsp",TRUE,FALSE,1.35317523086727,"ablate_lowinput",8,2,5,0,0,692568.5
9635,2,0,2,0,NA,0,1,0.1,NA,NA,NA,0,0,3958,1,"TMMwsp",FALSE,FALSE,0.9551273825333,"batch_removed",8,2,5,0,0,692568.5
9635,0,0,0,0,NA,NA,NA,0.1,NA,NA,NA,0,0,3958,1,"TMMwsp",FALSE,FALSE,1.18343319892324,"batch_ignored",8,2,5,0,0,692568.5
11814,0,0,0,0,NA,NA,NA,0.1,NA,NA,NA,0,0,3713,1,"TMMwsp",TRUE,FALSE,1.35317523086727,"fix_filter",8,2,5,0,0,692568.5
11234,0,0,0,0,NA,NA,NA,0.1,NA,NA,NA,0,0,3560,1,"TMMwsp",TRUE,FALSE,1.12622546037314,"ctc_pipeline",8,3,8,0,0,948905
4156,0,0,0,0,NA,NA,NA,0.05,NA,NA,NA,0,0,0,NA,"TMM",TRUE,FALSE,0.610090157974857,"edger_default",8,3,8,0,0,948905
7720,0,0,0,0,NA,NA,NA,0.1,NA,NA,NA,0,0,3564,1,"TMMwsp",TRUE,FALSE,0.655100671017479,"ablate_filter",8,3,8,0,0,948905
7674,0,0,0,0,NA,NA,NA,0.1,NA,NA,NA,0,0,0,NA,"TMMwsp",TRUE,FALSE,1.07518178922098,"ablate_exclusive",8,3,8,0,0,948905
11234,0,0,0,0,NA,NA,NA,0.1,NA,NA,NA,0,0,3560,1,"TMM",TRUE,FALSE,1.13641202520199,"ablate_tmmwsp",8,3,8,0,0,948905
11234,0,0,0,0,NA,NA,NA,0.1,NA,NA,NA,0,0,3560,1,"TMMwsp",TRUE,FALSE,1.12622546037314,"ablate_priorcount",8,3,8,0,0,948905
11234,0,0,0,0,NA,NA,NA,0.05,NA,NA,NA,0,0,3560,1,"TMMwsp",TRUE,FALSE,1.12622546037314,"ablate_fdr",8,3,8,0,0,948905
11234,0,0,0,0,NA,NA,NA,0.1,NA,NA,NA,0,0,3560,1,"TMMwsp",TRUE,FALSE,1.12622546037314,"ablate_shrinkfloor",8,3,8,0,0,948905
11234,0,0,0,0,NA,NA,NA,0.1,NA,NA,NA,0,0,3560,1,"TMMwsp",TRUE,FALSE,1.12622546037314,"ablate_lowinput",8,3,8,0,0,948905
9794,1,0,1,0,NA,0,1,0.1,NA,NA,NA,0,0,3564,1,"TMMwsp",FALSE,FALSE,0.918808061120095,"batch_removed",8,3,8,0,0,948905
9794,0,0,0,0,NA,NA,NA,0.1,NA,NA,NA,0,0,3564,1,"TMMwsp",FALSE,FALSE,1.06271434961115,"batch_ignored",8,3,8,0,0,948905
11234,0,0,0,0,NA,NA,NA,0.1,NA,NA,NA,0,0,3560,1,"TMMwsp",TRUE,FALSE,1.12622546037314,"fix_filter",8,3,8,0,0,948905
11175,0,0,0,0,NA,NA,NA,0.1,NA,NA,NA,0,0,3290,1,"TMMwsp",TRUE,FALSE,1.34713835677013,"ctc_pipeline",9,1,3,0,0,877814
3986,0,0,0,0,NA,NA,NA,0.05,NA,NA,NA,0,0,0,NA,"TMM",TRUE,FALSE,0.908872779355232,"edger_default",9,1,3,0,0,877814
8168,0,0,0,0,NA,NA,NA,0.1,NA,NA,NA,0,0,4182,1,"TMMwsp",TRUE,FALSE,0.978526002756918,"ablate_filter",9,1,3,0,0,877814
7885,0,0,0,0,NA,NA,NA,0.1,NA,NA,NA,0,0,0,NA,"TMMwsp",TRUE,FALSE,1.29501544649305,"ablate_exclusive",9,1,3,0,0,877814
11175,0,0,0,0,NA,NA,NA,0.1,NA,NA,NA,0,0,3290,1,"TMM",TRUE,FALSE,1.36287644449316,"ablate_tmmwsp",9,1,3,0,0,877814
11175,0,0,0,0,NA,NA,NA,0.1,NA,NA,NA,0,0,3290,1,"TMMwsp",TRUE,FALSE,1.34713835677013,"ablate_priorcount",9,1,3,0,0,877814
11175,0,0,0,0,NA,NA,NA,0.05,NA,NA,NA,0,0,3290,1,"TMMwsp",TRUE,FALSE,1.34713835677013,"ablate_fdr",9,1,3,0,0,877814
11175,0,0,0,0,NA,NA,NA,0.1,NA,NA,NA,0,0,3290,1,"TMMwsp",TRUE,FALSE,1.34713835677013,"ablate_shrinkfloor",9,1,3,0,0,877814
11175,0,0,0,0,NA,NA,NA,0.1,NA,NA,NA,0,0,3290,1,"TMMwsp",TRUE,FALSE,1.34713835677013,"ablate_lowinput",9,1,3,0,0,877814
9980,19,0,19,0,NA,0,1,0.1,NA,NA,NA,0,0,4076,1,"TMMwsp",FALSE,FALSE,0.837467529455571,"batch_removed",9,1,3,0,0,877814
9980,0,0,0,0,NA,NA,NA,0.1,NA,NA,NA,0,0,4076,1,"TMMwsp",FALSE,FALSE,1.30849809656326,"batch_ignored",9,1,3,0,0,877814
11175,0,0,0,0,NA,NA,NA,0.1,NA,NA,NA,0,0,3290,1,"TMMwsp",TRUE,FALSE,1.34713835677013,"fix_filter",9,1,3,0,0,877814
12875,0,0,0,0,NA,NA,NA,0.1,NA,NA,NA,0,0,3573,1,"TMMwsp",TRUE,FALSE,1.23099732660493,"ctc_pipeline",9,2,5,0,0,818125.5
4799,0,0,0,0,NA,NA,NA,0.05,NA,NA,NA,0,0,0,NA,"TMM",TRUE,FALSE,0.714645858610584,"edger_default",9,2,5,0,0,818125.5
8643,0,0,0,0,NA,NA,NA,0.1,NA,NA,NA,0,0,3844,1,"TMMwsp",TRUE,FALSE,0.775573838310576,"ablate_filter",9,2,5,0,0,818125.5
9302,0,0,0,0,NA,NA,NA,0.1,NA,NA,NA,0,0,0,NA,"TMMwsp",TRUE,FALSE,1.17301338025184,"ablate_exclusive",9,2,5,0,0,818125.5
12875,0,0,0,0,NA,NA,NA,0.1,NA,NA,NA,0,0,3573,1,"TMM",TRUE,FALSE,1.24451606187015,"ablate_tmmwsp",9,2,5,0,0,818125.5
12875,0,0,0,0,NA,NA,NA,0.1,NA,NA,NA,0,0,3573,1,"TMMwsp",TRUE,FALSE,1.23099732660493,"ablate_priorcount",9,2,5,0,0,818125.5
12875,0,0,0,0,NA,NA,NA,0.05,NA,NA,NA,0,0,3573,1,"TMMwsp",TRUE,FALSE,1.23099732660493,"ablate_fdr",9,2,5,0,0,818125.5
12875,0,0,0,0,NA,NA,NA,0.1,NA,NA,NA,0,0,3573,1,"TMMwsp",TRUE,FALSE,1.23099732660493,"ablate_shrinkfloor",9,2,5,0,0,818125.5
12875,0,0,0,0,NA,NA,NA,0.1,NA,NA,NA,0,0,3573,1,"TMMwsp",TRUE,FALSE,1.23099732660493,"ablate_lowinput",9,2,5,0,0,818125.5
10562,0,0,0,0,NA,NA,NA,0.1,NA,NA,NA,0,0,3838,1,"TMMwsp",FALSE,FALSE,0.88401029853598,"batch_removed",9,2,5,0,0,818125.5
10562,0,0,0,0,NA,NA,NA,0.1,NA,NA,NA,0,0,3838,1,"TMMwsp",FALSE,FALSE,1.09778911178721,"batch_ignored",9,2,5,0,0,818125.5
12875,0,0,0,0,NA,NA,NA,0.1,NA,NA,NA,0,0,3573,1,"TMMwsp",TRUE,FALSE,1.23099732660493,"fix_filter",9,2,5,0,0,818125.5
11493,0,0,0,0,NA,NA,NA,0.1,NA,NA,NA,0,0,3554,1,"TMMwsp",TRUE,FALSE,1.12365115694132,"ctc_pipeline",9,3,8,0,0,960543
4358,0,0,0,0,NA,NA,NA,0.05,NA,NA,NA,0,0,0,NA,"TMM",TRUE,FALSE,0.619330330078307,"edger_default",9,3,8,0,0,960543
7913,0,0,0,0,NA,NA,NA,0.1,NA,NA,NA,0,0,3555,1,"TMMwsp",TRUE,FALSE,0.659398145965489,"ablate_filter",9,3,8,0,0,960543
7939,0,0,0,0,NA,NA,NA,0.1,NA,NA,NA,0,0,0,NA,"TMMwsp",TRUE,FALSE,1.07677049179336,"ablate_exclusive",9,3,8,0,0,960543
11493,0,0,0,0,NA,NA,NA,0.1,NA,NA,NA,0,0,3554,1,"TMM",TRUE,FALSE,1.13500540260321,"ablate_tmmwsp",9,3,8,0,0,960543
11493,0,0,0,0,NA,NA,NA,0.1,NA,NA,NA,0,0,3554,1,"TMMwsp",TRUE,FALSE,1.12365115694132,"ablate_priorcount",9,3,8,0,0,960543
11493,0,0,0,0,NA,NA,NA,0.05,NA,NA,NA,0,0,3554,1,"TMMwsp",TRUE,FALSE,1.12365115694132,"ablate_fdr",9,3,8,0,0,960543
11493,0,0,0,0,NA,NA,NA,0.1,NA,NA,NA,0,0,3554,1,"TMMwsp",TRUE,FALSE,1.12365115694132,"ablate_shrinkfloor",9,3,8,0,0,960543
11493,0,0,0,0,NA,NA,NA,0.1,NA,NA,NA,0,0,3554,1,"TMMwsp",TRUE,FALSE,1.12365115694132,"ablate_lowinput",9,3,8,0,0,960543
10024,2,0,2,0,NA,0,1,0.1,NA,NA,NA,0,0,3555,1,"TMMwsp",FALSE,FALSE,0.913742177097624,"batch_removed",9,3,8,0,0,960543
10024,0,0,0,0,NA,NA,NA,0.1,NA,NA,NA,0,0,3555,1,"TMMwsp",FALSE,FALSE,1.05628511692745,"batch_ignored",9,3,8,0,0,960543
11493,0,0,0,0,NA,NA,NA,0.1,NA,NA,NA,0,0,3554,1,"TMMwsp",TRUE,FALSE,1.12365115694132,"fix_filter",9,3,8,0,0,960543
12514,0,0,0,0,NA,NA,NA,0.1,NA,NA,NA,0,0,3188,1,"TMMwsp",TRUE,FALSE,1.13469769115351,"ctc_pipeline",10,1,3,0,0,886004
5042,0,0,0,0,NA,NA,NA,0.05,NA,NA,NA,0,0,0,NA,"TMM",TRUE,FALSE,0.746093891789843,"edger_default",10,1,3,0,0,886004
9133,0,0,0,0,NA,NA,NA,0.1,NA,NA,NA,0,0,4091,1,"TMMwsp",TRUE,FALSE,0.812222347866081,"ablate_filter",10,1,3,0,0,886004
9326,0,0,0,0,NA,NA,NA,0.1,NA,NA,NA,0,0,0,NA,"TMMwsp",TRUE,FALSE,1.07079138630758,"ablate_exclusive",10,1,3,0,0,886004
12514,0,0,0,0,NA,NA,NA,0.1,NA,NA,NA,0,0,3188,1,"TMM",TRUE,FALSE,1.16450520400268,"ablate_tmmwsp",10,1,3,0,0,886004
12514,0,0,0,0,NA,NA,NA,0.1,NA,NA,NA,0,0,3188,1,"TMMwsp",TRUE,FALSE,1.13469769115351,"ablate_priorcount",10,1,3,0,0,886004
12514,0,0,0,0,NA,NA,NA,0.05,NA,NA,NA,0,0,3188,1,"TMMwsp",TRUE,FALSE,1.13469769115351,"ablate_fdr",10,1,3,0,0,886004
12514,0,0,0,0,NA,NA,NA,0.1,NA,NA,NA,0,0,3188,1,"TMMwsp",TRUE,FALSE,1.13469769115351,"ablate_shrinkfloor",10,1,3,0,0,886004
12514,0,0,0,0,NA,NA,NA,0.1,NA,NA,NA,0,0,3188,1,"TMMwsp",TRUE,FALSE,1.13469769115351,"ablate_lowinput",10,1,3,0,0,886004
11231,70,0,70,0,NA,0,1,0.1,NA,NA,NA,0,0,4010,1,"TMMwsp",FALSE,FALSE,0.741295711469896,"batch_removed",10,1,3,0,0,886004
11231,0,0,0,0,NA,NA,NA,0.1,NA,NA,NA,0,0,4010,1,"TMMwsp",FALSE,FALSE,1.13482011909941,"batch_ignored",10,1,3,0,0,886004
12514,0,0,0,0,NA,NA,NA,0.1,NA,NA,NA,0,0,3188,1,"TMMwsp",TRUE,FALSE,1.13469769115351,"fix_filter",10,1,3,0,0,886004
13325,0,0,0,0,NA,NA,NA,0.1,NA,NA,NA,0,0,3469,1,"TMMwsp",TRUE,FALSE,1.20195303309741,"ctc_pipeline",10,2,5,0,0,1079529.5
5440,0,0,0,0,NA,NA,NA,0.05,NA,NA,NA,0,0,0,NA,"TMM",TRUE,FALSE,0.729078753801461,"edger_default",10,2,5,0,0,1079529.5
9174,0,0,0,0,NA,NA,NA,0.1,NA,NA,NA,0,0,3734,1,"TMMwsp",TRUE,FALSE,0.782380698360951,"ablate_filter",10,2,5,0,0,1079529.5
9856,0,0,0,0,NA,NA,NA,0.1,NA,NA,NA,0,0,0,NA,"TMMwsp",TRUE,FALSE,1.15002879983182,"ablate_exclusive",10,2,5,0,0,1079529.5
13325,0,0,0,0,NA,NA,NA,0.1,NA,NA,NA,0,0,3469,1,"TMM",TRUE,FALSE,1.21726911428348,"ablate_tmmwsp",10,2,5,0,0,1079529.5
13325,0,0,0,0,NA,NA,NA,0.1,NA,NA,NA,0,0,3469,1,"TMMwsp",TRUE,FALSE,1.20195303309741,"ablate_priorcount",10,2,5,0,0,1079529.5
13325,0,0,0,0,NA,NA,NA,0.05,NA,NA,NA,0,0,3469,1,"TMMwsp",TRUE,FALSE,1.20195303309741,"ablate_fdr",10,2,5,0,0,1079529.5
13325,0,0,0,0,NA,NA,NA,0.1,NA,NA,NA,0,0,3469,1,"TMMwsp",TRUE,FALSE,1.20195303309741,"ablate_shrinkfloor",10,2,5,0,0,1079529.5
13325,0,0,0,0,NA,NA,NA,0.1,NA,NA,NA,0,0,3469,1,"TMMwsp",TRUE,FALSE,1.20195303309741,"ablate_lowinput",10,2,5,0,0,1079529.5
11060,5,0,5,0,NA,0,1,0.1,NA,NA,NA,0,0,3736,1,"TMMwsp",FALSE,FALSE,0.87457335963497,"batch_removed",10,2,5,0,0,1079529.5
11060,0,0,0,0,NA,NA,NA,0.1,NA,NA,NA,0,0,3736,1,"TMMwsp",FALSE,FALSE,1.09765669189658,"batch_ignored",10,2,5,0,0,1079529.5
13325,0,0,0,0,NA,NA,NA,0.1,NA,NA,NA,0,0,3469,1,"TMMwsp",TRUE,FALSE,1.20195303309741,"fix_filter",10,2,5,0,0,1079529.5
11321,0,0,0,0,NA,NA,NA,0.1,NA,NA,NA,0,0,3550,1,"TMMwsp",TRUE,FALSE,1.13213412295001,"ctc_pipeline",10,3,8,0,0,1038755.5
4263,0,0,0,0,NA,NA,NA,0.05,NA,NA,NA,0,0,0,NA,"TMM",TRUE,FALSE,0.629868995913702,"edger_default",10,3,8,0,0,1038755.5
7820,0,0,0,0,NA,NA,NA,0.1,NA,NA,NA,0,0,3557,1,"TMMwsp",TRUE,FALSE,0.67281691829916,"ablate_filter",10,3,8,0,0,1038755.5
7771,0,0,0,0,NA,NA,NA,0.1,NA,NA,NA,0,0,0,NA,"TMMwsp",TRUE,FALSE,1.08388716696435,"ablate_exclusive",10,3,8,0,0,1038755.5
11321,0,0,0,0,NA,NA,NA,0.1,NA,NA,NA,0,0,3550,1,"TMM",TRUE,FALSE,1.14171132642274,"ablate_tmmwsp",10,3,8,0,0,1038755.5
11321,0,0,0,0,NA,NA,NA,0.1,NA,NA,NA,0,0,3550,1,"TMMwsp",TRUE,FALSE,1.13213412295001,"ablate_priorcount",10,3,8,0,0,1038755.5
11321,0,0,0,0,NA,NA,NA,0.05,NA,NA,NA,0,0,3550,1,"TMMwsp",TRUE,FALSE,1.13213412295001,"ablate_fdr",10,3,8,0,0,1038755.5
11321,0,0,0,0,NA,NA,NA,0.1,NA,NA,NA,0,0,3550,1,"TMMwsp",TRUE,FALSE,1.13213412295001,"ablate_shrinkfloor",10,3,8,0,0,1038755.5
11321,0,0,0,0,NA,NA,NA,0.1,NA,NA,NA,0,0,3550,1,"TMMwsp",TRUE,FALSE,1.13213412295001,"ablate_lowinput",10,3,8,0,0,1038755.5
9821,0,0,0,0,NA,NA,NA,0.1,NA,NA,NA,0,0,3557,1,"TMMwsp",FALSE,FALSE,0.911845315298604,"batch_removed",10,3,8,0,0,1038755.5
9821,0,0,0,0,NA,NA,NA,0.1,NA,NA,NA,0,0,3557,1,"TMMwsp",FALSE,FALSE,1.06079645958996,"batch_ignored",10,3,8,0,0,1038755.5
11321,0,0,0,0,NA,NA,NA,0.1,NA,NA,NA,0,0,3550,1,"TMMwsp",TRUE,FALSE,1.13213412295001,"fix_filter",10,3,8,0,0,1038755.5
13101,0,0,0,0,NA,NA,NA,0.1,NA,NA,NA,0,0,3115,1,"TMMwsp",TRUE,FALSE,1.08117260702993,"ctc_pipeline",11,1,3,0,0,1265397.5
5520,0,0,0,0,NA,NA,NA,0.05,NA,NA,NA,0,0,0,NA,"TMM",TRUE,FALSE,0.706241569314353,"edger_default",11,1,3,0,0,1265397.5
9583,0,0,0,0,NA,NA,NA,0.1,NA,NA,NA,0,0,4063,1,"TMMwsp",TRUE,FALSE,0.762568930970948,"ablate_filter",11,1,3,0,0,1265397.5
9986,0,0,0,0,NA,NA,NA,0.1,NA,NA,NA,0,0,0,NA,"TMMwsp",TRUE,FALSE,1.03676519794698,"ablate_exclusive",11,1,3,0,0,1265397.5
13101,0,0,0,0,NA,NA,NA,0.1,NA,NA,NA,0,0,3115,1,"TMM",TRUE,FALSE,1.08349308088903,"ablate_tmmwsp",11,1,3,0,0,1265397.5
13101,0,0,0,0,NA,NA,NA,0.1,NA,NA,NA,0,0,3115,1,"TMMwsp",TRUE,FALSE,1.08117260702993,"ablate_priorcount",11,1,3,0,0,1265397.5
13101,0,0,0,0,NA,NA,NA,0.05,NA,NA,NA,0,0,3115,1,"TMMwsp",TRUE,FALSE,1.08117260702993,"ablate_fdr",11,1,3,0,0,1265397.5
13101,0,0,0,0,NA,NA,NA,0.1,NA,NA,NA,0,0,3115,1,"TMMwsp",TRUE,FALSE,1.08117260702993,"ablate_shrinkfloor",11,1,3,0,0,1265397.5
13101,0,0,0,0,NA,NA,NA,0.1,NA,NA,NA,0,0,3115,1,"TMMwsp",TRUE,FALSE,1.08117260702993,"ablate_lowinput",11,1,3,0,0,1265397.5
11911,0,0,0,0,NA,NA,NA,0.1,NA,NA,NA,0,0,3941,1,"TMMwsp",FALSE,FALSE,0.692973988778193,"batch_removed",11,1,3,0,0,1265397.5
11911,0,0,0,0,NA,NA,NA,0.1,NA,NA,NA,0,0,3941,1,"TMMwsp",FALSE,FALSE,1.12823216647592,"batch_ignored",11,1,3,0,0,1265397.5
13101,0,0,0,0,NA,NA,NA,0.1,NA,NA,NA,0,0,3115,1,"TMMwsp",TRUE,FALSE,1.08117260702993,"fix_filter",11,1,3,0,0,1265397.5
12986,0,0,0,0,NA,NA,NA,0.1,NA,NA,NA,0,0,3588,1,"TMMwsp",TRUE,FALSE,1.2064468126424,"ctc_pipeline",11,2,5,0,0,848367.5
4947,0,0,0,0,NA,NA,NA,0.05,NA,NA,NA,0,0,0,NA,"TMM",TRUE,FALSE,0.712868946096398,"edger_default",11,2,5,0,0,848367.5
8781,0,0,0,0,NA,NA,NA,0.1,NA,NA,NA,0,0,3834,1,"TMMwsp",TRUE,FALSE,0.768684853681696,"ablate_filter",11,2,5,0,0,848367.5
9398,0,0,0,0,NA,NA,NA,0.1,NA,NA,NA,0,0,0,NA,"TMMwsp",TRUE,FALSE,1.15599221496064,"ablate_exclusive",11,2,5,0,0,848367.5
12986,0,0,0,0,NA,NA,NA,0.1,NA,NA,NA,0,0,3588,1,"TMM",TRUE,FALSE,1.22420900737716,"ablate_tmmwsp",11,2,5,0,0,848367.5
12986,0,0,0,0,NA,NA,NA,0.1,NA,NA,NA,0,0,3588,1,"TMMwsp",TRUE,FALSE,1.2064468126424,"ablate_priorcount",11,2,5,0,0,848367.5
12986,0,0,0,0,NA,NA,NA,0.05,NA,NA,NA,0,0,3588,1,"TMMwsp",TRUE,FALSE,1.2064468126424,"ablate_fdr",11,2,5,0,0,848367.5
12986,0,0,0,0,NA,NA,NA,0.1,NA,NA,NA,0,0,3588,1,"TMMwsp",TRUE,FALSE,1.2064468126424,"ablate_shrinkfloor",11,2,5,0,0,848367.5
12986,0,0,0,0,NA,NA,NA,0.1,NA,NA,NA,0,0,3588,1,"TMMwsp",TRUE,FALSE,1.2064468126424,"ablate_lowinput",11,2,5,0,0,848367.5
10716,0,0,0,0,NA,NA,NA,0.1,NA,NA,NA,0,0,3831,1,"TMMwsp",FALSE,FALSE,0.891313917824705,"batch_removed",11,2,5,0,0,848367.5
10716,0,0,0,0,NA,NA,NA,0.1,NA,NA,NA,0,0,3831,1,"TMMwsp",FALSE,FALSE,1.08575324434088,"batch_ignored",11,2,5,0,0,848367.5
12986,0,0,0,0,NA,NA,NA,0.1,NA,NA,NA,0,0,3588,1,"TMMwsp",TRUE,FALSE,1.2064468126424,"fix_filter",11,2,5,0,0,848367.5
10789,0,0,0,0,NA,NA,NA,0.1,NA,NA,NA,0,0,3662,1,"TMMwsp",TRUE,FALSE,1.21606754595557,"ctc_pipeline",11,3,8,0,0,1033598.5
3710,0,0,0,0,NA,NA,NA,0.05,NA,NA,NA,0,0,0,NA,"TMM",TRUE,FALSE,0.647733301296015,"edger_default",11,3,8,0,0,1033598.5
7375,0,0,0,0,NA,NA,NA,0.1,NA,NA,NA,0,0,3665,1,"TMMwsp",TRUE,FALSE,0.708278222124512,"ablate_filter",11,3,8,0,0,1033598.5
7127,0,0,0,0,NA,NA,NA,0.1,NA,NA,NA,0,0,0,NA,"TMMwsp",TRUE,FALSE,1.15400789395508,"ablate_exclusive",11,3,8,0,0,1033598.5
10789,0,0,0,0,NA,NA,NA,0.1,NA,NA,NA,0,0,3662,1,"TMM",TRUE,FALSE,1.22449992507632,"ablate_tmmwsp",11,3,8,0,0,1033598.5
10789,0,0,0,0,NA,NA,NA,0.1,NA,NA,NA,0,0,3662,1,"TMMwsp",TRUE,FALSE,1.21606754595557,"ablate_priorcount",11,3,8,0,0,1033598.5
10789,0,0,0,0,NA,NA,NA,0.05,NA,NA,NA,0,0,3662,1,"TMMwsp",TRUE,FALSE,1.21606754595557,"ablate_fdr",11,3,8,0,0,1033598.5
10789,0,0,0,0,NA,NA,NA,0.1,NA,NA,NA,0,0,3662,1,"TMMwsp",TRUE,FALSE,1.21606754595557,"ablate_shrinkfloor",11,3,8,0,0,1033598.5
10789,0,0,0,0,NA,NA,NA,0.1,NA,NA,NA,0,0,3662,1,"TMMwsp",TRUE,FALSE,1.21606754595557,"ablate_lowinput",11,3,8,0,0,1033598.5
9434,0,0,0,0,NA,NA,NA,0.1,NA,NA,NA,0,0,3665,1,"TMMwsp",FALSE,FALSE,0.982641357747044,"batch_removed",11,3,8,0,0,1033598.5
9434,0,0,0,0,NA,NA,NA,0.1,NA,NA,NA,0,0,3665,1,"TMMwsp",FALSE,FALSE,1.14435789791288,"batch_ignored",11,3,8,0,0,1033598.5
10789,0,0,0,0,NA,NA,NA,0.1,NA,NA,NA,0,0,3662,1,"TMMwsp",TRUE,FALSE,1.21606754595557,"fix_filter",11,3,8,0,0,1033598.5
12709,0,0,0,0,NA,NA,NA,0.1,NA,NA,NA,0,0,3326,1,"TMMwsp",TRUE,FALSE,1.20894901337519,"ctc_pipeline",12,1,3,0,0,1198616.5
5418,0,0,0,0,NA,NA,NA,0.05,NA,NA,NA,0,0,0,NA,"TMM",TRUE,FALSE,0.887332480149365,"edger_default",12,1,3,0,0,1198616.5
9583,0,0,0,0,NA,NA,NA,0.1,NA,NA,NA,0,0,4165,1,"TMMwsp",TRUE,FALSE,0.91617468128547,"ablate_filter",12,1,3,0,0,1198616.5
9383,0,0,0,0,NA,NA,NA,0.1,NA,NA,NA,0,0,0,NA,"TMMwsp",TRUE,FALSE,1.1801413920708,"ablate_exclusive",12,1,3,0,0,1198616.5
12709,0,0,0,0,NA,NA,NA,0.1,NA,NA,NA,0,0,3326,1,"TMM",TRUE,FALSE,1.2295625685842,"ablate_tmmwsp",12,1,3,0,0,1198616.5
12709,0,0,0,0,NA,NA,NA,0.1,NA,NA,NA,0,0,3326,1,"TMMwsp",TRUE,FALSE,1.20894901337519,"ablate_priorcount",12,1,3,0,0,1198616.5
12709,0,0,0,0,NA,NA,NA,0.05,NA,NA,NA,0,0,3326,1,"TMMwsp",TRUE,FALSE,1.20894901337519,"ablate_fdr",12,1,3,0,0,1198616.5
12709,0,0,0,0,NA,NA,NA,0.1,NA,NA,NA,0,0,3326,1,"TMMwsp",TRUE,FALSE,1.20894901337519,"ablate_shrinkfloor",12,1,3,0,0,1198616.5
12709,0,0,0,0,NA,NA,NA,0.1,NA,NA,NA,0,0,3326,1,"TMMwsp",TRUE,FALSE,1.20894901337519,"ablate_lowinput",12,1,3,0,0,1198616.5
11400,3,0,3,0,NA,0,1,0.1,NA,NA,NA,0,0,4124,1,"TMMwsp",FALSE,FALSE,0.818719805959021,"batch_removed",12,1,3,0,0,1198616.5
11400,0,0,0,0,NA,NA,NA,0.1,NA,NA,NA,0,0,4124,1,"TMMwsp",FALSE,FALSE,1.18303356558234,"batch_ignored",12,1,3,0,0,1198616.5
12709,0,0,0,0,NA,NA,NA,0.1,NA,NA,NA,0,0,3326,1,"TMMwsp",TRUE,FALSE,1.20894901337519,"fix_filter",12,1,3,0,0,1198616.5
12077,0,0,0,0,NA,NA,NA,0.1,NA,NA,NA,0,0,3755,1,"TMMwsp",TRUE,FALSE,1.36002809980374,"ctc_pipeline",12,2,5,0,0,872404.5
4205,0,0,0,0,NA,NA,NA,0.05,NA,NA,NA,0,0,0,NA,"TMM",TRUE,FALSE,0.789788364521,"edger_default",12,2,5,0,0,872404.5
8257,0,0,0,0,NA,NA,NA,0.1,NA,NA,NA,0,0,4052,1,"TMMwsp",TRUE,FALSE,0.876721043221202,"ablate_filter",12,2,5,0,0,872404.5
8322,0,0,0,0,NA,NA,NA,0.1,NA,NA,NA,0,0,0,NA,"TMMwsp",TRUE,FALSE,1.28230236541384,"ablate_exclusive",12,2,5,0,0,872404.5
12077,0,0,0,0,NA,NA,NA,0.1,NA,NA,NA,0,0,3755,1,"TMM",TRUE,FALSE,1.37365385065758,"ablate_tmmwsp",12,2,5,0,0,872404.5
12077,0,0,0,0,NA,NA,NA,0.1,NA,NA,NA,0,0,3755,1,"TMMwsp",TRUE,FALSE,1.36002809980374,"ablate_priorcount",12,2,5,0,0,872404.5
12077,0,0,0,0,NA,NA,NA,0.05,NA,NA,NA,0,0,3755,1,"TMMwsp",TRUE,FALSE,1.36002809980374,"ablate_fdr",12,2,5,0,0,872404.5
12077,0,0,0,0,NA,NA,NA,0.1,NA,NA,NA,0,0,3755,1,"TMMwsp",TRUE,FALSE,1.36002809980374,"ablate_shrinkfloor",12,2,5,0,0,872404.5
12077,0,0,0,0,NA,NA,NA,0.1,NA,NA,NA,0,0,3755,1,"TMMwsp",TRUE,FALSE,1.36002809980374,"ablate_lowinput",12,2,5,0,0,872404.5
9928,0,0,0,0,NA,NA,NA,0.1,NA,NA,NA,0,0,4047,1,"TMMwsp",FALSE,FALSE,0.967383170242071,"batch_removed",12,2,5,0,0,872404.5
9928,0,0,0,0,NA,NA,NA,0.1,NA,NA,NA,0,0,4047,1,"TMMwsp",FALSE,FALSE,1.2068968865494,"batch_ignored",12,2,5,0,0,872404.5
12077,0,0,0,0,NA,NA,NA,0.1,NA,NA,NA,0,0,3755,1,"TMMwsp",TRUE,FALSE,1.36002809980374,"fix_filter",12,2,5,0,0,872404.5
11289,0,0,0,0,NA,NA,NA,0.1,NA,NA,NA,0,0,3566,1,"TMMwsp",TRUE,FALSE,1.1410751351815,"ctc_pipeline",12,3,8,0,0,941893
4178,0,0,0,0,NA,NA,NA,0.05,NA,NA,NA,0,0,0,NA,"TMM",TRUE,FALSE,0.617503965525482,"edger_default",12,3,8,0,0,941893
7747,0,0,0,0,NA,NA,NA,0.1,NA,NA,NA,0,0,3569,1,"TMMwsp",TRUE,FALSE,0.660624812150817,"ablate_filter",12,3,8,0,0,941893
7723,0,0,0,0,NA,NA,NA,0.1,NA,NA,NA,0,0,0,NA,"TMMwsp",TRUE,FALSE,1.09300557317542,"ablate_exclusive",12,3,8,0,0,941893
11289,0,0,0,0,NA,NA,NA,0.1,NA,NA,NA,0,0,3566,1,"TMM",TRUE,FALSE,1.15052251905164,"ablate_tmmwsp",12,3,8,0,0,941893
11289,0,0,0,0,NA,NA,NA,0.1,NA,NA,NA,0,0,3566,1,"TMMwsp",TRUE,FALSE,1.1410751351815,"ablate_priorcount",12,3,8,0,0,941893
11289,0,0,0,0,NA,NA,NA,0.05,NA,NA,NA,0,0,3566,1,"TMMwsp",TRUE,FALSE,1.1410751351815,"ablate_fdr",12,3,8,0,0,941893
11289,0,0,0,0,NA,NA,NA,0.1,NA,NA,NA,0,0,3566,1,"TMMwsp",TRUE,FALSE,1.1410751351815,"ablate_shrinkfloor",12,3,8,0,0,941893
11289,0,0,0,0,NA,NA,NA,0.1,NA,NA,NA,0,0,3566,1,"TMMwsp",TRUE,FALSE,1.1410751351815,"ablate_lowinput",12,3,8,0,0,941893
9870,0,0,0,0,NA,NA,NA,0.1,NA,NA,NA,0,0,3569,1,"TMMwsp",FALSE,FALSE,0.940690883707723,"batch_removed",12,3,8,0,0,941893
9870,0,0,0,0,NA,NA,NA,0.1,NA,NA,NA,0,0,3569,1,"TMMwsp",FALSE,FALSE,1.07341840580693,"batch_ignored",12,3,8,0,0,941893
11289,0,0,0,0,NA,NA,NA,0.1,NA,NA,NA,0,0,3566,1,"TMMwsp",TRUE,FALSE,1.1410751351815,"fix_filter",12,3,8,0,0,941893
11416,0,0,0,0,NA,NA,NA,0.1,NA,NA,NA,0,0,3275,1,"TMMwsp",TRUE,FALSE,1.32404146897169,"ctc_pipeline",13,1,3,0,0,867550.5
3858,0,0,0,0,NA,NA,NA,0.05,NA,NA,NA,0,0,0,NA,"TMM",TRUE,FALSE,0.822848013513662,"edger_default",13,1,3,0,0,867550.5
8038,0,0,0,0,NA,NA,NA,0.1,NA,NA,NA,0,0,4180,1,"TMMwsp",TRUE,FALSE,0.890392685201718,"ablate_filter",13,1,3,0,0,867550.5
8141,0,0,0,0,NA,NA,NA,0.1,NA,NA,NA,0,0,0,NA,"TMMwsp",TRUE,FALSE,1.27642095165474,"ablate_exclusive",13,1,3,0,0,867550.5
11416,0,0,0,0,NA,NA,NA,0.1,NA,NA,NA,0,0,3275,1,"TMM",TRUE,FALSE,1.33685342941968,"ablate_tmmwsp",13,1,3,0,0,867550.5
11416,0,0,0,0,NA,NA,NA,0.1,NA,NA,NA,0,0,3275,1,"TMMwsp",TRUE,FALSE,1.32404146897169,"ablate_priorcount",13,1,3,0,0,867550.5
11416,0,0,0,0,NA,NA,NA,0.05,NA,NA,NA,0,0,3275,1,"TMMwsp",TRUE,FALSE,1.32404146897169,"ablate_fdr",13,1,3,0,0,867550.5
11416,0,0,0,0,NA,NA,NA,0.1,NA,NA,NA,0,0,3275,1,"TMMwsp",TRUE,FALSE,1.32404146897169,"ablate_shrinkfloor",13,1,3,0,0,867550.5
11416,0,0,0,0,NA,NA,NA,0.1,NA,NA,NA,0,0,3275,1,"TMMwsp",TRUE,FALSE,1.32404146897169,"ablate_lowinput",13,1,3,0,0,867550.5
10150,5,0,5,0,NA,0,1,0.1,NA,NA,NA,0,0,4056,1,"TMMwsp",FALSE,FALSE,0.828703247927695,"batch_removed",13,1,3,0,0,867550.5
10150,0,0,0,0,NA,NA,NA,0.1,NA,NA,NA,0,0,4056,1,"TMMwsp",FALSE,FALSE,1.27759351511375,"batch_ignored",13,1,3,0,0,867550.5
11416,0,0,0,0,NA,NA,NA,0.1,NA,NA,NA,0,0,3275,1,"TMMwsp",TRUE,FALSE,1.32404146897169,"fix_filter",13,1,3,0,0,867550.5
11585,0,0,0,0,NA,NA,NA,0.1,NA,NA,NA,0,0,3675,1,"TMMwsp",TRUE,FALSE,1.37108107859191,"ctc_pipeline",13,2,5,0,0,899537.5
3884,0,0,0,0,NA,NA,NA,0.05,NA,NA,NA,0,0,0,NA,"TMM",TRUE,FALSE,0.776478082357874,"edger_default",13,2,5,0,0,899537.5
7794,0,0,0,0,NA,NA,NA,0.1,NA,NA,NA,0,0,3910,1,"TMMwsp",TRUE,FALSE,0.851833363207776,"ablate_filter",13,2,5,0,0,899537.5
7910,0,0,0,0,NA,NA,NA,0.1,NA,NA,NA,0,0,0,NA,"TMMwsp",TRUE,FALSE,1.30393580249928,"ablate_exclusive",13,2,5,0,0,899537.5
11585,0,0,0,0,NA,NA,NA,0.1,NA,NA,NA,0,0,3675,1,"TMM",TRUE,FALSE,1.38118650230863,"ablate_tmmwsp",13,2,5,0,0,899537.5
11585,0,0,0,0,NA,NA,NA,0.1,NA,NA,NA,0,0,3675,1,"TMMwsp",TRUE,FALSE,1.37108107859191,"ablate_priorcount",13,2,5,0,0,899537.5
11585,0,0,0,0,NA,NA,NA,0.05,NA,NA,NA,0,0,3675,1,"TMMwsp",TRUE,FALSE,1.37108107859191,"ablate_fdr",13,2,5,0,0,899537.5
11585,0,0,0,0,NA,NA,NA,0.1,NA,NA,NA,0,0,3675,1,"TMMwsp",TRUE,FALSE,1.37108107859191,"ablate_shrinkfloor",13,2,5,0,0,899537.5
11585,0,0,0,0,NA,NA,NA,0.1,NA,NA,NA,0,0,3675,1,"TMMwsp",TRUE,FALSE,1.37108107859191,"ablate_lowinput",13,2,5,0,0,899537.5
9455,4,0,4,0,NA,0,1,0.1,NA,NA,NA,0,0,3906,1,"TMMwsp",FALSE,FALSE,0.957899214366035,"batch_removed",13,2,5,0,0,899537.5
9455,0,0,0,0,NA,NA,NA,0.1,NA,NA,NA,0,0,3906,1,"TMMwsp",FALSE,FALSE,1.20161747828321,"batch_ignored",13,2,5,0,0,899537.5
11585,0,0,0,0,NA,NA,NA,0.1,NA,NA,NA,0,0,3675,1,"TMMwsp",TRUE,FALSE,1.37108107859191,"fix_filter",13,2,5,0,0,899537.5
10787,0,0,0,0,NA,NA,NA,0.1,NA,NA,NA,0,0,3543,1,"TMMwsp",TRUE,FALSE,1.17389780352727,"ctc_pipeline",13,3,8,0,0,831720.5
3770,0,0,0,0,NA,NA,NA,0.05,NA,NA,NA,0,0,0,NA,"TMM",TRUE,FALSE,0.623131086764848,"edger_default",13,3,8,0,0,831720.5
7316,0,0,0,0,NA,NA,NA,0.1,NA,NA,NA,0,0,3546,1,"TMMwsp",TRUE,FALSE,0.675623893431747,"ablate_filter",13,3,8,0,0,831720.5
7244,0,0,0,0,NA,NA,NA,0.1,NA,NA,NA,0,0,0,NA,"TMMwsp",TRUE,FALSE,1.11845605120525,"ablate_exclusive",13,3,8,0,0,831720.5
10787,0,0,0,0,NA,NA,NA,0.1,NA,NA,NA,0,0,3543,1,"TMM",TRUE,FALSE,1.18392357468138,"ablate_tmmwsp",13,3,8,0,0,831720.5
10787,0,0,0,0,NA,NA,NA,0.1,NA,NA,NA,0,0,3543,1,"TMMwsp",TRUE,FALSE,1.17389780352727,"ablate_priorcount",13,3,8,0,0,831720.5
10787,0,0,0,0,NA,NA,NA,0.05,NA,NA,NA,0,0,3543,1,"TMMwsp",TRUE,FALSE,1.17389780352727,"ablate_fdr",13,3,8,0,0,831720.5
10787,0,0,0,0,NA,NA,NA,0.1,NA,NA,NA,0,0,3543,1,"TMMwsp",TRUE,FALSE,1.17389780352727,"ablate_shrinkfloor",13,3,8,0,0,831720.5
10787,0,0,0,0,NA,NA,NA,0.1,NA,NA,NA,0,0,3543,1,"TMMwsp",TRUE,FALSE,1.17389780352727,"ablate_lowinput",13,3,8,0,0,831720.5
9356,1,0,1,0,NA,0,1,0.1,NA,NA,NA,0,0,3546,1,"TMMwsp",FALSE,FALSE,0.96111096411722,"batch_removed",13,3,8,0,0,831720.5
9356,0,0,0,0,NA,NA,NA,0.1,NA,NA,NA,0,0,3546,1,"TMMwsp",FALSE,FALSE,1.09491758591696,"batch_ignored",13,3,8,0,0,831720.5
10787,0,0,0,0,NA,NA,NA,0.1,NA,NA,NA,0,0,3543,1,"TMMwsp",TRUE,FALSE,1.17389780352727,"fix_filter",13,3,8,0,0,831720.5
11922,1,0,1,0,NA,0,1,0.1,NA,NA,NA,0,0,3200,1,"TMMwsp",TRUE,FALSE,1.21392943086591,"ctc_pipeline",14,1,3,0,0,796212
4296,1,0,1,0,NA,0,1,0.05,NA,NA,NA,0,0,0,NA,"TMM",TRUE,FALSE,0.75552950082701,"edger_default",14,1,3,0,0,796212
8416,1,0,1,0,NA,0,1,0.1,NA,NA,NA,0,0,4120,1,"TMMwsp",TRUE,FALSE,0.825383936280826,"ablate_filter",14,1,3,0,0,796212
8722,1,0,1,0,NA,0,1,0.1,NA,NA,NA,0,0,0,NA,"TMMwsp",TRUE,FALSE,1.15522857282583,"ablate_exclusive",14,1,3,0,0,796212
11922,1,0,1,0,NA,0,1,0.1,NA,NA,NA,0,0,3200,1,"TMM",TRUE,FALSE,1.2376443846512,"ablate_tmmwsp",14,1,3,0,0,796212
11922,1,0,1,0,NA,0,1,0.1,NA,NA,NA,0,0,3200,1,"TMMwsp",TRUE,FALSE,1.21392943086591,"ablate_priorcount",14,1,3,0,0,796212
11922,0,0,0,0,NA,NA,NA,0.05,NA,NA,NA,0,0,3200,1,"TMMwsp",TRUE,FALSE,1.21392943086591,"ablate_fdr",14,1,3,0,0,796212
11922,1,0,1,0,NA,0,1,0.1,NA,NA,NA,0,0,3200,1,"TMMwsp",TRUE,FALSE,1.21392943086591,"ablate_shrinkfloor",14,1,3,0,0,796212
11922,1,0,1,0,NA,0,1,0.1,NA,NA,NA,0,0,3200,1,"TMMwsp",TRUE,FALSE,1.21392943086591,"ablate_lowinput",14,1,3,0,0,796212
10643,12,0,12,0,NA,0,1,0.1,NA,NA,NA,0,0,3990,1,"TMMwsp",FALSE,FALSE,0.785548655520259,"batch_removed",14,1,3,0,0,796212
10643,1,0,1,0,NA,0,1,0.1,NA,NA,NA,0,0,3990,1,"TMMwsp",FALSE,FALSE,1.21959572954364,"batch_ignored",14,1,3,0,0,796212
11922,1,0,1,0,NA,0,1,0.1,NA,NA,NA,0,0,3200,1,"TMMwsp",TRUE,FALSE,1.21392943086591,"fix_filter",14,1,3,0,0,796212
12867,0,0,0,0,NA,NA,NA,0.1,NA,NA,NA,0,0,3636,1,"TMMwsp",TRUE,FALSE,1.22832377172555,"ctc_pipeline",14,2,5,0,0,1140863
5069,0,0,0,0,NA,NA,NA,0.05,NA,NA,NA,0,0,0,NA,"TMM",TRUE,FALSE,0.744796898903426,"edger_default",14,2,5,0,0,1140863
9038,0,0,0,0,NA,NA,NA,0.1,NA,NA,NA,0,0,3969,1,"TMMwsp",TRUE,FALSE,0.821426061624077,"ablate_filter",14,2,5,0,0,1140863
9231,0,0,0,0,NA,NA,NA,0.1,NA,NA,NA,0,0,0,NA,"TMMwsp",TRUE,FALSE,1.16187920798107,"ablate_exclusive",14,2,5,0,0,1140863
12867,0,0,0,0,NA,NA,NA,0.1,NA,NA,NA,0,0,3636,1,"TMM",TRUE,FALSE,1.23865363928205,"ablate_tmmwsp",14,2,5,0,0,1140863
12867,0,0,0,0,NA,NA,NA,0.1,NA,NA,NA,0,0,3636,1,"TMMwsp",TRUE,FALSE,1.22832377172555,"ablate_priorcount",14,2,5,0,0,1140863
12867,0,0,0,0,NA,NA,NA,0.05,NA,NA,NA,0,0,3636,1,"TMMwsp",TRUE,FALSE,1.22832377172555,"ablate_fdr",14,2,5,0,0,1140863
12867,0,0,0,0,NA,NA,NA,0.1,NA,NA,NA,0,0,3636,1,"TMMwsp",TRUE,FALSE,1.22832377172555,"ablate_shrinkfloor",14,2,5,0,0,1140863
12867,0,0,0,0,NA,NA,NA,0.1,NA,NA,NA,0,0,3636,1,"TMMwsp",TRUE,FALSE,1.22832377172555,"ablate_lowinput",14,2,5,0,0,1140863
10685,3,0,3,0,NA,0,1,0.1,NA,NA,NA,0,0,3968,1,"TMMwsp",FALSE,FALSE,0.887314413015353,"batch_removed",14,2,5,0,0,1140863
10685,0,0,0,0,NA,NA,NA,0.1,NA,NA,NA,0,0,3968,1,"TMMwsp",FALSE,FALSE,1.11698789020028,"batch_ignored",14,2,5,0,0,1140863
12867,0,0,0,0,NA,NA,NA,0.1,NA,NA,NA,0,0,3636,1,"TMMwsp",TRUE,FALSE,1.22832377172555,"fix_filter",14,2,5,0,0,1140863
12033,0,0,0,0,NA,NA,NA,0.1,NA,NA,NA,0,0,3504,1,"TMMwsp",TRUE,FALSE,1.0659210418346,"ctc_pipeline",14,3,8,0,0,1125666
4960,0,0,0,0,NA,NA,NA,0.05,NA,NA,NA,0,0,0,NA,"TMM",TRUE,FALSE,0.600683016399914,"edger_default",14,3,8,0,0,1125666
8469,0,0,0,0,NA,NA,NA,0.1,NA,NA,NA,0,0,3509,1,"TMMwsp",TRUE,FALSE,0.640298688543124,"ablate_filter",14,3,8,0,0,1125666
8529,0,0,0,0,NA,NA,NA,0.1,NA,NA,NA,0,0,0,NA,"TMMwsp",TRUE,FALSE,1.0191679791867,"ablate_exclusive",14,3,8,0,0,1125666
12033,0,0,0,0,NA,NA,NA,0.1,NA,NA,NA,0,0,3504,1,"TMM",TRUE,FALSE,1.07370899862472,"ablate_tmmwsp",14,3,8,0,0,1125666
12033,0,0,0,0,NA,NA,NA,0.1,NA,NA,NA,0,0,3504,1,"TMMwsp",TRUE,FALSE,1.0659210418346,"ablate_priorcount",14,3,8,0,0,1125666
12033,0,0,0,0,NA,NA,NA,0.05,NA,NA,NA,0,0,3504,1,"TMMwsp",TRUE,FALSE,1.0659210418346,"ablate_fdr",14,3,8,0,0,1125666
12033,0,0,0,0,NA,NA,NA,0.1,NA,NA,NA,0,0,3504,1,"TMMwsp",TRUE,FALSE,1.0659210418346,"ablate_shrinkfloor",14,3,8,0,0,1125666
12033,0,0,0,0,NA,NA,NA,0.1,NA,NA,NA,0,0,3504,1,"TMMwsp",TRUE,FALSE,1.0659210418346,"ablate_lowinput",14,3,8,0,0,1125666
10560,2,0,2,0,NA,0,1,0.1,NA,NA,NA,0,0,3509,1,"TMMwsp",FALSE,FALSE,0.866989266602605,"batch_removed",14,3,8,0,0,1125666
10560,0,0,0,0,NA,NA,NA,0.1,NA,NA,NA,0,0,3509,1,"TMMwsp",FALSE,FALSE,1.01152376751155,"batch_ignored",14,3,8,0,0,1125666
12033,0,0,0,0,NA,NA,NA,0.1,NA,NA,NA,0,0,3504,1,"TMMwsp",TRUE,FALSE,1.0659210418346,"fix_filter",14,3,8,0,0,1125666
12849,0,0,0,0,NA,NA,NA,0.1,NA,NA,NA,0,0,3189,1,"TMMwsp",TRUE,FALSE,1.15185092132689,"ctc_pipeline",15,1,3,0,0,857388
5144,0,0,0,0,NA,NA,NA,0.05,NA,NA,NA,0,0,0,NA,"TMM",TRUE,FALSE,0.747723594364946,"edger_default",15,1,3,0,0,857388
9222,0,0,0,0,NA,NA,NA,0.1,NA,NA,NA,0,0,4078,1,"TMMwsp",TRUE,FALSE,0.798430877069257,"ablate_filter",15,1,3,0,0,857388
9660,0,0,0,0,NA,NA,NA,0.1,NA,NA,NA,0,0,0,NA,"TMMwsp",TRUE,FALSE,1.1114722338645,"ablate_exclusive",15,1,3,0,0,857388
12849,0,0,0,0,NA,NA,NA,0.1,NA,NA,NA,0,0,3189,1,"TMM",TRUE,FALSE,1.17264358467438,"ablate_tmmwsp",15,1,3,0,0,857388
12849,0,0,0,0,NA,NA,NA,0.1,NA,NA,NA,0,0,3189,1,"TMMwsp",TRUE,FALSE,1.15185092132689,"ablate_priorcount",15,1,3,0,0,857388
12849,0,0,0,0,NA,NA,NA,0.05,NA,NA,NA,0,0,3189,1,"TMMwsp",TRUE,FALSE,1.15185092132689,"ablate_fdr",15,1,3,0,0,857388
12849,0,0,0,0,NA,NA,NA,0.1,NA,NA,NA,0,0,3189,1,"TMMwsp",TRUE,FALSE,1.15185092132689,"ablate_shrinkfloor",15,1,3,0,0,857388
12849,0,0,0,0,NA,NA,NA,0.1,NA,NA,NA,0,0,3189,1,"TMMwsp",TRUE,FALSE,1.15185092132689,"ablate_lowinput",15,1,3,0,0,857388
11564,1,0,1,0,NA,0,1,0.1,NA,NA,NA,0,0,3974,1,"TMMwsp",FALSE,FALSE,0.761977924502435,"batch_removed",15,1,3,0,0,857388
11564,0,0,0,0,NA,NA,NA,0.1,NA,NA,NA,0,0,3974,1,"TMMwsp",FALSE,FALSE,1.157838943983,"batch_ignored",15,1,3,0,0,857388
12849,0,0,0,0,NA,NA,NA,0.1,NA,NA,NA,0,0,3189,1,"TMMwsp",TRUE,FALSE,1.15185092132689,"fix_filter",15,1,3,0,0,857388
12197,0,0,0,0,NA,NA,NA,0.1,NA,NA,NA,0,0,3724,1,"TMMwsp",TRUE,FALSE,1.2669164475329,"ctc_pipeline",15,2,5,0,0,676035.5
4001,0,0,0,0,NA,NA,NA,0.05,NA,NA,NA,0,0,0,NA,"TMM",TRUE,FALSE,0.673338818637828,"edger_default",15,2,5,0,0,676035.5
7963,0,0,0,0,NA,NA,NA,0.1,NA,NA,NA,0,0,3962,1,"TMMwsp",TRUE,FALSE,0.739988293330357,"ablate_filter",15,2,5,0,0,676035.5
8473,0,0,0,0,NA,NA,NA,0.1,NA,NA,NA,0,0,0,NA,"TMMwsp",TRUE,FALSE,1.20439643660558,"ablate_exclusive",15,2,5,0,0,676035.5
12197,0,0,0,0,NA,NA,NA,0.1,NA,NA,NA,0,0,3724,1,"TMM",TRUE,FALSE,1.28367255668297,"ablate_tmmwsp",15,2,5,0,0,676035.5
12197,0,0,0,0,NA,NA,NA,0.1,NA,NA,NA,0,0,3724,1,"TMMwsp",TRUE,FALSE,1.2669164475329,"ablate_priorcount",15,2,5,0,0,676035.5
12197,0,0,0,0,NA,NA,NA,0.05,NA,NA,NA,0,0,3724,1,"TMMwsp",TRUE,FALSE,1.2669164475329,"ablate_fdr",15,2,5,0,0,676035.5
12197,0,0,0,0,NA,NA,NA,0.1,NA,NA,NA,0,0,3724,1,"TMMwsp",TRUE,FALSE,1.2669164475329,"ablate_shrinkfloor",15,2,5,0,0,676035.5
12197,0,0,0,0,NA,NA,NA,0.1,NA,NA,NA,0,0,3724,1,"TMMwsp",TRUE,FALSE,1.2669164475329,"ablate_lowinput",15,2,5,0,0,676035.5
10011,2,0,2,0,NA,0,1,0.1,NA,NA,NA,0,0,3960,1,"TMMwsp",FALSE,FALSE,0.9102062160841,"batch_removed",15,2,5,0,0,676035.5
10011,0,0,0,0,NA,NA,NA,0.1,NA,NA,NA,0,0,3960,1,"TMMwsp",FALSE,FALSE,1.127947278615,"batch_ignored",15,2,5,0,0,676035.5
12197,0,0,0,0,NA,NA,NA,0.1,NA,NA,NA,0,0,3724,1,"TMMwsp",TRUE,FALSE,1.2669164475329,"fix_filter",15,2,5,0,0,676035.5
11366,0,0,0,0,NA,NA,NA,0.1,NA,NA,NA,0,0,3304,1,"TMMwsp",TRUE,FALSE,1.10841940646193,"ctc_pipeline",15,3,8,0,0,908249.5
4418,2,0,2,0,NA,0,1,0.05,NA,NA,NA,0,0,0,NA,"TMM",TRUE,FALSE,0.610292825813583,"edger_default",15,3,8,0,0,908249.5
7731,0,0,0,0,NA,NA,NA,0.1,NA,NA,NA,0,0,3313,1,"TMMwsp",TRUE,FALSE,0.652375448826749,"ablate_filter",15,3,8,0,0,908249.5
8062,0,0,0,0,NA,NA,NA,0.1,NA,NA,NA,0,0,0,NA,"TMMwsp",TRUE,FALSE,1.06200931420268,"ablate_exclusive",15,3,8,0,0,908249.5
11366,3,0,3,0,NA,0,1,0.1,NA,NA,NA,0,0,3304,1,"TMM",TRUE,FALSE,1.11659798541993,"ablate_tmmwsp",15,3,8,0,0,908249.5
11366,0,0,0,0,NA,NA,NA,0.1,NA,NA,NA,0,0,3304,1,"TMMwsp",TRUE,FALSE,1.10841940646193,"ablate_priorcount",15,3,8,0,0,908249.5
11366,0,0,0,0,NA,NA,NA,0.05,NA,NA,NA,0,0,3304,1,"TMMwsp",TRUE,FALSE,1.10841940646193,"ablate_fdr",15,3,8,0,0,908249.5
11366,0,0,0,0,NA,NA,NA,0.1,NA,NA,NA,0,0,3304,1,"TMMwsp",TRUE,FALSE,1.10841940646193,"ablate_shrinkfloor",15,3,8,0,0,908249.5
11366,0,0,0,0,NA,NA,NA,0.1,NA,NA,NA,0,0,3304,1,"TMMwsp",TRUE,FALSE,1.10841940646193,"ablate_lowinput",15,3,8,0,0,908249.5
9883,0,0,0,0,NA,NA,NA,0.1,NA,NA,NA,0,0,3313,1,"TMMwsp",FALSE,FALSE,0.903857232300906,"batch_removed",15,3,8,0,0,908249.5
9883,0,0,0,0,NA,NA,NA,0.1,NA,NA,NA,0,0,3313,1,"TMMwsp",FALSE,FALSE,1.04437298911544,"batch_ignored",15,3,8,0,0,908249.5
11366,0,0,0,0,NA,NA,NA,0.1,NA,NA,NA,0,0,3304,1,"TMMwsp",TRUE,FALSE,1.10841940646193,"fix_filter",15,3,8,0,0,908249.5
11987,0,0,0,0,NA,NA,NA,0.1,NA,NA,NA,0,0,3208,1,"TMMwsp",TRUE,FALSE,1.22895710841823,"ctc_pipeline",16,1,3,0,0,664887.5
4139,0,0,0,0,NA,NA,NA,0.05,NA,NA,NA,0,0,0,NA,"TMM",TRUE,FALSE,0.758031808399074,"edger_default",16,1,3,0,0,664887.5
8243,0,0,0,0,NA,NA,NA,0.1,NA,NA,NA,0,0,4104,1,"TMMwsp",TRUE,FALSE,0.806725716082253,"ablate_filter",16,1,3,0,0,664887.5
8779,0,0,0,0,NA,NA,NA,0.1,NA,NA,NA,0,0,0,NA,"TMMwsp",TRUE,FALSE,1.18977279420069,"ablate_exclusive",16,1,3,0,0,664887.5
11987,0,0,0,0,NA,NA,NA,0.1,NA,NA,NA,0,0,3208,1,"TMM",TRUE,FALSE,1.28393827967321,"ablate_tmmwsp",16,1,3,0,0,664887.5
11987,0,0,0,0,NA,NA,NA,0.1,NA,NA,NA,0,0,3208,1,"TMMwsp",TRUE,FALSE,1.22895710841823,"ablate_priorcount",16,1,3,0,0,664887.5
11987,0,0,0,0,NA,NA,NA,0.05,NA,NA,NA,0,0,3208,1,"TMMwsp",TRUE,FALSE,1.22895710841823,"ablate_fdr",16,1,3,0,0,664887.5
11987,0,0,0,0,NA,NA,NA,0.1,NA,NA,NA,0,0,3208,1,"TMMwsp",TRUE,FALSE,1.22895710841823,"ablate_shrinkfloor",16,1,3,0,0,664887.5
11987,0,0,0,0,NA,NA,NA,0.1,NA,NA,NA,0,0,3208,1,"TMMwsp",TRUE,FALSE,1.22895710841823,"ablate_lowinput",16,1,3,0,0,664887.5
10638,47,0,47,0,NA,0,1,0.1,NA,NA,NA,0,0,4017,1,"TMMwsp",FALSE,FALSE,0.871338739937134,"batch_removed",16,1,3,0,0,664887.5
10638,0,0,0,0,NA,NA,NA,0.1,NA,NA,NA,0,0,4017,1,"TMMwsp",FALSE,FALSE,1.21316741077829,"batch_ignored",16,1,3,0,0,664887.5
11987,0,0,0,0,NA,NA,NA,0.1,NA,NA,NA,0,0,3208,1,"TMMwsp",TRUE,FALSE,1.22895710841823,"fix_filter",16,1,3,0,0,664887.5
12976,0,0,0,0,NA,NA,NA,0.1,NA,NA,NA,0,0,3522,1,"TMMwsp",TRUE,FALSE,1.23604085585247,"ctc_pipeline",16,2,5,0,0,1121269.5
5040,0,0,0,0,NA,NA,NA,0.05,NA,NA,NA,0,0,0,NA,"TMM",TRUE,FALSE,0.733774050332148,"edger_default",16,2,5,0,0,1121269.5
8832,0,0,0,0,NA,NA,NA,0.1,NA,NA,NA,0,0,3792,1,"TMMwsp",TRUE,FALSE,0.79162632161792,"ablate_filter",16,2,5,0,0,1121269.5
9454,0,0,0,0,NA,NA,NA,0.1,NA,NA,NA,0,0,0,NA,"TMMwsp",TRUE,FALSE,1.1814657265321,"ablate_exclusive",16,2,5,0,0,1121269.5
12976,0,0,0,0,NA,NA,NA,0.1,NA,NA,NA,0,0,3522,1,"TMM",TRUE,FALSE,1.25279950418351,"ablate_tmmwsp",16,2,5,0,0,1121269.5
12976,0,0,0,0,NA,NA,NA,0.1,NA,NA,NA,0,0,3522,1,"TMMwsp",TRUE,FALSE,1.23604085585247,"ablate_priorcount",16,2,5,0,0,1121269.5
12976,0,0,0,0,NA,NA,NA,0.05,NA,NA,NA,0,0,3522,1,"TMMwsp",TRUE,FALSE,1.23604085585247,"ablate_fdr",16,2,5,0,0,1121269.5
12976,0,0,0,0,NA,NA,NA,0.1,NA,NA,NA,0,0,3522,1,"TMMwsp",TRUE,FALSE,1.23604085585247,"ablate_shrinkfloor",16,2,5,0,0,1121269.5
12976,0,0,0,0,NA,NA,NA,0.1,NA,NA,NA,0,0,3522,1,"TMMwsp",TRUE,FALSE,1.23604085585247,"ablate_lowinput",16,2,5,0,0,1121269.5
10687,3,0,3,0,NA,0,1,0.1,NA,NA,NA,0,0,3791,1,"TMMwsp",FALSE,FALSE,0.88321260916644,"batch_removed",16,2,5,0,0,1121269.5
10687,0,0,0,0,NA,NA,NA,0.1,NA,NA,NA,0,0,3791,1,"TMMwsp",FALSE,FALSE,1.09805460585334,"batch_ignored",16,2,5,0,0,1121269.5
12976,0,0,0,0,NA,NA,NA,0.1,NA,NA,NA,0,0,3522,1,"TMMwsp",TRUE,FALSE,1.23604085585247,"fix_filter",16,2,5,0,0,1121269.5
10924,0,0,0,0,NA,NA,NA,0.1,NA,NA,NA,0,0,3689,1,"TMMwsp",TRUE,FALSE,1.17274902372109,"ctc_pipeline",16,3,8,0,0,749422
3811,0,0,0,0,NA,NA,NA,0.05,NA,NA,NA,0,0,0,NA,"TMM",TRUE,FALSE,0.621236958962865,"edger_default",16,3,8,0,0,749422
7507,0,0,0,0,NA,NA,NA,0.1,NA,NA,NA,0,0,3696,1,"TMMwsp",TRUE,FALSE,0.683963560101856,"ablate_filter",16,3,8,0,0,749422
7235,0,0,0,0,NA,NA,NA,0.1,NA,NA,NA,0,0,0,NA,"TMMwsp",TRUE,FALSE,1.10823761886517,"ablate_exclusive",16,3,8,0,0,749422
10924,0,0,0,0,NA,NA,NA,0.1,NA,NA,NA,0,0,3689,1,"TMM",TRUE,FALSE,1.18006886265265,"ablate_tmmwsp",16,3,8,0,0,749422
10924,0,0,0,0,NA,NA,NA,0.1,NA,NA,NA,0,0,3689,1,"TMMwsp",TRUE,FALSE,1.17274902372109,"ablate_priorcount",16,3,8,0,0,749422
10924,0,0,0,0,NA,NA,NA,0.05,NA,NA,NA,0,0,3689,1,"TMMwsp",TRUE,FALSE,1.17274902372109,"ablate_fdr",16,3,8,0,0,749422
10924,0,0,0,0,NA,NA,NA,0.1,NA,NA,NA,0,0,3689,1,"TMMwsp",TRUE,FALSE,1.17274902372109,"ablate_shrinkfloor",16,3,8,0,0,749422
10924,0,0,0,0,NA,NA,NA,0.1,NA,NA,NA,0,0,3689,1,"TMMwsp",TRUE,FALSE,1.17274902372109,"ablate_lowinput",16,3,8,0,0,749422
9563,5,0,5,0,NA,0,1,0.1,NA,NA,NA,0,0,3696,1,"TMMwsp",FALSE,FALSE,0.968487449983291,"batch_removed",16,3,8,0,0,749422
9563,0,0,0,0,NA,NA,NA,0.1,NA,NA,NA,0,0,3696,1,"TMMwsp",FALSE,FALSE,1.10432685595645,"batch_ignored",16,3,8,0,0,749422
10924,0,0,0,0,NA,NA,NA,0.1,NA,NA,NA,0,0,3689,1,"TMMwsp",TRUE,FALSE,1.17274902372109,"fix_filter",16,3,8,0,0,749422
12331,0,0,0,0,NA,NA,NA,0.1,NA,NA,NA,0,0,3196,1,"TMMwsp",TRUE,FALSE,1.19892019156311,"ctc_pipeline",17,1,3,0,0,1006633.5
4946,0,0,0,0,NA,NA,NA,0.05,NA,NA,NA,0,0,0,NA,"TMM",TRUE,FALSE,0.823817973696266,"edger_default",17,1,3,0,0,1006633.5
9134,0,0,0,0,NA,NA,NA,0.1,NA,NA,NA,0,0,4188,1,"TMMwsp",TRUE,FALSE,0.883856851833599,"ablate_filter",17,1,3,0,0,1006633.5
9135,0,0,0,0,NA,NA,NA,0.1,NA,NA,NA,0,0,0,NA,"TMMwsp",TRUE,FALSE,1.1437658026288,"ablate_exclusive",17,1,3,0,0,1006633.5
12331,0,0,0,0,NA,NA,NA,0.1,NA,NA,NA,0,0,3196,1,"TMM",TRUE,FALSE,1.2343406165356,"ablate_tmmwsp",17,1,3,0,0,1006633.5
12331,0,0,0,0,NA,NA,NA,0.1,NA,NA,NA,0,0,3196,1,"TMMwsp",TRUE,FALSE,1.19892019156311,"ablate_priorcount",17,1,3,0,0,1006633.5
12331,0,0,0,0,NA,NA,NA,0.05,NA,NA,NA,0,0,3196,1,"TMMwsp",TRUE,FALSE,1.19892019156311,"ablate_fdr",17,1,3,0,0,1006633.5
12331,0,0,0,0,NA,NA,NA,0.1,NA,NA,NA,0,0,3196,1,"TMMwsp",TRUE,FALSE,1.19892019156311,"ablate_shrinkfloor",17,1,3,0,0,1006633.5
12331,0,0,0,0,NA,NA,NA,0.1,NA,NA,NA,0,0,3196,1,"TMMwsp",TRUE,FALSE,1.19892019156311,"ablate_lowinput",17,1,3,0,0,1006633.5
11080,25,0,25,0,NA,0,1,0.1,NA,NA,NA,0,0,4065,1,"TMMwsp",FALSE,FALSE,0.78210577902129,"batch_removed",17,1,3,0,0,1006633.5
11080,0,0,0,0,NA,NA,NA,0.1,NA,NA,NA,0,0,4065,1,"TMMwsp",FALSE,FALSE,1.19884356982288,"batch_ignored",17,1,3,0,0,1006633.5
12331,0,0,0,0,NA,NA,NA,0.1,NA,NA,NA,0,0,3196,1,"TMMwsp",TRUE,FALSE,1.19892019156311,"fix_filter",17,1,3,0,0,1006633.5
13091,0,0,0,0,NA,NA,NA,0.1,NA,NA,NA,0,0,3393,1,"TMMwsp",TRUE,FALSE,1.19300135446857,"ctc_pipeline",17,2,5,0,0,995676
5238,0,0,0,0,NA,NA,NA,0.05,NA,NA,NA,0,0,0,NA,"TMM",TRUE,FALSE,0.709632370000593,"edger_default",17,2,5,0,0,995676
8884,0,0,0,0,NA,NA,NA,0.1,NA,NA,NA,0,0,3646,1,"TMMwsp",TRUE,FALSE,0.761321709039196,"ablate_filter",17,2,5,0,0,995676
9698,0,0,0,0,NA,NA,NA,0.1,NA,NA,NA,0,0,0,NA,"TMMwsp",TRUE,FALSE,1.14371102906211,"ablate_exclusive",17,2,5,0,0,995676
13091,0,0,0,0,NA,NA,NA,0.1,NA,NA,NA,0,0,3393,1,"TMM",TRUE,FALSE,1.20652352082135,"ablate_tmmwsp",17,2,5,0,0,995676
13091,0,0,0,0,NA,NA,NA,0.1,NA,NA,NA,0,0,3393,1,"TMMwsp",TRUE,FALSE,1.19300135446857,"ablate_priorcount",17,2,5,0,0,995676
13091,0,0,0,0,NA,NA,NA,0.05,NA,NA,NA,0,0,3393,1,"TMMwsp",TRUE,FALSE,1.19300135446857,"ablate_fdr",17,2,5,0,0,995676
13091,0,0,0,0,NA,NA,NA,0.1,NA,NA,NA,0,0,3393,1,"TMMwsp",TRUE,FALSE,1.19300135446857,"ablate_shrinkfloor",17,2,5,0,0,995676
13091,0,0,0,0,NA,NA,NA,0.1,NA,NA,NA,0,0,3393,1,"TMMwsp",TRUE,FALSE,1.19300135446857,"ablate_lowinput",17,2,5,0,0,995676
10762,0,0,0,0,NA,NA,NA,0.1,NA,NA,NA,0,0,3639,1,"TMMwsp",FALSE,FALSE,0.859719968279653,"batch_removed",17,2,5,0,0,995676
10762,0,0,0,0,NA,NA,NA,0.1,NA,NA,NA,0,0,3639,1,"TMMwsp",FALSE,FALSE,1.05641956777094,"batch_ignored",17,2,5,0,0,995676
13091,0,0,0,0,NA,NA,NA,0.1,NA,NA,NA,0,0,3393,1,"TMMwsp",TRUE,FALSE,1.19300135446857,"fix_filter",17,2,5,0,0,995676
10751,0,0,0,0,NA,NA,NA,0.1,NA,NA,NA,0,0,3528,1,"TMMwsp",TRUE,FALSE,1.12125026945172,"ctc_pipeline",17,3,8,0,0,778797.5
4081,0,0,0,0,NA,NA,NA,0.05,NA,NA,NA,0,0,0,NA,"TMM",TRUE,FALSE,0.64650819867353,"edger_default",17,3,8,0,0,778797.5
7612,0,0,0,0,NA,NA,NA,0.1,NA,NA,NA,0,0,3531,1,"TMMwsp",TRUE,FALSE,0.696412787109818,"ablate_filter",17,3,8,0,0,778797.5
7223,0,0,0,0,NA,NA,NA,0.1,NA,NA,NA,0,0,0,NA,"TMMwsp",TRUE,FALSE,1.06862623472603,"ablate_exclusive",17,3,8,0,0,778797.5
10751,0,0,0,0,NA,NA,NA,0.1,NA,NA,NA,0,0,3528,1,"TMM",TRUE,FALSE,1.1314628113679,"ablate_tmmwsp",17,3,8,0,0,778797.5
10751,0,0,0,0,NA,NA,NA,0.1,NA,NA,NA,0,0,3528,1,"TMMwsp",TRUE,FALSE,1.12125026945172,"ablate_priorcount",17,3,8,0,0,778797.5
10751,0,0,0,0,NA,NA,NA,0.05,NA,NA,NA,0,0,3528,1,"TMMwsp",TRUE,FALSE,1.12125026945172,"ablate_fdr",17,3,8,0,0,778797.5
10751,0,0,0,0,NA,NA,NA,0.1,NA,NA,NA,0,0,3528,1,"TMMwsp",TRUE,FALSE,1.12125026945172,"ablate_shrinkfloor",17,3,8,0,0,778797.5
10751,0,0,0,0,NA,NA,NA,0.1,NA,NA,NA,0,0,3528,1,"TMMwsp",TRUE,FALSE,1.12125026945172,"ablate_lowinput",17,3,8,0,0,778797.5
9361,0,0,0,0,NA,NA,NA,0.1,NA,NA,NA,0,0,3531,1,"TMMwsp",FALSE,FALSE,0.916619572014591,"batch_removed",17,3,8,0,0,778797.5
9361,0,0,0,0,NA,NA,NA,0.1,NA,NA,NA,0,0,3531,1,"TMMwsp",FALSE,FALSE,1.06098672825311,"batch_ignored",17,3,8,0,0,778797.5
10751,0,0,0,0,NA,NA,NA,0.1,NA,NA,NA,0,0,3528,1,"TMMwsp",TRUE,FALSE,1.12125026945172,"fix_filter",17,3,8,0,0,778797.5
12426,0,0,0,0,NA,NA,NA,0.1,NA,NA,NA,0,0,3153,1,"TMMwsp",TRUE,FALSE,1.09935498820645,"ctc_pipeline",18,1,3,0,0,883425
4918,0,0,0,0,NA,NA,NA,0.05,NA,NA,NA,0,0,0,NA,"TMM",TRUE,FALSE,0.692086714147645,"edger_default",18,1,3,0,0,883425
9032,0,0,0,0,NA,NA,NA,0.1,NA,NA,NA,0,0,4114,1,"TMMwsp",TRUE,FALSE,0.768765669818767,"ablate_filter",18,1,3,0,0,883425
9273,0,0,0,0,NA,NA,NA,0.1,NA,NA,NA,0,0,0,NA,"TMMwsp",TRUE,FALSE,1.03307598718068,"ablate_exclusive",18,1,3,0,0,883425
12426,0,0,0,0,NA,NA,NA,0.1,NA,NA,NA,0,0,3153,1,"TMM",TRUE,FALSE,1.10514964084848,"ablate_tmmwsp",18,1,3,0,0,883425
12426,0,0,0,0,NA,NA,NA,0.1,NA,NA,NA,0,0,3153,1,"TMMwsp",TRUE,FALSE,1.09935498820645,"ablate_priorcount",18,1,3,0,0,883425
12426,0,0,0,0,NA,NA,NA,0.05,NA,NA,NA,0,0,3153,1,"TMMwsp",TRUE,FALSE,1.09935498820645,"ablate_fdr",18,1,3,0,0,883425
12426,0,0,0,0,NA,NA,NA,0.1,NA,NA,NA,0,0,3153,1,"TMMwsp",TRUE,FALSE,1.09935498820645,"ablate_shrinkfloor",18,1,3,0,0,883425
12426,0,0,0,0,NA,NA,NA,0.1,NA,NA,NA,0,0,3153,1,"TMMwsp",TRUE,FALSE,1.09935498820645,"ablate_lowinput",18,1,3,0,0,883425
11149,3,0,3,0,NA,0,1,0.1,NA,NA,NA,0,0,3999,1,"TMMwsp",FALSE,FALSE,0.719090901719853,"batch_removed",18,1,3,0,0,883425
11149,0,0,0,0,NA,NA,NA,0.1,NA,NA,NA,0,0,3999,1,"TMMwsp",FALSE,FALSE,1.12918165649929,"batch_ignored",18,1,3,0,0,883425
12426,0,0,0,0,NA,NA,NA,0.1,NA,NA,NA,0,0,3153,1,"TMMwsp",TRUE,FALSE,1.09935498820645,"fix_filter",18,1,3,0,0,883425
12829,0,0,0,0,NA,NA,NA,0.1,NA,NA,NA,0,0,3687,1,"TMMwsp",TRUE,FALSE,1.21323609585565,"ctc_pipeline",18,2,5,0,0,737370.5
4714,0,0,0,0,NA,NA,NA,0.05,NA,NA,NA,0,0,0,NA,"TMM",TRUE,FALSE,0.706609048753654,"edger_default",18,2,5,0,0,737370.5
8647,0,0,0,0,NA,NA,NA,0.1,NA,NA,NA,0,0,3933,1,"TMMwsp",TRUE,FALSE,0.769058303919695,"ablate_filter",18,2,5,0,0,737370.5
9142,0,0,0,0,NA,NA,NA,0.1,NA,NA,NA,0,0,0,NA,"TMMwsp",TRUE,FALSE,1.15622643256189,"ablate_exclusive",18,2,5,0,0,737370.5
12829,0,0,0,0,NA,NA,NA,0.1,NA,NA,NA,0,0,3687,1,"TMM",TRUE,FALSE,1.22704454189627,"ablate_tmmwsp",18,2,5,0,0,737370.5
12829,0,0,0,0,NA,NA,NA,0.1,NA,NA,NA,0,0,3687,1,"TMMwsp",TRUE,FALSE,1.21323609585565,"ablate_priorcount",18,2,5,0,0,737370.5
12829,0,0,0,0,NA,NA,NA,0.05,NA,NA,NA,0,0,3687,1,"TMMwsp",TRUE,FALSE,1.21323609585565,"ablate_fdr",18,2,5,0,0,737370.5
12829,0,0,0,0,NA,NA,NA,0.1,NA,NA,NA,0,0,3687,1,"TMMwsp",TRUE,FALSE,1.21323609585565,"ablate_shrinkfloor",18,2,5,0,0,737370.5
12829,0,0,0,0,NA,NA,NA,0.1,NA,NA,NA,0,0,3687,1,"TMMwsp",TRUE,FALSE,1.21323609585565,"ablate_lowinput",18,2,5,0,0,737370.5
10582,3,0,3,0,NA,0,1,0.1,NA,NA,NA,0,0,3932,1,"TMMwsp",FALSE,FALSE,0.890928500139664,"batch_removed",18,2,5,0,0,737370.5
10582,0,0,0,0,NA,NA,NA,0.1,NA,NA,NA,0,0,3932,1,"TMMwsp",FALSE,FALSE,1.10429537573259,"batch_ignored",18,2,5,0,0,737370.5
12829,0,0,0,0,NA,NA,NA,0.1,NA,NA,NA,0,0,3687,1,"TMMwsp",TRUE,FALSE,1.21323609585565,"fix_filter",18,2,5,0,0,737370.5
11859,0,0,0,0,NA,NA,NA,0.1,NA,NA,NA,0,0,3498,1,"TMMwsp",TRUE,FALSE,1.07043402590263,"ctc_pipeline",18,3,8,0,0,1093415
4848,0,0,0,0,NA,NA,NA,0.05,NA,NA,NA,0,0,0,NA,"TMM",TRUE,FALSE,0.620649666018521,"edger_default",18,3,8,0,0,1093415
8350,0,0,0,0,NA,NA,NA,0.1,NA,NA,NA,0,0,3502,1,"TMMwsp",TRUE,FALSE,0.657216949178392,"ablate_filter",18,3,8,0,0,1093415
8361,0,0,0,0,NA,NA,NA,0.1,NA,NA,NA,0,0,0,NA,"TMMwsp",TRUE,FALSE,1.02649893467039,"ablate_exclusive",18,3,8,0,0,1093415
11859,0,0,0,0,NA,NA,NA,0.1,NA,NA,NA,0,0,3498,1,"TMM",TRUE,FALSE,1.08235176924729,"ablate_tmmwsp",18,3,8,0,0,1093415
11859,0,0,0,0,NA,NA,NA,0.1,NA,NA,NA,0,0,3498,1,"TMMwsp",TRUE,FALSE,1.07043402590263,"ablate_priorcount",18,3,8,0,0,1093415
11859,0,0,0,0,NA,NA,NA,0.05,NA,NA,NA,0,0,3498,1,"TMMwsp",TRUE,FALSE,1.07043402590263,"ablate_fdr",18,3,8,0,0,1093415
11859,0,0,0,0,NA,NA,NA,0.1,NA,NA,NA,0,0,3498,1,"TMMwsp",TRUE,FALSE,1.07043402590263,"ablate_shrinkfloor",18,3,8,0,0,1093415
11859,0,0,0,0,NA,NA,NA,0.1,NA,NA,NA,0,0,3498,1,"TMMwsp",TRUE,FALSE,1.07043402590263,"ablate_lowinput",18,3,8,0,0,1093415
10349,3,0,3,0,NA,0,1,0.1,NA,NA,NA,0,0,3502,1,"TMMwsp",FALSE,FALSE,0.881452799324173,"batch_removed",18,3,8,0,0,1093415
10349,0,0,0,0,NA,NA,NA,0.1,NA,NA,NA,0,0,3502,1,"TMMwsp",FALSE,FALSE,1.0235652944932,"batch_ignored",18,3,8,0,0,1093415
11859,0,0,0,0,NA,NA,NA,0.1,NA,NA,NA,0,0,3498,1,"TMMwsp",TRUE,FALSE,1.07043402590263,"fix_filter",18,3,8,0,0,1093415
11635,0,0,0,0,NA,NA,NA,0.1,NA,NA,NA,0,0,3299,1,"TMMwsp",TRUE,FALSE,1.28399255602773,"ctc_pipeline",19,1,3,0,0,619345
4036,0,0,0,0,NA,NA,NA,0.05,NA,NA,NA,0,0,0,NA,"TMM",TRUE,FALSE,0.799854386364832,"edger_default",19,1,3,0,0,619345
8275,0,0,0,0,NA,NA,NA,0.1,NA,NA,NA,0,0,4239,1,"TMMwsp",TRUE,FALSE,0.909049109045604,"ablate_filter",19,1,3,0,0,619345
8336,0,0,0,0,NA,NA,NA,0.1,NA,NA,NA,0,0,0,NA,"TMMwsp",TRUE,FALSE,1.19806339882013,"ablate_exclusive",19,1,3,0,0,619345
11635,0,0,0,0,NA,NA,NA,0.1,NA,NA,NA,0,0,3299,1,"TMM",TRUE,FALSE,1.31866838052076,"ablate_tmmwsp",19,1,3,0,0,619345
11635,0,0,0,0,NA,NA,NA,0.1,NA,NA,NA,0,0,3299,1,"TMMwsp",TRUE,FALSE,1.28399255602773,"ablate_priorcount",19,1,3,0,0,619345
11635,0,0,0,0,NA,NA,NA,0.05,NA,NA,NA,0,0,3299,1,"TMMwsp",TRUE,FALSE,1.28399255602773,"ablate_fdr",19,1,3,0,0,619345
11635,0,0,0,0,NA,NA,NA,0.1,NA,NA,NA,0,0,3299,1,"TMMwsp",TRUE,FALSE,1.28399255602773,"ablate_shrinkfloor",19,1,3,0,0,619345
11635,0,0,0,0,NA,NA,NA,0.1,NA,NA,NA,0,0,3299,1,"TMMwsp",TRUE,FALSE,1.28399255602773,"ablate_lowinput",19,1,3,0,0,619345
10392,60,0,60,0,NA,0,1,0.1,NA,NA,NA,0,0,4136,1,"TMMwsp",FALSE,FALSE,0.832187561036793,"batch_removed",19,1,3,0,0,619345
10392,0,0,0,0,NA,NA,NA,0.1,NA,NA,NA,0,0,4136,1,"TMMwsp",FALSE,FALSE,1.2672644791873,"batch_ignored",19,1,3,0,0,619345
11635,0,0,0,0,NA,NA,NA,0.1,NA,NA,NA,0,0,3299,1,"TMMwsp",TRUE,FALSE,1.28399255602773,"fix_filter",19,1,3,0,0,619345
12642,0,0,0,0,NA,NA,NA,0.1,NA,NA,NA,0,0,3693,1,"TMMwsp",TRUE,FALSE,1.25611484454531,"ctc_pipeline",19,2,5,0,0,960597.5
4827,0,0,0,0,NA,NA,NA,0.05,NA,NA,NA,0,0,0,NA,"TMM",TRUE,FALSE,0.74421660325827,"edger_default",19,2,5,0,0,960597.5
8824,0,0,0,0,NA,NA,NA,0.1,NA,NA,NA,0,0,3997,1,"TMMwsp",TRUE,FALSE,0.813608594180917,"ablate_filter",19,2,5,0,0,960597.5
8949,0,0,0,0,NA,NA,NA,0.1,NA,NA,NA,0,0,0,NA,"TMMwsp",TRUE,FALSE,1.1903069404472,"ablate_exclusive",19,2,5,0,0,960597.5
12642,0,0,0,0,NA,NA,NA,0.1,NA,NA,NA,0,0,3693,1,"TMM",TRUE,FALSE,1.2647263485851,"ablate_tmmwsp",19,2,5,0,0,960597.5
12642,0,0,0,0,NA,NA,NA,0.1,NA,NA,NA,0,0,3693,1,"TMMwsp",TRUE,FALSE,1.25611484454531,"ablate_priorcount",19,2,5,0,0,960597.5
12642,0,0,0,0,NA,NA,NA,0.05,NA,NA,NA,0,0,3693,1,"TMMwsp",TRUE,FALSE,1.25611484454531,"ablate_fdr",19,2,5,0,0,960597.5
12642,0,0,0,0,NA,NA,NA,0.1,NA,NA,NA,0,0,3693,1,"TMMwsp",TRUE,FALSE,1.25611484454531,"ablate_shrinkfloor",19,2,5,0,0,960597.5
12642,0,0,0,0,NA,NA,NA,0.1,NA,NA,NA,0,0,3693,1,"TMMwsp",TRUE,FALSE,1.25611484454531,"ablate_lowinput",19,2,5,0,0,960597.5
10475,3,0,3,0,NA,0,1,0.1,NA,NA,NA,0,0,3997,1,"TMMwsp",FALSE,FALSE,0.879910867051379,"batch_removed",19,2,5,0,0,960597.5
10475,1,0,1,0,NA,0,1,0.1,NA,NA,NA,0,0,3997,1,"TMMwsp",FALSE,FALSE,1.11611565079655,"batch_ignored",19,2,5,0,0,960597.5
12642,0,0,0,0,NA,NA,NA,0.1,NA,NA,NA,0,0,3693,1,"TMMwsp",TRUE,FALSE,1.25611484454531,"fix_filter",19,2,5,0,0,960597.5
11550,1,0,1,0,NA,0,1,0.1,NA,NA,NA,0,0,3446,1,"TMMwsp",TRUE,FALSE,1.10499943067143,"ctc_pipeline",19,3,8,0,0,891951
4361,0,0,0,0,NA,NA,NA,0.05,NA,NA,NA,0,0,0,NA,"TMM",TRUE,FALSE,0.589737136958854,"edger_default",19,3,8,0,0,891951
7815,0,0,0,0,NA,NA,NA,0.1,NA,NA,NA,0,0,3454,1,"TMMwsp",TRUE,FALSE,0.629782991137372,"ablate_filter",19,3,8,0,0,891951
8104,0,0,0,0,NA,NA,NA,0.1,NA,NA,NA,0,0,0,NA,"TMMwsp",TRUE,FALSE,1.05954747031588,"ablate_exclusive",19,3,8,0,0,891951
11550,0,0,0,0,NA,NA,NA,0.1,NA,NA,NA,0,0,3446,1,"TMM",TRUE,FALSE,1.11341509965969,"ablate_tmmwsp",19,3,8,0,0,891951
11550,1,0,1,0,NA,0,1,0.1,NA,NA,NA,0,0,3446,1,"TMMwsp",TRUE,FALSE,1.10499943067143,"ablate_priorcount",19,3,8,0,0,891951
11550,0,0,0,0,NA,NA,NA,0.05,NA,NA,NA,0,0,3446,1,"TMMwsp",TRUE,FALSE,1.10499943067143,"ablate_fdr",19,3,8,0,0,891951
11550,1,0,1,0,NA,0,1,0.1,NA,NA,NA,0,0,3446,1,"TMMwsp",TRUE,FALSE,1.10499943067143,"ablate_shrinkfloor",19,3,8,0,0,891951
11550,1,0,1,0,NA,0,1,0.1,NA,NA,NA,0,0,3446,1,"TMMwsp",TRUE,FALSE,1.10499943067143,"ablate_lowinput",19,3,8,0,0,891951
10096,1,0,1,0,NA,0,1,0.1,NA,NA,NA,0,0,3453,1,"TMMwsp",FALSE,FALSE,0.901721925851771,"batch_removed",19,3,8,0,0,891951
10096,0,0,0,0,NA,NA,NA,0.1,NA,NA,NA,0,0,3453,1,"TMMwsp",FALSE,FALSE,1.04075386741601,"batch_ignored",19,3,8,0,0,891951
11550,1,0,1,0,NA,0,1,0.1,NA,NA,NA,0,0,3446,1,"TMMwsp",TRUE,FALSE,1.10499943067143,"fix_filter",19,3,8,0,0,891951
12202,0,0,0,0,NA,NA,NA,0.1,NA,NA,NA,0,0,3270,1,"TMMwsp",TRUE,FALSE,1.13055259447992,"ctc_pipeline",20,1,3,0,0,1021336.5
4801,0,0,0,0,NA,NA,NA,0.05,NA,NA,NA,0,0,0,NA,"TMM",TRUE,FALSE,0.728366112562429,"edger_default",20,1,3,0,0,1021336.5
8980,0,0,0,0,NA,NA,NA,0.1,NA,NA,NA,0,0,4179,1,"TMMwsp",TRUE,FALSE,0.81393733844008,"ablate_filter",20,1,3,0,0,1021336.5
8932,0,0,0,0,NA,NA,NA,0.1,NA,NA,NA,0,0,0,NA,"TMMwsp",TRUE,FALSE,1.05011758790377,"ablate_exclusive",20,1,3,0,0,1021336.5
12202,0,0,0,0,NA,NA,NA,0.1,NA,NA,NA,0,0,3270,1,"TMM",TRUE,FALSE,1.13226491921075,"ablate_tmmwsp",20,1,3,0,0,1021336.5
12202,0,0,0,0,NA,NA,NA,0.1,NA,NA,NA,0,0,3270,1,"TMMwsp",TRUE,FALSE,1.13055259447992,"ablate_priorcount",20,1,3,0,0,1021336.5
12202,0,0,0,0,NA,NA,NA,0.05,NA,NA,NA,0,0,3270,1,"TMMwsp",TRUE,FALSE,1.13055259447992,"ablate_fdr",20,1,3,0,0,1021336.5
12202,0,0,0,0,NA,NA,NA,0.1,NA,NA,NA,0,0,3270,1,"TMMwsp",TRUE,FALSE,1.13055259447992,"ablate_shrinkfloor",20,1,3,0,0,1021336.5
12202,0,0,0,0,NA,NA,NA,0.1,NA,NA,NA,0,0,3270,1,"TMMwsp",TRUE,FALSE,1.13055259447992,"ablate_lowinput",20,1,3,0,0,1021336.5
10933,1,0,1,0,NA,0,1,0.1,NA,NA,NA,0,0,4108,1,"TMMwsp",FALSE,FALSE,0.747302835497807,"batch_removed",20,1,3,0,0,1021336.5
10933,0,0,0,0,NA,NA,NA,0.1,NA,NA,NA,0,0,4108,1,"TMMwsp",FALSE,FALSE,1.18095379295615,"batch_ignored",20,1,3,0,0,1021336.5
12202,0,0,0,0,NA,NA,NA,0.1,NA,NA,NA,0,0,3270,1,"TMMwsp",TRUE,FALSE,1.13055259447992,"fix_filter",20,1,3,0,0,1021336.5
12834,0,0,0,0,NA,NA,NA,0.1,NA,NA,NA,0,0,3518,1,"TMMwsp",TRUE,FALSE,1.22621638805482,"ctc_pipeline",20,2,5,0,0,939621.5
5084,0,0,0,0,NA,NA,NA,0.05,NA,NA,NA,0,0,0,NA,"TMM",TRUE,FALSE,0.762053270396513,"edger_default",20,2,5,0,0,939621.5
8863,0,0,0,0,NA,NA,NA,0.1,NA,NA,NA,0,0,3779,1,"TMMwsp",TRUE,FALSE,0.819020793457568,"ablate_filter",20,2,5,0,0,939621.5
9316,0,0,0,0,NA,NA,NA,0.1,NA,NA,NA,0,0,0,NA,"TMMwsp",TRUE,FALSE,1.17667333806455,"ablate_exclusive",20,2,5,0,0,939621.5
12834,0,0,0,0,NA,NA,NA,0.1,NA,NA,NA,0,0,3518,1,"TMM",TRUE,FALSE,1.24398524575385,"ablate_tmmwsp",20,2,5,0,0,939621.5
12834,0,0,0,0,NA,NA,NA,0.1,NA,NA,NA,0,0,3518,1,"TMMwsp",TRUE,FALSE,1.22621638805482,"ablate_priorcount",20,2,5,0,0,939621.5
12834,0,0,0,0,NA,NA,NA,0.05,NA,NA,NA,0,0,3518,1,"TMMwsp",TRUE,FALSE,1.22621638805482,"ablate_fdr",20,2,5,0,0,939621.5
12834,0,0,0,0,NA,NA,NA,0.1,NA,NA,NA,0,0,3518,1,"TMMwsp",TRUE,FALSE,1.22621638805482,"ablate_shrinkfloor",20,2,5,0,0,939621.5
12834,0,0,0,0,NA,NA,NA,0.1,NA,NA,NA,0,0,3518,1,"TMMwsp",TRUE,FALSE,1.22621638805482,"ablate_lowinput",20,2,5,0,0,939621.5
10592,15,0,15,0,NA,0,1,0.1,NA,NA,NA,0,0,3775,1,"TMMwsp",FALSE,FALSE,0.895574130214926,"batch_removed",20,2,5,0,0,939621.5
10592,0,0,0,0,NA,NA,NA,0.1,NA,NA,NA,0,0,3775,1,"TMMwsp",FALSE,FALSE,1.0937274243762,"batch_ignored",20,2,5,0,0,939621.5
12834,0,0,0,0,NA,NA,NA,0.1,NA,NA,NA,0,0,3518,1,"TMMwsp",TRUE,FALSE,1.22621638805482,"fix_filter",20,2,5,0,0,939621.5
11335,0,0,0,0,NA,NA,NA,0.1,NA,NA,NA,0,0,3484,1,"TMMwsp",TRUE,FALSE,1.12808131241773,"ctc_pipeline",20,3,8,0,0,680684
4091,0,0,0,0,NA,NA,NA,0.05,NA,NA,NA,0,0,0,NA,"TMM",TRUE,FALSE,0.583982204901941,"edger_default",20,3,8,0,0,680684
7584,0,0,0,0,NA,NA,NA,0.1,NA,NA,NA,0,0,3493,1,"TMMwsp",TRUE,FALSE,0.62931919055666,"ablate_filter",20,3,8,0,0,680684
7851,0,0,0,0,NA,NA,NA,0.1,NA,NA,NA,0,0,0,NA,"TMMwsp",TRUE,FALSE,1.08009030944408,"ablate_exclusive",20,3,8,0,0,680684
11335,0,0,0,0,NA,NA,NA,0.1,NA,NA,NA,0,0,3484,1,"TMM",TRUE,FALSE,1.13647723468905,"ablate_tmmwsp",20,3,8,0,0,680684
11335,0,0,0,0,NA,NA,NA,0.1,NA,NA,NA,0,0,3484,1,"TMMwsp",TRUE,FALSE,1.12808131241773,"ablate_priorcount",20,3,8,0,0,680684
11335,0,0,0,0,NA,NA,NA,0.05,NA,NA,NA,0,0,3484,1,"TMMwsp",TRUE,FALSE,1.12808131241773,"ablate_fdr",20,3,8,0,0,680684
11335,0,0,0,0,NA,NA,NA,0.1,NA,NA,NA,0,0,3484,1,"TMMwsp",TRUE,FALSE,1.12808131241773,"ablate_shrinkfloor",20,3,8,0,0,680684
11335,0,0,0,0,NA,NA,NA,0.1,NA,NA,NA,0,0,3484,1,"TMMwsp",TRUE,FALSE,1.12808131241773,"ablate_lowinput",20,3,8,0,0,680684
9859,1,0,1,0,NA,0,1,0.1,NA,NA,NA,0,0,3492,1,"TMMwsp",FALSE,FALSE,0.928018698368467,"batch_removed",20,3,8,0,0,680684
9859,0,0,0,0,NA,NA,NA,0.1,NA,NA,NA,0,0,3492,1,"TMMwsp",FALSE,FALSE,1.06513773944537,"batch_ignored",20,3,8,0,0,680684
11335,0,0,0,0,NA,NA,NA,0.1,NA,NA,NA,0,0,3484,1,"TMMwsp",TRUE,FALSE,1.12808131241773,"fix_filter",20,3,8,0,0,680684
11437,0,0,0,0,NA,NA,NA,0.1,NA,NA,NA,0,0,3204,1,"TMMwsp",TRUE,FALSE,1.29259925925961,"ctc_pipeline",21,1,3,0,0,626470
3851,0,0,0,0,NA,NA,NA,0.05,NA,NA,NA,0,0,0,NA,"TMM",TRUE,FALSE,0.777881584233263,"edger_default",21,1,3,0,0,626470
7888,0,0,0,0,NA,NA,NA,0.1,NA,NA,NA,0,0,4037,1,"TMMwsp",TRUE,FALSE,0.838067069349324,"ablate_filter",21,1,3,0,0,626470
8233,0,0,0,0,NA,NA,NA,0.1,NA,NA,NA,0,0,0,NA,"TMMwsp",TRUE,FALSE,1.24646373274722,"ablate_exclusive",21,1,3,0,0,626470
11437,0,0,0,0,NA,NA,NA,0.1,NA,NA,NA,0,0,3204,1,"TMM",TRUE,FALSE,1.31806393257214,"ablate_tmmwsp",21,1,3,0,0,626470
11437,0,0,0,0,NA,NA,NA,0.1,NA,NA,NA,0,0,3204,1,"TMMwsp",TRUE,FALSE,1.29259925925961,"ablate_priorcount",21,1,3,0,0,626470
11437,0,0,0,0,NA,NA,NA,0.05,NA,NA,NA,0,0,3204,1,"TMMwsp",TRUE,FALSE,1.29259925925961,"ablate_fdr",21,1,3,0,0,626470
11437,0,0,0,0,NA,NA,NA,0.1,NA,NA,NA,0,0,3204,1,"TMMwsp",TRUE,FALSE,1.29259925925961,"ablate_shrinkfloor",21,1,3,0,0,626470
11437,0,0,0,0,NA,NA,NA,0.1,NA,NA,NA,0,0,3204,1,"TMMwsp",TRUE,FALSE,1.29259925925961,"ablate_lowinput",21,1,3,0,0,626470
10173,8,0,8,0,NA,0,1,0.1,NA,NA,NA,0,0,3913,1,"TMMwsp",FALSE,FALSE,0.824215813925246,"batch_removed",21,1,3,0,0,626470
10173,0,0,0,0,NA,NA,NA,0.1,NA,NA,NA,0,0,3913,1,"TMMwsp",FALSE,FALSE,1.27132648839082,"batch_ignored",21,1,3,0,0,626470
11437,0,0,0,0,NA,NA,NA,0.1,NA,NA,NA,0,0,3204,1,"TMMwsp",TRUE,FALSE,1.29259925925961,"fix_filter",21,1,3,0,0,626470
13468,0,0,0,0,NA,NA,NA,0.1,NA,NA,NA,0,0,3559,1,"TMMwsp",TRUE,FALSE,1.16474501197903,"ctc_pipeline",21,2,5,0,0,1097255.5
5429,0,0,0,0,NA,NA,NA,0.05,NA,NA,NA,0,0,0,NA,"TMM",TRUE,FALSE,0.691572900405164,"edger_default",21,2,5,0,0,1097255.5
9311,0,0,0,0,NA,NA,NA,0.1,NA,NA,NA,0,0,3882,1,"TMMwsp",TRUE,FALSE,0.751901760685635,"ablate_filter",21,2,5,0,0,1097255.5
9909,0,0,0,0,NA,NA,NA,0.1,NA,NA,NA,0,0,0,NA,"TMMwsp",TRUE,FALSE,1.11148372785746,"ablate_exclusive",21,2,5,0,0,1097255.5
13468,0,0,0,0,NA,NA,NA,0.1,NA,NA,NA,0,0,3559,1,"TMM",TRUE,FALSE,1.16507809285497,"ablate_tmmwsp",21,2,5,0,0,1097255.5
13468,0,0,0,0,NA,NA,NA,0.1,NA,NA,NA,0,0,3559,1,"TMMwsp",TRUE,FALSE,1.16474501197903,"ablate_priorcount",21,2,5,0,0,1097255.5
13468,0,0,0,0,NA,NA,NA,0.05,NA,NA,NA,0,0,3559,1,"TMMwsp",TRUE,FALSE,1.16474501197903,"ablate_fdr",21,2,5,0,0,1097255.5
13468,0,0,0,0,NA,NA,NA,0.1,NA,NA,NA,0,0,3559,1,"TMMwsp",TRUE,FALSE,1.16474501197903,"ablate_shrinkfloor",21,2,5,0,0,1097255.5
13468,0,0,0,0,NA,NA,NA,0.1,NA,NA,NA,0,0,3559,1,"TMMwsp",TRUE,FALSE,1.16474501197903,"ablate_lowinput",21,2,5,0,0,1097255.5
11257,2,0,2,0,NA,0,1,0.1,NA,NA,NA,0,0,3877,1,"TMMwsp",FALSE,FALSE,0.852671107101698,"batch_removed",21,2,5,0,0,1097255.5
11257,0,0,0,0,NA,NA,NA,0.1,NA,NA,NA,0,0,3877,1,"TMMwsp",FALSE,FALSE,1.05462278121754,"batch_ignored",21,2,5,0,0,1097255.5
13468,0,0,0,0,NA,NA,NA,0.1,NA,NA,NA,0,0,3559,1,"TMMwsp",TRUE,FALSE,1.16474501197903,"fix_filter",21,2,5,0,0,1097255.5
11999,0,0,0,0,NA,NA,NA,0.1,NA,NA,NA,0,0,3347,1,"TMMwsp",TRUE,FALSE,1.0566454523886,"ctc_pipeline",21,3,8,0,0,1123556
4978,0,0,0,0,NA,NA,NA,0.05,NA,NA,NA,0,0,0,NA,"TMM",TRUE,FALSE,0.595652912882699,"edger_default",21,3,8,0,0,1123556
8330,0,0,0,0,NA,NA,NA,0.1,NA,NA,NA,0,0,3352,1,"TMMwsp",TRUE,FALSE,0.632990541887806,"ablate_filter",21,3,8,0,0,1123556
8652,0,0,0,0,NA,NA,NA,0.1,NA,NA,NA,0,0,0,NA,"TMMwsp",TRUE,FALSE,1.01290090299854,"ablate_exclusive",21,3,8,0,0,1123556
11999,0,0,0,0,NA,NA,NA,0.1,NA,NA,NA,0,0,3347,1,"TMM",TRUE,FALSE,1.06401796982191,"ablate_tmmwsp",21,3,8,0,0,1123556
11999,0,0,0,0,NA,NA,NA,0.1,NA,NA,NA,0,0,3347,1,"TMMwsp",TRUE,FALSE,1.0566454523886,"ablate_priorcount",21,3,8,0,0,1123556
11999,0,0,0,0,NA,NA,NA,0.05,NA,NA,NA,0,0,3347,1,"TMMwsp",TRUE,FALSE,1.0566454523886,"ablate_fdr",21,3,8,0,0,1123556
11999,0,0,0,0,NA,NA,NA,0.1,NA,NA,NA,0,0,3347,1,"TMMwsp",TRUE,FALSE,1.0566454523886,"ablate_shrinkfloor",21,3,8,0,0,1123556
11999,0,0,0,0,NA,NA,NA,0.1,NA,NA,NA,0,0,3347,1,"TMMwsp",TRUE,FALSE,1.0566454523886,"ablate_lowinput",21,3,8,0,0,1123556
10520,0,0,0,0,NA,NA,NA,0.1,NA,NA,NA,0,0,3352,1,"TMMwsp",FALSE,FALSE,0.858690798205632,"batch_removed",21,3,8,0,0,1123556
10520,0,0,0,0,NA,NA,NA,0.1,NA,NA,NA,0,0,3352,1,"TMMwsp",FALSE,FALSE,1.00429995488373,"batch_ignored",21,3,8,0,0,1123556
11999,0,0,0,0,NA,NA,NA,0.1,NA,NA,NA,0,0,3347,1,"TMMwsp",TRUE,FALSE,1.0566454523886,"fix_filter",21,3,8,0,0,1123556
12491,0,0,0,0,NA,NA,NA,0.1,NA,NA,NA,0,0,3235,1,"TMMwsp",TRUE,FALSE,1.14273458299464,"ctc_pipeline",22,1,3,0,0,1102699
4821,0,0,0,0,NA,NA,NA,0.05,NA,NA,NA,0,0,0,NA,"TMM",TRUE,FALSE,0.717219978597155,"edger_default",22,1,3,0,0,1102699
8954,0,0,0,0,NA,NA,NA,0.1,NA,NA,NA,0,0,4133,1,"TMMwsp",TRUE,FALSE,0.778002915900244,"ablate_filter",22,1,3,0,0,1102699
9256,0,0,0,0,NA,NA,NA,0.1,NA,NA,NA,0,0,0,NA,"TMMwsp",TRUE,FALSE,1.09726305039712,"ablate_exclusive",22,1,3,0,0,1102699
12491,0,0,0,0,NA,NA,NA,0.1,NA,NA,NA,0,0,3235,1,"TMM",TRUE,FALSE,1.15192433863485,"ablate_tmmwsp",22,1,3,0,0,1102699
12491,0,0,0,0,NA,NA,NA,0.1,NA,NA,NA,0,0,3235,1,"TMMwsp",TRUE,FALSE,1.14273458299464,"ablate_priorcount",22,1,3,0,0,1102699
12491,0,0,0,0,NA,NA,NA,0.05,NA,NA,NA,0,0,3235,1,"TMMwsp",TRUE,FALSE,1.14273458299464,"ablate_fdr",22,1,3,0,0,1102699
12491,0,0,0,0,NA,NA,NA,0.1,NA,NA,NA,0,0,3235,1,"TMMwsp",TRUE,FALSE,1.14273458299464,"ablate_shrinkfloor",22,1,3,0,0,1102699
12491,0,0,0,0,NA,NA,NA,0.1,NA,NA,NA,0,0,3235,1,"TMMwsp",TRUE,FALSE,1.14273458299464,"ablate_lowinput",22,1,3,0,0,1102699
11247,13,0,13,0,NA,0,1,0.1,NA,NA,NA,0,0,4039,1,"TMMwsp",FALSE,FALSE,0.734665486879147,"batch_removed",22,1,3,0,0,1102699
11247,0,0,0,0,NA,NA,NA,0.1,NA,NA,NA,0,0,4039,1,"TMMwsp",FALSE,FALSE,1.17216246871339,"batch_ignored",22,1,3,0,0,1102699
12491,0,0,0,0,NA,NA,NA,0.1,NA,NA,NA,0,0,3235,1,"TMMwsp",TRUE,FALSE,1.14273458299464,"fix_filter",22,1,3,0,0,1102699
12667,0,0,0,0,NA,NA,NA,0.1,NA,NA,NA,0,0,3580,1,"TMMwsp",TRUE,FALSE,1.24609437630946,"ctc_pipeline",22,2,5,0,0,861864
4676,0,0,0,0,NA,NA,NA,0.05,NA,NA,NA,0,0,0,NA,"TMM",TRUE,FALSE,0.746547915329233,"edger_default",22,2,5,0,0,861864
8525,0,0,0,0,NA,NA,NA,0.1,NA,NA,NA,0,0,3849,1,"TMMwsp",TRUE,FALSE,0.797351880313994,"ablate_filter",22,2,5,0,0,861864
9087,0,0,0,0,NA,NA,NA,0.1,NA,NA,NA,0,0,0,NA,"TMMwsp",TRUE,FALSE,1.20054943191284,"ablate_exclusive",22,2,5,0,0,861864
12667,0,0,0,0,NA,NA,NA,0.1,NA,NA,NA,0,0,3580,1,"TMM",TRUE,FALSE,1.27319935255634,"ablate_tmmwsp",22,2,5,0,0,861864
12667,0,0,0,0,NA,NA,NA,0.1,NA,NA,NA,0,0,3580,1,"TMMwsp",TRUE,FALSE,1.24609437630946,"ablate_priorcount",22,2,5,0,0,861864
12667,0,0,0,0,NA,NA,NA,0.05,NA,NA,NA,0,0,3580,1,"TMMwsp",TRUE,FALSE,1.24609437630946,"ablate_fdr",22,2,5,0,0,861864
12667,0,0,0,0,NA,NA,NA,0.1,NA,NA,NA,0,0,3580,1,"TMMwsp",TRUE,FALSE,1.24609437630946,"ablate_shrinkfloor",22,2,5,0,0,861864
12667,0,0,0,0,NA,NA,NA,0.1,NA,NA,NA,0,0,3580,1,"TMMwsp",TRUE,FALSE,1.24609437630946,"ablate_lowinput",22,2,5,0,0,861864
10304,3,0,3,0,NA,0,1,0.1,NA,NA,NA,0,0,3844,1,"TMMwsp",FALSE,FALSE,0.9233893947744,"batch_removed",22,2,5,0,0,861864
10304,0,0,0,0,NA,NA,NA,0.1,NA,NA,NA,0,0,3844,1,"TMMwsp",FALSE,FALSE,1.09226478935038,"batch_ignored",22,2,5,0,0,861864
12667,0,0,0,0,NA,NA,NA,0.1,NA,NA,NA,0,0,3580,1,"TMMwsp",TRUE,FALSE,1.24609437630946,"fix_filter",22,2,5,0,0,861864
11398,0,0,0,0,NA,NA,NA,0.1,NA,NA,NA,0,0,3473,1,"TMMwsp",TRUE,FALSE,1.12239793648564,"ctc_pipeline",22,3,8,0,0,1093841
4431,0,0,0,0,NA,NA,NA,0.05,NA,NA,NA,0,0,0,NA,"TMM",TRUE,FALSE,0.621068108251816,"edger_default",22,3,8,0,0,1093841
7912,0,0,0,0,NA,NA,NA,0.1,NA,NA,NA,0,0,3481,1,"TMMwsp",TRUE,FALSE,0.668313641972636,"ablate_filter",22,3,8,0,0,1093841
7925,0,0,0,0,NA,NA,NA,0.1,NA,NA,NA,0,0,0,NA,"TMMwsp",TRUE,FALSE,1.07185422096576,"ablate_exclusive",22,3,8,0,0,1093841
11398,0,0,0,0,NA,NA,NA,0.1,NA,NA,NA,0,0,3473,1,"TMM",TRUE,FALSE,1.1254868552554,"ablate_tmmwsp",22,3,8,0,0,1093841
11398,0,0,0,0,NA,NA,NA,0.1,NA,NA,NA,0,0,3473,1,"TMMwsp",TRUE,FALSE,1.12239793648564,"ablate_priorcount",22,3,8,0,0,1093841
11398,0,0,0,0,NA,NA,NA,0.05,NA,NA,NA,0,0,3473,1,"TMMwsp",TRUE,FALSE,1.12239793648564,"ablate_fdr",22,3,8,0,0,1093841
11398,0,0,0,0,NA,NA,NA,0.1,NA,NA,NA,0,0,3473,1,"TMMwsp",TRUE,FALSE,1.12239793648564,"ablate_shrinkfloor",22,3,8,0,0,1093841
11398,0,0,0,0,NA,NA,NA,0.1,NA,NA,NA,0,0,3473,1,"TMMwsp",TRUE,FALSE,1.12239793648564,"ablate_lowinput",22,3,8,0,0,1093841
9986,2,0,2,0,NA,0,1,0.1,NA,NA,NA,0,0,3481,1,"TMMwsp",FALSE,FALSE,0.923263379362588,"batch_removed",22,3,8,0,0,1093841
9986,0,0,0,0,NA,NA,NA,0.1,NA,NA,NA,0,0,3481,1,"TMMwsp",FALSE,FALSE,1.0647707888122,"batch_ignored",22,3,8,0,0,1093841
11398,0,0,0,0,NA,NA,NA,0.1,NA,NA,NA,0,0,3473,1,"TMMwsp",TRUE,FALSE,1.12239793648564,"fix_filter",22,3,8,0,0,1093841
12994,0,0,0,0,NA,NA,NA,0.1,NA,NA,NA,0,0,3026,1,"TMMwsp",TRUE,FALSE,1.11838265293674,"ctc_pipeline",23,1,3,0,0,1088617
5473,0,0,0,0,NA,NA,NA,0.05,NA,NA,NA,0,0,0,NA,"TMM",TRUE,FALSE,0.728913545109712,"edger_default",23,1,3,0,0,1088617
9462,0,0,0,0,NA,NA,NA,0.1,NA,NA,NA,0,0,3989,1,"TMMwsp",TRUE,FALSE,0.782679729937732,"ablate_filter",23,1,3,0,0,1088617
9968,0,0,0,0,NA,NA,NA,0.1,NA,NA,NA,0,0,0,NA,"TMMwsp",TRUE,FALSE,1.07535318541332,"ablate_exclusive",23,1,3,0,0,1088617
12994,0,0,0,0,NA,NA,NA,0.1,NA,NA,NA,0,0,3026,1,"TMM",TRUE,FALSE,1.12334227185249,"ablate_tmmwsp",23,1,3,0,0,1088617
12994,0,0,0,0,NA,NA,NA,0.1,NA,NA,NA,0,0,3026,1,"TMMwsp",TRUE,FALSE,1.11838265293674,"ablate_priorcount",23,1,3,0,0,1088617
12994,0,0,0,0,NA,NA,NA,0.05,NA,NA,NA,0,0,3026,1,"TMMwsp",TRUE,FALSE,1.11838265293674,"ablate_fdr",23,1,3,0,0,1088617
12994,0,0,0,0,NA,NA,NA,0.1,NA,NA,NA,0,0,3026,1,"TMMwsp",TRUE,FALSE,1.11838265293674,"ablate_shrinkfloor",23,1,3,0,0,1088617
12994,0,0,0,0,NA,NA,NA,0.1,NA,NA,NA,0,0,3026,1,"TMMwsp",TRUE,FALSE,1.11838265293674,"ablate_lowinput",23,1,3,0,0,1088617
11719,5,0,5,0,NA,0,1,0.1,NA,NA,NA,0,0,3883,1,"TMMwsp",FALSE,FALSE,0.703585057186551,"batch_removed",23,1,3,0,0,1088617
11719,0,0,0,0,NA,NA,NA,0.1,NA,NA,NA,0,0,3883,1,"TMMwsp",FALSE,FALSE,1.13460247998035,"batch_ignored",23,1,3,0,0,1088617
12994,0,0,0,0,NA,NA,NA,0.1,NA,NA,NA,0,0,3026,1,"TMMwsp",TRUE,FALSE,1.11838265293674,"fix_filter",23,1,3,0,0,1088617
12684,0,0,0,0,NA,NA,NA,0.1,NA,NA,NA,0,0,3650,1,"TMMwsp",TRUE,FALSE,1.2668667313943,"ctc_pipeline",23,2,5,0,0,890959
4619,0,0,0,0,NA,NA,NA,0.05,NA,NA,NA,0,0,0,NA,"TMM",TRUE,FALSE,0.755025546085903,"edger_default",23,2,5,0,0,890959
8531,0,0,0,0,NA,NA,NA,0.1,NA,NA,NA,0,0,3912,1,"TMMwsp",TRUE,FALSE,0.809728094886479,"ablate_filter",23,2,5,0,0,890959
9034,0,0,0,0,NA,NA,NA,0.1,NA,NA,NA,0,0,0,NA,"TMMwsp",TRUE,FALSE,1.21675297378612,"ablate_exclusive",23,2,5,0,0,890959
12684,0,0,0,0,NA,NA,NA,0.1,NA,NA,NA,0,0,3650,1,"TMM",TRUE,FALSE,1.29466470027544,"ablate_tmmwsp",23,2,5,0,0,890959
12684,0,0,0,0,NA,NA,NA,0.1,NA,NA,NA,0,0,3650,1,"TMMwsp",TRUE,FALSE,1.2668667313943,"ablate_priorcount",23,2,5,0,0,890959
12684,0,0,0,0,NA,NA,NA,0.05,NA,NA,NA,0,0,3650,1,"TMMwsp",TRUE,FALSE,1.2668667313943,"ablate_fdr",23,2,5,0,0,890959
12684,0,0,0,0,NA,NA,NA,0.1,NA,NA,NA,0,0,3650,1,"TMMwsp",TRUE,FALSE,1.2668667313943,"ablate_shrinkfloor",23,2,5,0,0,890959
12684,0,0,0,0,NA,NA,NA,0.1,NA,NA,NA,0,0,3650,1,"TMMwsp",TRUE,FALSE,1.2668667313943,"ablate_lowinput",23,2,5,0,0,890959
10362,3,0,3,0,NA,0,1,0.1,NA,NA,NA,0,0,3909,1,"TMMwsp",FALSE,FALSE,0.929359549390865,"batch_removed",23,2,5,0,0,890959
10362,0,0,0,0,NA,NA,NA,0.1,NA,NA,NA,0,0,3909,1,"TMMwsp",FALSE,FALSE,1.12287198521686,"batch_ignored",23,2,5,0,0,890959
12684,0,0,0,0,NA,NA,NA,0.1,NA,NA,NA,0,0,3650,1,"TMMwsp",TRUE,FALSE,1.2668667313943,"fix_filter",23,2,5,0,0,890959
11269,0,0,0,0,NA,NA,NA,0.1,NA,NA,NA,0,0,3486,1,"TMMwsp",TRUE,FALSE,1.12899375662704,"ctc_pipeline",23,3,8,0,0,995621.5
4335,0,0,0,0,NA,NA,NA,0.05,NA,NA,NA,0,0,0,NA,"TMM",TRUE,FALSE,0.646790674722455,"edger_default",23,3,8,0,0,995621.5
7825,0,0,0,0,NA,NA,NA,0.1,NA,NA,NA,0,0,3490,1,"TMMwsp",TRUE,FALSE,0.689418760664142,"ablate_filter",23,3,8,0,0,995621.5
7783,0,0,0,0,NA,NA,NA,0.1,NA,NA,NA,0,0,0,NA,"TMMwsp",TRUE,FALSE,1.08461211360299,"ablate_exclusive",23,3,8,0,0,995621.5
11269,0,0,0,0,NA,NA,NA,0.1,NA,NA,NA,0,0,3486,1,"TMM",TRUE,FALSE,1.14317962591742,"ablate_tmmwsp",23,3,8,0,0,995621.5
11269,0,0,0,0,NA,NA,NA,0.1,NA,NA,NA,0,0,3486,1,"TMMwsp",TRUE,FALSE,1.12899375662704,"ablate_priorcount",23,3,8,0,0,995621.5
11269,0,0,0,0,NA,NA,NA,0.05,NA,NA,NA,0,0,3486,1,"TMMwsp",TRUE,FALSE,1.12899375662704,"ablate_fdr",23,3,8,0,0,995621.5
11269,0,0,0,0,NA,NA,NA,0.1,NA,NA,NA,0,0,3486,1,"TMMwsp",TRUE,FALSE,1.12899375662704,"ablate_shrinkfloor",23,3,8,0,0,995621.5
11269,0,0,0,0,NA,NA,NA,0.1,NA,NA,NA,0,0,3486,1,"TMMwsp",TRUE,FALSE,1.12899375662704,"ablate_lowinput",23,3,8,0,0,995621.5
9807,1,0,1,0,NA,0,1,0.1,NA,NA,NA,0,0,3490,1,"TMMwsp",FALSE,FALSE,0.929077320159655,"batch_removed",23,3,8,0,0,995621.5
9807,0,0,0,0,NA,NA,NA,0.1,NA,NA,NA,0,0,3490,1,"TMMwsp",FALSE,FALSE,1.06066972380652,"batch_ignored",23,3,8,0,0,995621.5
11269,0,0,0,0,NA,NA,NA,0.1,NA,NA,NA,0,0,3486,1,"TMMwsp",TRUE,FALSE,1.12899375662704,"fix_filter",23,3,8,0,0,995621.5
12596,0,0,0,0,NA,NA,NA,0.1,NA,NA,NA,0,0,3082,1,"TMMwsp",TRUE,FALSE,1.1539438374989,"ctc_pipeline",24,1,3,0,0,1280202.5
5177,0,0,0,0,NA,NA,NA,0.05,NA,NA,NA,0,0,0,NA,"TMM",TRUE,FALSE,0.76553310453959,"edger_default",24,1,3,0,0,1280202.5
9156,0,0,0,0,NA,NA,NA,0.1,NA,NA,NA,0,0,3979,1,"TMMwsp",TRUE,FALSE,0.821091652375345,"ablate_filter",24,1,3,0,0,1280202.5
9514,0,0,0,0,NA,NA,NA,0.1,NA,NA,NA,0,0,0,NA,"TMMwsp",TRUE,FALSE,1.10982844087128,"ablate_exclusive",24,1,3,0,0,1280202.5
12596,0,0,0,0,NA,NA,NA,0.1,NA,NA,NA,0,0,3082,1,"TMM",TRUE,FALSE,1.16552883433229,"ablate_tmmwsp",24,1,3,0,0,1280202.5
12596,0,0,0,0,NA,NA,NA,0.1,NA,NA,NA,0,0,3082,1,"TMMwsp",TRUE,FALSE,1.1539438374989,"ablate_priorcount",24,1,3,0,0,1280202.5
12596,0,0,0,0,NA,NA,NA,0.05,NA,NA,NA,0,0,3082,1,"TMMwsp",TRUE,FALSE,1.1539438374989,"ablate_fdr",24,1,3,0,0,1280202.5
12596,0,0,0,0,NA,NA,NA,0.1,NA,NA,NA,0,0,3082,1,"TMMwsp",TRUE,FALSE,1.1539438374989,"ablate_shrinkfloor",24,1,3,0,0,1280202.5
12596,0,0,0,0,NA,NA,NA,0.1,NA,NA,NA,0,0,3082,1,"TMMwsp",TRUE,FALSE,1.1539438374989,"ablate_lowinput",24,1,3,0,0,1280202.5
11328,3,0,3,0,NA,0,1,0.1,NA,NA,NA,0,0,3884,1,"TMMwsp",FALSE,FALSE,0.737216937036366,"batch_removed",24,1,3,0,0,1280202.5
11328,0,0,0,0,NA,NA,NA,0.1,NA,NA,NA,0,0,3884,1,"TMMwsp",FALSE,FALSE,1.1714943736592,"batch_ignored",24,1,3,0,0,1280202.5
12596,0,0,0,0,NA,NA,NA,0.1,NA,NA,NA,0,0,3082,1,"TMMwsp",TRUE,FALSE,1.1539438374989,"fix_filter",24,1,3,0,0,1280202.5
11640,0,0,0,0,NA,NA,NA,0.1,NA,NA,NA,0,0,3757,1,"TMMwsp",TRUE,FALSE,1.39951015970669,"ctc_pipeline",24,2,5,0,0,653396.5
3731,0,0,0,0,NA,NA,NA,0.05,NA,NA,NA,0,0,0,NA,"TMM",TRUE,FALSE,0.771649526584484,"edger_default",24,2,5,0,0,653396.5
7727,0,0,0,0,NA,NA,NA,0.1,NA,NA,NA,0,0,3996,1,"TMMwsp",TRUE,FALSE,0.856302196658774,"ablate_filter",24,2,5,0,0,653396.5
7883,0,0,0,0,NA,NA,NA,0.1,NA,NA,NA,0,0,0,NA,"TMMwsp",TRUE,FALSE,1.32457266742781,"ablate_exclusive",24,2,5,0,0,653396.5
11640,0,0,0,0,NA,NA,NA,0.1,NA,NA,NA,0,0,3757,1,"TMM",TRUE,FALSE,1.40945445564273,"ablate_tmmwsp",24,2,5,0,0,653396.5
11640,0,0,0,0,NA,NA,NA,0.1,NA,NA,NA,0,0,3757,1,"TMMwsp",TRUE,FALSE,1.39951015970669,"ablate_priorcount",24,2,5,0,0,653396.5
11640,0,0,0,0,NA,NA,NA,0.05,NA,NA,NA,0,0,3757,1,"TMMwsp",TRUE,FALSE,1.39951015970669,"ablate_fdr",24,2,5,0,0,653396.5
11640,0,0,0,0,NA,NA,NA,0.1,NA,NA,NA,0,0,3757,1,"TMMwsp",TRUE,FALSE,1.39951015970669,"ablate_shrinkfloor",24,2,5,0,0,653396.5
11640,0,0,0,0,NA,NA,NA,0.1,NA,NA,NA,0,0,3757,1,"TMMwsp",TRUE,FALSE,1.39951015970669,"ablate_lowinput",24,2,5,0,0,653396.5
9476,0,0,0,0,NA,NA,NA,0.1,NA,NA,NA,0,0,3992,1,"TMMwsp",FALSE,FALSE,0.986979938860735,"batch_removed",24,2,5,0,0,653396.5
9476,0,0,0,0,NA,NA,NA,0.1,NA,NA,NA,0,0,3992,1,"TMMwsp",FALSE,FALSE,1.23689671056319,"batch_ignored",24,2,5,0,0,653396.5
11640,0,0,0,0,NA,NA,NA,0.1,NA,NA,NA,0,0,3757,1,"TMMwsp",TRUE,FALSE,1.39951015970669,"fix_filter",24,2,5,0,0,653396.5
11405,1,0,1,0,NA,0,1,0.1,NA,NA,NA,0,0,3439,1,"TMMwsp",TRUE,FALSE,1.10227853210539,"ctc_pipeline",24,3,8,0,0,847540.5
4387,0,0,0,0,NA,NA,NA,0.05,NA,NA,NA,0,0,0,NA,"TMM",TRUE,FALSE,0.614283395867295,"edger_default",24,3,8,0,0,847540.5
7830,1,0,1,0,NA,0,1,0.1,NA,NA,NA,0,0,3443,1,"TMMwsp",TRUE,FALSE,0.657692168822907,"ablate_filter",24,3,8,0,0,847540.5
7966,0,0,0,0,NA,NA,NA,0.1,NA,NA,NA,0,0,0,NA,"TMMwsp",TRUE,FALSE,1.05552129663716,"ablate_exclusive",24,3,8,0,0,847540.5
11405,1,0,1,0,NA,0,1,0.1,NA,NA,NA,0,0,3439,1,"TMM",TRUE,FALSE,1.11331274886208,"ablate_tmmwsp",24,3,8,0,0,847540.5
11405,1,0,1,0,NA,0,1,0.1,NA,NA,NA,0,0,3439,1,"TMMwsp",TRUE,FALSE,1.10227853210539,"ablate_priorcount",24,3,8,0,0,847540.5
11405,1,0,1,0,NA,0,1,0.05,NA,NA,NA,0,0,3439,1,"TMMwsp",TRUE,FALSE,1.10227853210539,"ablate_fdr",24,3,8,0,0,847540.5
11405,1,0,1,0,NA,0,1,0.1,NA,NA,NA,0,0,3439,1,"TMMwsp",TRUE,FALSE,1.10227853210539,"ablate_shrinkfloor",24,3,8,0,0,847540.5
11405,1,0,1,0,NA,0,1,0.1,NA,NA,NA,0,0,3439,1,"TMMwsp",TRUE,FALSE,1.10227853210539,"ablate_lowinput",24,3,8,0,0,847540.5
9914,2,0,2,0,NA,0,1,0.1,NA,NA,NA,0,0,3443,1,"TMMwsp",FALSE,FALSE,0.904391005364389,"batch_removed",24,3,8,0,0,847540.5
9914,1,0,1,0,NA,0,1,0.1,NA,NA,NA,0,0,3443,1,"TMMwsp",FALSE,FALSE,1.04707782199523,"batch_ignored",24,3,8,0,0,847540.5
11405,1,0,1,0,NA,0,1,0.1,NA,NA,NA,0,0,3439,1,"TMMwsp",TRUE,FALSE,1.10227853210539,"fix_filter",24,3,8,0,0,847540.5
12110,0,0,0,0,NA,NA,NA,0.1,NA,NA,NA,0,0,3186,1,"TMMwsp",TRUE,FALSE,1.1413062974324,"ctc_pipeline",25,1,3,0,0,808500
4479,0,0,0,0,NA,NA,NA,0.05,NA,NA,NA,0,0,0,NA,"TMM",TRUE,FALSE,0.698189321079497,"edger_default",25,1,3,0,0,808500
8569,0,0,0,0,NA,NA,NA,0.1,NA,NA,NA,0,0,4090,1,"TMMwsp",TRUE,FALSE,0.771416659041741,"ablate_filter",25,1,3,0,0,808500
8924,0,0,0,0,NA,NA,NA,0.1,NA,NA,NA,0,0,0,NA,"TMMwsp",TRUE,FALSE,1.07876179054543,"ablate_exclusive",25,1,3,0,0,808500
12110,0,0,0,0,NA,NA,NA,0.1,NA,NA,NA,0,0,3186,1,"TMM",TRUE,FALSE,1.16465654250628,"ablate_tmmwsp",25,1,3,0,0,808500
12110,0,0,0,0,NA,NA,NA,0.1,NA,NA,NA,0,0,3186,1,"TMMwsp",TRUE,FALSE,1.1413062974324,"ablate_priorcount",25,1,3,0,0,808500
12110,0,0,0,0,NA,NA,NA,0.05,NA,NA,NA,0,0,3186,1,"TMMwsp",TRUE,FALSE,1.1413062974324,"ablate_fdr",25,1,3,0,0,808500
12110,0,0,0,0,NA,NA,NA,0.1,NA,NA,NA,0,0,3186,1,"TMMwsp",TRUE,FALSE,1.1413062974324,"ablate_shrinkfloor",25,1,3,0,0,808500
12110,0,0,0,0,NA,NA,NA,0.1,NA,NA,NA,0,0,3186,1,"TMMwsp",TRUE,FALSE,1.1413062974324,"ablate_lowinput",25,1,3,0,0,808500
10853,0,0,0,0,NA,NA,NA,0.1,NA,NA,NA,0,0,3976,1,"TMMwsp",FALSE,FALSE,0.770326058066387,"batch_removed",25,1,3,0,0,808500
10853,0,0,0,0,NA,NA,NA,0.1,NA,NA,NA,0,0,3976,1,"TMMwsp",FALSE,FALSE,1.20544916769622,"batch_ignored",25,1,3,0,0,808500
12110,0,0,0,0,NA,NA,NA,0.1,NA,NA,NA,0,0,3186,1,"TMMwsp",TRUE,FALSE,1.1413062974324,"fix_filter",25,1,3,0,0,808500
12085,0,0,0,0,NA,NA,NA,0.1,NA,NA,NA,0,0,3676,1,"TMMwsp",TRUE,FALSE,1.33759832341156,"ctc_pipeline",25,2,5,0,0,695043
4049,0,0,0,0,NA,NA,NA,0.05,NA,NA,NA,0,0,0,NA,"TMM",TRUE,FALSE,0.757519335712941,"edger_default",25,2,5,0,0,695043
7960,0,0,0,0,NA,NA,NA,0.1,NA,NA,NA,0,0,3911,1,"TMMwsp",TRUE,FALSE,0.827401012670066,"ablate_filter",25,2,5,0,0,695043
8409,0,0,0,0,NA,NA,NA,0.1,NA,NA,NA,0,0,0,NA,"TMMwsp",TRUE,FALSE,1.27946094344175,"ablate_exclusive",25,2,5,0,0,695043
12085,0,0,0,0,NA,NA,NA,0.1,NA,NA,NA,0,0,3676,1,"TMM",TRUE,FALSE,1.35962720590482,"ablate_tmmwsp",25,2,5,0,0,695043
12085,0,0,0,0,NA,NA,NA,0.1,NA,NA,NA,0,0,3676,1,"TMMwsp",TRUE,FALSE,1.33759832341156,"ablate_priorcount",25,2,5,0,0,695043
12085,0,0,0,0,NA,NA,NA,0.05,NA,NA,NA,0,0,3676,1,"TMMwsp",TRUE,FALSE,1.33759832341156,"ablate_fdr",25,2,5,0,0,695043
12085,0,0,0,0,NA,NA,NA,0.1,NA,NA,NA,0,0,3676,1,"TMMwsp",TRUE,FALSE,1.33759832341156,"ablate_shrinkfloor",25,2,5,0,0,695043
12085,0,0,0,0,NA,NA,NA,0.1,NA,NA,NA,0,0,3676,1,"TMMwsp",TRUE,FALSE,1.33759832341156,"ablate_lowinput",25,2,5,0,0,695043
9792,1,0,1,0,NA,0,1,0.1,NA,NA,NA,0,0,3905,1,"TMMwsp",FALSE,FALSE,0.95924236094731,"batch_removed",25,2,5,0,0,695043
9792,0,0,0,0,NA,NA,NA,0.1,NA,NA,NA,0,0,3905,1,"TMMwsp",FALSE,FALSE,1.1804803301038,"batch_ignored",25,2,5,0,0,695043
12085,0,0,0,0,NA,NA,NA,0.1,NA,NA,NA,0,0,3676,1,"TMMwsp",TRUE,FALSE,1.33759832341156,"fix_filter",25,2,5,0,0,695043
11328,0,0,0,0,NA,NA,NA,0.1,NA,NA,NA,0,0,3441,1,"TMMwsp",TRUE,FALSE,1.11034107547625,"ctc_pipeline",25,3,8,0,0,1044280
4435,0,0,0,0,NA,NA,NA,0.05,NA,NA,NA,0,0,0,NA,"TMM",TRUE,FALSE,0.627620689386786,"edger_default",25,3,8,0,0,1044280
7882,0,0,0,0,NA,NA,NA,0.1,NA,NA,NA,0,0,3447,1,"TMMwsp",TRUE,FALSE,0.668053605772324,"ablate_filter",25,3,8,0,0,1044280
7887,0,0,0,0,NA,NA,NA,0.1,NA,NA,NA,0,0,0,NA,"TMMwsp",TRUE,FALSE,1.06610343438163,"ablate_exclusive",25,3,8,0,0,1044280
11328,0,0,0,0,NA,NA,NA,0.1,NA,NA,NA,0,0,3441,1,"TMM",TRUE,FALSE,1.11596141528891,"ablate_tmmwsp",25,3,8,0,0,1044280
11328,0,0,0,0,NA,NA,NA,0.1,NA,NA,NA,0,0,3441,1,"TMMwsp",TRUE,FALSE,1.11034107547625,"ablate_priorcount",25,3,8,0,0,1044280
11328,0,0,0,0,NA,NA,NA,0.05,NA,NA,NA,0,0,3441,1,"TMMwsp",TRUE,FALSE,1.11034107547625,"ablate_fdr",25,3,8,0,0,1044280
11328,0,0,0,0,NA,NA,NA,0.1,NA,NA,NA,0,0,3441,1,"TMMwsp",TRUE,FALSE,1.11034107547625,"ablate_shrinkfloor",25,3,8,0,0,1044280
11328,0,0,0,0,NA,NA,NA,0.1,NA,NA,NA,0,0,3441,1,"TMMwsp",TRUE,FALSE,1.11034107547625,"ablate_lowinput",25,3,8,0,0,1044280
9908,0,0,0,0,NA,NA,NA,0.1,NA,NA,NA,0,0,3447,1,"TMMwsp",FALSE,FALSE,0.911872763643611,"batch_removed",25,3,8,0,0,1044280
9908,0,0,0,0,NA,NA,NA,0.1,NA,NA,NA,0,0,3447,1,"TMMwsp",FALSE,FALSE,1.06095151363824,"batch_ignored",25,3,8,0,0,1044280
11328,0,0,0,0,NA,NA,NA,0.1,NA,NA,NA,0,0,3441,1,"TMMwsp",TRUE,FALSE,1.11034107547625,"fix_filter",25,3,8,0,0,1044280
12681,0,0,0,0,NA,NA,NA,0.1,NA,NA,NA,0,0,3215,1,"TMMwsp",TRUE,FALSE,1.13367098951666,"ctc_pipeline",26,1,3,0,0,1156861.5
5307,0,0,0,0,NA,NA,NA,0.05,NA,NA,NA,0,0,0,NA,"TMM",TRUE,FALSE,0.780459788035919,"edger_default",26,1,3,0,0,1156861.5
9449,0,0,0,0,NA,NA,NA,0.1,NA,NA,NA,0,0,4142,1,"TMMwsp",TRUE,FALSE,0.831385089299666,"ablate_filter",26,1,3,0,0,1156861.5
9466,0,0,0,0,NA,NA,NA,0.1,NA,NA,NA,0,0,0,NA,"TMMwsp",TRUE,FALSE,1.09363703338526,"ablate_exclusive",26,1,3,0,0,1156861.5
12681,0,0,0,0,NA,NA,NA,0.1,NA,NA,NA,0,0,3215,1,"TMM",TRUE,FALSE,1.15372409692384,"ablate_tmmwsp",26,1,3,0,0,1156861.5
12681,0,0,0,0,NA,NA,NA,0.1,NA,NA,NA,0,0,3215,1,"TMMwsp",TRUE,FALSE,1.13367098951666,"ablate_priorcount",26,1,3,0,0,1156861.5
12681,0,0,0,0,NA,NA,NA,0.05,NA,NA,NA,0,0,3215,1,"TMMwsp",TRUE,FALSE,1.13367098951666,"ablate_fdr",26,1,3,0,0,1156861.5
12681,0,0,0,0,NA,NA,NA,0.1,NA,NA,NA,0,0,3215,1,"TMMwsp",TRUE,FALSE,1.13367098951666,"ablate_shrinkfloor",26,1,3,0,0,1156861.5
12681,0,0,0,0,NA,NA,NA,0.1,NA,NA,NA,0,0,3215,1,"TMMwsp",TRUE,FALSE,1.13367098951666,"ablate_lowinput",26,1,3,0,0,1156861.5
11410,14,0,14,0,NA,0,1,0.1,NA,NA,NA,0,0,4028,1,"TMMwsp",FALSE,FALSE,0.74934150685529,"batch_removed",26,1,3,0,0,1156861.5
11410,0,0,0,0,NA,NA,NA,0.1,NA,NA,NA,0,0,4028,1,"TMMwsp",FALSE,FALSE,1.13815359064375,"batch_ignored",26,1,3,0,0,1156861.5
12681,0,0,0,0,NA,NA,NA,0.1,NA,NA,NA,0,0,3215,1,"TMMwsp",TRUE,FALSE,1.13367098951666,"fix_filter",26,1,3,0,0,1156861.5
12088,0,0,0,0,NA,NA,NA,0.1,NA,NA,NA,0,0,3674,1,"TMMwsp",TRUE,FALSE,1.3288270747812,"ctc_pipeline",26,2,5,0,0,830871
4276,0,0,0,0,NA,NA,NA,0.05,NA,NA,NA,0,0,0,NA,"TMM",TRUE,FALSE,0.783806346672424,"edger_default",26,2,5,0,0,830871
8262,0,0,0,0,NA,NA,NA,0.1,NA,NA,NA,0,0,3986,1,"TMMwsp",TRUE,FALSE,0.859697533922875,"ablate_filter",26,2,5,0,0,830871
8414,0,0,0,0,NA,NA,NA,0.1,NA,NA,NA,0,0,0,NA,"TMMwsp",TRUE,FALSE,1.26027641786029,"ablate_exclusive",26,2,5,0,0,830871
12088,0,0,0,0,NA,NA,NA,0.1,NA,NA,NA,0,0,3674,1,"TMM",TRUE,FALSE,1.34605174576801,"ablate_tmmwsp",26,2,5,0,0,830871
12088,0,0,0,0,NA,NA,NA,0.1,NA,NA,NA,0,0,3674,1,"TMMwsp",TRUE,FALSE,1.3288270747812,"ablate_priorcount",26,2,5,0,0,830871
12088,0,0,0,0,NA,NA,NA,0.05,NA,NA,NA,0,0,3674,1,"TMMwsp",TRUE,FALSE,1.3288270747812,"ablate_fdr",26,2,5,0,0,830871
12088,0,0,0,0,NA,NA,NA,0.1,NA,NA,NA,0,0,3674,1,"TMMwsp",TRUE,FALSE,1.3288270747812,"ablate_shrinkfloor",26,2,5,0,0,830871
12088,0,0,0,0,NA,NA,NA,0.1,NA,NA,NA,0,0,3674,1,"TMMwsp",TRUE,FALSE,1.3288270747812,"ablate_lowinput",26,2,5,0,0,830871
9844,0,0,0,0,NA,NA,NA,0.1,NA,NA,NA,0,0,3977,1,"TMMwsp",FALSE,FALSE,0.934961389978038,"batch_removed",26,2,5,0,0,830871
9844,0,0,0,0,NA,NA,NA,0.1,NA,NA,NA,0,0,3977,1,"TMMwsp",FALSE,FALSE,1.17844138469408,"batch_ignored",26,2,5,0,0,830871
12088,0,0,0,0,NA,NA,NA,0.1,NA,NA,NA,0,0,3674,1,"TMMwsp",TRUE,FALSE,1.3288270747812,"fix_filter",26,2,5,0,0,830871
11345,0,0,0,0,NA,NA,NA,0.1,NA,NA,NA,0,0,3445,1,"TMMwsp",TRUE,FALSE,1.09929893379781,"ctc_pipeline",26,3,8,0,0,868770.5
4262,0,0,0,0,NA,NA,NA,0.05,NA,NA,NA,0,0,0,NA,"TMM",TRUE,FALSE,0.587050562497726,"edger_default",26,3,8,0,0,868770.5
7709,0,0,0,0,NA,NA,NA,0.1,NA,NA,NA,0,0,3447,1,"TMMwsp",TRUE,FALSE,0.631239017379032,"ablate_filter",26,3,8,0,0,868770.5
7900,0,0,0,0,NA,NA,NA,0.1,NA,NA,NA,0,0,0,NA,"TMMwsp",TRUE,FALSE,1.05100901777474,"ablate_exclusive",26,3,8,0,0,868770.5
11345,0,0,0,0,NA,NA,NA,0.1,NA,NA,NA,0,0,3445,1,"TMM",TRUE,FALSE,1.10648966179856,"ablate_tmmwsp",26,3,8,0,0,868770.5
11345,0,0,0,0,NA,NA,NA,0.1,NA,NA,NA,0,0,3445,1,"TMMwsp",TRUE,FALSE,1.09929893379781,"ablate_priorcount",26,3,8,0,0,868770.5
11345,0,0,0,0,NA,NA,NA,0.05,NA,NA,NA,0,0,3445,1,"TMMwsp",TRUE,FALSE,1.09929893379781,"ablate_fdr",26,3,8,0,0,868770.5
11345,0,0,0,0,NA,NA,NA,0.1,NA,NA,NA,0,0,3445,1,"TMMwsp",TRUE,FALSE,1.09929893379781,"ablate_shrinkfloor",26,3,8,0,0,868770.5
11345,0,0,0,0,NA,NA,NA,0.1,NA,NA,NA,0,0,3445,1,"TMMwsp",TRUE,FALSE,1.09929893379781,"ablate_lowinput",26,3,8,0,0,868770.5
9941,0,0,0,0,NA,NA,NA,0.1,NA,NA,NA,0,0,3447,1,"TMMwsp",FALSE,FALSE,0.899117122366521,"batch_removed",26,3,8,0,0,868770.5
9941,0,0,0,0,NA,NA,NA,0.1,NA,NA,NA,0,0,3447,1,"TMMwsp",FALSE,FALSE,1.04116994820413,"batch_ignored",26,3,8,0,0,868770.5
11345,0,0,0,0,NA,NA,NA,0.1,NA,NA,NA,0,0,3445,1,"TMMwsp",TRUE,FALSE,1.09929893379781,"fix_filter",26,3,8,0,0,868770.5
11579,0,0,0,0,NA,NA,NA,0.1,NA,NA,NA,0,0,3390,1,"TMMwsp",TRUE,FALSE,1.25570723756462,"ctc_pipeline",27,1,3,0,0,606942.5
3899,0,0,0,0,NA,NA,NA,0.05,NA,NA,NA,0,0,0,NA,"TMM",TRUE,FALSE,0.765845596107206,"edger_default",27,1,3,0,0,606942.5
8121,0,0,0,0,NA,NA,NA,0.1,NA,NA,NA,0,0,4222,1,"TMMwsp",TRUE,FALSE,0.826482109233204,"ablate_filter",27,1,3,0,0,606942.5
8189,0,0,0,0,NA,NA,NA,0.1,NA,NA,NA,0,0,0,NA,"TMMwsp",TRUE,FALSE,1.21108781931355,"ablate_exclusive",27,1,3,0,0,606942.5
11579,0,0,0,0,NA,NA,NA,0.1,NA,NA,NA,0,0,3390,1,"TMM",TRUE,FALSE,1.28664086128866,"ablate_tmmwsp",27,1,3,0,0,606942.5
11579,0,0,0,0,NA,NA,NA,0.1,NA,NA,NA,0,0,3390,1,"TMMwsp",TRUE,FALSE,1.25570723756462,"ablate_priorcount",27,1,3,0,0,606942.5
11579,0,0,0,0,NA,NA,NA,0.05,NA,NA,NA,0,0,3390,1,"TMMwsp",TRUE,FALSE,1.25570723756462,"ablate_fdr",27,1,3,0,0,606942.5
11579,0,0,0,0,NA,NA,NA,0.1,NA,NA,NA,0,0,3390,1,"TMMwsp",TRUE,FALSE,1.25570723756462,"ablate_shrinkfloor",27,1,3,0,0,606942.5
11579,0,0,0,0,NA,NA,NA,0.1,NA,NA,NA,0,0,3390,1,"TMMwsp",TRUE,FALSE,1.25570723756462,"ablate_lowinput",27,1,3,0,0,606942.5
10333,18,0,18,0,NA,0,1,0.1,NA,NA,NA,0,0,4131,1,"TMMwsp",FALSE,FALSE,0.829117306085699,"batch_removed",27,1,3,0,0,606942.5
10333,0,0,0,0,NA,NA,NA,0.1,NA,NA,NA,0,0,4131,1,"TMMwsp",FALSE,FALSE,1.22327245556887,"batch_ignored",27,1,3,0,0,606942.5
11579,0,0,0,0,NA,NA,NA,0.1,NA,NA,NA,0,0,3390,1,"TMMwsp",TRUE,FALSE,1.25570723756462,"fix_filter",27,1,3,0,0,606942.5
12681,0,0,0,0,NA,NA,NA,0.1,NA,NA,NA,0,0,3654,1,"TMMwsp",TRUE,FALSE,1.25711760241621,"ctc_pipeline",27,2,5,0,0,841363.5
4559,0,0,0,0,NA,NA,NA,0.05,NA,NA,NA,0,0,0,NA,"TMM",TRUE,FALSE,0.71761387160195,"edger_default",27,2,5,0,0,841363.5
8485,0,0,0,0,NA,NA,NA,0.1,NA,NA,NA,0,0,3926,1,"TMMwsp",TRUE,FALSE,0.773480354076192,"ablate_filter",27,2,5,0,0,841363.5
9027,0,0,0,0,NA,NA,NA,0.1,NA,NA,NA,0,0,0,NA,"TMMwsp",TRUE,FALSE,1.2056746759623,"ablate_exclusive",27,2,5,0,0,841363.5
12681,0,0,0,0,NA,NA,NA,0.1,NA,NA,NA,0,0,3654,1,"TMM",TRUE,FALSE,1.27245507415619,"ablate_tmmwsp",27,2,5,0,0,841363.5
12681,0,0,0,0,NA,NA,NA,0.1,NA,NA,NA,0,0,3654,1,"TMMwsp",TRUE,FALSE,1.25711760241621,"ablate_priorcount",27,2,5,0,0,841363.5
12681,0,0,0,0,NA,NA,NA,0.05,NA,NA,NA,0,0,3654,1,"TMMwsp",TRUE,FALSE,1.25711760241621,"ablate_fdr",27,2,5,0,0,841363.5
12681,0,0,0,0,NA,NA,NA,0.1,NA,NA,NA,0,0,3654,1,"TMMwsp",TRUE,FALSE,1.25711760241621,"ablate_shrinkfloor",27,2,5,0,0,841363.5
12681,0,0,0,0,NA,NA,NA,0.1,NA,NA,NA,0,0,3654,1,"TMMwsp",TRUE,FALSE,1.25711760241621,"ablate_lowinput",27,2,5,0,0,841363.5
10418,5,0,5,0,NA,0,1,0.1,NA,NA,NA,0,0,3923,1,"TMMwsp",FALSE,FALSE,0.92256520776216,"batch_removed",27,2,5,0,0,841363.5
10418,0,0,0,0,NA,NA,NA,0.1,NA,NA,NA,0,0,3923,1,"TMMwsp",FALSE,FALSE,1.10720516196642,"batch_ignored",27,2,5,0,0,841363.5
12681,0,0,0,0,NA,NA,NA,0.1,NA,NA,NA,0,0,3654,1,"TMMwsp",TRUE,FALSE,1.25711760241621,"fix_filter",27,2,5,0,0,841363.5
10705,0,0,0,0,NA,NA,NA,0.1,NA,NA,NA,0,0,3698,1,"TMMwsp",TRUE,FALSE,1.19394784214881,"ctc_pipeline",27,3,8,0,0,599736
3318,0,0,0,0,NA,NA,NA,0.05,NA,NA,NA,0,0,0,NA,"TMM",TRUE,FALSE,0.578970297275535,"edger_default",27,3,8,0,0,599736
7020,0,0,0,0,NA,NA,NA,0.1,NA,NA,NA,0,0,3702,1,"TMMwsp",TRUE,FALSE,0.63327584832611,"ablate_filter",27,3,8,0,0,599736
7007,0,0,0,0,NA,NA,NA,0.1,NA,NA,NA,0,0,0,NA,"TMMwsp",TRUE,FALSE,1.13540945891477,"ablate_exclusive",27,3,8,0,0,599736
10705,0,0,0,0,NA,NA,NA,0.1,NA,NA,NA,0,0,3698,1,"TMM",TRUE,FALSE,1.21048600537008,"ablate_tmmwsp",27,3,8,0,0,599736
10705,0,0,0,0,NA,NA,NA,0.1,NA,NA,NA,0,0,3698,1,"TMMwsp",TRUE,FALSE,1.19394784214881,"ablate_priorcount",27,3,8,0,0,599736
10705,0,0,0,0,NA,NA,NA,0.05,NA,NA,NA,0,0,3698,1,"TMMwsp",TRUE,FALSE,1.19394784214881,"ablate_fdr",27,3,8,0,0,599736
10705,0,0,0,0,NA,NA,NA,0.1,NA,NA,NA,0,0,3698,1,"TMMwsp",TRUE,FALSE,1.19394784214881,"ablate_shrinkfloor",27,3,8,0,0,599736
10705,0,0,0,0,NA,NA,NA,0.1,NA,NA,NA,0,0,3698,1,"TMMwsp",TRUE,FALSE,1.19394784214881,"ablate_lowinput",27,3,8,0,0,599736
9305,1,0,1,0,NA,0,1,0.1,NA,NA,NA,0,0,3702,1,"TMMwsp",FALSE,FALSE,0.977379704442859,"batch_removed",27,3,8,0,0,599736
9305,0,0,0,0,NA,NA,NA,0.1,NA,NA,NA,0,0,3702,1,"TMMwsp",FALSE,FALSE,1.11929292608123,"batch_ignored",27,3,8,0,0,599736
10705,0,0,0,0,NA,NA,NA,0.1,NA,NA,NA,0,0,3698,1,"TMMwsp",TRUE,FALSE,1.19394784214881,"fix_filter",27,3,8,0,0,599736
11917,0,0,0,0,NA,NA,NA,0.1,NA,NA,NA,0,0,3269,1,"TMMwsp",TRUE,FALSE,1.26943951653567,"ctc_pipeline",28,1,3,0,0,818518
4583,0,0,0,0,NA,NA,NA,0.05,NA,NA,NA,0,0,0,NA,"TMM",TRUE,FALSE,0.892150349659316,"edger_default",28,1,3,0,0,818518
8665,0,0,0,0,NA,NA,NA,0.1,NA,NA,NA,0,0,4082,1,"TMMwsp",TRUE,FALSE,0.933079645060873,"ablate_filter",28,1,3,0,0,818518
8648,0,0,0,0,NA,NA,NA,0.1,NA,NA,NA,0,0,0,NA,"TMMwsp",TRUE,FALSE,1.2355389797878,"ablate_exclusive",28,1,3,0,0,818518
11917,0,0,0,0,NA,NA,NA,0.1,NA,NA,NA,0,0,3269,1,"TMM",TRUE,FALSE,1.28806781966948,"ablate_tmmwsp",28,1,3,0,0,818518
11917,0,0,0,0,NA,NA,NA,0.1,NA,NA,NA,0,0,3269,1,"TMMwsp",TRUE,FALSE,1.26943951653567,"ablate_priorcount",28,1,3,0,0,818518
11917,0,0,0,0,NA,NA,NA,0.05,NA,NA,NA,0,0,3269,1,"TMMwsp",TRUE,FALSE,1.26943951653567,"ablate_fdr",28,1,3,0,0,818518
11917,0,0,0,0,NA,NA,NA,0.1,NA,NA,NA,0,0,3269,1,"TMMwsp",TRUE,FALSE,1.26943951653567,"ablate_shrinkfloor",28,1,3,0,0,818518
11917,0,0,0,0,NA,NA,NA,0.1,NA,NA,NA,0,0,3269,1,"TMMwsp",TRUE,FALSE,1.26943951653567,"ablate_lowinput",28,1,3,0,0,818518
10533,2,0,2,0,NA,0,1,0.1,NA,NA,NA,0,0,4017,1,"TMMwsp",FALSE,FALSE,0.861886301651499,"batch_removed",28,1,3,0,0,818518
10533,0,0,0,0,NA,NA,NA,0.1,NA,NA,NA,0,0,4017,1,"TMMwsp",FALSE,FALSE,1.24262242457239,"batch_ignored",28,1,3,0,0,818518
11917,0,0,0,0,NA,NA,NA,0.1,NA,NA,NA,0,0,3269,1,"TMMwsp",TRUE,FALSE,1.26943951653567,"fix_filter",28,1,3,0,0,818518
12481,0,0,0,0,NA,NA,NA,0.1,NA,NA,NA,0,0,3657,1,"TMMwsp",TRUE,FALSE,1.27852922480739,"ctc_pipeline",28,2,5,0,0,1062686
4734,0,0,0,0,NA,NA,NA,0.05,NA,NA,NA,0,0,0,NA,"TMM",TRUE,FALSE,0.793674260662883,"edger_default",28,2,5,0,0,1062686
8687,0,0,0,0,NA,NA,NA,0.1,NA,NA,NA,0,0,3953,1,"TMMwsp",TRUE,FALSE,0.862935937209538,"ablate_filter",28,2,5,0,0,1062686
8824,0,0,0,0,NA,NA,NA,0.1,NA,NA,NA,0,0,0,NA,"TMMwsp",TRUE,FALSE,1.22108227355762,"ablate_exclusive",28,2,5,0,0,1062686
12481,0,0,0,0,NA,NA,NA,0.1,NA,NA,NA,0,0,3657,1,"TMM",TRUE,FALSE,1.2972685117032,"ablate_tmmwsp",28,2,5,0,0,1062686
12481,0,0,0,0,NA,NA,NA,0.1,NA,NA,NA,0,0,3657,1,"TMMwsp",TRUE,FALSE,1.27852922480739,"ablate_priorcount",28,2,5,0,0,1062686
12481,0,0,0,0,NA,NA,NA,0.05,NA,NA,NA,0,0,3657,1,"TMMwsp",TRUE,FALSE,1.27852922480739,"ablate_fdr",28,2,5,0,0,1062686
12481,0,0,0,0,NA,NA,NA,0.1,NA,NA,NA,0,0,3657,1,"TMMwsp",TRUE,FALSE,1.27852922480739,"ablate_shrinkfloor",28,2,5,0,0,1062686
12481,0,0,0,0,NA,NA,NA,0.1,NA,NA,NA,0,0,3657,1,"TMMwsp",TRUE,FALSE,1.27852922480739,"ablate_lowinput",28,2,5,0,0,1062686
10288,1,0,1,0,NA,0,1,0.1,NA,NA,NA,0,0,3949,1,"TMMwsp",FALSE,FALSE,0.921995364042738,"batch_removed",28,2,5,0,0,1062686
10288,0,0,0,0,NA,NA,NA,0.1,NA,NA,NA,0,0,3949,1,"TMMwsp",FALSE,FALSE,1.15013120729883,"batch_ignored",28,2,5,0,0,1062686
12481,0,0,0,0,NA,NA,NA,0.1,NA,NA,NA,0,0,3657,1,"TMMwsp",TRUE,FALSE,1.27852922480739,"fix_filter",28,2,5,0,0,1062686
11398,0,0,0,0,NA,NA,NA,0.1,NA,NA,NA,0,0,3534,1,"TMMwsp",TRUE,FALSE,1.12279666285872,"ctc_pipeline",28,3,8,0,0,943901.5
4327,0,0,0,0,NA,NA,NA,0.05,NA,NA,NA,0,0,0,NA,"TMM",TRUE,FALSE,0.620391188859335,"edger_default",28,3,8,0,0,943901.5
7873,0,0,0,0,NA,NA,NA,0.1,NA,NA,NA,0,0,3546,1,"TMMwsp",TRUE,FALSE,0.66487007295011,"ablate_filter",28,3,8,0,0,943901.5
7864,0,0,0,0,NA,NA,NA,0.1,NA,NA,NA,0,0,0,NA,"TMMwsp",TRUE,FALSE,1.07412186423224,"ablate_exclusive",28,3,8,0,0,943901.5
11398,0,0,0,0,NA,NA,NA,0.1,NA,NA,NA,0,0,3534,1,"TMM",TRUE,FALSE,1.13111979453519,"ablate_tmmwsp",28,3,8,0,0,943901.5
11398,0,0,0,0,NA,NA,NA,0.1,NA,NA,NA,0,0,3534,1,"TMMwsp",TRUE,FALSE,1.12279666285872,"ablate_priorcount",28,3,8,0,0,943901.5
11398,0,0,0,0,NA,NA,NA,0.05,NA,NA,NA,0,0,3534,1,"TMMwsp",TRUE,FALSE,1.12279666285872,"ablate_fdr",28,3,8,0,0,943901.5
11398,0,0,0,0,NA,NA,NA,0.1,NA,NA,NA,0,0,3534,1,"TMMwsp",TRUE,FALSE,1.12279666285872,"ablate_shrinkfloor",28,3,8,0,0,943901.5
11398,0,0,0,0,NA,NA,NA,0.1,NA,NA,NA,0,0,3534,1,"TMMwsp",TRUE,FALSE,1.12279666285872,"ablate_lowinput",28,3,8,0,0,943901.5
9876,0,0,0,0,NA,NA,NA,0.1,NA,NA,NA,0,0,3546,1,"TMMwsp",FALSE,FALSE,0.901250965130356,"batch_removed",28,3,8,0,0,943901.5
9876,0,0,0,0,NA,NA,NA,0.1,NA,NA,NA,0,0,3546,1,"TMMwsp",FALSE,FALSE,1.0479605135378,"batch_ignored",28,3,8,0,0,943901.5
11398,0,0,0,0,NA,NA,NA,0.1,NA,NA,NA,0,0,3534,1,"TMMwsp",TRUE,FALSE,1.12279666285872,"fix_filter",28,3,8,0,0,943901.5
13250,0,0,0,0,NA,NA,NA,0.1,NA,NA,NA,0,0,3025,1,"TMMwsp",TRUE,FALSE,1.10399790145974,"ctc_pipeline",29,1,3,0,0,1004266.5
5558,0,0,0,0,NA,NA,NA,0.05,NA,NA,NA,0,0,0,NA,"TMM",TRUE,FALSE,0.696766392042664,"edger_default",29,1,3,0,0,1004266.5
9511,0,0,0,0,NA,NA,NA,0.1,NA,NA,NA,0,0,3953,1,"TMMwsp",TRUE,FALSE,0.753449006968377,"ablate_filter",29,1,3,0,0,1004266.5
10225,0,0,0,0,NA,NA,NA,0.1,NA,NA,NA,0,0,0,NA,"TMMwsp",TRUE,FALSE,1.05775222485195,"ablate_exclusive",29,1,3,0,0,1004266.5
13250,0,0,0,0,NA,NA,NA,0.1,NA,NA,NA,0,0,3025,1,"TMM",TRUE,FALSE,1.1098457398864,"ablate_tmmwsp",29,1,3,0,0,1004266.5
13250,0,0,0,0,NA,NA,NA,0.1,NA,NA,NA,0,0,3025,1,"TMMwsp",TRUE,FALSE,1.10399790145974,"ablate_priorcount",29,1,3,0,0,1004266.5
13250,0,0,0,0,NA,NA,NA,0.05,NA,NA,NA,0,0,3025,1,"TMMwsp",TRUE,FALSE,1.10399790145974,"ablate_fdr",29,1,3,0,0,1004266.5
13250,0,0,0,0,NA,NA,NA,0.1,NA,NA,NA,0,0,3025,1,"TMMwsp",TRUE,FALSE,1.10399790145974,"ablate_shrinkfloor",29,1,3,0,0,1004266.5
13250,0,0,0,0,NA,NA,NA,0.1,NA,NA,NA,0,0,3025,1,"TMMwsp",TRUE,FALSE,1.10399790145974,"ablate_lowinput",29,1,3,0,0,1004266.5
11924,0,0,0,0,NA,NA,NA,0.1,NA,NA,NA,0,0,3827,1,"TMMwsp",FALSE,FALSE,0.70736583062199,"batch_removed",29,1,3,0,0,1004266.5
11924,0,0,0,0,NA,NA,NA,0.1,NA,NA,NA,0,0,3827,1,"TMMwsp",FALSE,FALSE,1.13725081141834,"batch_ignored",29,1,3,0,0,1004266.5
13250,0,0,0,0,NA,NA,NA,0.1,NA,NA,NA,0,0,3025,1,"TMMwsp",TRUE,FALSE,1.10399790145974,"fix_filter",29,1,3,0,0,1004266.5
12690,0,0,0,0,NA,NA,NA,0.1,NA,NA,NA,0,0,3570,1,"TMMwsp",TRUE,FALSE,1.23800922157155,"ctc_pipeline",29,2,5,0,0,1082515.5
4810,0,0,0,0,NA,NA,NA,0.05,NA,NA,NA,0,0,0,NA,"TMM",TRUE,FALSE,0.721879664072462,"edger_default",29,2,5,0,0,1082515.5
8636,0,0,0,0,NA,NA,NA,0.1,NA,NA,NA,0,0,3826,1,"TMMwsp",TRUE,FALSE,0.780036401262569,"ablate_filter",29,2,5,0,0,1082515.5
9120,0,0,0,0,NA,NA,NA,0.1,NA,NA,NA,0,0,0,NA,"TMMwsp",TRUE,FALSE,1.18133619925234,"ablate_exclusive",29,2,5,0,0,1082515.5
12690,0,0,0,0,NA,NA,NA,0.1,NA,NA,NA,0,0,3570,1,"TMM",TRUE,FALSE,1.24773480179131,"ablate_tmmwsp",29,2,5,0,0,1082515.5
12690,0,0,0,0,NA,NA,NA,0.1,NA,NA,NA,0,0,3570,1,"TMMwsp",TRUE,FALSE,1.23800922157155,"ablate_priorcount",29,2,5,0,0,1082515.5
12690,0,0,0,0,NA,NA,NA,0.05,NA,NA,NA,0,0,3570,1,"TMMwsp",TRUE,FALSE,1.23800922157155,"ablate_fdr",29,2,5,0,0,1082515.5
12690,0,0,0,0,NA,NA,NA,0.1,NA,NA,NA,0,0,3570,1,"TMMwsp",TRUE,FALSE,1.23800922157155,"ablate_shrinkfloor",29,2,5,0,0,1082515.5
12690,0,0,0,0,NA,NA,NA,0.1,NA,NA,NA,0,0,3570,1,"TMMwsp",TRUE,FALSE,1.23800922157155,"ablate_lowinput",29,2,5,0,0,1082515.5
10503,3,0,3,0,NA,0,1,0.1,NA,NA,NA,0,0,3821,1,"TMMwsp",FALSE,FALSE,0.893296765655751,"batch_removed",29,2,5,0,0,1082515.5
10503,0,0,0,0,NA,NA,NA,0.1,NA,NA,NA,0,0,3821,1,"TMMwsp",FALSE,FALSE,1.10746705409759,"batch_ignored",29,2,5,0,0,1082515.5
12690,0,0,0,0,NA,NA,NA,0.1,NA,NA,NA,0,0,3570,1,"TMMwsp",TRUE,FALSE,1.23800922157155,"fix_filter",29,2,5,0,0,1082515.5
11321,0,0,0,0,NA,NA,NA,0.1,NA,NA,NA,0,0,3670,1,"TMMwsp",TRUE,FALSE,1.13065431766721,"ctc_pipeline",29,3,8,0,0,875406
4090,0,0,0,0,NA,NA,NA,0.05,NA,NA,NA,0,0,0,NA,"TMM",TRUE,FALSE,0.6156725302292,"edger_default",29,3,8,0,0,875406
7769,0,0,0,0,NA,NA,NA,0.1,NA,NA,NA,0,0,3679,1,"TMMwsp",TRUE,FALSE,0.663018505522148,"ablate_filter",29,3,8,0,0,875406
7651,0,0,0,0,NA,NA,NA,0.1,NA,NA,NA,0,0,0,NA,"TMMwsp",TRUE,FALSE,1.08073654459408,"ablate_exclusive",29,3,8,0,0,875406
11321,0,0,0,0,NA,NA,NA,0.1,NA,NA,NA,0,0,3670,1,"TMM",TRUE,FALSE,1.14107898601145,"ablate_tmmwsp",29,3,8,0,0,875406
11321,0,0,0,0,NA,NA,NA,0.1,NA,NA,NA,0,0,3670,1,"TMMwsp",TRUE,FALSE,1.13065431766721,"ablate_priorcount",29,3,8,0,0,875406
11321,0,0,0,0,NA,NA,NA,0.05,NA,NA,NA,0,0,3670,1,"TMMwsp",TRUE,FALSE,1.13065431766721,"ablate_fdr",29,3,8,0,0,875406
11321,0,0,0,0,NA,NA,NA,0.1,NA,NA,NA,0,0,3670,1,"TMMwsp",TRUE,FALSE,1.13065431766721,"ablate_shrinkfloor",29,3,8,0,0,875406
11321,0,0,0,0,NA,NA,NA,0.1,NA,NA,NA,0,0,3670,1,"TMMwsp",TRUE,FALSE,1.13065431766721,"ablate_lowinput",29,3,8,0,0,875406
9837,4,0,4,0,NA,0,1,0.1,NA,NA,NA,0,0,3679,1,"TMMwsp",FALSE,FALSE,0.932286184745334,"batch_removed",29,3,8,0,0,875406
9837,0,0,0,0,NA,NA,NA,0.1,NA,NA,NA,0,0,3679,1,"TMMwsp",FALSE,FALSE,1.06456864875195,"batch_ignored",29,3,8,0,0,875406
11321,0,0,0,0,NA,NA,NA,0.1,NA,NA,NA,0,0,3670,1,"TMMwsp",TRUE,FALSE,1.13065431766721,"fix_filter",29,3,8,0,0,875406
11476,0,0,0,0,NA,NA,NA,0.1,NA,NA,NA,0,0,3253,1,"TMMwsp",TRUE,FALSE,1.26862058688751,"ctc_pipeline",30,1,3,0,0,638486.5
3866,0,0,0,0,NA,NA,NA,0.05,NA,NA,NA,0,0,0,NA,"TMM",TRUE,FALSE,0.804616623289985,"edger_default",30,1,3,0,0,638486.5
8058,0,0,0,0,NA,NA,NA,0.1,NA,NA,NA,0,0,4192,1,"TMMwsp",TRUE,FALSE,0.860587452225245,"ablate_filter",30,1,3,0,0,638486.5
8223,0,0,0,0,NA,NA,NA,0.1,NA,NA,NA,0,0,0,NA,"TMMwsp",TRUE,FALSE,1.23106172808463,"ablate_exclusive",30,1,3,0,0,638486.5
11476,0,0,0,0,NA,NA,NA,0.1,NA,NA,NA,0,0,3253,1,"TMM",TRUE,FALSE,1.28825128728134,"ablate_tmmwsp",30,1,3,0,0,638486.5
11476,0,0,0,0,NA,NA,NA,0.1,NA,NA,NA,0,0,3253,1,"TMMwsp",TRUE,FALSE,1.26862058688751,"ablate_priorcount",30,1,3,0,0,638486.5
11476,0,0,0,0,NA,NA,NA,0.05,NA,NA,NA,0,0,3253,1,"TMMwsp",TRUE,FALSE,1.26862058688751,"ablate_fdr",30,1,3,0,0,638486.5
11476,0,0,0,0,NA,NA,NA,0.1,NA,NA,NA,0,0,3253,1,"TMMwsp",TRUE,FALSE,1.26862058688751,"ablate_shrinkfloor",30,1,3,0,0,638486.5
11476,0,0,0,0,NA,NA,NA,0.1,NA,NA,NA,0,0,3253,1,"TMMwsp",TRUE,FALSE,1.26862058688751,"ablate_lowinput",30,1,3,0,0,638486.5
10172,34,0,34,0,NA,0,1,0.1,NA,NA,NA,0,0,4083,1,"TMMwsp",FALSE,FALSE,0.86852677151625,"batch_removed",30,1,3,0,0,638486.5
10172,0,0,0,0,NA,NA,NA,0.1,NA,NA,NA,0,0,4083,1,"TMMwsp",FALSE,FALSE,1.28572603641867,"batch_ignored",30,1,3,0,0,638486.5
11476,0,0,0,0,NA,NA,NA,0.1,NA,NA,NA,0,0,3253,1,"TMMwsp",TRUE,FALSE,1.26862058688751,"fix_filter",30,1,3,0,0,638486.5
13626,0,0,0,0,NA,NA,NA,0.1,NA,NA,NA,0,0,3303,1,"TMMwsp",TRUE,FALSE,1.13349628037263,"ctc_pipeline",30,2,5,0,0,1161143.5
5702,0,0,0,0,NA,NA,NA,0.05,NA,NA,NA,0,0,0,NA,"TMM",TRUE,FALSE,0.666132209555934,"edger_default",30,2,5,0,0,1161143.5
9289,0,0,0,0,NA,NA,NA,0.1,NA,NA,NA,0,0,3587,1,"TMMwsp",TRUE,FALSE,0.716015273662246,"ablate_filter",30,2,5,0,0,1161143.5
10323,0,0,0,0,NA,NA,NA,0.1,NA,NA,NA,0,0,0,NA,"TMMwsp",TRUE,FALSE,1.08528167373685,"ablate_exclusive",30,2,5,0,0,1161143.5
13626,0,0,0,0,NA,NA,NA,0.1,NA,NA,NA,0,0,3303,1,"TMM",TRUE,FALSE,1.13634157776404,"ablate_tmmwsp",30,2,5,0,0,1161143.5
13626,0,0,0,0,NA,NA,NA,0.1,NA,NA,NA,0,0,3303,1,"TMMwsp",TRUE,FALSE,1.13349628037263,"ablate_priorcount",30,2,5,0,0,1161143.5
13626,0,0,0,0,NA,NA,NA,0.05,NA,NA,NA,0,0,3303,1,"TMMwsp",TRUE,FALSE,1.13349628037263,"ablate_fdr",30,2,5,0,0,1161143.5
13626,0,0,0,0,NA,NA,NA,0.1,NA,NA,NA,0,0,3303,1,"TMMwsp",TRUE,FALSE,1.13349628037263,"ablate_shrinkfloor",30,2,5,0,0,1161143.5
13626,0,0,0,0,NA,NA,NA,0.1,NA,NA,NA,0,0,3303,1,"TMMwsp",TRUE,FALSE,1.13349628037263,"ablate_lowinput",30,2,5,0,0,1161143.5
11354,0,0,0,0,NA,NA,NA,0.1,NA,NA,NA,0,0,3583,1,"TMMwsp",FALSE,FALSE,0.820561545302795,"batch_removed",30,2,5,0,0,1161143.5
11354,0,0,0,0,NA,NA,NA,0.1,NA,NA,NA,0,0,3583,1,"TMMwsp",FALSE,FALSE,1.03496123369555,"batch_ignored",30,2,5,0,0,1161143.5
13626,0,0,0,0,NA,NA,NA,0.1,NA,NA,NA,0,0,3303,1,"TMMwsp",TRUE,FALSE,1.13349628037263,"fix_filter",30,2,5,0,0,1161143.5
11873,0,0,0,0,NA,NA,NA,0.1,NA,NA,NA,0,0,3405,1,"TMMwsp",TRUE,FALSE,1.08618480597323,"ctc_pipeline",30,3,8,0,0,1189072.5
4906,0,0,0,0,NA,NA,NA,0.05,NA,NA,NA,0,0,0,NA,"TMM",TRUE,FALSE,0.625150345787216,"edger_default",30,3,8,0,0,1189072.5
8318,0,0,0,0,NA,NA,NA,0.1,NA,NA,NA,0,0,3412,1,"TMMwsp",TRUE,FALSE,0.667543425652503,"ablate_filter",30,3,8,0,0,1189072.5
8468,0,0,0,0,NA,NA,NA,0.1,NA,NA,NA,0,0,0,NA,"TMMwsp",TRUE,FALSE,1.03773816290453,"ablate_exclusive",30,3,8,0,0,1189072.5
11873,0,0,0,0,NA,NA,NA,0.1,NA,NA,NA,0,0,3405,1,"TMM",TRUE,FALSE,1.09209178177109,"ablate_tmmwsp",30,3,8,0,0,1189072.5
11873,0,0,0,0,NA,NA,NA,0.1,NA,NA,NA,0,0,3405,1,"TMMwsp",TRUE,FALSE,1.08618480597323,"ablate_priorcount",30,3,8,0,0,1189072.5
11873,0,0,0,0,NA,NA,NA,0.05,NA,NA,NA,0,0,3405,1,"TMMwsp",TRUE,FALSE,1.08618480597323,"ablate_fdr",30,3,8,0,0,1189072.5
11873,0,0,0,0,NA,NA,NA,0.1,NA,NA,NA,0,0,3405,1,"TMMwsp",TRUE,FALSE,1.08618480597323,"ablate_shrinkfloor",30,3,8,0,0,1189072.5
11873,0,0,0,0,NA,NA,NA,0.1,NA,NA,NA,0,0,3405,1,"TMMwsp",TRUE,FALSE,1.08618480597323,"ablate_lowinput",30,3,8,0,0,1189072.5
10441,4,0,4,0,NA,0,1,0.1,NA,NA,NA,0,0,3412,1,"TMMwsp",FALSE,FALSE,0.889366093250149,"batch_removed",30,3,8,0,0,1189072.5
10441,0,0,0,0,NA,NA,NA,0.1,NA,NA,NA,0,0,3412,1,"TMMwsp",FALSE,FALSE,1.03730027225468,"batch_ignored",30,3,8,0,0,1189072.5
11873,0,0,0,0,NA,NA,NA,0.1,NA,NA,NA,0,0,3405,1,"TMMwsp",TRUE,FALSE,1.08618480597323,"fix_filter",30,3,8,0,0,1189072.5
12985,0,0,0,0,NA,NA,NA,0.1,NA,NA,NA,0,0,3058,1,"TMMwsp",TRUE,FALSE,1.16804833149761,"ctc_pipeline",31,1,3,0,0,951135
5209,0,0,0,0,NA,NA,NA,0.05,NA,NA,NA,0,0,0,NA,"TMM",TRUE,FALSE,0.717029685733126,"edger_default",31,1,3,0,0,951135
9179,0,0,0,0,NA,NA,NA,0.1,NA,NA,NA,0,0,3970,1,"TMMwsp",TRUE,FALSE,0.773971017852253,"ablate_filter",31,1,3,0,0,951135
9927,0,0,0,0,NA,NA,NA,0.1,NA,NA,NA,0,0,0,NA,"TMMwsp",TRUE,FALSE,1.1258061257652,"ablate_exclusive",31,1,3,0,0,951135
12985,0,0,0,0,NA,NA,NA,0.1,NA,NA,NA,0,0,3058,1,"TMM",TRUE,FALSE,1.16785406046497,"ablate_tmmwsp",31,1,3,0,0,951135
12985,0,0,0,0,NA,NA,NA,0.1,NA,NA,NA,0,0,3058,1,"TMMwsp",TRUE,FALSE,1.16804833149761,"ablate_priorcount",31,1,3,0,0,951135
12985,0,0,0,0,NA,NA,NA,0.05,NA,NA,NA,0,0,3058,1,"TMMwsp",TRUE,FALSE,1.16804833149761,"ablate_fdr",31,1,3,0,0,951135
12985,0,0,0,0,NA,NA,NA,0.1,NA,NA,NA,0,0,3058,1,"TMMwsp",TRUE,FALSE,1.16804833149761,"ablate_shrinkfloor",31,1,3,0,0,951135
12985,0,0,0,0,NA,NA,NA,0.1,NA,NA,NA,0,0,3058,1,"TMMwsp",TRUE,FALSE,1.16804833149761,"ablate_lowinput",31,1,3,0,0,951135
11719,0,0,0,0,NA,NA,NA,0.1,NA,NA,NA,0,0,3840,1,"TMMwsp",FALSE,FALSE,0.746385457252759,"batch_removed",31,1,3,0,0,951135
11719,0,0,0,0,NA,NA,NA,0.1,NA,NA,NA,0,0,3840,1,"TMMwsp",FALSE,FALSE,1.14264859821559,"batch_ignored",31,1,3,0,0,951135
12985,0,0,0,0,NA,NA,NA,0.1,NA,NA,NA,0,0,3058,1,"TMMwsp",TRUE,FALSE,1.16804833149761,"fix_filter",31,1,3,0,0,951135
12935,0,0,0,0,NA,NA,NA,0.1,NA,NA,NA,0,0,3552,1,"TMMwsp",TRUE,FALSE,1.23756600805773,"ctc_pipeline",31,2,5,0,0,904112
4790,0,0,0,0,NA,NA,NA,0.05,NA,NA,NA,0,0,0,NA,"TMM",TRUE,FALSE,0.685284484551608,"edger_default",31,2,5,0,0,904112
8610,0,0,0,0,NA,NA,NA,0.1,NA,NA,NA,0,0,3820,1,"TMMwsp",TRUE,FALSE,0.750863768017147,"ablate_filter",31,2,5,0,0,904112
9383,0,0,0,0,NA,NA,NA,0.1,NA,NA,NA,0,0,0,NA,"TMMwsp",TRUE,FALSE,1.17551576191708,"ablate_exclusive",31,2,5,0,0,904112
12935,0,0,0,0,NA,NA,NA,0.1,NA,NA,NA,0,0,3552,1,"TMM",TRUE,FALSE,1.24227331912418,"ablate_tmmwsp",31,2,5,0,0,904112
12935,0,0,0,0,NA,NA,NA,0.1,NA,NA,NA,0,0,3552,1,"TMMwsp",TRUE,FALSE,1.23756600805773,"ablate_priorcount",31,2,5,0,0,904112
12935,0,0,0,0,NA,NA,NA,0.05,NA,NA,NA,0,0,3552,1,"TMMwsp",TRUE,FALSE,1.23756600805773,"ablate_fdr",31,2,5,0,0,904112
12935,0,0,0,0,NA,NA,NA,0.1,NA,NA,NA,0,0,3552,1,"TMMwsp",TRUE,FALSE,1.23756600805773,"ablate_shrinkfloor",31,2,5,0,0,904112
12935,0,0,0,0,NA,NA,NA,0.1,NA,NA,NA,0,0,3552,1,"TMMwsp",TRUE,FALSE,1.23756600805773,"ablate_lowinput",31,2,5,0,0,904112
10671,0,0,0,0,NA,NA,NA,0.1,NA,NA,NA,0,0,3818,1,"TMMwsp",FALSE,FALSE,0.887939331707628,"batch_removed",31,2,5,0,0,904112
10671,0,0,0,0,NA,NA,NA,0.1,NA,NA,NA,0,0,3818,1,"TMMwsp",FALSE,FALSE,1.11444799015609,"batch_ignored",31,2,5,0,0,904112
12935,0,0,0,0,NA,NA,NA,0.1,NA,NA,NA,0,0,3552,1,"TMMwsp",TRUE,FALSE,1.23756600805773,"fix_filter",31,2,5,0,0,904112
11412,1,0,1,0,NA,0,1,0.1,NA,NA,NA,0,0,3387,1,"TMMwsp",TRUE,FALSE,1.09175869058425,"ctc_pipeline",31,3,8,0,0,995694
4596,2,0,2,0,NA,0,1,0.05,NA,NA,NA,0,0,0,NA,"TMM",TRUE,FALSE,0.627112026770868,"edger_default",31,3,8,0,0,995694
7983,1,0,1,0,NA,0,1,0.1,NA,NA,NA,0,0,3387,1,"TMMwsp",TRUE,FALSE,0.670063689127941,"ablate_filter",31,3,8,0,0,995694
8025,1,0,1,0,NA,0,1,0.1,NA,NA,NA,0,0,0,NA,"TMMwsp",TRUE,FALSE,1.04790936996206,"ablate_exclusive",31,3,8,0,0,995694
11412,1,0,1,0,NA,0,1,0.1,NA,NA,NA,0,0,3387,1,"TMM",TRUE,FALSE,1.10203659756344,"ablate_tmmwsp",31,3,8,0,0,995694
11412,1,0,1,0,NA,0,1,0.1,NA,NA,NA,0,0,3387,1,"TMMwsp",TRUE,FALSE,1.09175869058425,"ablate_priorcount",31,3,8,0,0,995694
11412,0,0,0,0,NA,NA,NA,0.05,NA,NA,NA,0,0,3387,1,"TMMwsp",TRUE,FALSE,1.09175869058425,"ablate_fdr",31,3,8,0,0,995694
11412,1,0,1,0,NA,0,1,0.1,NA,NA,NA,0,0,3387,1,"TMMwsp",TRUE,FALSE,1.09175869058425,"ablate_shrinkfloor",31,3,8,0,0,995694
11412,1,0,1,0,NA,0,1,0.1,NA,NA,NA,0,0,3387,1,"TMMwsp",TRUE,FALSE,1.09175869058425,"ablate_lowinput",31,3,8,0,0,995694
9973,0,0,0,0,NA,NA,NA,0.1,NA,NA,NA,0,0,3388,1,"TMMwsp",FALSE,FALSE,0.900352428234777,"batch_removed",31,3,8,0,0,995694
9973,1,0,1,0,NA,0,1,0.1,NA,NA,NA,0,0,3388,1,"TMMwsp",FALSE,FALSE,1.03649121152207,"batch_ignored",31,3,8,0,0,995694
11412,1,0,1,0,NA,0,1,0.1,NA,NA,NA,0,0,3387,1,"TMMwsp",TRUE,FALSE,1.09175869058425,"fix_filter",31,3,8,0,0,995694
11467,0,0,0,0,NA,NA,NA,0.1,NA,NA,NA,0,0,3213,1,"TMMwsp",TRUE,FALSE,1.25247771441684,"ctc_pipeline",32,1,3,0,0,986290
4199,0,0,0,0,NA,NA,NA,0.05,NA,NA,NA,0,0,0,NA,"TMM",TRUE,FALSE,0.849214441033232,"edger_default",32,1,3,0,0,986290
8331,0,0,0,0,NA,NA,NA,0.1,NA,NA,NA,0,0,4132,1,"TMMwsp",TRUE,FALSE,0.911742933477935,"ablate_filter",32,1,3,0,0,986290
8254,0,0,0,0,NA,NA,NA,0.1,NA,NA,NA,0,0,0,NA,"TMMwsp",TRUE,FALSE,1.1956895058395,"ablate_exclusive",32,1,3,0,0,986290
11467,0,0,0,0,NA,NA,NA,0.1,NA,NA,NA,0,0,3213,1,"TMM",TRUE,FALSE,1.30675820813979,"ablate_tmmwsp",32,1,3,0,0,986290
11467,0,0,0,0,NA,NA,NA,0.1,NA,NA,NA,0,0,3213,1,"TMMwsp",TRUE,FALSE,1.25247771441684,"ablate_priorcount",32,1,3,0,0,986290
11467,0,0,0,0,NA,NA,NA,0.05,NA,NA,NA,0,0,3213,1,"TMMwsp",TRUE,FALSE,1.25247771441684,"ablate_fdr",32,1,3,0,0,986290
11467,0,0,0,0,NA,NA,NA,0.1,NA,NA,NA,0,0,3213,1,"TMMwsp",TRUE,FALSE,1.25247771441684,"ablate_shrinkfloor",32,1,3,0,0,986290
11467,0,0,0,0,NA,NA,NA,0.1,NA,NA,NA,0,0,3213,1,"TMMwsp",TRUE,FALSE,1.25247771441684,"ablate_lowinput",32,1,3,0,0,986290
10192,39,0,39,0,NA,0,1,0.1,NA,NA,NA,0,0,4048,1,"TMMwsp",FALSE,FALSE,0.873721495205317,"batch_removed",32,1,3,0,0,986290
10192,0,0,0,0,NA,NA,NA,0.1,NA,NA,NA,0,0,4048,1,"TMMwsp",FALSE,FALSE,1.23720903767225,"batch_ignored",32,1,3,0,0,986290
11467,0,0,0,0,NA,NA,NA,0.1,NA,NA,NA,0,0,3213,1,"TMMwsp",TRUE,FALSE,1.25247771441684,"fix_filter",32,1,3,0,0,986290
13129,0,0,0,0,NA,NA,NA,0.1,NA,NA,NA,0,0,3446,1,"TMMwsp",TRUE,FALSE,1.19965353302692,"ctc_pipeline",32,2,5,0,0,971448
5057,0,0,0,0,NA,NA,NA,0.05,NA,NA,NA,0,0,0,NA,"TMM",TRUE,FALSE,0.678683491484312,"edger_default",32,2,5,0,0,971448
8778,0,0,0,0,NA,NA,NA,0.1,NA,NA,NA,0,0,3721,1,"TMMwsp",TRUE,FALSE,0.733495977110811,"ablate_filter",32,2,5,0,0,971448
9683,0,0,0,0,NA,NA,NA,0.1,NA,NA,NA,0,0,0,NA,"TMMwsp",TRUE,FALSE,1.14873513084999,"ablate_exclusive",32,2,5,0,0,971448
13129,0,0,0,0,NA,NA,NA,0.1,NA,NA,NA,0,0,3446,1,"TMM",TRUE,FALSE,1.20263297149892,"ablate_tmmwsp",32,2,5,0,0,971448
13129,0,0,0,0,NA,NA,NA,0.1,NA,NA,NA,0,0,3446,1,"TMMwsp",TRUE,FALSE,1.19965353302692,"ablate_priorcount",32,2,5,0,0,971448
13129,0,0,0,0,NA,NA,NA,0.05,NA,NA,NA,0,0,3446,1,"TMMwsp",TRUE,FALSE,1.19965353302692,"ablate_fdr",32,2,5,0,0,971448
13129,0,0,0,0,NA,NA,NA,0.1,NA,NA,NA,0,0,3446,1,"TMMwsp",TRUE,FALSE,1.19965353302692,"ablate_shrinkfloor",32,2,5,0,0,971448
13129,0,0,0,0,NA,NA,NA,0.1,NA,NA,NA,0,0,3446,1,"TMMwsp",TRUE,FALSE,1.19965353302692,"ablate_lowinput",32,2,5,0,0,971448
10943,0,0,0,0,NA,NA,NA,0.1,NA,NA,NA,0,0,3716,1,"TMMwsp",FALSE,FALSE,0.860791781902064,"batch_removed",32,2,5,0,0,971448
10943,0,0,0,0,NA,NA,NA,0.1,NA,NA,NA,0,0,3716,1,"TMMwsp",FALSE,FALSE,1.08467763701726,"batch_ignored",32,2,5,0,0,971448
13129,0,0,0,0,NA,NA,NA,0.1,NA,NA,NA,0,0,3446,1,"TMMwsp",TRUE,FALSE,1.19965353302692,"fix_filter",32,2,5,0,0,971448
11360,0,0,0,0,NA,NA,NA,0.1,NA,NA,NA,0,0,3436,1,"TMMwsp",TRUE,FALSE,1.11537914349419,"ctc_pipeline",32,3,8,0,0,1061716.5
4385,0,0,0,0,NA,NA,NA,0.05,NA,NA,NA,0,0,0,NA,"TMM",TRUE,FALSE,0.615860019457543,"edger_default",32,3,8,0,0,1061716.5
7828,0,0,0,0,NA,NA,NA,0.1,NA,NA,NA,0,0,3443,1,"TMMwsp",TRUE,FALSE,0.654209726325257,"ablate_filter",32,3,8,0,0,1061716.5
7924,0,0,0,0,NA,NA,NA,0.1,NA,NA,NA,0,0,0,NA,"TMMwsp",TRUE,FALSE,1.06985915069689,"ablate_exclusive",32,3,8,0,0,1061716.5
11360,0,0,0,0,NA,NA,NA,0.1,NA,NA,NA,0,0,3436,1,"TMM",TRUE,FALSE,1.1243689315842,"ablate_tmmwsp",32,3,8,0,0,1061716.5
11360,0,0,0,0,NA,NA,NA,0.1,NA,NA,NA,0,0,3436,1,"TMMwsp",TRUE,FALSE,1.11537914349419,"ablate_priorcount",32,3,8,0,0,1061716.5
11360,0,0,0,0,NA,NA,NA,0.05,NA,NA,NA,0,0,3436,1,"TMMwsp",TRUE,FALSE,1.11537914349419,"ablate_fdr",32,3,8,0,0,1061716.5
11360,0,0,0,0,NA,NA,NA,0.1,NA,NA,NA,0,0,3436,1,"TMMwsp",TRUE,FALSE,1.11537914349419,"ablate_shrinkfloor",32,3,8,0,0,1061716.5
11360,0,0,0,0,NA,NA,NA,0.1,NA,NA,NA,0,0,3436,1,"TMMwsp",TRUE,FALSE,1.11537914349419,"ablate_lowinput",32,3,8,0,0,1061716.5
9903,0,0,0,0,NA,NA,NA,0.1,NA,NA,NA,0,0,3443,1,"TMMwsp",FALSE,FALSE,0.910212298503762,"batch_removed",32,3,8,0,0,1061716.5
9903,0,0,0,0,NA,NA,NA,0.1,NA,NA,NA,0,0,3443,1,"TMMwsp",FALSE,FALSE,1.05596717122934,"batch_ignored",32,3,8,0,0,1061716.5
11360,0,0,0,0,NA,NA,NA,0.1,NA,NA,NA,0,0,3436,1,"TMMwsp",TRUE,FALSE,1.11537914349419,"fix_filter",32,3,8,0,0,1061716.5
11957,0,0,0,0,NA,NA,NA,0.1,NA,NA,NA,0,0,3229,1,"TMMwsp",TRUE,FALSE,1.18067114731392,"ctc_pipeline",33,1,3,0,0,991399
4821,0,0,0,0,NA,NA,NA,0.05,NA,NA,NA,0,0,0,NA,"TMM",TRUE,FALSE,0.818363824678432,"edger_default",33,1,3,0,0,991399
8976,0,0,0,0,NA,NA,NA,0.1,NA,NA,NA,0,0,4155,1,"TMMwsp",TRUE,FALSE,0.881194746942085,"ablate_filter",33,1,3,0,0,991399
8728,0,0,0,0,NA,NA,NA,0.1,NA,NA,NA,0,0,0,NA,"TMMwsp",TRUE,FALSE,1.12714700807112,"ablate_exclusive",33,1,3,0,0,991399
11957,0,0,0,0,NA,NA,NA,0.1,NA,NA,NA,0,0,3229,1,"TMM",TRUE,FALSE,1.20591787301703,"ablate_tmmwsp",33,1,3,0,0,991399
11957,0,0,0,0,NA,NA,NA,0.1,NA,NA,NA,0,0,3229,1,"TMMwsp",TRUE,FALSE,1.18067114731392,"ablate_priorcount",33,1,3,0,0,991399
11957,0,0,0,0,NA,NA,NA,0.05,NA,NA,NA,0,0,3229,1,"TMMwsp",TRUE,FALSE,1.18067114731392,"ablate_fdr",33,1,3,0,0,991399
11957,0,0,0,0,NA,NA,NA,0.1,NA,NA,NA,0,0,3229,1,"TMMwsp",TRUE,FALSE,1.18067114731392,"ablate_shrinkfloor",33,1,3,0,0,991399
11957,0,0,0,0,NA,NA,NA,0.1,NA,NA,NA,0,0,3229,1,"TMMwsp",TRUE,FALSE,1.18067114731392,"ablate_lowinput",33,1,3,0,0,991399
10704,0,0,0,0,NA,NA,NA,0.1,NA,NA,NA,0,0,4068,1,"TMMwsp",FALSE,FALSE,0.775125916816764,"batch_removed",33,1,3,0,0,991399
10704,0,0,0,0,NA,NA,NA,0.1,NA,NA,NA,0,0,4068,1,"TMMwsp",FALSE,FALSE,1.200841609918,"batch_ignored",33,1,3,0,0,991399
11957,0,0,0,0,NA,NA,NA,0.1,NA,NA,NA,0,0,3229,1,"TMMwsp",TRUE,FALSE,1.18067114731392,"fix_filter",33,1,3,0,0,991399
13114,0,0,0,0,NA,NA,NA,0.1,NA,NA,NA,0,0,3514,1,"TMMwsp",TRUE,FALSE,1.19637646827295,"ctc_pipeline",33,2,5,0,0,1123084
5441,0,0,0,0,NA,NA,NA,0.05,NA,NA,NA,0,0,0,NA,"TMM",TRUE,FALSE,0.753241471051624,"edger_default",33,2,5,0,0,1123084
9198,0,0,0,0,NA,NA,NA,0.1,NA,NA,NA,0,0,3757,1,"TMMwsp",TRUE,FALSE,0.807625750709423,"ablate_filter",33,2,5,0,0,1123084
9600,0,0,0,0,NA,NA,NA,0.1,NA,NA,NA,0,0,0,NA,"TMMwsp",TRUE,FALSE,1.14128117370411,"ablate_exclusive",33,2,5,0,0,1123084
13114,0,0,0,0,NA,NA,NA,0.1,NA,NA,NA,0,0,3514,1,"TMM",TRUE,FALSE,1.20295719994858,"ablate_tmmwsp",33,2,5,0,0,1123084
13114,0,0,0,0,NA,NA,NA,0.1,NA,NA,NA,0,0,3514,1,"TMMwsp",TRUE,FALSE,1.19637646827295,"ablate_priorcount",33,2,5,0,0,1123084
13114,0,0,0,0,NA,NA,NA,0.05,NA,NA,NA,0,0,3514,1,"TMMwsp",TRUE,FALSE,1.19637646827295,"ablate_fdr",33,2,5,0,0,1123084
13114,0,0,0,0,NA,NA,NA,0.1,NA,NA,NA,0,0,3514,1,"TMMwsp",TRUE,FALSE,1.19637646827295,"ablate_shrinkfloor",33,2,5,0,0,1123084
13114,0,0,0,0,NA,NA,NA,0.1,NA,NA,NA,0,0,3514,1,"TMMwsp",TRUE,FALSE,1.19637646827295,"ablate_lowinput",33,2,5,0,0,1123084
10820,4,0,4,0,NA,0,1,0.1,NA,NA,NA,0,0,3761,1,"TMMwsp",FALSE,FALSE,0.86712406166751,"batch_removed",33,2,5,0,0,1123084
10820,0,0,0,0,NA,NA,NA,0.1,NA,NA,NA,0,0,3761,1,"TMMwsp",FALSE,FALSE,1.07905283520357,"batch_ignored",33,2,5,0,0,1123084
13114,0,0,0,0,NA,NA,NA,0.1,NA,NA,NA,0,0,3514,1,"TMMwsp",TRUE,FALSE,1.19637646827295,"fix_filter",33,2,5,0,0,1123084
10863,0,0,0,0,NA,NA,NA,0.1,NA,NA,NA,0,0,3648,1,"TMMwsp",TRUE,FALSE,1.18940439763281,"ctc_pipeline",33,3,8,0,0,812356
3720,0,0,0,0,NA,NA,NA,0.05,NA,NA,NA,0,0,0,NA,"TMM",TRUE,FALSE,0.634074225715274,"edger_default",33,3,8,0,0,812356
7370,0,0,0,0,NA,NA,NA,0.1,NA,NA,NA,0,0,3650,1,"TMMwsp",TRUE,FALSE,0.683017439964616,"ablate_filter",33,3,8,0,0,812356
7215,0,0,0,0,NA,NA,NA,0.1,NA,NA,NA,0,0,0,NA,"TMMwsp",TRUE,FALSE,1.1359984318981,"ablate_exclusive",33,3,8,0,0,812356
10863,0,0,0,0,NA,NA,NA,0.1,NA,NA,NA,0,0,3648,1,"TMM",TRUE,FALSE,1.20006182038959,"ablate_tmmwsp",33,3,8,0,0,812356
10863,0,0,0,0,NA,NA,NA,0.1,NA,NA,NA,0,0,3648,1,"TMMwsp",TRUE,FALSE,1.18940439763281,"ablate_priorcount",33,3,8,0,0,812356
10863,0,0,0,0,NA,NA,NA,0.05,NA,NA,NA,0,0,3648,1,"TMMwsp",TRUE,FALSE,1.18940439763281,"ablate_fdr",33,3,8,0,0,812356
10863,0,0,0,0,NA,NA,NA,0.1,NA,NA,NA,0,0,3648,1,"TMMwsp",TRUE,FALSE,1.18940439763281,"ablate_shrinkfloor",33,3,8,0,0,812356
10863,0,0,0,0,NA,NA,NA,0.1,NA,NA,NA,0,0,3648,1,"TMMwsp",TRUE,FALSE,1.18940439763281,"ablate_lowinput",33,3,8,0,0,812356
9457,0,0,0,0,NA,NA,NA,0.1,NA,NA,NA,0,0,3649,1,"TMMwsp",FALSE,FALSE,0.975607590893503,"batch_removed",33,3,8,0,0,812356
9457,0,0,0,0,NA,NA,NA,0.1,NA,NA,NA,0,0,3649,1,"TMMwsp",FALSE,FALSE,1.11357869290223,"batch_ignored",33,3,8,0,0,812356
10863,0,0,0,0,NA,NA,NA,0.1,NA,NA,NA,0,0,3648,1,"TMMwsp",TRUE,FALSE,1.18940439763281,"fix_filter",33,3,8,0,0,812356
12946,1,0,1,0,NA,0,1,0.1,NA,NA,NA,0,0,3113,1,"TMMwsp",TRUE,FALSE,1.1508187141899,"ctc_pipeline",34,1,3,0,0,983576
5275,0,0,0,0,NA,NA,NA,0.05,NA,NA,NA,0,0,0,NA,"TMM",TRUE,FALSE,0.762186509555041,"edger_default",34,1,3,0,0,983576
9282,0,0,0,0,NA,NA,NA,0.1,NA,NA,NA,0,0,4007,1,"TMMwsp",TRUE,FALSE,0.802602760951042,"ablate_filter",34,1,3,0,0,983576
9833,1,0,1,0,NA,0,1,0.1,NA,NA,NA,0,0,0,NA,"TMMwsp",TRUE,FALSE,1.11489137575797,"ablate_exclusive",34,1,3,0,0,983576
12946,0,0,0,0,NA,NA,NA,0.1,NA,NA,NA,0,0,3113,1,"TMM",TRUE,FALSE,1.16492913134318,"ablate_tmmwsp",34,1,3,0,0,983576
12946,1,0,1,0,NA,0,1,0.1,NA,NA,NA,0,0,3113,1,"TMMwsp",TRUE,FALSE,1.1508187141899,"ablate_priorcount",34,1,3,0,0,983576
12946,0,0,0,0,NA,NA,NA,0.05,NA,NA,NA,0,0,3113,1,"TMMwsp",TRUE,FALSE,1.1508187141899,"ablate_fdr",34,1,3,0,0,983576
12946,1,0,1,0,NA,0,1,0.1,NA,NA,NA,0,0,3113,1,"TMMwsp",TRUE,FALSE,1.1508187141899,"ablate_shrinkfloor",34,1,3,0,0,983576
12946,1,0,1,0,NA,0,1,0.1,NA,NA,NA,0,0,3113,1,"TMMwsp",TRUE,FALSE,1.1508187141899,"ablate_lowinput",34,1,3,0,0,983576
11627,2,0,2,0,NA,0,1,0.1,NA,NA,NA,0,0,3910,1,"TMMwsp",FALSE,FALSE,0.755644963886722,"batch_removed",34,1,3,0,0,983576
11627,0,0,0,0,NA,NA,NA,0.1,NA,NA,NA,0,0,3910,1,"TMMwsp",FALSE,FALSE,1.15785656891573,"batch_ignored",34,1,3,0,0,983576
12946,1,0,1,0,NA,0,1,0.1,NA,NA,NA,0,0,3113,1,"TMMwsp",TRUE,FALSE,1.1508187141899,"fix_filter",34,1,3,0,0,983576
12150,0,0,0,0,NA,NA,NA,0.1,NA,NA,NA,0,0,3745,1,"TMMwsp",TRUE,FALSE,1.29533583937111,"ctc_pipeline",34,2,5,0,0,971142.5
4158,0,0,0,0,NA,NA,NA,0.05,NA,NA,NA,0,0,0,NA,"TMM",TRUE,FALSE,0.719285699669619,"edger_default",34,2,5,0,0,971142.5
8162,0,0,0,0,NA,NA,NA,0.1,NA,NA,NA,0,0,4004,1,"TMMwsp",TRUE,FALSE,0.793042718085491,"ablate_filter",34,2,5,0,0,971142.5
8405,0,0,0,0,NA,NA,NA,0.1,NA,NA,NA,0,0,0,NA,"TMMwsp",TRUE,FALSE,1.22366854371575,"ablate_exclusive",34,2,5,0,0,971142.5
12150,0,0,0,0,NA,NA,NA,0.1,NA,NA,NA,0,0,3745,1,"TMM",TRUE,FALSE,1.30668839524118,"ablate_tmmwsp",34,2,5,0,0,971142.5
12150,0,0,0,0,NA,NA,NA,0.1,NA,NA,NA,0,0,3745,1,"TMMwsp",TRUE,FALSE,1.29533583937111,"ablate_priorcount",34,2,5,0,0,971142.5
12150,0,0,0,0,NA,NA,NA,0.05,NA,NA,NA,0,0,3745,1,"TMMwsp",TRUE,FALSE,1.29533583937111,"ablate_fdr",34,2,5,0,0,971142.5
12150,0,0,0,0,NA,NA,NA,0.1,NA,NA,NA,0,0,3745,1,"TMMwsp",TRUE,FALSE,1.29533583937111,"ablate_shrinkfloor",34,2,5,0,0,971142.5
12150,0,0,0,0,NA,NA,NA,0.1,NA,NA,NA,0,0,3745,1,"TMMwsp",TRUE,FALSE,1.29533583937111,"ablate_lowinput",34,2,5,0,0,971142.5
9992,0,0,0,0,NA,NA,NA,0.1,NA,NA,NA,0,0,4002,1,"TMMwsp",FALSE,FALSE,0.909161599159655,"batch_removed",34,2,5,0,0,971142.5
9992,0,0,0,0,NA,NA,NA,0.1,NA,NA,NA,0,0,4002,1,"TMMwsp",FALSE,FALSE,1.1523086948047,"batch_ignored",34,2,5,0,0,971142.5
12150,0,0,0,0,NA,NA,NA,0.1,NA,NA,NA,0,0,3745,1,"TMMwsp",TRUE,FALSE,1.29533583937111,"fix_filter",34,2,5,0,0,971142.5
11005,0,0,0,0,NA,NA,NA,0.1,NA,NA,NA,0,0,3578,1,"TMMwsp",TRUE,FALSE,1.14353247006382,"ctc_pipeline",34,3,8,0,0,641389
3683,0,0,0,0,NA,NA,NA,0.05,NA,NA,NA,0,0,0,NA,"TMM",TRUE,FALSE,0.577062427968686,"edger_default",34,3,8,0,0,641389
7264,0,0,0,0,NA,NA,NA,0.1,NA,NA,NA,0,0,3581,1,"TMMwsp",TRUE,FALSE,0.624920482833835,"ablate_filter",34,3,8,0,0,641389
7427,0,0,0,0,NA,NA,NA,0.1,NA,NA,NA,0,0,0,NA,"TMMwsp",TRUE,FALSE,1.09260561453338,"ablate_exclusive",34,3,8,0,0,641389
11005,0,0,0,0,NA,NA,NA,0.1,NA,NA,NA,0,0,3578,1,"TMM",TRUE,FALSE,1.15681004364876,"ablate_tmmwsp",34,3,8,0,0,641389
11005,0,0,0,0,NA,NA,NA,0.1,NA,NA,NA,0,0,3578,1,"TMMwsp",TRUE,FALSE,1.14353247006382,"ablate_priorcount",34,3,8,0,0,641389
11005,0,0,0,0,NA,NA,NA,0.05,NA,NA,NA,0,0,3578,1,"TMMwsp",TRUE,FALSE,1.14353247006382,"ablate_fdr",34,3,8,0,0,641389
11005,0,0,0,0,NA,NA,NA,0.1,NA,NA,NA,0,0,3578,1,"TMMwsp",TRUE,FALSE,1.14353247006382,"ablate_shrinkfloor",34,3,8,0,0,641389
11005,0,0,0,0,NA,NA,NA,0.1,NA,NA,NA,0,0,3578,1,"TMMwsp",TRUE,FALSE,1.14353247006382,"ablate_lowinput",34,3,8,0,0,641389
9560,0,0,0,0,NA,NA,NA,0.1,NA,NA,NA,0,0,3581,1,"TMMwsp",FALSE,FALSE,0.953799516229007,"batch_removed",34,3,8,0,0,641389
9560,0,0,0,0,NA,NA,NA,0.1,NA,NA,NA,0,0,3581,1,"TMMwsp",FALSE,FALSE,1.07085047596415,"batch_ignored",34,3,8,0,0,641389
11005,0,0,0,0,NA,NA,NA,0.1,NA,NA,NA,0,0,3578,1,"TMMwsp",TRUE,FALSE,1.14353247006382,"fix_filter",34,3,8,0,0,641389
12360,0,0,0,0,NA,NA,NA,0.1,NA,NA,NA,0,0,3190,1,"TMMwsp",TRUE,FALSE,1.15853257577991,"ctc_pipeline",35,1,3,0,0,980029.5
4827,0,0,0,0,NA,NA,NA,0.05,NA,NA,NA,0,0,0,NA,"TMM",TRUE,FALSE,0.75588463208856,"edger_default",35,1,3,0,0,980029.5
8998,0,0,0,0,NA,NA,NA,0.1,NA,NA,NA,0,0,4171,1,"TMMwsp",TRUE,FALSE,0.819994493062214,"ablate_filter",35,1,3,0,0,980029.5
9170,0,0,0,0,NA,NA,NA,0.1,NA,NA,NA,0,0,0,NA,"TMMwsp",TRUE,FALSE,1.10090355207058,"ablate_exclusive",35,1,3,0,0,980029.5
12360,0,0,0,0,NA,NA,NA,0.1,NA,NA,NA,0,0,3190,1,"TMM",TRUE,FALSE,1.18724008187704,"ablate_tmmwsp",35,1,3,0,0,980029.5
12360,0,0,0,0,NA,NA,NA,0.1,NA,NA,NA,0,0,3190,1,"TMMwsp",TRUE,FALSE,1.15853257577991,"ablate_priorcount",35,1,3,0,0,980029.5
12360,0,0,0,0,NA,NA,NA,0.05,NA,NA,NA,0,0,3190,1,"TMMwsp",TRUE,FALSE,1.15853257577991,"ablate_fdr",35,1,3,0,0,980029.5
12360,0,0,0,0,NA,NA,NA,0.1,NA,NA,NA,0,0,3190,1,"TMMwsp",TRUE,FALSE,1.15853257577991,"ablate_shrinkfloor",35,1,3,0,0,980029.5
12360,0,0,0,0,NA,NA,NA,0.1,NA,NA,NA,0,0,3190,1,"TMMwsp",TRUE,FALSE,1.15853257577991,"ablate_lowinput",35,1,3,0,0,980029.5
11079,26,0,26,0,NA,0,1,0.1,NA,NA,NA,0,0,4037,1,"TMMwsp",FALSE,FALSE,0.756458443489179,"batch_removed",35,1,3,0,0,980029.5
11079,0,0,0,0,NA,NA,NA,0.1,NA,NA,NA,0,0,4037,1,"TMMwsp",FALSE,FALSE,1.16978954209259,"batch_ignored",35,1,3,0,0,980029.5
12360,0,0,0,0,NA,NA,NA,0.1,NA,NA,NA,0,0,3190,1,"TMMwsp",TRUE,FALSE,1.15853257577991,"fix_filter",35,1,3,0,0,980029.5
12777,0,0,0,0,NA,NA,NA,0.1,NA,NA,NA,0,0,3664,1,"TMMwsp",TRUE,FALSE,1.22406235160664,"ctc_pipeline",35,2,5,0,0,999954
4869,0,0,0,0,NA,NA,NA,0.05,NA,NA,NA,0,0,0,NA,"TMM",TRUE,FALSE,0.749662068590613,"edger_default",35,2,5,0,0,999954
8788,0,0,0,0,NA,NA,NA,0.1,NA,NA,NA,0,0,3919,1,"TMMwsp",TRUE,FALSE,0.812080429140269,"ablate_filter",35,2,5,0,0,999954
9113,0,0,0,0,NA,NA,NA,0.1,NA,NA,NA,0,0,0,NA,"TMMwsp",TRUE,FALSE,1.16548526622619,"ablate_exclusive",35,2,5,0,0,999954
12777,0,0,0,0,NA,NA,NA,0.1,NA,NA,NA,0,0,3664,1,"TMM",TRUE,FALSE,1.23992879679656,"ablate_tmmwsp",35,2,5,0,0,999954
12777,0,0,0,0,NA,NA,NA,0.1,NA,NA,NA,0,0,3664,1,"TMMwsp",TRUE,FALSE,1.22406235160664,"ablate_priorcount",35,2,5,0,0,999954
12777,0,0,0,0,NA,NA,NA,0.05,NA,NA,NA,0,0,3664,1,"TMMwsp",TRUE,FALSE,1.22406235160664,"ablate_fdr",35,2,5,0,0,999954
12777,0,0,0,0,NA,NA,NA,0.1,NA,NA,NA,0,0,3664,1,"TMMwsp",TRUE,FALSE,1.22406235160664,"ablate_shrinkfloor",35,2,5,0,0,999954
12777,0,0,0,0,NA,NA,NA,0.1,NA,NA,NA,0,0,3664,1,"TMMwsp",TRUE,FALSE,1.22406235160664,"ablate_lowinput",35,2,5,0,0,999954
10510,0,0,0,0,NA,NA,NA,0.1,NA,NA,NA,0,0,3915,1,"TMMwsp",FALSE,FALSE,0.889821893705011,"batch_removed",35,2,5,0,0,999954
10510,0,0,0,0,NA,NA,NA,0.1,NA,NA,NA,0,0,3915,1,"TMMwsp",FALSE,FALSE,1.10225274890035,"batch_ignored",35,2,5,0,0,999954
12777,0,0,0,0,NA,NA,NA,0.1,NA,NA,NA,0,0,3664,1,"TMMwsp",TRUE,FALSE,1.22406235160664,"fix_filter",35,2,5,0,0,999954
11373,0,0,0,0,NA,NA,NA,0.1,NA,NA,NA,0,0,3453,1,"TMMwsp",TRUE,FALSE,1.10403612677152,"ctc_pipeline",35,3,8,0,0,1073285.5
4460,0,0,0,0,NA,NA,NA,0.05,NA,NA,NA,0,0,0,NA,"TMM",TRUE,FALSE,0.616480763002476,"edger_default",35,3,8,0,0,1073285.5
7920,0,0,0,0,NA,NA,NA,0.1,NA,NA,NA,0,0,3460,1,"TMMwsp",TRUE,FALSE,0.657307684242825,"ablate_filter",35,3,8,0,0,1073285.5
7920,0,0,0,0,NA,NA,NA,0.1,NA,NA,NA,0,0,0,NA,"TMMwsp",TRUE,FALSE,1.05791863093865,"ablate_exclusive",35,3,8,0,0,1073285.5
11373,0,0,0,0,NA,NA,NA,0.1,NA,NA,NA,0,0,3453,1,"TMM",TRUE,FALSE,1.1098511824135,"ablate_tmmwsp",35,3,8,0,0,1073285.5
11373,0,0,0,0,NA,NA,NA,0.1,NA,NA,NA,0,0,3453,1,"TMMwsp",TRUE,FALSE,1.10403612677152,"ablate_priorcount",35,3,8,0,0,1073285.5
11373,0,0,0,0,NA,NA,NA,0.05,NA,NA,NA,0,0,3453,1,"TMMwsp",TRUE,FALSE,1.10403612677152,"ablate_fdr",35,3,8,0,0,1073285.5
11373,0,0,0,0,NA,NA,NA,0.1,NA,NA,NA,0,0,3453,1,"TMMwsp",TRUE,FALSE,1.10403612677152,"ablate_shrinkfloor",35,3,8,0,0,1073285.5
11373,0,0,0,0,NA,NA,NA,0.1,NA,NA,NA,0,0,3453,1,"TMMwsp",TRUE,FALSE,1.10403612677152,"ablate_lowinput",35,3,8,0,0,1073285.5
9966,0,0,0,0,NA,NA,NA,0.1,NA,NA,NA,0,0,3460,1,"TMMwsp",FALSE,FALSE,0.901491646368711,"batch_removed",35,3,8,0,0,1073285.5
9966,0,0,0,0,NA,NA,NA,0.1,NA,NA,NA,0,0,3460,1,"TMMwsp",FALSE,FALSE,1.04639094327932,"batch_ignored",35,3,8,0,0,1073285.5
11373,0,0,0,0,NA,NA,NA,0.1,NA,NA,NA,0,0,3453,1,"TMMwsp",TRUE,FALSE,1.10403612677152,"fix_filter",35,3,8,0,0,1073285.5
11538,0,0,0,0,NA,NA,NA,0.1,NA,NA,NA,0,0,3246,1,"TMMwsp",TRUE,FALSE,1.27769008520709,"ctc_pipeline",36,1,3,0,0,1027706
4152,0,0,0,0,NA,NA,NA,0.05,NA,NA,NA,0,0,0,NA,"TMM",TRUE,FALSE,0.804248726232576,"edger_default",36,1,3,0,0,1027706
8270,0,0,0,0,NA,NA,NA,0.1,NA,NA,NA,0,0,4118,1,"TMMwsp",TRUE,FALSE,0.886681624550938,"ablate_filter",36,1,3,0,0,1027706
8292,0,0,0,0,NA,NA,NA,0.1,NA,NA,NA,0,0,0,NA,"TMMwsp",TRUE,FALSE,1.21257276484909,"ablate_exclusive",36,1,3,0,0,1027706
11538,0,0,0,0,NA,NA,NA,0.1,NA,NA,NA,0,0,3246,1,"TMM",TRUE,FALSE,1.29179393838988,"ablate_tmmwsp",36,1,3,0,0,1027706
11538,0,0,0,0,NA,NA,NA,0.1,NA,NA,NA,0,0,3246,1,"TMMwsp",TRUE,FALSE,1.27769008520709,"ablate_priorcount",36,1,3,0,0,1027706
11538,0,0,0,0,NA,NA,NA,0.05,NA,NA,NA,0,0,3246,1,"TMMwsp",TRUE,FALSE,1.27769008520709,"ablate_fdr",36,1,3,0,0,1027706
11538,0,0,0,0,NA,NA,NA,0.1,NA,NA,NA,0,0,3246,1,"TMMwsp",TRUE,FALSE,1.27769008520709,"ablate_shrinkfloor",36,1,3,0,0,1027706
11538,0,0,0,0,NA,NA,NA,0.1,NA,NA,NA,0,0,3246,1,"TMMwsp",TRUE,FALSE,1.27769008520709,"ablate_lowinput",36,1,3,0,0,1027706
10281,2,0,2,0,NA,0,1,0.1,NA,NA,NA,0,0,4011,1,"TMMwsp",FALSE,FALSE,0.810127360248359,"batch_removed",36,1,3,0,0,1027706
10281,0,0,0,0,NA,NA,NA,0.1,NA,NA,NA,0,0,4011,1,"TMMwsp",FALSE,FALSE,1.27230738009463,"batch_ignored",36,1,3,0,0,1027706
11538,0,0,0,0,NA,NA,NA,0.1,NA,NA,NA,0,0,3246,1,"TMMwsp",TRUE,FALSE,1.27769008520709,"fix_filter",36,1,3,0,0,1027706
13067,0,0,0,0,NA,NA,NA,0.1,NA,NA,NA,0,0,3521,1,"TMMwsp",TRUE,FALSE,1.1941264980203,"ctc_pipeline",36,2,5,0,0,996524.5
5109,0,0,0,0,NA,NA,NA,0.05,NA,NA,NA,0,0,0,NA,"TMM",TRUE,FALSE,0.694664350767014,"edger_default",36,2,5,0,0,996524.5
8903,0,0,0,0,NA,NA,NA,0.1,NA,NA,NA,0,0,3794,1,"TMMwsp",TRUE,FALSE,0.754591194060325,"ablate_filter",36,2,5,0,0,996524.5
9546,0,0,0,0,NA,NA,NA,0.1,NA,NA,NA,0,0,0,NA,"TMMwsp",TRUE,FALSE,1.13925297458753,"ablate_exclusive",36,2,5,0,0,996524.5
13067,0,0,0,0,NA,NA,NA,0.1,NA,NA,NA,0,0,3521,1,"TMM",TRUE,FALSE,1.19804849219517,"ablate_tmmwsp",36,2,5,0,0,996524.5
13067,0,0,0,0,NA,NA,NA,0.1,NA,NA,NA,0,0,3521,1,"TMMwsp",TRUE,FALSE,1.1941264980203,"ablate_priorcount",36,2,5,0,0,996524.5
13067,0,0,0,0,NA,NA,NA,0.05,NA,NA,NA,0,0,3521,1,"TMMwsp",TRUE,FALSE,1.1941264980203,"ablate_fdr",36,2,5,0,0,996524.5
13067,0,0,0,0,NA,NA,NA,0.1,NA,NA,NA,0,0,3521,1,"TMMwsp",TRUE,FALSE,1.1941264980203,"ablate_shrinkfloor",36,2,5,0,0,996524.5
13067,0,0,0,0,NA,NA,NA,0.1,NA,NA,NA,0,0,3521,1,"TMMwsp",TRUE,FALSE,1.1941264980203,"ablate_lowinput",36,2,5,0,0,996524.5
10885,7,0,7,0,NA,0,1,0.1,NA,NA,NA,0,0,3792,1,"TMMwsp",FALSE,FALSE,0.858564877075789,"batch_removed",36,2,5,0,0,996524.5
10885,0,0,0,0,NA,NA,NA,0.1,NA,NA,NA,0,0,3792,1,"TMMwsp",FALSE,FALSE,1.09293435639273,"batch_ignored",36,2,5,0,0,996524.5
13067,0,0,0,0,NA,NA,NA,0.1,NA,NA,NA,0,0,3521,1,"TMMwsp",TRUE,FALSE,1.1941264980203,"fix_filter",36,2,5,0,0,996524.5
11757,0,0,0,0,NA,NA,NA,0.1,NA,NA,NA,0,0,3410,1,"TMMwsp",TRUE,FALSE,1.06733273316429,"ctc_pipeline",36,3,8,0,0,1088166
4781,0,0,0,0,NA,NA,NA,0.05,NA,NA,NA,0,0,0,NA,"TMM",TRUE,FALSE,0.59429294393013,"edger_default",36,3,8,0,0,1088166
8193,0,0,0,0,NA,NA,NA,0.1,NA,NA,NA,0,0,3412,1,"TMMwsp",TRUE,FALSE,0.635243066817074,"ablate_filter",36,3,8,0,0,1088166
8347,0,0,0,0,NA,NA,NA,0.1,NA,NA,NA,0,0,0,NA,"TMMwsp",TRUE,FALSE,1.02091900830712,"ablate_exclusive",36,3,8,0,0,1088166
11757,0,0,0,0,NA,NA,NA,0.1,NA,NA,NA,0,0,3410,1,"TMM",TRUE,FALSE,1.07361648372725,"ablate_tmmwsp",36,3,8,0,0,1088166
11757,0,0,0,0,NA,NA,NA,0.1,NA,NA,NA,0,0,3410,1,"TMMwsp",TRUE,FALSE,1.06733273316429,"ablate_priorcount",36,3,8,0,0,1088166
11757,0,0,0,0,NA,NA,NA,0.05,NA,NA,NA,0,0,3410,1,"TMMwsp",TRUE,FALSE,1.06733273316429,"ablate_fdr",36,3,8,0,0,1088166
11757,0,0,0,0,NA,NA,NA,0.1,NA,NA,NA,0,0,3410,1,"TMMwsp",TRUE,FALSE,1.06733273316429,"ablate_shrinkfloor",36,3,8,0,0,1088166
11757,0,0,0,0,NA,NA,NA,0.1,NA,NA,NA,0,0,3410,1,"TMMwsp",TRUE,FALSE,1.06733273316429,"ablate_lowinput",36,3,8,0,0,1088166
10324,1,0,1,0,NA,0,1,0.1,NA,NA,NA,0,0,3412,1,"TMMwsp",FALSE,FALSE,0.87958081166808,"batch_removed",36,3,8,0,0,1088166
10324,0,0,0,0,NA,NA,NA,0.1,NA,NA,NA,0,0,3412,1,"TMMwsp",FALSE,FALSE,1.02460593878102,"batch_ignored",36,3,8,0,0,1088166
11757,0,0,0,0,NA,NA,NA,0.1,NA,NA,NA,0,0,3410,1,"TMMwsp",TRUE,FALSE,1.06733273316429,"fix_filter",36,3,8,0,0,1088166
13156,0,0,0,0,NA,NA,NA,0.1,NA,NA,NA,0,0,3100,1,"TMMwsp",TRUE,FALSE,1.10354022172766,"ctc_pipeline",37,1,3,0,0,1071902.5
5506,0,0,0,0,NA,NA,NA,0.05,NA,NA,NA,0,0,0,NA,"TMM",TRUE,FALSE,0.71736388366576,"edger_default",37,1,3,0,0,1071902.5
9527,0,0,0,0,NA,NA,NA,0.1,NA,NA,NA,0,0,4021,1,"TMMwsp",TRUE,FALSE,0.765865980021958,"ablate_filter",37,1,3,0,0,1071902.5
10056,0,0,0,0,NA,NA,NA,0.1,NA,NA,NA,0,0,0,NA,"TMMwsp",TRUE,FALSE,1.06196458872925,"ablate_exclusive",37,1,3,0,0,1071902.5
13156,0,0,0,0,NA,NA,NA,0.1,NA,NA,NA,0,0,3100,1,"TMM",TRUE,FALSE,1.11959914815147,"ablate_tmmwsp",37,1,3,0,0,1071902.5
13156,0,0,0,0,NA,NA,NA,0.1,NA,NA,NA,0,0,3100,1,"TMMwsp",TRUE,FALSE,1.10354022172766,"ablate_priorcount",37,1,3,0,0,1071902.5
13156,0,0,0,0,NA,NA,NA,0.05,NA,NA,NA,0,0,3100,1,"TMMwsp",TRUE,FALSE,1.10354022172766,"ablate_fdr",37,1,3,0,0,1071902.5
13156,0,0,0,0,NA,NA,NA,0.1,NA,NA,NA,0,0,3100,1,"TMMwsp",TRUE,FALSE,1.10354022172766,"ablate_shrinkfloor",37,1,3,0,0,1071902.5
13156,0,0,0,0,NA,NA,NA,0.1,NA,NA,NA,0,0,3100,1,"TMMwsp",TRUE,FALSE,1.10354022172766,"ablate_lowinput",37,1,3,0,0,1071902.5
11883,54,0,54,0,NA,0,1,0.1,NA,NA,NA,0,0,3921,1,"TMMwsp",FALSE,FALSE,0.719673257865201,"batch_removed",37,1,3,0,0,1071902.5
11883,0,0,0,0,NA,NA,NA,0.1,NA,NA,NA,0,0,3921,1,"TMMwsp",FALSE,FALSE,1.11299742955753,"batch_ignored",37,1,3,0,0,1071902.5
13156,0,0,0,0,NA,NA,NA,0.1,NA,NA,NA,0,0,3100,1,"TMMwsp",TRUE,FALSE,1.10354022172766,"fix_filter",37,1,3,0,0,1071902.5
11824,0,0,0,0,NA,NA,NA,0.1,NA,NA,NA,0,0,3733,1,"TMMwsp",TRUE,FALSE,1.38699733475452,"ctc_pipeline",37,2,5,0,0,495925
3684,0,0,0,0,NA,NA,NA,0.05,NA,NA,NA,0,0,0,NA,"TMM",TRUE,FALSE,0.738073178953513,"edger_default",37,2,5,0,0,495925
7636,0,0,0,0,NA,NA,NA,0.1,NA,NA,NA,0,0,3952,1,"TMMwsp",TRUE,FALSE,0.820544067565867,"ablate_filter",37,2,5,0,0,495925
8091,0,0,0,0,NA,NA,NA,0.1,NA,NA,NA,0,0,0,NA,"TMMwsp",TRUE,FALSE,1.31724948583844,"ablate_exclusive",37,2,5,0,0,495925
11824,0,0,0,0,NA,NA,NA,0.1,NA,NA,NA,0,0,3733,1,"TMM",TRUE,FALSE,1.40041501755844,"ablate_tmmwsp",37,2,5,0,0,495925
11824,0,0,0,0,NA,NA,NA,0.1,NA,NA,NA,0,0,3733,1,"TMMwsp",TRUE,FALSE,1.38699733475452,"ablate_priorcount",37,2,5,0,0,495925
11824,0,0,0,0,NA,NA,NA,0.05,NA,NA,NA,0,0,3733,1,"TMMwsp",TRUE,FALSE,1.38699733475452,"ablate_fdr",37,2,5,0,0,495925
11824,0,0,0,0,NA,NA,NA,0.1,NA,NA,NA,0,0,3733,1,"TMMwsp",TRUE,FALSE,1.38699733475452,"ablate_shrinkfloor",37,2,5,0,0,495925
11824,0,0,0,0,NA,NA,NA,0.1,NA,NA,NA,0,0,3733,1,"TMMwsp",TRUE,FALSE,1.37900078419964,"ablate_lowinput",37,2,5,0,0,495925
9621,1,0,1,0,NA,0,1,0.1,NA,NA,NA,0,0,3948,1,"TMMwsp",FALSE,FALSE,1.01115073248641,"batch_removed",37,2,5,0,0,495925
9621,0,0,0,0,NA,NA,NA,0.1,NA,NA,NA,0,0,3948,1,"TMMwsp",FALSE,FALSE,1.19295732537761,"batch_ignored",37,2,5,0,0,495925
11824,0,0,0,0,NA,NA,NA,0.1,NA,NA,NA,0,0,3733,1,"TMMwsp",TRUE,FALSE,1.38699733475452,"fix_filter",37,2,5,0,0,495925
11402,0,0,0,0,NA,NA,NA,0.1,NA,NA,NA,0,0,3483,1,"TMMwsp",TRUE,FALSE,1.10097098803796,"ctc_pipeline",37,3,8,0,0,889008
4337,0,0,0,0,NA,NA,NA,0.05,NA,NA,NA,0,0,0,NA,"TMM",TRUE,FALSE,0.602939064491256,"edger_default",37,3,8,0,0,889008
7826,0,0,0,0,NA,NA,NA,0.1,NA,NA,NA,0,0,3489,1,"TMMwsp",TRUE,FALSE,0.646109858844391,"ablate_filter",37,3,8,0,0,889008
7919,0,0,0,0,NA,NA,NA,0.1,NA,NA,NA,0,0,0,NA,"TMMwsp",TRUE,FALSE,1.05475932831201,"ablate_exclusive",37,3,8,0,0,889008
11402,0,0,0,0,NA,NA,NA,0.1,NA,NA,NA,0,0,3483,1,"TMM",TRUE,FALSE,1.10945032229835,"ablate_tmmwsp",37,3,8,0,0,889008
11402,0,0,0,0,NA,NA,NA,0.1,NA,NA,NA,0,0,3483,1,"TMMwsp",TRUE,FALSE,1.10097098803796,"ablate_priorcount",37,3,8,0,0,889008
11402,0,0,0,0,NA,NA,NA,0.05,NA,NA,NA,0,0,3483,1,"TMMwsp",TRUE,FALSE,1.10097098803796,"ablate_fdr",37,3,8,0,0,889008
11402,0,0,0,0,NA,NA,NA,0.1,NA,NA,NA,0,0,3483,1,"TMMwsp",TRUE,FALSE,1.10097098803796,"ablate_shrinkfloor",37,3,8,0,0,889008
11402,0,0,0,0,NA,NA,NA,0.1,NA,NA,NA,0,0,3483,1,"TMMwsp",TRUE,FALSE,1.10097098803796,"ablate_lowinput",37,3,8,0,0,889008
9937,4,0,4,0,NA,0,1,0.1,NA,NA,NA,0,0,3489,1,"TMMwsp",FALSE,FALSE,0.899387557361884,"batch_removed",37,3,8,0,0,889008
9937,0,0,0,0,NA,NA,NA,0.1,NA,NA,NA,0,0,3489,1,"TMMwsp",FALSE,FALSE,1.03629453854754,"batch_ignored",37,3,8,0,0,889008
11402,0,0,0,0,NA,NA,NA,0.1,NA,NA,NA,0,0,3483,1,"TMMwsp",TRUE,FALSE,1.10097098803796,"fix_filter",37,3,8,0,0,889008
12677,0,0,0,0,NA,NA,NA,0.1,NA,NA,NA,0,0,3099,1,"TMMwsp",TRUE,FALSE,1.17186219810026,"ctc_pipeline",38,1,3,0,0,1014765
5058,0,0,0,0,NA,NA,NA,0.05,NA,NA,NA,0,0,0,NA,"TMM",TRUE,FALSE,0.752726628183585,"edger_default",38,1,3,0,0,1014765
9070,0,0,0,0,NA,NA,NA,0.1,NA,NA,NA,0,0,4012,1,"TMMwsp",TRUE,FALSE,0.80309705302426,"ablate_filter",38,1,3,0,0,1014765
9578,0,0,0,0,NA,NA,NA,0.1,NA,NA,NA,0,0,0,NA,"TMMwsp",TRUE,FALSE,1.13266309079856,"ablate_exclusive",38,1,3,0,0,1014765
12677,0,0,0,0,NA,NA,NA,0.1,NA,NA,NA,0,0,3099,1,"TMM",TRUE,FALSE,1.18094917351713,"ablate_tmmwsp",38,1,3,0,0,1014765
12677,0,0,0,0,NA,NA,NA,0.1,NA,NA,NA,0,0,3099,1,"TMMwsp",TRUE,FALSE,1.17186219810026,"ablate_priorcount",38,1,3,0,0,1014765
12677,0,0,0,0,NA,NA,NA,0.05,NA,NA,NA,0,0,3099,1,"TMMwsp",TRUE,FALSE,1.17186219810026,"ablate_fdr",38,1,3,0,0,1014765
12677,0,0,0,0,NA,NA,NA,0.1,NA,NA,NA,0,0,3099,1,"TMMwsp",TRUE,FALSE,1.17186219810026,"ablate_shrinkfloor",38,1,3,0,0,1014765
12677,0,0,0,0,NA,NA,NA,0.1,NA,NA,NA,0,0,3099,1,"TMMwsp",TRUE,FALSE,1.17186219810026,"ablate_lowinput",38,1,3,0,0,1014765
11361,2,0,2,0,NA,0,1,0.1,NA,NA,NA,0,0,3903,1,"TMMwsp",FALSE,FALSE,0.736080061888024,"batch_removed",38,1,3,0,0,1014765
11361,0,0,0,0,NA,NA,NA,0.1,NA,NA,NA,0,0,3903,1,"TMMwsp",FALSE,FALSE,1.15799372056419,"batch_ignored",38,1,3,0,0,1014765
12677,0,0,0,0,NA,NA,NA,0.1,NA,NA,NA,0,0,3099,1,"TMMwsp",TRUE,FALSE,1.17186219810026,"fix_filter",38,1,3,0,0,1014765
11196,0,0,0,0,NA,NA,NA,0.1,NA,NA,NA,0,0,3648,1,"TMMwsp",TRUE,FALSE,1.40344382762117,"ctc_pipeline",38,2,5,0,0,733539.5
3571,0,0,0,0,NA,NA,NA,0.05,NA,NA,NA,0,0,0,NA,"TMM",TRUE,FALSE,0.787279721441353,"edger_default",38,2,5,0,0,733539.5
7472,0,0,0,0,NA,NA,NA,0.1,NA,NA,NA,0,0,3901,1,"TMMwsp",TRUE,FALSE,0.86702441080707,"ablate_filter",38,2,5,0,0,733539.5
7548,0,0,0,0,NA,NA,NA,0.1,NA,NA,NA,0,0,0,NA,"TMMwsp",TRUE,FALSE,1.33465754959147,"ablate_exclusive",38,2,5,0,0,733539.5
11196,0,0,0,0,NA,NA,NA,0.1,NA,NA,NA,0,0,3648,1,"TMM",TRUE,FALSE,1.41838697591095,"ablate_tmmwsp",38,2,5,0,0,733539.5
11196,0,0,0,0,NA,NA,NA,0.1,NA,NA,NA,0,0,3648,1,"TMMwsp",TRUE,FALSE,1.40344382762117,"ablate_priorcount",38,2,5,0,0,733539.5
11196,0,0,0,0,NA,NA,NA,0.05,NA,NA,NA,0,0,3648,1,"TMMwsp",TRUE,FALSE,1.40344382762117,"ablate_fdr",38,2,5,0,0,733539.5
11196,0,0,0,0,NA,NA,NA,0.1,NA,NA,NA,0,0,3648,1,"TMMwsp",TRUE,FALSE,1.40344382762117,"ablate_shrinkfloor",38,2,5,0,0,733539.5
11196,0,0,0,0,NA,NA,NA,0.1,NA,NA,NA,0,0,3648,1,"TMMwsp",TRUE,FALSE,1.40344382762117,"ablate_lowinput",38,2,5,0,0,733539.5
9095,0,0,0,0,NA,NA,NA,0.1,NA,NA,NA,0,0,3900,1,"TMMwsp",FALSE,FALSE,0.983855046112518,"batch_removed",38,2,5,0,0,733539.5
9095,0,0,0,0,NA,NA,NA,0.1,NA,NA,NA,0,0,3900,1,"TMMwsp",FALSE,FALSE,1.2141075691151,"batch_ignored",38,2,5,0,0,733539.5
11196,0,0,0,0,NA,NA,NA,0.1,NA,NA,NA,0,0,3648,1,"TMMwsp",TRUE,FALSE,1.40344382762117,"fix_filter",38,2,5,0,0,733539.5
11134,0,0,0,0,NA,NA,NA,0.1,NA,NA,NA,0,0,3539,1,"TMMwsp",TRUE,FALSE,1.14090119072177,"ctc_pipeline",38,3,8,0,0,693208
4007,0,0,0,0,NA,NA,NA,0.05,NA,NA,NA,0,0,0,NA,"TMM",TRUE,FALSE,0.613281999267737,"edger_default",38,3,8,0,0,693208
7548,0,0,0,0,NA,NA,NA,0.1,NA,NA,NA,0,0,3541,1,"TMMwsp",TRUE,FALSE,0.661274215380407,"ablate_filter",38,3,8,0,0,693208
7595,0,0,0,0,NA,NA,NA,0.1,NA,NA,NA,0,0,0,NA,"TMMwsp",TRUE,FALSE,1.08786480154612,"ablate_exclusive",38,3,8,0,0,693208
11134,0,0,0,0,NA,NA,NA,0.1,NA,NA,NA,0,0,3539,1,"TMM",TRUE,FALSE,1.14912514988239,"ablate_tmmwsp",38,3,8,0,0,693208
11134,0,0,0,0,NA,NA,NA,0.1,NA,NA,NA,0,0,3539,1,"TMMwsp",TRUE,FALSE,1.14090119072177,"ablate_priorcount",38,3,8,0,0,693208
11134,0,0,0,0,NA,NA,NA,0.05,NA,NA,NA,0,0,3539,1,"TMMwsp",TRUE,FALSE,1.14090119072177,"ablate_fdr",38,3,8,0,0,693208
11134,0,0,0,0,NA,NA,NA,0.1,NA,NA,NA,0,0,3539,1,"TMMwsp",TRUE,FALSE,1.14090119072177,"ablate_shrinkfloor",38,3,8,0,0,693208
11134,0,0,0,0,NA,NA,NA,0.1,NA,NA,NA,0,0,3539,1,"TMMwsp",TRUE,FALSE,1.14090119072177,"ablate_lowinput",38,3,8,0,0,693208
9671,0,0,0,0,NA,NA,NA,0.1,NA,NA,NA,0,0,3541,1,"TMMwsp",FALSE,FALSE,0.934334958146563,"batch_removed",38,3,8,0,0,693208
9671,0,0,0,0,NA,NA,NA,0.1,NA,NA,NA,0,0,3541,1,"TMMwsp",FALSE,FALSE,1.06314828633472,"batch_ignored",38,3,8,0,0,693208
11134,0,0,0,0,NA,NA,NA,0.1,NA,NA,NA,0,0,3539,1,"TMMwsp",TRUE,FALSE,1.14090119072177,"fix_filter",38,3,8,0,0,693208
11501,0,0,0,0,NA,NA,NA,0.1,NA,NA,NA,0,0,3287,1,"TMMwsp",TRUE,FALSE,1.28045302284168,"ctc_pipeline",39,1,3,0,0,850663.5
4164,0,0,0,0,NA,NA,NA,0.05,NA,NA,NA,0,0,0,NA,"TMM",TRUE,FALSE,0.880290216028972,"edger_default",39,1,3,0,0,850663.5
8285,0,0,0,0,NA,NA,NA,0.1,NA,NA,NA,0,0,4121,1,"TMMwsp",TRUE,FALSE,0.9184755110152,"ablate_filter",39,1,3,0,0,850663.5
8214,0,0,0,0,NA,NA,NA,0.1,NA,NA,NA,0,0,0,NA,"TMMwsp",TRUE,FALSE,1.25185996266025,"ablate_exclusive",39,1,3,0,0,850663.5
11501,0,0,0,0,NA,NA,NA,0.1,NA,NA,NA,0,0,3287,1,"TMM",TRUE,FALSE,1.32312039450404,"ablate_tmmwsp",39,1,3,0,0,850663.5
11501,0,0,0,0,NA,NA,NA,0.1,NA,NA,NA,0,0,3287,1,"TMMwsp",TRUE,FALSE,1.28045302284168,"ablate_priorcount",39,1,3,0,0,850663.5
11501,0,0,0,0,NA,NA,NA,0.05,NA,NA,NA,0,0,3287,1,"TMMwsp",TRUE,FALSE,1.28045302284168,"ablate_fdr",39,1,3,0,0,850663.5
11501,0,0,0,0,NA,NA,NA,0.1,NA,NA,NA,0,0,3287,1,"TMMwsp",TRUE,FALSE,1.28045302284168,"ablate_shrinkfloor",39,1,3,0,0,850663.5
11501,0,0,0,0,NA,NA,NA,0.1,NA,NA,NA,0,0,3287,1,"TMMwsp",TRUE,FALSE,1.28045302284168,"ablate_lowinput",39,1,3,0,0,850663.5
10222,16,0,16,0,NA,0,1,0.1,NA,NA,NA,0,0,4052,1,"TMMwsp",FALSE,FALSE,0.90099043037301,"batch_removed",39,1,3,0,0,850663.5
10222,0,0,0,0,NA,NA,NA,0.1,NA,NA,NA,0,0,4052,1,"TMMwsp",FALSE,FALSE,1.24777145473553,"batch_ignored",39,1,3,0,0,850663.5
11501,0,0,0,0,NA,NA,NA,0.1,NA,NA,NA,0,0,3287,1,"TMMwsp",TRUE,FALSE,1.28045302284168,"fix_filter",39,1,3,0,0,850663.5
13166,0,0,0,0,NA,NA,NA,0.1,NA,NA,NA,0,0,3542,1,"TMMwsp",TRUE,FALSE,1.22057309604867,"ctc_pipeline",39,2,5,0,0,991691
5097,0,0,0,0,NA,NA,NA,0.05,NA,NA,NA,0,0,0,NA,"TMM",TRUE,FALSE,0.702842854112231,"edger_default",39,2,5,0,0,991691
9007,0,0,0,0,NA,NA,NA,0.1,NA,NA,NA,0,0,3910,1,"TMMwsp",TRUE,FALSE,0.778015490035873,"ablate_filter",39,2,5,0,0,991691
9624,0,0,0,0,NA,NA,NA,0.1,NA,NA,NA,0,0,0,NA,"TMMwsp",TRUE,FALSE,1.15745579811769,"ablate_exclusive",39,2,5,0,0,991691
13166,0,0,0,0,NA,NA,NA,0.1,NA,NA,NA,0,0,3542,1,"TMM",TRUE,FALSE,1.22103626683634,"ablate_tmmwsp",39,2,5,0,0,991691
13166,0,0,0,0,NA,NA,NA,0.1,NA,NA,NA,0,0,3542,1,"TMMwsp",TRUE,FALSE,1.22057309604867,"ablate_priorcount",39,2,5,0,0,991691
13166,0,0,0,0,NA,NA,NA,0.05,NA,NA,NA,0,0,3542,1,"TMMwsp",TRUE,FALSE,1.22057309604867,"ablate_fdr",39,2,5,0,0,991691
13166,0,0,0,0,NA,NA,NA,0.1,NA,NA,NA,0,0,3542,1,"TMMwsp",TRUE,FALSE,1.22057309604867,"ablate_shrinkfloor",39,2,5,0,0,991691
13166,0,0,0,0,NA,NA,NA,0.1,NA,NA,NA,0,0,3542,1,"TMMwsp",TRUE,FALSE,1.22057309604867,"ablate_lowinput",39,2,5,0,0,991691
10910,2,0,2,0,NA,0,1,0.1,NA,NA,NA,0,0,3900,1,"TMMwsp",FALSE,FALSE,0.864126233381626,"batch_removed",39,2,5,0,0,991691
10910,0,0,0,0,NA,NA,NA,0.1,NA,NA,NA,0,0,3900,1,"TMMwsp",FALSE,FALSE,1.09067994835345,"batch_ignored",39,2,5,0,0,991691
13166,0,0,0,0,NA,NA,NA,0.1,NA,NA,NA,0,0,3542,1,"TMMwsp",TRUE,FALSE,1.22057309604867,"fix_filter",39,2,5,0,0,991691
11293,0,0,0,0,NA,NA,NA,0.1,NA,NA,NA,0,0,3420,1,"TMMwsp",TRUE,FALSE,1.13541335549331,"ctc_pipeline",39,3,8,0,0,722645
4069,0,0,0,0,NA,NA,NA,0.05,NA,NA,NA,0,0,0,NA,"TMM",TRUE,FALSE,0.586448559939109,"edger_default",39,3,8,0,0,722645
7496,0,0,0,0,NA,NA,NA,0.1,NA,NA,NA,0,0,3427,1,"TMMwsp",TRUE,FALSE,0.626501927548039,"ablate_filter",39,3,8,0,0,722645
7873,0,0,0,0,NA,NA,NA,0.1,NA,NA,NA,0,0,0,NA,"TMMwsp",TRUE,FALSE,1.09069446314548,"ablate_exclusive",39,3,8,0,0,722645
11293,0,0,0,0,NA,NA,NA,0.1,NA,NA,NA,0,0,3420,1,"TMM",TRUE,FALSE,1.14754313376986,"ablate_tmmwsp",39,3,8,0,0,722645
11293,0,0,0,0,NA,NA,NA,0.1,NA,NA,NA,0,0,3420,1,"TMMwsp",TRUE,FALSE,1.13541335549331,"ablate_priorcount",39,3,8,0,0,722645
11293,0,0,0,0,NA,NA,NA,0.05,NA,NA,NA,0,0,3420,1,"TMMwsp",TRUE,FALSE,1.13541335549331,"ablate_fdr",39,3,8,0,0,722645
11293,0,0,0,0,NA,NA,NA,0.1,NA,NA,NA,0,0,3420,1,"TMMwsp",TRUE,FALSE,1.13541335549331,"ablate_shrinkfloor",39,3,8,0,0,722645
11293,0,0,0,0,NA,NA,NA,0.1,NA,NA,NA,0,0,3420,1,"TMMwsp",TRUE,FALSE,1.13541335549331,"ablate_lowinput",39,3,8,0,0,722645
9824,2,0,2,0,NA,0,1,0.1,NA,NA,NA,0,0,3427,1,"TMMwsp",FALSE,FALSE,0.937372763159631,"batch_removed",39,3,8,0,0,722645
9824,0,0,0,0,NA,NA,NA,0.1,NA,NA,NA,0,0,3427,1,"TMMwsp",FALSE,FALSE,1.07062731497124,"batch_ignored",39,3,8,0,0,722645
11293,0,0,0,0,NA,NA,NA,0.1,NA,NA,NA,0,0,3420,1,"TMMwsp",TRUE,FALSE,1.13541335549331,"fix_filter",39,3,8,0,0,722645
12126,0,0,0,0,NA,NA,NA,0.1,NA,NA,NA,0,0,3233,1,"TMMwsp",TRUE,FALSE,1.13270832052953,"ctc_pipeline",40,1,3,0,0,913432
4581,0,0,0,0,NA,NA,NA,0.05,NA,NA,NA,0,0,0,NA,"TMM",TRUE,FALSE,0.706691331978914,"edger_default",40,1,3,0,0,913432
8756,0,0,0,0,NA,NA,NA,0.1,NA,NA,NA,0,0,4175,1,"TMMwsp",TRUE,FALSE,0.79141357570818,"ablate_filter",40,1,3,0,0,913432
8893,0,0,0,0,NA,NA,NA,0.1,NA,NA,NA,0,0,0,NA,"TMMwsp",TRUE,FALSE,1.06347749344807,"ablate_exclusive",40,1,3,0,0,913432
12126,0,0,0,0,NA,NA,NA,0.1,NA,NA,NA,0,0,3233,1,"TMM",TRUE,FALSE,1.13862940821622,"ablate_tmmwsp",40,1,3,0,0,913432
12126,0,0,0,0,NA,NA,NA,0.1,NA,NA,NA,0,0,3233,1,"TMMwsp",TRUE,FALSE,1.13270832052953,"ablate_priorcount",40,1,3,0,0,913432
12126,0,0,0,0,NA,NA,NA,0.05,NA,NA,NA,0,0,3233,1,"TMMwsp",TRUE,FALSE,1.13270832052953,"ablate_fdr",40,1,3,0,0,913432
12126,0,0,0,0,NA,NA,NA,0.1,NA,NA,NA,0,0,3233,1,"TMMwsp",TRUE,FALSE,1.13270832052953,"ablate_shrinkfloor",40,1,3,0,0,913432
12126,0,0,0,0,NA,NA,NA,0.1,NA,NA,NA,0,0,3233,1,"TMMwsp",TRUE,FALSE,1.13270832052953,"ablate_lowinput",40,1,3,0,0,913432
10931,11,0,11,0,NA,0,1,0.1,NA,NA,NA,0,0,4100,1,"TMMwsp",FALSE,FALSE,0.745005389022721,"batch_removed",40,1,3,0,0,913432
10931,0,0,0,0,NA,NA,NA,0.1,NA,NA,NA,0,0,4100,1,"TMMwsp",FALSE,FALSE,1.19418143965058,"batch_ignored",40,1,3,0,0,913432
12126,0,0,0,0,NA,NA,NA,0.1,NA,NA,NA,0,0,3233,1,"TMMwsp",TRUE,FALSE,1.13270832052953,"fix_filter",40,1,3,0,0,913432
12920,0,0,0,0,NA,NA,NA,0.1,NA,NA,NA,0,0,3623,1,"TMMwsp",TRUE,FALSE,1.22302479128609,"ctc_pipeline",40,2,5,0,0,774252.5
4638,0,0,0,0,NA,NA,NA,0.05,NA,NA,NA,0,0,0,NA,"TMM",TRUE,FALSE,0.697171742747205,"edger_default",40,2,5,0,0,774252.5
8578,0,0,0,0,NA,NA,NA,0.1,NA,NA,NA,0,0,3940,1,"TMMwsp",TRUE,FALSE,0.761275745881996,"ablate_filter",40,2,5,0,0,774252.5
9297,0,0,0,0,NA,NA,NA,0.1,NA,NA,NA,0,0,0,NA,"TMMwsp",TRUE,FALSE,1.16251080686191,"ablate_exclusive",40,2,5,0,0,774252.5
12920,0,0,0,0,NA,NA,NA,0.1,NA,NA,NA,0,0,3623,1,"TMM",TRUE,FALSE,1.23991300865294,"ablate_tmmwsp",40,2,5,0,0,774252.5
12920,0,0,0,0,NA,NA,NA,0.1,NA,NA,NA,0,0,3623,1,"TMMwsp",TRUE,FALSE,1.22302479128609,"ablate_priorcount",40,2,5,0,0,774252.5
12920,0,0,0,0,NA,NA,NA,0.05,NA,NA,NA,0,0,3623,1,"TMMwsp",TRUE,FALSE,1.22302479128609,"ablate_fdr",40,2,5,0,0,774252.5
12920,0,0,0,0,NA,NA,NA,0.1,NA,NA,NA,0,0,3623,1,"TMMwsp",TRUE,FALSE,1.22302479128609,"ablate_shrinkfloor",40,2,5,0,0,774252.5
12920,0,0,0,0,NA,NA,NA,0.1,NA,NA,NA,0,0,3623,1,"TMMwsp",TRUE,FALSE,1.22302479128609,"ablate_lowinput",40,2,5,0,0,774252.5
10683,3,0,3,0,NA,0,1,0.1,NA,NA,NA,0,0,3934,1,"TMMwsp",FALSE,FALSE,0.89424666309742,"batch_removed",40,2,5,0,0,774252.5
10683,0,0,0,0,NA,NA,NA,0.1,NA,NA,NA,0,0,3934,1,"TMMwsp",FALSE,FALSE,1.11273088147852,"batch_ignored",40,2,5,0,0,774252.5
12920,0,0,0,0,NA,NA,NA,0.1,NA,NA,NA,0,0,3623,1,"TMMwsp",TRUE,FALSE,1.22302479128609,"fix_filter",40,2,5,0,0,774252.5
11064,0,0,0,0,NA,NA,NA,0.1,NA,NA,NA,0,0,3523,1,"TMMwsp",TRUE,FALSE,1.11580970795994,"ctc_pipeline",40,3,8,0,0,864347.5
4089,0,0,0,0,NA,NA,NA,0.05,NA,NA,NA,0,0,0,NA,"TMM",TRUE,FALSE,0.601405600119378,"edger_default",40,3,8,0,0,864347.5
7617,0,0,0,0,NA,NA,NA,0.1,NA,NA,NA,0,0,3528,1,"TMMwsp",TRUE,FALSE,0.645330200984938,"ablate_filter",40,3,8,0,0,864347.5
7541,0,0,0,0,NA,NA,NA,0.1,NA,NA,NA,0,0,0,NA,"TMMwsp",TRUE,FALSE,1.06563491361486,"ablate_exclusive",40,3,8,0,0,864347.5
11064,0,0,0,0,NA,NA,NA,0.1,NA,NA,NA,0,0,3523,1,"TMM",TRUE,FALSE,1.12673613831511,"ablate_tmmwsp",40,3,8,0,0,864347.5
11064,0,0,0,0,NA,NA,NA,0.1,NA,NA,NA,0,0,3523,1,"TMMwsp",TRUE,FALSE,1.11580970795994,"ablate_priorcount",40,3,8,0,0,864347.5
11064,0,0,0,0,NA,NA,NA,0.05,NA,NA,NA,0,0,3523,1,"TMMwsp",TRUE,FALSE,1.11580970795994,"ablate_fdr",40,3,8,0,0,864347.5
11064,0,0,0,0,NA,NA,NA,0.1,NA,NA,NA,0,0,3523,1,"TMMwsp",TRUE,FALSE,1.11580970795994,"ablate_shrinkfloor",40,3,8,0,0,864347.5
11064,0,0,0,0,NA,NA,NA,0.1,NA,NA,NA,0,0,3523,1,"TMMwsp",TRUE,FALSE,1.11580970795994,"ablate_lowinput",40,3,8,0,0,864347.5
9664,0,0,0,0,NA,NA,NA,0.1,NA,NA,NA,0,0,3528,1,"TMMwsp",FALSE,FALSE,0.909019224496809,"batch_removed",40,3,8,0,0,864347.5
9664,0,0,0,0,NA,NA,NA,0.1,NA,NA,NA,0,0,3528,1,"TMMwsp",FALSE,FALSE,1.04759606409582,"batch_ignored",40,3,8,0,0,864347.5
11064,0,0,0,0,NA,NA,NA,0.1,NA,NA,NA,0,0,3523,1,"TMMwsp",TRUE,FALSE,1.11580970795994,"fix_filter",40,3,8,0,0,864347.5
12590,0,0,0,0,NA,NA,NA,0.1,NA,NA,NA,0,0,3189,1,"TMMwsp",TRUE,FALSE,1.21554624827712,"ctc_pipeline",41,1,3,0,0,923596.5
4905,0,0,0,0,NA,NA,NA,0.05,NA,NA,NA,0,0,0,NA,"TMM",TRUE,FALSE,0.820719205258234,"edger_default",41,1,3,0,0,923596.5
8944,0,0,0,0,NA,NA,NA,0.1,NA,NA,NA,0,0,4039,1,"TMMwsp",TRUE,FALSE,0.854568888766261,"ablate_filter",41,1,3,0,0,923596.5
9401,0,0,0,0,NA,NA,NA,0.1,NA,NA,NA,0,0,0,NA,"TMMwsp",TRUE,FALSE,1.19067875526166,"ablate_exclusive",41,1,3,0,0,923596.5
12590,0,0,0,0,NA,NA,NA,0.1,NA,NA,NA,0,0,3189,1,"TMM",TRUE,FALSE,1.25643213399108,"ablate_tmmwsp",41,1,3,0,0,923596.5
12590,0,0,0,0,NA,NA,NA,0.1,NA,NA,NA,0,0,3189,1,"TMMwsp",TRUE,FALSE,1.21554624827712,"ablate_priorcount",41,1,3,0,0,923596.5
12590,0,0,0,0,NA,NA,NA,0.05,NA,NA,NA,0,0,3189,1,"TMMwsp",TRUE,FALSE,1.21554624827712,"ablate_fdr",41,1,3,0,0,923596.5
12590,0,0,0,0,NA,NA,NA,0.1,NA,NA,NA,0,0,3189,1,"TMMwsp",TRUE,FALSE,1.21554624827712,"ablate_shrinkfloor",41,1,3,0,0,923596.5
12590,0,0,0,0,NA,NA,NA,0.1,NA,NA,NA,0,0,3189,1,"TMMwsp",TRUE,FALSE,1.21554624827712,"ablate_lowinput",41,1,3,0,0,923596.5
11179,18,0,18,0,NA,0,1,0.1,NA,NA,NA,0,0,3953,1,"TMMwsp",FALSE,FALSE,0.863953116098577,"batch_removed",41,1,3,0,0,923596.5
11179,0,0,0,0,NA,NA,NA,0.1,NA,NA,NA,0,0,3953,1,"TMMwsp",FALSE,FALSE,1.1848564339005,"batch_ignored",41,1,3,0,0,923596.5
12590,0,0,0,0,NA,NA,NA,0.1,NA,NA,NA,0,0,3189,1,"TMMwsp",TRUE,FALSE,1.21554624827712,"fix_filter",41,1,3,0,0,923596.5
12729,1,0,1,0,NA,0,1,0.1,NA,NA,NA,0,0,3691,1,"TMMwsp",TRUE,FALSE,1.27172855027622,"ctc_pipeline",41,2,5,0,0,885398
4664,1,0,1,0,NA,0,1,0.05,NA,NA,NA,0,0,0,NA,"TMM",TRUE,FALSE,0.747110577469903,"edger_default",41,2,5,0,0,885398
8623,1,0,1,0,NA,0,1,0.1,NA,NA,NA,0,0,3959,1,"TMMwsp",TRUE,FALSE,0.81869643688097,"ablate_filter",41,2,5,0,0,885398
9038,1,0,1,0,NA,0,1,0.1,NA,NA,NA,0,0,0,NA,"TMMwsp",TRUE,FALSE,1.21121596388534,"ablate_exclusive",41,2,5,0,0,885398
12729,1,0,1,0,NA,0,1,0.1,NA,NA,NA,0,0,3691,1,"TMM",TRUE,FALSE,1.28397076889357,"ablate_tmmwsp",41,2,5,0,0,885398
12729,1,0,1,0,NA,0,1,0.1,NA,NA,NA,0,0,3691,1,"TMMwsp",TRUE,FALSE,1.27172855027622,"ablate_priorcount",41,2,5,0,0,885398
12729,0,0,0,0,NA,NA,NA,0.05,NA,NA,NA,0,0,3691,1,"TMMwsp",TRUE,FALSE,1.27172855027622,"ablate_fdr",41,2,5,0,0,885398
12729,1,0,1,0,NA,0,1,0.1,NA,NA,NA,0,0,3691,1,"TMMwsp",TRUE,FALSE,1.27172855027622,"ablate_shrinkfloor",41,2,5,0,0,885398
12729,1,0,1,0,NA,0,1,0.1,NA,NA,NA,0,0,3691,1,"TMMwsp",TRUE,FALSE,1.27172855027622,"ablate_lowinput",41,2,5,0,0,885398
10476,7,0,7,0,NA,0,1,0.1,NA,NA,NA,0,0,3955,1,"TMMwsp",FALSE,FALSE,0.931024584037018,"batch_removed",41,2,5,0,0,885398
10476,0,0,0,0,NA,NA,NA,0.1,NA,NA,NA,0,0,3955,1,"TMMwsp",FALSE,FALSE,1.14652618640087,"batch_ignored",41,2,5,0,0,885398
12729,1,0,1,0,NA,0,1,0.1,NA,NA,NA,0,0,3691,1,"TMMwsp",TRUE,FALSE,1.27172855027622,"fix_filter",41,2,5,0,0,885398
11579,0,0,0,0,NA,NA,NA,0.1,NA,NA,NA,0,0,3521,1,"TMMwsp",TRUE,FALSE,1.1012113903261,"ctc_pipeline",41,3,8,0,0,863687
4509,0,0,0,0,NA,NA,NA,0.05,NA,NA,NA,0,0,0,NA,"TMM",TRUE,FALSE,0.616182779923473,"edger_default",41,3,8,0,0,863687
8035,0,0,0,0,NA,NA,NA,0.1,NA,NA,NA,0,0,3526,1,"TMMwsp",TRUE,FALSE,0.657846320746612,"ablate_filter",41,3,8,0,0,863687
8058,0,0,0,0,NA,NA,NA,0.1,NA,NA,NA,0,0,0,NA,"TMMwsp",TRUE,FALSE,1.05686390281781,"ablate_exclusive",41,3,8,0,0,863687
11579,0,0,0,0,NA,NA,NA,0.1,NA,NA,NA,0,0,3521,1,"TMM",TRUE,FALSE,1.10631725151661,"ablate_tmmwsp",41,3,8,0,0,863687
11579,0,0,0,0,NA,NA,NA,0.1,NA,NA,NA,0,0,3521,1,"TMMwsp",TRUE,FALSE,1.1012113903261,"ablate_priorcount",41,3,8,0,0,863687
11579,0,0,0,0,NA,NA,NA,0.05,NA,NA,NA,0,0,3521,1,"TMMwsp",TRUE,FALSE,1.1012113903261,"ablate_fdr",41,3,8,0,0,863687
11579,0,0,0,0,NA,NA,NA,0.1,NA,NA,NA,0,0,3521,1,"TMMwsp",TRUE,FALSE,1.1012113903261,"ablate_shrinkfloor",41,3,8,0,0,863687
11579,0,0,0,0,NA,NA,NA,0.1,NA,NA,NA,0,0,3521,1,"TMMwsp",TRUE,FALSE,1.1012113903261,"ablate_lowinput",41,3,8,0,0,863687
10190,1,0,1,0,NA,0,1,0.1,NA,NA,NA,0,0,3526,1,"TMMwsp",FALSE,FALSE,0.918557662604184,"batch_removed",41,3,8,0,0,863687
10190,0,0,0,0,NA,NA,NA,0.1,NA,NA,NA,0,0,3526,1,"TMMwsp",FALSE,FALSE,1.05193102471305,"batch_ignored",41,3,8,0,0,863687
11579,0,0,0,0,NA,NA,NA,0.1,NA,NA,NA,0,0,3521,1,"TMMwsp",TRUE,FALSE,1.1012113903261,"fix_filter",41,3,8,0,0,863687
11950,0,0,0,0,NA,NA,NA,0.1,NA,NA,NA,0,0,3299,1,"TMMwsp",TRUE,FALSE,1.21928798186821,"ctc_pipeline",42,1,3,0,0,830602
4231,0,0,0,0,NA,NA,NA,0.05,NA,NA,NA,0,0,0,NA,"TMM",TRUE,FALSE,0.759103318937817,"edger_default",42,1,3,0,0,830602
8415,0,0,0,0,NA,NA,NA,0.1,NA,NA,NA,0,0,4184,1,"TMMwsp",TRUE,FALSE,0.832470971734946,"ablate_filter",42,1,3,0,0,830602
8651,0,0,0,0,NA,NA,NA,0.1,NA,NA,NA,0,0,0,NA,"TMMwsp",TRUE,FALSE,1.15381162626637,"ablate_exclusive",42,1,3,0,0,830602
11950,0,0,0,0,NA,NA,NA,0.1,NA,NA,NA,0,0,3299,1,"TMM",TRUE,FALSE,1.24816813229353,"ablate_tmmwsp",42,1,3,0,0,830602
11950,0,0,0,0,NA,NA,NA,0.1,NA,NA,NA,0,0,3299,1,"TMMwsp",TRUE,FALSE,1.21928798186821,"ablate_priorcount",42,1,3,0,0,830602
11950,0,0,0,0,NA,NA,NA,0.05,NA,NA,NA,0,0,3299,1,"TMMwsp",TRUE,FALSE,1.21928798186821,"ablate_fdr",42,1,3,0,0,830602
11950,0,0,0,0,NA,NA,NA,0.1,NA,NA,NA,0,0,3299,1,"TMMwsp",TRUE,FALSE,1.21928798186821,"ablate_shrinkfloor",42,1,3,0,0,830602
11950,0,0,0,0,NA,NA,NA,0.1,NA,NA,NA,0,0,3299,1,"TMMwsp",TRUE,FALSE,1.21928798186821,"ablate_lowinput",42,1,3,0,0,830602
10692,41,0,41,0,NA,0,1,0.1,NA,NA,NA,0,0,4091,1,"TMMwsp",FALSE,FALSE,0.790202086289897,"batch_removed",42,1,3,0,0,830602
10692,0,0,0,0,NA,NA,NA,0.1,NA,NA,NA,0,0,4091,1,"TMMwsp",FALSE,FALSE,1.21173856385142,"batch_ignored",42,1,3,0,0,830602
11950,0,0,0,0,NA,NA,NA,0.1,NA,NA,NA,0,0,3299,1,"TMMwsp",TRUE,FALSE,1.21928798186821,"fix_filter",42,1,3,0,0,830602
12725,0,0,0,0,NA,NA,NA,0.1,NA,NA,NA,0,0,3581,1,"TMMwsp",TRUE,FALSE,1.23946891956417,"ctc_pipeline",42,2,5,0,0,688559
4496,0,0,0,0,NA,NA,NA,0.05,NA,NA,NA,0,0,0,NA,"TMM",TRUE,FALSE,0.672369837876956,"edger_default",42,2,5,0,0,688559
8395,0,0,0,0,NA,NA,NA,0.1,NA,NA,NA,0,0,3899,1,"TMMwsp",TRUE,FALSE,0.736034464873355,"ablate_filter",42,2,5,0,0,688559
9144,0,0,0,0,NA,NA,NA,0.1,NA,NA,NA,0,0,0,NA,"TMMwsp",TRUE,FALSE,1.18174648992827,"ablate_exclusive",42,2,5,0,0,688559
12725,0,0,0,0,NA,NA,NA,0.1,NA,NA,NA,0,0,3581,1,"TMM",TRUE,FALSE,1.24969248336208,"ablate_tmmwsp",42,2,5,0,0,688559
12725,0,0,0,0,NA,NA,NA,0.1,NA,NA,NA,0,0,3581,1,"TMMwsp",TRUE,FALSE,1.23946891956417,"ablate_priorcount",42,2,5,0,0,688559
12725,0,0,0,0,NA,NA,NA,0.05,NA,NA,NA,0,0,3581,1,"TMMwsp",TRUE,FALSE,1.23946891956417,"ablate_fdr",42,2,5,0,0,688559
12725,0,0,0,0,NA,NA,NA,0.1,NA,NA,NA,0,0,3581,1,"TMMwsp",TRUE,FALSE,1.23946891956417,"ablate_shrinkfloor",42,2,5,0,0,688559
12725,0,0,0,0,NA,NA,NA,0.1,NA,NA,NA,0,0,3581,1,"TMMwsp",TRUE,FALSE,1.23946891956417,"ablate_lowinput",42,2,5,0,0,688559
10527,2,0,2,0,NA,0,1,0.1,NA,NA,NA,0,0,3890,1,"TMMwsp",FALSE,FALSE,0.902033492104012,"batch_removed",42,2,5,0,0,688559
10527,0,0,0,0,NA,NA,NA,0.1,NA,NA,NA,0,0,3890,1,"TMMwsp",FALSE,FALSE,1.10952624110477,"batch_ignored",42,2,5,0,0,688559
12725,0,0,0,0,NA,NA,NA,0.1,NA,NA,NA,0,0,3581,1,"TMMwsp",TRUE,FALSE,1.23946891956417,"fix_filter",42,2,5,0,0,688559
11203,0,0,0,0,NA,NA,NA,0.1,NA,NA,NA,0,0,3496,1,"TMMwsp",TRUE,FALSE,1.14363747956171,"ctc_pipeline",42,3,8,0,0,642739.5
3820,0,0,0,0,NA,NA,NA,0.05,NA,NA,NA,0,0,0,NA,"TMM",TRUE,FALSE,0.576158814674598,"edger_default",42,3,8,0,0,642739.5
7318,0,0,0,0,NA,NA,NA,0.1,NA,NA,NA,0,0,3498,1,"TMMwsp",TRUE,FALSE,0.623585947102451,"ablate_filter",42,3,8,0,0,642739.5
7707,0,0,0,0,NA,NA,NA,0.1,NA,NA,NA,0,0,0,NA,"TMMwsp",TRUE,FALSE,1.09408929782432,"ablate_exclusive",42,3,8,0,0,642739.5
11203,0,0,0,0,NA,NA,NA,0.1,NA,NA,NA,0,0,3496,1,"TMM",TRUE,FALSE,1.15134110178718,"ablate_tmmwsp",42,3,8,0,0,642739.5
11203,0,0,0,0,NA,NA,NA,0.1,NA,NA,NA,0,0,3496,1,"TMMwsp",TRUE,FALSE,1.14363747956171,"ablate_priorcount",42,3,8,0,0,642739.5
11203,0,0,0,0,NA,NA,NA,0.05,NA,NA,NA,0,0,3496,1,"TMMwsp",TRUE,FALSE,1.14363747956171,"ablate_fdr",42,3,8,0,0,642739.5
11203,0,0,0,0,NA,NA,NA,0.1,NA,NA,NA,0,0,3496,1,"TMMwsp",TRUE,FALSE,1.14363747956171,"ablate_shrinkfloor",42,3,8,0,0,642739.5
11203,0,0,0,0,NA,NA,NA,0.1,NA,NA,NA,0,0,3496,1,"TMMwsp",TRUE,FALSE,1.14363747956171,"ablate_lowinput",42,3,8,0,0,642739.5
9766,0,0,0,0,NA,NA,NA,0.1,NA,NA,NA,0,0,3498,1,"TMMwsp",FALSE,FALSE,0.947144197409239,"batch_removed",42,3,8,0,0,642739.5
9766,0,0,0,0,NA,NA,NA,0.1,NA,NA,NA,0,0,3498,1,"TMMwsp",FALSE,FALSE,1.08095169036421,"batch_ignored",42,3,8,0,0,642739.5
11203,0,0,0,0,NA,NA,NA,0.1,NA,NA,NA,0,0,3496,1,"TMMwsp",TRUE,FALSE,1.14363747956171,"fix_filter",42,3,8,0,0,642739.5
11727,0,0,0,0,NA,NA,NA,0.1,NA,NA,NA,0,0,3293,1,"TMMwsp",TRUE,FALSE,1.22296825576527,"ctc_pipeline",43,1,3,0,0,593223
3961,0,0,0,0,NA,NA,NA,0.05,NA,NA,NA,0,0,0,NA,"TMM",TRUE,FALSE,0.732286056203291,"edger_default",43,1,3,0,0,593223
8175,0,0,0,0,NA,NA,NA,0.1,NA,NA,NA,0,0,4214,1,"TMMwsp",TRUE,FALSE,0.817856063350595,"ablate_filter",43,1,3,0,0,593223
8434,0,0,0,0,NA,NA,NA,0.1,NA,NA,NA,0,0,0,NA,"TMMwsp",TRUE,FALSE,1.1482719148569,"ablate_exclusive",43,1,3,0,0,593223
11727,0,0,0,0,NA,NA,NA,0.1,NA,NA,NA,0,0,3293,1,"TMM",TRUE,FALSE,1.23984705571592,"ablate_tmmwsp",43,1,3,0,0,593223
11727,0,0,0,0,NA,NA,NA,0.1,NA,NA,NA,0,0,3293,1,"TMMwsp",TRUE,FALSE,1.22296825576527,"ablate_priorcount",43,1,3,0,0,593223
11727,0,0,0,0,NA,NA,NA,0.05,NA,NA,NA,0,0,3293,1,"TMMwsp",TRUE,FALSE,1.22296825576527,"ablate_fdr",43,1,3,0,0,593223
11727,0,0,0,0,NA,NA,NA,0.1,NA,NA,NA,0,0,3293,1,"TMMwsp",TRUE,FALSE,1.22296825576527,"ablate_shrinkfloor",43,1,3,0,0,593223
11727,0,0,0,0,NA,NA,NA,0.1,NA,NA,NA,0,0,3293,1,"TMMwsp",TRUE,FALSE,1.22296825576527,"ablate_lowinput",43,1,3,0,0,593223
10483,23,0,23,0,NA,0,1,0.1,NA,NA,NA,0,0,4096,1,"TMMwsp",FALSE,FALSE,0.817459848902164,"batch_removed",43,1,3,0,0,593223
10483,0,0,0,0,NA,NA,NA,0.1,NA,NA,NA,0,0,4096,1,"TMMwsp",FALSE,FALSE,1.25661703744242,"batch_ignored",43,1,3,0,0,593223
11727,0,0,0,0,NA,NA,NA,0.1,NA,NA,NA,0,0,3293,1,"TMMwsp",TRUE,FALSE,1.22296825576527,"fix_filter",43,1,3,0,0,593223
12135,0,0,0,0,NA,NA,NA,0.1,NA,NA,NA,0,0,3710,1,"TMMwsp",TRUE,FALSE,1.31211702369503,"ctc_pipeline",43,2,5,0,0,654351
3721,0,0,0,0,NA,NA,NA,0.05,NA,NA,NA,0,0,0,NA,"TMM",TRUE,FALSE,0.683262298032558,"edger_default",43,2,5,0,0,654351
7695,0,0,0,0,NA,NA,NA,0.1,NA,NA,NA,0,0,3974,1,"TMMwsp",TRUE,FALSE,0.74774291371349,"ablate_filter",43,2,5,0,0,654351
8425,0,0,0,0,NA,NA,NA,0.1,NA,NA,NA,0,0,0,NA,"TMMwsp",TRUE,FALSE,1.25660168626922,"ablate_exclusive",43,2,5,0,0,654351
12135,0,0,0,0,NA,NA,NA,0.1,NA,NA,NA,0,0,3710,1,"TMM",TRUE,FALSE,1.34836609183023,"ablate_tmmwsp",43,2,5,0,0,654351
12135,0,0,0,0,NA,NA,NA,0.1,NA,NA,NA,0,0,3710,1,"TMMwsp",TRUE,FALSE,1.31211702369503,"ablate_priorcount",43,2,5,0,0,654351
12135,0,0,0,0,NA,NA,NA,0.05,NA,NA,NA,0,0,3710,1,"TMMwsp",TRUE,FALSE,1.31211702369503,"ablate_fdr",43,2,5,0,0,654351
12135,0,0,0,0,NA,NA,NA,0.1,NA,NA,NA,0,0,3710,1,"TMMwsp",TRUE,FALSE,1.31211702369503,"ablate_shrinkfloor",43,2,5,0,0,654351
12135,0,0,0,0,NA,NA,NA,0.1,NA,NA,NA,0,0,3710,1,"TMMwsp",TRUE,FALSE,1.31211702369503,"ablate_lowinput",43,2,5,0,0,654351
9830,2,0,2,0,NA,0,1,0.1,NA,NA,NA,0,0,3973,1,"TMMwsp",FALSE,FALSE,0.959206092937367,"batch_removed",43,2,5,0,0,654351
9830,0,0,0,0,NA,NA,NA,0.1,NA,NA,NA,0,0,3973,1,"TMMwsp",FALSE,FALSE,1.15568587971042,"batch_ignored",43,2,5,0,0,654351
12135,0,0,0,0,NA,NA,NA,0.1,NA,NA,NA,0,0,3710,1,"TMMwsp",TRUE,FALSE,1.31211702369503,"fix_filter",43,2,5,0,0,654351
10642,0,0,0,0,NA,NA,NA,0.1,NA,NA,NA,0,0,3830,1,"TMMwsp",TRUE,FALSE,1.22072498335205,"ctc_pipeline",43,3,8,0,0,759906.5
3494,0,0,0,0,NA,NA,NA,0.05,NA,NA,NA,0,0,0,NA,"TMM",TRUE,FALSE,0.650456157529535,"edger_default",43,3,8,0,0,759906.5
7336,0,0,0,0,NA,NA,NA,0.1,NA,NA,NA,0,0,3842,1,"TMMwsp",TRUE,FALSE,0.720534400790348,"ablate_filter",43,3,8,0,0,759906.5
6812,0,0,0,0,NA,NA,NA,0.1,NA,NA,NA,0,0,0,NA,"TMMwsp",TRUE,FALSE,1.15331777332224,"ablate_exclusive",43,3,8,0,0,759906.5
10642,0,0,0,0,NA,NA,NA,0.1,NA,NA,NA,0,0,3830,1,"TMM",TRUE,FALSE,1.22899266278682,"ablate_tmmwsp",43,3,8,0,0,759906.5
10642,0,0,0,0,NA,NA,NA,0.1,NA,NA,NA,0,0,3830,1,"TMMwsp",TRUE,FALSE,1.22072498335205,"ablate_priorcount",43,3,8,0,0,759906.5
10642,0,0,0,0,NA,NA,NA,0.05,NA,NA,NA,0,0,3830,1,"TMMwsp",TRUE,FALSE,1.22072498335205,"ablate_fdr",43,3,8,0,0,759906.5
10642,0,0,0,0,NA,NA,NA,0.1,NA,NA,NA,0,0,3830,1,"TMMwsp",TRUE,FALSE,1.22072498335205,"ablate_shrinkfloor",43,3,8,0,0,759906.5
10642,0,0,0,0,NA,NA,NA,0.1,NA,NA,NA,0,0,3830,1,"TMMwsp",TRUE,FALSE,1.22072498335205,"ablate_lowinput",43,3,8,0,0,759906.5
9268,3,0,3,0,NA,0,1,0.1,NA,NA,NA,0,0,3842,1,"TMMwsp",FALSE,FALSE,0.984346672276208,"batch_removed",43,3,8,0,0,759906.5
9268,0,0,0,0,NA,NA,NA,0.1,NA,NA,NA,0,0,3842,1,"TMMwsp",FALSE,FALSE,1.13773693646646,"batch_ignored",43,3,8,0,0,759906.5
10642,0,0,0,0,NA,NA,NA,0.1,NA,NA,NA,0,0,3830,1,"TMMwsp",TRUE,FALSE,1.22072498335205,"fix_filter",43,3,8,0,0,759906.5
12228,0,0,0,0,NA,NA,NA,0.1,NA,NA,NA,0,0,3113,1,"TMMwsp",TRUE,FALSE,1.21651999030075,"ctc_pipeline",44,1,3,0,0,780472.5
4661,0,0,0,0,NA,NA,NA,0.05,NA,NA,NA,0,0,0,NA,"TMM",TRUE,FALSE,0.76004866541285,"edger_default",44,1,3,0,0,780472.5
8897,0,0,0,0,NA,NA,NA,0.1,NA,NA,NA,0,0,4236,1,"TMMwsp",TRUE,FALSE,0.846823344217723,"ablate_filter",44,1,3,0,0,780472.5
9115,0,0,0,0,NA,NA,NA,0.1,NA,NA,NA,0,0,0,NA,"TMMwsp",TRUE,FALSE,1.15408756068645,"ablate_exclusive",44,1,3,0,0,780472.5
12228,0,0,0,0,NA,NA,NA,0.1,NA,NA,NA,0,0,3113,1,"TMM",TRUE,FALSE,1.22545367244006,"ablate_tmmwsp",44,1,3,0,0,780472.5
12228,0,0,0,0,NA,NA,NA,0.1,NA,NA,NA,0,0,3113,1,"TMMwsp",TRUE,FALSE,1.21651999030075,"ablate_priorcount",44,1,3,0,0,780472.5
12228,0,0,0,0,NA,NA,NA,0.05,NA,NA,NA,0,0,3113,1,"TMMwsp",TRUE,FALSE,1.21651999030075,"ablate_fdr",44,1,3,0,0,780472.5
12228,0,0,0,0,NA,NA,NA,0.1,NA,NA,NA,0,0,3113,1,"TMMwsp",TRUE,FALSE,1.21651999030075,"ablate_shrinkfloor",44,1,3,0,0,780472.5
12228,0,0,0,0,NA,NA,NA,0.1,NA,NA,NA,0,0,3113,1,"TMMwsp",TRUE,FALSE,1.21651999030075,"ablate_lowinput",44,1,3,0,0,780472.5
11026,30,0,30,0,NA,0,1,0.1,NA,NA,NA,0,0,4068,1,"TMMwsp",FALSE,FALSE,0.771663459086678,"batch_removed",44,1,3,0,0,780472.5
11026,0,0,0,0,NA,NA,NA,0.1,NA,NA,NA,0,0,4068,1,"TMMwsp",FALSE,FALSE,1.21804382896472,"batch_ignored",44,1,3,0,0,780472.5
12228,0,0,0,0,NA,NA,NA,0.1,NA,NA,NA,0,0,3113,1,"TMMwsp",TRUE,FALSE,1.21651999030075,"fix_filter",44,1,3,0,0,780472.5
12467,0,0,0,0,NA,NA,NA,0.1,NA,NA,NA,0,0,3625,1,"TMMwsp",TRUE,FALSE,1.27303158874388,"ctc_pipeline",44,2,5,0,0,767986
4416,0,0,0,0,NA,NA,NA,0.05,NA,NA,NA,0,0,0,NA,"TMM",TRUE,FALSE,0.718876117454874,"edger_default",44,2,5,0,0,767986
8308,0,0,0,0,NA,NA,NA,0.1,NA,NA,NA,0,0,3892,1,"TMMwsp",TRUE,FALSE,0.783365274116784,"ablate_filter",44,2,5,0,0,767986
8842,0,0,0,0,NA,NA,NA,0.1,NA,NA,NA,0,0,0,NA,"TMMwsp",TRUE,FALSE,1.21407659881787,"ablate_exclusive",44,2,5,0,0,767986
12467,0,0,0,0,NA,NA,NA,0.1,NA,NA,NA,0,0,3625,1,"TMM",TRUE,FALSE,1.28393823154325,"ablate_tmmwsp",44,2,5,0,0,767986
12467,0,0,0,0,NA,NA,NA,0.1,NA,NA,NA,0,0,3625,1,"TMMwsp",TRUE,FALSE,1.27303158874388,"ablate_priorcount",44,2,5,0,0,767986
12467,0,0,0,0,NA,NA,NA,0.05,NA,NA,NA,0,0,3625,1,"TMMwsp",TRUE,FALSE,1.27303158874388,"ablate_fdr",44,2,5,0,0,767986
12467,0,0,0,0,NA,NA,NA,0.1,NA,NA,NA,0,0,3625,1,"TMMwsp",TRUE,FALSE,1.27303158874388,"ablate_shrinkfloor",44,2,5,0,0,767986
12467,0,0,0,0,NA,NA,NA,0.1,NA,NA,NA,0,0,3625,1,"TMMwsp",TRUE,FALSE,1.27303158874388,"ablate_lowinput",44,2,5,0,0,767986
10196,3,0,3,0,NA,0,1,0.1,NA,NA,NA,0,0,3887,1,"TMMwsp",FALSE,FALSE,0.912965276848898,"batch_removed",44,2,5,0,0,767986
10196,0,0,0,0,NA,NA,NA,0.1,NA,NA,NA,0,0,3887,1,"TMMwsp",FALSE,FALSE,1.1267891222949,"batch_ignored",44,2,5,0,0,767986
12467,0,0,0,0,NA,NA,NA,0.1,NA,NA,NA,0,0,3625,1,"TMMwsp",TRUE,FALSE,1.27303158874388,"fix_filter",44,2,5,0,0,767986
10896,0,0,0,0,NA,NA,NA,0.1,NA,NA,NA,0,0,3582,1,"TMMwsp",TRUE,FALSE,1.137651313243,"ctc_pipeline",44,3,8,0,0,756684.5
3762,0,0,0,0,NA,NA,NA,0.05,NA,NA,NA,0,0,0,NA,"TMM",TRUE,FALSE,0.585816561107743,"edger_default",44,3,8,0,0,756684.5
7346,0,0,0,0,NA,NA,NA,0.1,NA,NA,NA,0,0,3584,1,"TMMwsp",TRUE,FALSE,0.631155560792435,"ablate_filter",44,3,8,0,0,756684.5
7314,0,0,0,0,NA,NA,NA,0.1,NA,NA,NA,0,0,0,NA,"TMMwsp",TRUE,FALSE,1.08681187811327,"ablate_exclusive",44,3,8,0,0,756684.5
10896,0,0,0,0,NA,NA,NA,0.1,NA,NA,NA,0,0,3582,1,"TMM",TRUE,FALSE,1.14865900078417,"ablate_tmmwsp",44,3,8,0,0,756684.5
10896,0,0,0,0,NA,NA,NA,0.1,NA,NA,NA,0,0,3582,1,"TMMwsp",TRUE,FALSE,1.137651313243,"ablate_priorcount",44,3,8,0,0,756684.5
10896,0,0,0,0,NA,NA,NA,0.05,NA,NA,NA,0,0,3582,1,"TMMwsp",TRUE,FALSE,1.137651313243,"ablate_fdr",44,3,8,0,0,756684.5
10896,0,0,0,0,NA,NA,NA,0.1,NA,NA,NA,0,0,3582,1,"TMMwsp",TRUE,FALSE,1.137651313243,"ablate_shrinkfloor",44,3,8,0,0,756684.5
10896,0,0,0,0,NA,NA,NA,0.1,NA,NA,NA,0,0,3582,1,"TMMwsp",TRUE,FALSE,1.137651313243,"ablate_lowinput",44,3,8,0,0,756684.5
9483,2,0,2,0,NA,0,1,0.1,NA,NA,NA,0,0,3584,1,"TMMwsp",FALSE,FALSE,0.926247893193168,"batch_removed",44,3,8,0,0,756684.5
9483,0,0,0,0,NA,NA,NA,0.1,NA,NA,NA,0,0,3584,1,"TMMwsp",FALSE,FALSE,1.07377892072171,"batch_ignored",44,3,8,0,0,756684.5
10896,0,0,0,0,NA,NA,NA,0.1,NA,NA,NA,0,0,3582,1,"TMMwsp",TRUE,FALSE,1.137651313243,"fix_filter",44,3,8,0,0,756684.5
12498,0,0,0,0,NA,NA,NA,0.1,NA,NA,NA,0,0,3350,1,"TMMwsp",TRUE,FALSE,1.2185623340756,"ctc_pipeline",45,1,3,0,0,699747.5
4551,0,0,0,0,NA,NA,NA,0.05,NA,NA,NA,0,0,0,NA,"TMM",TRUE,FALSE,0.786531884867941,"edger_default",45,1,3,0,0,699747.5
8814,0,0,0,0,NA,NA,NA,0.1,NA,NA,NA,0,0,4263,1,"TMMwsp",TRUE,FALSE,0.836512384279134,"ablate_filter",45,1,3,0,0,699747.5
9148,0,0,0,0,NA,NA,NA,0.1,NA,NA,NA,0,0,0,NA,"TMMwsp",TRUE,FALSE,1.18418449878939,"ablate_exclusive",45,1,3,0,0,699747.5
12498,0,0,0,0,NA,NA,NA,0.1,NA,NA,NA,0,0,3350,1,"TMM",TRUE,FALSE,1.27292895516334,"ablate_tmmwsp",45,1,3,0,0,699747.5
12498,0,0,0,0,NA,NA,NA,0.1,NA,NA,NA,0,0,3350,1,"TMMwsp",TRUE,FALSE,1.2185623340756,"ablate_priorcount",45,1,3,0,0,699747.5
12498,0,0,0,0,NA,NA,NA,0.05,NA,NA,NA,0,0,3350,1,"TMMwsp",TRUE,FALSE,1.2185623340756,"ablate_fdr",45,1,3,0,0,699747.5
12498,0,0,0,0,NA,NA,NA,0.1,NA,NA,NA,0,0,3350,1,"TMMwsp",TRUE,FALSE,1.2185623340756,"ablate_shrinkfloor",45,1,3,0,0,699747.5
12498,0,0,0,0,NA,NA,NA,0.1,NA,NA,NA,0,0,3350,1,"TMMwsp",TRUE,FALSE,1.2185623340756,"ablate_lowinput",45,1,3,0,0,699747.5
11129,11,0,11,0,NA,0,1,0.1,NA,NA,NA,0,0,4177,1,"TMMwsp",FALSE,FALSE,0.85297831370288,"batch_removed",45,1,3,0,0,699747.5
11129,0,0,0,0,NA,NA,NA,0.1,NA,NA,NA,0,0,4177,1,"TMMwsp",FALSE,FALSE,1.19261235970513,"batch_ignored",45,1,3,0,0,699747.5
12498,0,0,0,0,NA,NA,NA,0.1,NA,NA,NA,0,0,3350,1,"TMMwsp",TRUE,FALSE,1.2185623340756,"fix_filter",45,1,3,0,0,699747.5
12628,1,0,1,0,NA,0,1,0.1,NA,NA,NA,0,0,3845,1,"TMMwsp",TRUE,FALSE,1.27272105206435,"ctc_pipeline",45,2,5,0,0,769431.5
4451,0,0,0,0,NA,NA,NA,0.05,NA,NA,NA,0,0,0,NA,"TMM",TRUE,FALSE,0.737098635540132,"edger_default",45,2,5,0,0,769431.5
8613,1,0,1,0,NA,0,1,0.1,NA,NA,NA,0,0,4162,1,"TMMwsp",TRUE,FALSE,0.815719593340385,"ablate_filter",45,2,5,0,0,769431.5
8783,1,0,1,0,NA,0,1,0.1,NA,NA,NA,0,0,0,NA,"TMMwsp",TRUE,FALSE,1.20499009188439,"ablate_exclusive",45,2,5,0,0,769431.5
12628,0,0,0,0,NA,NA,NA,0.1,NA,NA,NA,0,0,3845,1,"TMM",TRUE,FALSE,1.28292677798591,"ablate_tmmwsp",45,2,5,0,0,769431.5
12628,1,0,1,0,NA,0,1,0.1,NA,NA,NA,0,0,3845,1,"TMMwsp",TRUE,FALSE,1.27272105206435,"ablate_priorcount",45,2,5,0,0,769431.5
12628,0,0,0,0,NA,NA,NA,0.05,NA,NA,NA,0,0,3845,1,"TMMwsp",TRUE,FALSE,1.27272105206435,"ablate_fdr",45,2,5,0,0,769431.5
12628,1,0,1,0,NA,0,1,0.1,NA,NA,NA,0,0,3845,1,"TMMwsp",TRUE,FALSE,1.27272105206435,"ablate_shrinkfloor",45,2,5,0,0,769431.5
12628,1,0,1,0,NA,0,1,0.1,NA,NA,NA,0,0,3845,1,"TMMwsp",TRUE,FALSE,1.27272105206435,"ablate_lowinput",45,2,5,0,0,769431.5
10442,4,0,4,0,NA,0,1,0.1,NA,NA,NA,0,0,4157,1,"TMMwsp",FALSE,FALSE,0.922285073883921,"batch_removed",45,2,5,0,0,769431.5
10442,1,0,1,0,NA,0,1,0.1,NA,NA,NA,0,0,4157,1,"TMMwsp",FALSE,FALSE,1.15252106860031,"batch_ignored",45,2,5,0,0,769431.5
12628,1,0,1,0,NA,0,1,0.1,NA,NA,NA,0,0,3845,1,"TMMwsp",TRUE,FALSE,1.27272105206435,"fix_filter",45,2,5,0,0,769431.5
11506,0,0,0,0,NA,NA,NA,0.1,NA,NA,NA,0,0,3393,1,"TMMwsp",TRUE,FALSE,1.0826692474782,"ctc_pipeline",45,3,8,0,0,835432.5
4476,0,0,0,0,NA,NA,NA,0.05,NA,NA,NA,0,0,0,NA,"TMM",TRUE,FALSE,0.600906692396564,"edger_default",45,3,8,0,0,835432.5
7876,0,0,0,0,NA,NA,NA,0.1,NA,NA,NA,0,0,3400,1,"TMMwsp",TRUE,FALSE,0.637777053704779,"ablate_filter",45,3,8,0,0,835432.5
8113,0,0,0,0,NA,NA,NA,0.1,NA,NA,NA,0,0,0,NA,"TMMwsp",TRUE,FALSE,1.04101548603506,"ablate_exclusive",45,3,8,0,0,835432.5
11506,0,0,0,0,NA,NA,NA,0.1,NA,NA,NA,0,0,3393,1,"TMM",TRUE,FALSE,1.09807626578443,"ablate_tmmwsp",45,3,8,0,0,835432.5
11506,0,0,0,0,NA,NA,NA,0.1,NA,NA,NA,0,0,3393,1,"TMMwsp",TRUE,FALSE,1.0826692474782,"ablate_priorcount",45,3,8,0,0,835432.5
11506,0,0,0,0,NA,NA,NA,0.05,NA,NA,NA,0,0,3393,1,"TMMwsp",TRUE,FALSE,1.0826692474782,"ablate_fdr",45,3,8,0,0,835432.5
11506,0,0,0,0,NA,NA,NA,0.1,NA,NA,NA,0,0,3393,1,"TMMwsp",TRUE,FALSE,1.0826692474782,"ablate_shrinkfloor",45,3,8,0,0,835432.5
11506,0,0,0,0,NA,NA,NA,0.1,NA,NA,NA,0,0,3393,1,"TMMwsp",TRUE,FALSE,1.0826692474782,"ablate_lowinput",45,3,8,0,0,835432.5
10071,1,0,1,0,NA,0,1,0.1,NA,NA,NA,0,0,3400,1,"TMMwsp",FALSE,FALSE,0.909518882071468,"batch_removed",45,3,8,0,0,835432.5
10071,0,0,0,0,NA,NA,NA,0.1,NA,NA,NA,0,0,3400,1,"TMMwsp",FALSE,FALSE,1.0338797668109,"batch_ignored",45,3,8,0,0,835432.5
11506,0,0,0,0,NA,NA,NA,0.1,NA,NA,NA,0,0,3393,1,"TMMwsp",TRUE,FALSE,1.0826692474782,"fix_filter",45,3,8,0,0,835432.5
12022,0,0,0,0,NA,NA,NA,0.1,NA,NA,NA,0,0,3279,1,"TMMwsp",TRUE,FALSE,1.25201228210499,"ctc_pipeline",46,1,3,0,0,979583
4555,0,0,0,0,NA,NA,NA,0.05,NA,NA,NA,0,0,0,NA,"TMM",TRUE,FALSE,0.843852945013497,"edger_default",46,1,3,0,0,979583
8707,0,0,0,0,NA,NA,NA,0.1,NA,NA,NA,0,0,4152,1,"TMMwsp",TRUE,FALSE,0.894630579649282,"ablate_filter",46,1,3,0,0,979583
8743,0,0,0,0,NA,NA,NA,0.1,NA,NA,NA,0,0,0,NA,"TMMwsp",TRUE,FALSE,1.20996431802348,"ablate_exclusive",46,1,3,0,0,979583
12022,0,0,0,0,NA,NA,NA,0.1,NA,NA,NA,0,0,3279,1,"TMM",TRUE,FALSE,1.27582596727392,"ablate_tmmwsp",46,1,3,0,0,979583
12022,0,0,0,0,NA,NA,NA,0.1,NA,NA,NA,0,0,3279,1,"TMMwsp",TRUE,FALSE,1.25201228210499,"ablate_priorcount",46,1,3,0,0,979583
12022,0,0,0,0,NA,NA,NA,0.05,NA,NA,NA,0,0,3279,1,"TMMwsp",TRUE,FALSE,1.25201228210499,"ablate_fdr",46,1,3,0,0,979583
12022,0,0,0,0,NA,NA,NA,0.1,NA,NA,NA,0,0,3279,1,"TMMwsp",TRUE,FALSE,1.25201228210499,"ablate_shrinkfloor",46,1,3,0,0,979583
12022,0,0,0,0,NA,NA,NA,0.1,NA,NA,NA,0,0,3279,1,"TMMwsp",TRUE,FALSE,1.25201228210499,"ablate_lowinput",46,1,3,0,0,979583
10716,21,0,21,0,NA,0,1,0.1,NA,NA,NA,0,0,4072,1,"TMMwsp",FALSE,FALSE,0.822932119624984,"batch_removed",46,1,3,0,0,979583
10716,0,0,0,0,NA,NA,NA,0.1,NA,NA,NA,0,0,4072,1,"TMMwsp",FALSE,FALSE,1.22335392762951,"batch_ignored",46,1,3,0,0,979583
12022,0,0,0,0,NA,NA,NA,0.1,NA,NA,NA,0,0,3279,1,"TMMwsp",TRUE,FALSE,1.25201228210499,"fix_filter",46,1,3,0,0,979583
12856,0,0,0,0,NA,NA,NA,0.1,NA,NA,NA,0,0,3475,1,"TMMwsp",TRUE,FALSE,1.20915307546858,"ctc_pipeline",46,2,5,0,0,907512
4959,0,0,0,0,NA,NA,NA,0.05,NA,NA,NA,0,0,0,NA,"TMM",TRUE,FALSE,0.703796092703392,"edger_default",46,2,5,0,0,907512
8676,0,0,0,0,NA,NA,NA,0.1,NA,NA,NA,0,0,3717,1,"TMMwsp",TRUE,FALSE,0.760807422516507,"ablate_filter",46,2,5,0,0,907512
9381,0,0,0,0,NA,NA,NA,0.1,NA,NA,NA,0,0,0,NA,"TMMwsp",TRUE,FALSE,1.15473603798435,"ablate_exclusive",46,2,5,0,0,907512
12856,0,0,0,0,NA,NA,NA,0.1,NA,NA,NA,0,0,3475,1,"TMM",TRUE,FALSE,1.22229485813621,"ablate_tmmwsp",46,2,5,0,0,907512
12856,0,0,0,0,NA,NA,NA,0.1,NA,NA,NA,0,0,3475,1,"TMMwsp",TRUE,FALSE,1.20915307546858,"ablate_priorcount",46,2,5,0,0,907512
12856,0,0,0,0,NA,NA,NA,0.05,NA,NA,NA,0,0,3475,1,"TMMwsp",TRUE,FALSE,1.20915307546858,"ablate_fdr",46,2,5,0,0,907512
12856,0,0,0,0,NA,NA,NA,0.1,NA,NA,NA,0,0,3475,1,"TMMwsp",TRUE,FALSE,1.20915307546858,"ablate_shrinkfloor",46,2,5,0,0,907512
12856,0,0,0,0,NA,NA,NA,0.1,NA,NA,NA,0,0,3475,1,"TMMwsp",TRUE,FALSE,1.20915307546858,"ablate_lowinput",46,2,5,0,0,907512
10559,6,0,6,0,NA,0,1,0.1,NA,NA,NA,0,0,3713,1,"TMMwsp",FALSE,FALSE,0.870956610792224,"batch_removed",46,2,5,0,0,907512
10559,0,0,0,0,NA,NA,NA,0.1,NA,NA,NA,0,0,3713,1,"TMMwsp",FALSE,FALSE,1.08114346076788,"batch_ignored",46,2,5,0,0,907512
12856,0,0,0,0,NA,NA,NA,0.1,NA,NA,NA,0,0,3475,1,"TMMwsp",TRUE,FALSE,1.20915307546858,"fix_filter",46,2,5,0,0,907512
11480,0,0,0,0,NA,NA,NA,0.1,NA,NA,NA,0,0,3538,1,"TMMwsp",TRUE,FALSE,1.12884676988041,"ctc_pipeline",46,3,8,0,0,845296.5
4152,0,0,0,0,NA,NA,NA,0.05,NA,NA,NA,0,0,0,NA,"TMM",TRUE,FALSE,0.59241753743811,"edger_default",46,3,8,0,0,845296.5
7699,0,0,0,0,NA,NA,NA,0.1,NA,NA,NA,0,0,3547,1,"TMMwsp",TRUE,FALSE,0.63648537641057,"ablate_filter",46,3,8,0,0,845296.5
7942,0,0,0,0,NA,NA,NA,0.1,NA,NA,NA,0,0,0,NA,"TMMwsp",TRUE,FALSE,1.0804130327986,"ablate_exclusive",46,3,8,0,0,845296.5
11480,0,0,0,0,NA,NA,NA,0.1,NA,NA,NA,0,0,3538,1,"TMM",TRUE,FALSE,1.14020789025349,"ablate_tmmwsp",46,3,8,0,0,845296.5
11480,0,0,0,0,NA,NA,NA,0.1,NA,NA,NA,0,0,3538,1,"TMMwsp",TRUE,FALSE,1.12884676988041,"ablate_priorcount",46,3,8,0,0,845296.5
11480,0,0,0,0,NA,NA,NA,0.05,NA,NA,NA,0,0,3538,1,"TMMwsp",TRUE,FALSE,1.12884676988041,"ablate_fdr",46,3,8,0,0,845296.5
11480,0,0,0,0,NA,NA,NA,0.1,NA,NA,NA,0,0,3538,1,"TMMwsp",TRUE,FALSE,1.12884676988041,"ablate_shrinkfloor",46,3,8,0,0,845296.5
11480,0,0,0,0,NA,NA,NA,0.1,NA,NA,NA,0,0,3538,1,"TMMwsp",TRUE,FALSE,1.12884676988041,"ablate_lowinput",46,3,8,0,0,845296.5
10087,0,0,0,0,NA,NA,NA,0.1,NA,NA,NA,0,0,3547,1,"TMMwsp",FALSE,FALSE,0.935950598502878,"batch_removed",46,3,8,0,0,845296.5
10087,0,0,0,0,NA,NA,NA,0.1,NA,NA,NA,0,0,3547,1,"TMMwsp",FALSE,FALSE,1.07074498798465,"batch_ignored",46,3,8,0,0,845296.5
11480,0,0,0,0,NA,NA,NA,0.1,NA,NA,NA,0,0,3538,1,"TMMwsp",TRUE,FALSE,1.12884676988041,"fix_filter",46,3,8,0,0,845296.5
13095,0,0,0,0,NA,NA,NA,0.1,NA,NA,NA,0,0,3115,1,"TMMwsp",TRUE,FALSE,1.08633693419955,"ctc_pipeline",47,1,3,0,0,1187043
5664,0,0,0,0,NA,NA,NA,0.05,NA,NA,NA,0,0,0,NA,"TMM",TRUE,FALSE,0.725283773598295,"edger_default",47,1,3,0,0,1187043
9736,0,0,0,0,NA,NA,NA,0.1,NA,NA,NA,0,0,4072,1,"TMMwsp",TRUE,FALSE,0.773786924792026,"ablate_filter",47,1,3,0,0,1187043
9980,0,0,0,0,NA,NA,NA,0.1,NA,NA,NA,0,0,0,NA,"TMMwsp",TRUE,FALSE,1.05059599377168,"ablate_exclusive",47,1,3,0,0,1187043
13095,0,0,0,0,NA,NA,NA,0.1,NA,NA,NA,0,0,3115,1,"TMM",TRUE,FALSE,1.09338199775081,"ablate_tmmwsp",47,1,3,0,0,1187043
13095,0,0,0,0,NA,NA,NA,0.1,NA,NA,NA,0,0,3115,1,"TMMwsp",TRUE,FALSE,1.08633693419955,"ablate_priorcount",47,1,3,0,0,1187043
13095,0,0,0,0,NA,NA,NA,0.05,NA,NA,NA,0,0,3115,1,"TMMwsp",TRUE,FALSE,1.08633693419955,"ablate_fdr",47,1,3,0,0,1187043
13095,0,0,0,0,NA,NA,NA,0.1,NA,NA,NA,0,0,3115,1,"TMMwsp",TRUE,FALSE,1.08633693419955,"ablate_shrinkfloor",47,1,3,0,0,1187043
13095,0,0,0,0,NA,NA,NA,0.1,NA,NA,NA,0,0,3115,1,"TMMwsp",TRUE,FALSE,1.08633693419955,"ablate_lowinput",47,1,3,0,0,1187043
11872,0,0,0,0,NA,NA,NA,0.1,NA,NA,NA,0,0,3955,1,"TMMwsp",FALSE,FALSE,0.707634328299089,"batch_removed",47,1,3,0,0,1187043
11872,0,0,0,0,NA,NA,NA,0.1,NA,NA,NA,0,0,3955,1,"TMMwsp",FALSE,FALSE,1.09312028196795,"batch_ignored",47,1,3,0,0,1187043
13095,0,0,0,0,NA,NA,NA,0.1,NA,NA,NA,0,0,3115,1,"TMMwsp",TRUE,FALSE,1.08633693419955,"fix_filter",47,1,3,0,0,1187043
12835,0,0,0,0,NA,NA,NA,0.1,NA,NA,NA,0,0,3446,1,"TMMwsp",TRUE,FALSE,1.21717139387797,"ctc_pipeline",47,2,5,0,0,1018647.5
4953,0,0,0,0,NA,NA,NA,0.05,NA,NA,NA,0,0,0,NA,"TMM",TRUE,FALSE,0.714005079753075,"edger_default",47,2,5,0,0,1018647.5
8646,0,0,0,0,NA,NA,NA,0.1,NA,NA,NA,0,0,3693,1,"TMMwsp",TRUE,FALSE,0.768344171462165,"ablate_filter",47,2,5,0,0,1018647.5
9389,0,0,0,0,NA,NA,NA,0.1,NA,NA,NA,0,0,0,NA,"TMMwsp",TRUE,FALSE,1.16641010838476,"ablate_exclusive",47,2,5,0,0,1018647.5
12835,0,0,0,0,NA,NA,NA,0.1,NA,NA,NA,0,0,3446,1,"TMM",TRUE,FALSE,1.23253930595486,"ablate_tmmwsp",47,2,5,0,0,1018647.5
12835,0,0,0,0,NA,NA,NA,0.1,NA,NA,NA,0,0,3446,1,"TMMwsp",TRUE,FALSE,1.21717139387797,"ablate_priorcount",47,2,5,0,0,1018647.5
12835,0,0,0,0,NA,NA,NA,0.05,NA,NA,NA,0,0,3446,1,"TMMwsp",TRUE,FALSE,1.21717139387797,"ablate_fdr",47,2,5,0,0,1018647.5
12835,0,0,0,0,NA,NA,NA,0.1,NA,NA,NA,0,0,3446,1,"TMMwsp",TRUE,FALSE,1.21717139387797,"ablate_shrinkfloor",47,2,5,0,0,1018647.5
12835,0,0,0,0,NA,NA,NA,0.1,NA,NA,NA,0,0,3446,1,"TMMwsp",TRUE,FALSE,1.21717139387797,"ablate_lowinput",47,2,5,0,0,1018647.5
10564,4,0,4,0,NA,0,1,0.1,NA,NA,NA,0,0,3689,1,"TMMwsp",FALSE,FALSE,0.880174292992256,"batch_removed",47,2,5,0,0,1018647.5
10564,0,0,0,0,NA,NA,NA,0.1,NA,NA,NA,0,0,3689,1,"TMMwsp",FALSE,FALSE,1.08674116884848,"batch_ignored",47,2,5,0,0,1018647.5
12835,0,0,0,0,NA,NA,NA,0.1,NA,NA,NA,0,0,3446,1,"TMMwsp",TRUE,FALSE,1.21717139387797,"fix_filter",47,2,5,0,0,1018647.5
10332,0,0,0,0,NA,NA,NA,0.1,NA,NA,NA,0,0,3771,1,"TMMwsp",TRUE,FALSE,1.26331109237484,"ctc_pipeline",47,3,8,0,0,613764.5
3123,0,0,0,0,NA,NA,NA,0.05,NA,NA,NA,0,0,0,NA,"TMM",TRUE,FALSE,0.633083087557988,"edger_default",47,3,8,0,0,613764.5
6895,0,0,0,0,NA,NA,NA,0.1,NA,NA,NA,0,0,3772,1,"TMMwsp",TRUE,FALSE,0.697071158109728,"ablate_filter",47,3,8,0,0,613764.5
6561,0,0,0,0,NA,NA,NA,0.1,NA,NA,NA,0,0,0,NA,"TMMwsp",TRUE,FALSE,1.19884986093,"ablate_exclusive",47,3,8,0,0,613764.5
10332,0,0,0,0,NA,NA,NA,0.1,NA,NA,NA,0,0,3771,1,"TMM",TRUE,FALSE,1.27402954661404,"ablate_tmmwsp",47,3,8,0,0,613764.5
10332,0,0,0,0,NA,NA,NA,0.1,NA,NA,NA,0,0,3771,1,"TMMwsp",TRUE,FALSE,1.26331109237484,"ablate_priorcount",47,3,8,0,0,613764.5
10332,0,0,0,0,NA,NA,NA,0.05,NA,NA,NA,0,0,3771,1,"TMMwsp",TRUE,FALSE,1.26331109237484,"ablate_fdr",47,3,8,0,0,613764.5
10332,0,0,0,0,NA,NA,NA,0.1,NA,NA,NA,0,0,3771,1,"TMMwsp",TRUE,FALSE,1.26331109237484,"ablate_shrinkfloor",47,3,8,0,0,613764.5
10332,0,0,0,0,NA,NA,NA,0.1,NA,NA,NA,0,0,3771,1,"TMMwsp",TRUE,FALSE,1.26331109237484,"ablate_lowinput",47,3,8,0,0,613764.5
8919,2,0,2,0,NA,0,1,0.1,NA,NA,NA,0,0,3772,1,"TMMwsp",FALSE,FALSE,1.02099031118739,"batch_removed",47,3,8,0,0,613764.5
8919,0,0,0,0,NA,NA,NA,0.1,NA,NA,NA,0,0,3772,1,"TMMwsp",FALSE,FALSE,1.17147462359126,"batch_ignored",47,3,8,0,0,613764.5
10332,0,0,0,0,NA,NA,NA,0.1,NA,NA,NA,0,0,3771,1,"TMMwsp",TRUE,FALSE,1.26331109237484,"fix_filter",47,3,8,0,0,613764.5
12938,0,0,0,0,NA,NA,NA,0.1,NA,NA,NA,0,0,3225,1,"TMMwsp",TRUE,FALSE,1.10475059337428,"ctc_pipeline",48,1,3,0,0,924376.5
5121,0,0,0,0,NA,NA,NA,0.05,NA,NA,NA,0,0,0,NA,"TMM",TRUE,FALSE,0.725086432893082,"edger_default",48,1,3,0,0,924376.5
9262,0,0,0,0,NA,NA,NA,0.1,NA,NA,NA,0,0,4141,1,"TMMwsp",TRUE,FALSE,0.767527158271057,"ablate_filter",48,1,3,0,0,924376.5
9713,0,0,0,0,NA,NA,NA,0.1,NA,NA,NA,0,0,0,NA,"TMMwsp",TRUE,FALSE,1.07072210066116,"ablate_exclusive",48,1,3,0,0,924376.5
12938,0,0,0,0,NA,NA,NA,0.1,NA,NA,NA,0,0,3225,1,"TMM",TRUE,FALSE,1.13234441799446,"ablate_tmmwsp",48,1,3,0,0,924376.5
12938,0,0,0,0,NA,NA,NA,0.1,NA,NA,NA,0,0,3225,1,"TMMwsp",TRUE,FALSE,1.10475059337428,"ablate_priorcount",48,1,3,0,0,924376.5
12938,0,0,0,0,NA,NA,NA,0.05,NA,NA,NA,0,0,3225,1,"TMMwsp",TRUE,FALSE,1.10475059337428,"ablate_fdr",48,1,3,0,0,924376.5
12938,0,0,0,0,NA,NA,NA,0.1,NA,NA,NA,0,0,3225,1,"TMMwsp",TRUE,FALSE,1.10475059337428,"ablate_shrinkfloor",48,1,3,0,0,924376.5
12938,0,0,0,0,NA,NA,NA,0.1,NA,NA,NA,0,0,3225,1,"TMMwsp",TRUE,FALSE,1.10475059337428,"ablate_lowinput",48,1,3,0,0,924376.5
11670,1,0,1,0,NA,0,1,0.1,NA,NA,NA,0,0,4022,1,"TMMwsp",FALSE,FALSE,0.77014419169499,"batch_removed",48,1,3,0,0,924376.5
11670,0,0,0,0,NA,NA,NA,0.1,NA,NA,NA,0,0,4022,1,"TMMwsp",FALSE,FALSE,1.14030462363122,"batch_ignored",48,1,3,0,0,924376.5
12938,0,0,0,0,NA,NA,NA,0.1,NA,NA,NA,0,0,3225,1,"TMMwsp",TRUE,FALSE,1.10475059337428,"fix_filter",48,1,3,0,0,924376.5
12394,0,0,0,0,NA,NA,NA,0.1,NA,NA,NA,0,0,3584,1,"TMMwsp",TRUE,FALSE,1.27280400938569,"ctc_pipeline",48,2,5,0,0,1022506
4637,0,0,0,0,NA,NA,NA,0.05,NA,NA,NA,0,0,0,NA,"TMM",TRUE,FALSE,0.764336278357748,"edger_default",48,2,5,0,0,1022506
8487,0,0,0,0,NA,NA,NA,0.1,NA,NA,NA,0,0,3850,1,"TMMwsp",TRUE,FALSE,0.821793929665451,"ablate_filter",48,2,5,0,0,1022506
8810,0,0,0,0,NA,NA,NA,0.1,NA,NA,NA,0,0,0,NA,"TMMwsp",TRUE,FALSE,1.22078381013755,"ablate_exclusive",48,2,5,0,0,1022506
12394,0,0,0,0,NA,NA,NA,0.1,NA,NA,NA,0,0,3584,1,"TMM",TRUE,FALSE,1.28638079917712,"ablate_tmmwsp",48,2,5,0,0,1022506
12394,0,0,0,0,NA,NA,NA,0.1,NA,NA,NA,0,0,3584,1,"TMMwsp",TRUE,FALSE,1.27280400938569,"ablate_priorcount",48,2,5,0,0,1022506
12394,0,0,0,0,NA,NA,NA,0.05,NA,NA,NA,0,0,3584,1,"TMMwsp",TRUE,FALSE,1.27280400938569,"ablate_fdr",48,2,5,0,0,1022506
12394,0,0,0,0,NA,NA,NA,0.1,NA,NA,NA,0,0,3584,1,"TMMwsp",TRUE,FALSE,1.27280400938569,"ablate_shrinkfloor",48,2,5,0,0,1022506
12394,0,0,0,0,NA,NA,NA,0.1,NA,NA,NA,0,0,3584,1,"TMMwsp",TRUE,FALSE,1.27280400938569,"ablate_lowinput",48,2,5,0,0,1022506
10179,1,0,1,0,NA,0,1,0.1,NA,NA,NA,0,0,3848,1,"TMMwsp",FALSE,FALSE,0.912126131719876,"batch_removed",48,2,5,0,0,1022506
10179,0,0,0,0,NA,NA,NA,0.1,NA,NA,NA,0,0,3848,1,"TMMwsp",FALSE,FALSE,1.14348355816224,"batch_ignored",48,2,5,0,0,1022506
12394,0,0,0,0,NA,NA,NA,0.1,NA,NA,NA,0,0,3584,1,"TMMwsp",TRUE,FALSE,1.27280400938569,"fix_filter",48,2,5,0,0,1022506
10571,0,0,0,0,NA,NA,NA,0.1,NA,NA,NA,0,0,3732,1,"TMMwsp",TRUE,FALSE,1.20828516433107,"ctc_pipeline",48,3,8,0,0,1024595.5
3518,0,0,0,0,NA,NA,NA,0.05,NA,NA,NA,0,0,0,NA,"TMM",TRUE,FALSE,0.623241505009423,"edger_default",48,3,8,0,0,1024595.5
7254,0,0,0,0,NA,NA,NA,0.1,NA,NA,NA,0,0,3736,1,"TMMwsp",TRUE,FALSE,0.679243430227343,"ablate_filter",48,3,8,0,0,1024595.5
6839,0,0,0,0,NA,NA,NA,0.1,NA,NA,NA,0,0,0,NA,"TMMwsp",TRUE,FALSE,1.14772755195101,"ablate_exclusive",48,3,8,0,0,1024595.5
10571,0,0,0,0,NA,NA,NA,0.1,NA,NA,NA,0,0,3732,1,"TMM",TRUE,FALSE,1.21269595995715,"ablate_tmmwsp",48,3,8,0,0,1024595.5
10571,0,0,0,0,NA,NA,NA,0.1,NA,NA,NA,0,0,3732,1,"TMMwsp",TRUE,FALSE,1.20828516433107,"ablate_priorcount",48,3,8,0,0,1024595.5
10571,0,0,0,0,NA,NA,NA,0.05,NA,NA,NA,0,0,3732,1,"TMMwsp",TRUE,FALSE,1.20828516433107,"ablate_fdr",48,3,8,0,0,1024595.5
10571,0,0,0,0,NA,NA,NA,0.1,NA,NA,NA,0,0,3732,1,"TMMwsp",TRUE,FALSE,1.20828516433107,"ablate_shrinkfloor",48,3,8,0,0,1024595.5
10571,0,0,0,0,NA,NA,NA,0.1,NA,NA,NA,0,0,3732,1,"TMMwsp",TRUE,FALSE,1.20828516433107,"ablate_lowinput",48,3,8,0,0,1024595.5
9237,0,0,0,0,NA,NA,NA,0.1,NA,NA,NA,0,0,3735,1,"TMMwsp",FALSE,FALSE,0.971092261218436,"batch_removed",48,3,8,0,0,1024595.5
9237,0,0,0,0,NA,NA,NA,0.1,NA,NA,NA,0,0,3735,1,"TMMwsp",FALSE,FALSE,1.13257871616074,"batch_ignored",48,3,8,0,0,1024595.5
10571,0,0,0,0,NA,NA,NA,0.1,NA,NA,NA,0,0,3732,1,"TMMwsp",TRUE,FALSE,1.20828516433107,"fix_filter",48,3,8,0,0,1024595.5
11017,0,0,0,0,NA,NA,NA,0.1,NA,NA,NA,0,0,3251,1,"TMMwsp",TRUE,FALSE,1.30395082827826,"ctc_pipeline",49,1,3,0,0,688446.5
3550,0,0,0,0,NA,NA,NA,0.05,NA,NA,NA,0,0,0,NA,"TMM",TRUE,FALSE,0.79281448925875,"edger_default",49,1,3,0,0,688446.5
7689,0,0,0,0,NA,NA,NA,0.1,NA,NA,NA,0,0,4139,1,"TMMwsp",TRUE,FALSE,0.876343342439369,"ablate_filter",49,1,3,0,0,688446.5
7766,0,0,0,0,NA,NA,NA,0.1,NA,NA,NA,0,0,0,NA,"TMMwsp",TRUE,FALSE,1.23879763088872,"ablate_exclusive",49,1,3,0,0,688446.5
11017,0,0,0,0,NA,NA,NA,0.1,NA,NA,NA,0,0,3251,1,"TMM",TRUE,FALSE,1.32607491349922,"ablate_tmmwsp",49,1,3,0,0,688446.5
11017,0,0,0,0,NA,NA,NA,0.1,NA,NA,NA,0,0,3251,1,"TMMwsp",TRUE,FALSE,1.30395082827826,"ablate_priorcount",49,1,3,0,0,688446.5
11017,0,0,0,0,NA,NA,NA,0.05,NA,NA,NA,0,0,3251,1,"TMMwsp",TRUE,FALSE,1.30395082827826,"ablate_fdr",49,1,3,0,0,688446.5
11017,0,0,0,0,NA,NA,NA,0.1,NA,NA,NA,0,0,3251,1,"TMMwsp",TRUE,FALSE,1.30395082827826,"ablate_shrinkfloor",49,1,3,0,0,688446.5
11017,0,0,0,0,NA,NA,NA,0.1,NA,NA,NA,0,0,3251,1,"TMMwsp",TRUE,FALSE,1.30395082827826,"ablate_lowinput",49,1,3,0,0,688446.5
9827,31,0,31,0,NA,0,1,0.1,NA,NA,NA,0,0,4039,1,"TMMwsp",FALSE,FALSE,0.86039373467521,"batch_removed",49,1,3,0,0,688446.5
9827,0,0,0,0,NA,NA,NA,0.1,NA,NA,NA,0,0,4039,1,"TMMwsp",FALSE,FALSE,1.32901201333854,"batch_ignored",49,1,3,0,0,688446.5
11017,0,0,0,0,NA,NA,NA,0.1,NA,NA,NA,0,0,3251,1,"TMMwsp",TRUE,FALSE,1.30395082827826,"fix_filter",49,1,3,0,0,688446.5
12812,0,0,0,0,NA,NA,NA,0.1,NA,NA,NA,0,0,3492,1,"TMMwsp",TRUE,FALSE,1.22927127405225,"ctc_pipeline",49,2,5,0,0,825096
4740,0,0,0,0,NA,NA,NA,0.05,NA,NA,NA,0,0,0,NA,"TMM",TRUE,FALSE,0.697623979066571,"edger_default",49,2,5,0,0,825096
8616,0,0,0,0,NA,NA,NA,0.1,NA,NA,NA,0,0,3876,1,"TMMwsp",TRUE,FALSE,0.770992841604503,"ablate_filter",49,2,5,0,0,825096
9320,0,0,0,0,NA,NA,NA,0.1,NA,NA,NA,0,0,0,NA,"TMMwsp",TRUE,FALSE,1.16675155682641,"ablate_exclusive",49,2,5,0,0,825096
12812,0,0,0,0,NA,NA,NA,0.1,NA,NA,NA,0,0,3492,1,"TMM",TRUE,FALSE,1.23556863493548,"ablate_tmmwsp",49,2,5,0,0,825096
12812,0,0,0,0,NA,NA,NA,0.1,NA,NA,NA,0,0,3492,1,"TMMwsp",TRUE,FALSE,1.22927127405225,"ablate_priorcount",49,2,5,0,0,825096
12812,0,0,0,0,NA,NA,NA,0.05,NA,NA,NA,0,0,3492,1,"TMMwsp",TRUE,FALSE,1.22927127405225,"ablate_fdr",49,2,5,0,0,825096
12812,0,0,0,0,NA,NA,NA,0.1,NA,NA,NA,0,0,3492,1,"TMMwsp",TRUE,FALSE,1.22927127405225,"ablate_shrinkfloor",49,2,5,0,0,825096
12812,0,0,0,0,NA,NA,NA,0.1,NA,NA,NA,0,0,3492,1,"TMMwsp",TRUE,FALSE,1.22927127405225,"ablate_lowinput",49,2,5,0,0,825096
10642,1,0,1,0,NA,0,1,0.1,NA,NA,NA,0,0,3867,1,"TMMwsp",FALSE,FALSE,0.897689493386606,"batch_removed",49,2,5,0,0,825096
10642,0,0,0,0,NA,NA,NA,0.1,NA,NA,NA,0,0,3867,1,"TMMwsp",FALSE,FALSE,1.11859176605168,"batch_ignored",49,2,5,0,0,825096
12812,0,0,0,0,NA,NA,NA,0.1,NA,NA,NA,0,0,3492,1,"TMMwsp",TRUE,FALSE,1.22927127405225,"fix_filter",49,2,5,0,0,825096
11315,0,0,0,0,NA,NA,NA,0.1,NA,NA,NA,0,0,3459,1,"TMMwsp",TRUE,FALSE,1.15023562692585,"ctc_pipeline",49,3,8,0,0,999738
4295,0,0,0,0,NA,NA,NA,0.05,NA,NA,NA,0,0,0,NA,"TMM",TRUE,FALSE,0.627290145299912,"edger_default",49,3,8,0,0,999738
7756,0,0,0,0,NA,NA,NA,0.1,NA,NA,NA,0,0,3461,1,"TMMwsp",TRUE,FALSE,0.669808937797475,"ablate_filter",49,3,8,0,0,999738
7856,0,0,0,0,NA,NA,NA,0.1,NA,NA,NA,0,0,0,NA,"TMMwsp",TRUE,FALSE,1.1021398112464,"ablate_exclusive",49,3,8,0,0,999738
11315,0,0,0,0,NA,NA,NA,0.1,NA,NA,NA,0,0,3459,1,"TMM",TRUE,FALSE,1.15779980431282,"ablate_tmmwsp",49,3,8,0,0,999738
11315,0,0,0,0,NA,NA,NA,0.1,NA,NA,NA,0,0,3459,1,"TMMwsp",TRUE,FALSE,1.15023562692585,"ablate_priorcount",49,3,8,0,0,999738
11315,0,0,0,0,NA,NA,NA,0.05,NA,NA,NA,0,0,3459,1,"TMMwsp",TRUE,FALSE,1.15023562692585,"ablate_fdr",49,3,8,0,0,999738
11315,0,0,0,0,NA,NA,NA,0.1,NA,NA,NA,0,0,3459,1,"TMMwsp",TRUE,FALSE,1.15023562692585,"ablate_shrinkfloor",49,3,8,0,0,999738
11315,0,0,0,0,NA,NA,NA,0.1,NA,NA,NA,0,0,3459,1,"TMMwsp",TRUE,FALSE,1.15023562692585,"ablate_lowinput",49,3,8,0,0,999738
9949,1,0,1,0,NA,0,1,0.1,NA,NA,NA,0,0,3461,1,"TMMwsp",FALSE,FALSE,0.94153772758386,"batch_removed",49,3,8,0,0,999738
9949,0,0,0,0,NA,NA,NA,0.1,NA,NA,NA,0,0,3461,1,"TMMwsp",FALSE,FALSE,1.09545057641162,"batch_ignored",49,3,8,0,0,999738
11315,0,0,0,0,NA,NA,NA,0.1,NA,NA,NA,0,0,3459,1,"TMMwsp",TRUE,FALSE,1.15023562692585,"fix_filter",49,3,8,0,0,999738
12030,0,0,0,0,NA,NA,NA,0.1,NA,NA,NA,0,0,3208,1,"TMMwsp",TRUE,FALSE,1.19710309690765,"ctc_pipeline",50,1,3,0,0,962482.5
4531,0,0,0,0,NA,NA,NA,0.05,NA,NA,NA,0,0,0,NA,"TMM",TRUE,FALSE,0.786749976688736,"edger_default",50,1,3,0,0,962482.5
8574,0,0,0,0,NA,NA,NA,0.1,NA,NA,NA,0,0,4043,1,"TMMwsp",TRUE,FALSE,0.828339167234308,"ablate_filter",50,1,3,0,0,962482.5
8822,0,0,0,0,NA,NA,NA,0.1,NA,NA,NA,0,0,0,NA,"TMMwsp",TRUE,FALSE,1.15689599932566,"ablate_exclusive",50,1,3,0,0,962482.5
12030,0,0,0,0,NA,NA,NA,0.1,NA,NA,NA,0,0,3208,1,"TMM",TRUE,FALSE,1.23521631181403,"ablate_tmmwsp",50,1,3,0,0,962482.5
12030,0,0,0,0,NA,NA,NA,0.1,NA,NA,NA,0,0,3208,1,"TMMwsp",TRUE,FALSE,1.19710309690765,"ablate_priorcount",50,1,3,0,0,962482.5
12030,0,0,0,0,NA,NA,NA,0.05,NA,NA,NA,0,0,3208,1,"TMMwsp",TRUE,FALSE,1.19710309690765,"ablate_fdr",50,1,3,0,0,962482.5
12030,0,0,0,0,NA,NA,NA,0.1,NA,NA,NA,0,0,3208,1,"TMMwsp",TRUE,FALSE,1.19710309690765,"ablate_shrinkfloor",50,1,3,0,0,962482.5
12030,0,0,0,0,NA,NA,NA,0.1,NA,NA,NA,0,0,3208,1,"TMMwsp",TRUE,FALSE,1.19710309690765,"ablate_lowinput",50,1,3,0,0,962482.5
10673,28,0,28,0,NA,0,1,0.1,NA,NA,NA,0,0,3953,1,"TMMwsp",FALSE,FALSE,0.796943729301271,"batch_removed",50,1,3,0,0,962482.5
10673,0,0,0,0,NA,NA,NA,0.1,NA,NA,NA,0,0,3953,1,"TMMwsp",FALSE,FALSE,1.19023151695389,"batch_ignored",50,1,3,0,0,962482.5
12030,0,0,0,0,NA,NA,NA,0.1,NA,NA,NA,0,0,3208,1,"TMMwsp",TRUE,FALSE,1.19710309690765,"fix_filter",50,1,3,0,0,962482.5
12499,0,0,0,0,NA,NA,NA,0.1,NA,NA,NA,0,0,3612,1,"TMMwsp",TRUE,FALSE,1.31409271216829,"ctc_pipeline",50,2,5,0,0,783748.5
4534,0,0,0,0,NA,NA,NA,0.05,NA,NA,NA,0,0,0,NA,"TMM",TRUE,FALSE,0.765781567586335,"edger_default",50,2,5,0,0,783748.5
8459,0,0,0,0,NA,NA,NA,0.1,NA,NA,NA,0,0,3925,1,"TMMwsp",TRUE,FALSE,0.837906612056723,"ablate_filter",50,2,5,0,0,783748.5
8887,0,0,0,0,NA,NA,NA,0.1,NA,NA,NA,0,0,0,NA,"TMMwsp",TRUE,FALSE,1.25243418681475,"ablate_exclusive",50,2,5,0,0,783748.5
12499,0,0,0,0,NA,NA,NA,0.1,NA,NA,NA,0,0,3612,1,"TMM",TRUE,FALSE,1.32245810890234,"ablate_tmmwsp",50,2,5,0,0,783748.5
12499,0,0,0,0,NA,NA,NA,0.1,NA,NA,NA,0,0,3612,1,"TMMwsp",TRUE,FALSE,1.31409271216829,"ablate_priorcount",50,2,5,0,0,783748.5
12499,0,0,0,0,NA,NA,NA,0.05,NA,NA,NA,0,0,3612,1,"TMMwsp",TRUE,FALSE,1.31409271216829,"ablate_fdr",50,2,5,0,0,783748.5
12499,0,0,0,0,NA,NA,NA,0.1,NA,NA,NA,0,0,3612,1,"TMMwsp",TRUE,FALSE,1.31409271216829,"ablate_shrinkfloor",50,2,5,0,0,783748.5
12499,0,0,0,0,NA,NA,NA,0.1,NA,NA,NA,0,0,3612,1,"TMMwsp",TRUE,FALSE,1.31409271216829,"ablate_lowinput",50,2,5,0,0,783748.5
10273,0,0,0,0,NA,NA,NA,0.1,NA,NA,NA,0,0,3926,1,"TMMwsp",FALSE,FALSE,0.942755368730307,"batch_removed",50,2,5,0,0,783748.5
10273,0,0,0,0,NA,NA,NA,0.1,NA,NA,NA,0,0,3926,1,"TMMwsp",FALSE,FALSE,1.16997714915323,"batch_ignored",50,2,5,0,0,783748.5
12499,0,0,0,0,NA,NA,NA,0.1,NA,NA,NA,0,0,3612,1,"TMMwsp",TRUE,FALSE,1.31409271216829,"fix_filter",50,2,5,0,0,783748.5
10436,0,0,0,0,NA,NA,NA,0.1,NA,NA,NA,0,0,3888,1,"TMMwsp",TRUE,FALSE,1.23897139495456,"ctc_pipeline",50,3,8,0,0,614020.5
3196,0,0,0,0,NA,NA,NA,0.05,NA,NA,NA,0,0,0,NA,"TMM",TRUE,FALSE,0.636413144621561,"edger_default",50,3,8,0,0,614020.5
7093,0,0,0,0,NA,NA,NA,0.1,NA,NA,NA,0,0,3897,1,"TMMwsp",TRUE,FALSE,0.707555720577317,"ablate_filter",50,3,8,0,0,614020.5
6548,0,0,0,0,NA,NA,NA,0.1,NA,NA,NA,0,0,0,NA,"TMMwsp",TRUE,FALSE,1.17336712888257,"ablate_exclusive",50,3,8,0,0,614020.5
10436,0,0,0,0,NA,NA,NA,0.1,NA,NA,NA,0,0,3888,1,"TMM",TRUE,FALSE,1.25038416012772,"ablate_tmmwsp",50,3,8,0,0,614020.5
10436,0,0,0,0,NA,NA,NA,0.1,NA,NA,NA,0,0,3888,1,"TMMwsp",TRUE,FALSE,1.23897139495456,"ablate_priorcount",50,3,8,0,0,614020.5
10436,0,0,0,0,NA,NA,NA,0.05,NA,NA,NA,0,0,3888,1,"TMMwsp",TRUE,FALSE,1.23897139495456,"ablate_fdr",50,3,8,0,0,614020.5
10436,0,0,0,0,NA,NA,NA,0.1,NA,NA,NA,0,0,3888,1,"TMMwsp",TRUE,FALSE,1.23897139495456,"ablate_shrinkfloor",50,3,8,0,0,614020.5
10436,0,0,0,0,NA,NA,NA,0.1,NA,NA,NA,0,0,3888,1,"TMMwsp",TRUE,FALSE,1.23897139495456,"ablate_lowinput",50,3,8,0,0,614020.5
9102,3,0,3,0,NA,0,1,0.1,NA,NA,NA,0,0,3897,1,"TMMwsp",FALSE,FALSE,1.00992113149488,"batch_removed",50,3,8,0,0,614020.5
9102,0,0,0,0,NA,NA,NA,0.1,NA,NA,NA,0,0,3897,1,"TMMwsp",FALSE,FALSE,1.16536431571014,"batch_ignored",50,3,8,0,0,614020.5
10436,0,0,0,0,NA,NA,NA,0.1,NA,NA,NA,0,0,3888,1,"TMMwsp",TRUE,FALSE,1.23897139495456,"fix_filter",50,3,8,0,0,614020.5
