"n_tested","n_significant","true_positives","false_positives","n_true_de","sensitivity","precision","empirical_fdr","nominal_fdr","avg_precision","sens_exclusive","sens_low_abund","sig_excl_rescued","n_excl_kept","n_exclusive_added","excl_admit_fpr","norm_used","batch_in_model","shrink_applied","common_disp","arm","rep","scenario_row","purity_cond_diff","purity_mean","purity_sd","n_per_group","median_lib"
15642,43,42,1,1720,0.0244186046511628,0.976744186046512,0.0232558139534884,0.1,0.188523609929015,0,0,0,79,3449,0.98898231371412,"TMMwsp",TRUE,FALSE,1.57722147882218,"purity_ignored",1,1,0,0.6,0.15,5,1095875.5
16770,57,55,2,1720,0.0319767441860465,0.964912280701754,0.0350877192982456,0.1,0.175196436815458,0,0,0,89,2549,0.989015300117693,"TMMwsp",TRUE,FALSE,1.42677054530333,"purity_covariate",1,1,0,0.6,0.15,5,1095875.5
15642,43,42,1,1720,0.0244186046511628,0.976744186046512,0.0232558139534884,0.1,0.188505048758675,0,0,0,79,3449,0.98898231371412,"TMMwsp",TRUE,FALSE,1.57722147882218,"purity_filtered",1,1,0,0.6,0.15,5,1095875.5
15833,54,53,1,1720,0.0308139534883721,0.981481481481482,0.0185185185185185,0.1,0.198274314549143,0,0,0,76,3232,0.99009900990099,"TMMwsp",TRUE,FALSE,1.38552105824837,"purity_ignored",1,2,0.1,0.6,0.15,5,1055374
16929,57,50,7,1720,0.0290697674418605,0.87719298245614,0.12280701754386,0.1,0.181497417864272,0,0,0,87,2396,0.991235392320534,"TMMwsp",TRUE,FALSE,1.31239242823799,"purity_covariate",1,2,0.1,0.6,0.15,5,1055374
16347,43,40,3,1720,0.0232558139534884,0.930232558139535,0.0697674418604651,0.1,0.172250092656298,0,0,0,83,2869,0.990589055420007,"TMMwsp",FALSE,FALSE,1.42539204964658,"purity_filtered",1,2,0.1,0.6,0.15,5,1055374
15509,81,66,15,1720,0.0383720930232558,0.814814814814815,0.185185185185185,0.1,0.16789231921115,0,0.00254452926208651,0,88,3519,0.986359761295823,"TMMwsp",TRUE,FALSE,1.3599679810956,"purity_ignored",1,3,0.2,0.6,0.15,5,853363.5
16617,52,47,5,1720,0.0273255813953488,0.903846153846154,0.0961538461538462,0.1,0.162373376464322,0,0,0,93,2622,0.98512585812357,"TMMwsp",TRUE,FALSE,1.39488088765967,"purity_covariate",1,3,0.2,0.6,0.15,5,853363.5
15509,81,66,15,1720,0.0383720930232558,0.814814814814815,0.185185185185185,0.1,0.167760025086443,0,0.00254452926208651,0,88,3519,0.986359761295823,"TMMwsp",TRUE,FALSE,1.3599679810956,"purity_filtered",1,3,0.2,0.6,0.15,5,853363.5
15622,2728,290,2438,1720,0.168604651162791,0.106304985337243,0.893695014662757,0.1,0.111494264825571,0.108333333333333,0.104,0,87,3619,0.987841945288754,"TMMwsp",TRUE,FALSE,1.49946192527157,"purity_ignored",1,4,0.3,0.6,0.15,5,903253
16656,1,1,0,1720,0.000581395348837209,1,0,0.1,0.104812336563903,0,0,0,97,2572,0.987169517884914,"TMMwsp",TRUE,FALSE,1.46451098084981,"purity_covariate",1,4,0.3,0.6,0.15,5,903253
15622,2728,290,2438,1720,0.168604651162791,0.106304985337243,0.893695014662757,0.1,0.111584790028239,0.108333333333333,0.104,0,87,3619,0.987841945288754,"TMMwsp",TRUE,FALSE,1.49946192527157,"purity_filtered",1,4,0.3,0.6,0.15,5,903253
16170,654,114,540,1720,0.0662790697674419,0.174311926605505,0.825688073394495,0.1,0.118659577288879,0,0.0394088669950739,0,79,3353,0.989859827020579,"TMMwsp",TRUE,FALSE,1.60722875413409,"purity_ignored",1,5,0.4,0.6,0.15,5,899404
17139,12,12,0,1720,0.00697674418604651,1,0,0.1,0.130316423609886,0,0,0,89,2364,0.989001692047377,"TMMwsp",TRUE,FALSE,1.38546929886989,"purity_covariate",1,5,0.4,0.6,0.15,5,899404
16170,654,114,540,1720,0.0662790697674419,0.174311926605505,0.825688073394495,0.1,0.118790696994149,0,0.0394088669950739,0,79,3353,0.989859827020579,"TMMwsp",TRUE,FALSE,1.60722875413409,"purity_filtered",1,5,0.4,0.6,0.15,5,899404
14994,39,39,0,1720,0.0226744186046512,1,0,0.1,0.180459848443862,0,0,0,73,3568,0.988789237668161,"TMMwsp",TRUE,FALSE,1.51249579841343,"purity_ignored",2,1,0,0.6,0.15,5,592304.5
16184,44,42,2,1720,0.0244186046511628,0.954545454545455,0.0454545454545455,0.1,0.176224263680649,0,0,0,83,2695,0.98886827458256,"TMMwsp",TRUE,FALSE,1.48140327879997,"purity_covariate",2,1,0,0.6,0.15,5,592304.5
14994,39,39,0,1720,0.0226744186046512,1,0,0.1,0.180369567248986,0,0,0,73,3568,0.988789237668161,"TMMwsp",TRUE,FALSE,1.51249579841343,"purity_filtered",2,1,0,0.6,0.15,5,592304.5
15724,40,38,2,1720,0.022093023255814,0.95,0.05,0.1,0.176173902000327,0,0,0,84,3512,0.990318906605923,"TMMwsp",TRUE,FALSE,1.50192240389631,"purity_ignored",2,2,0.1,0.6,0.15,5,712090
16863,60,59,1,1720,0.0343023255813954,0.983333333333333,0.0166666666666667,0.1,0.188394346496435,0,0,0,96,2587,0.989176652493235,"TMMwsp",TRUE,FALSE,1.42376138431868,"purity_covariate",2,2,0.1,0.6,0.15,5,712090
15724,40,38,2,1720,0.022093023255814,0.95,0.05,0.1,0.176302968933211,0,0,0,84,3512,0.990318906605923,"TMMwsp",TRUE,FALSE,1.50192240389631,"purity_filtered",2,2,0.1,0.6,0.15,5,712090
15624,39,39,0,1720,0.0226744186046512,1,0,0.1,0.17845298696696,0,0,0,88,3458,0.988432620011567,"TMMwsp",TRUE,FALSE,1.48608844787149,"purity_ignored",2,3,0.2,0.6,0.15,5,1011896.5
16739,62,59,3,1720,0.0343023255813954,0.951612903225806,0.0483870967741935,0.1,0.180397094683886,0,0,0,95,2527,0.98812821527503,"TMMwsp",TRUE,FALSE,1.39337288168857,"purity_covariate",2,3,0.2,0.6,0.15,5,1011896.5
14635,31,23,8,1720,0.0133720930232558,0.741935483870968,0.258064516129032,0.1,0.124682445742744,0,0,0,76,3644,0.989846322722283,"TMMwsp",FALSE,FALSE,1.31242764725854,"purity_filtered",2,3,0.2,0.6,0.15,5,1011896.5
15706,451,97,354,1720,0.0563953488372093,0.215077605321508,0.784922394678492,0.1,0.121944399160036,0,0.0153846153846154,0,79,3561,0.990171300196574,"TMMwsp",TRUE,FALSE,1.42659334023179,"purity_ignored",2,4,0.3,0.6,0.15,5,1084281.5
16761,17,16,1,1720,0.00930232558139535,0.941176470588235,0.0588235294117647,0.1,0.129517031372061,0,0,0,86,2594,0.988434849653046,"TMMwsp",TRUE,FALSE,1.38617630003457,"purity_covariate",2,4,0.3,0.6,0.15,5,1084281.5
15807,23,21,2,1720,0.0122093023255814,0.91304347826087,0.0869565217391304,0.1,0.130203511160478,0,0,0,83,3078,0.988304093567251,"TMMwsp",FALSE,FALSE,1.45113225577843,"purity_filtered",2,4,0.3,0.6,0.15,5,1084281.5
16031,3730,357,3373,1720,0.207558139534884,0.0957104557640751,0.904289544235925,0.1,0.114519218479677,0.15,0.118279569892473,0,87,3350,0.986865671641791,"TMMwsp",TRUE,FALSE,1.33786991225372,"purity_ignored",2,5,0.4,0.6,0.15,5,956176.5
17035,4,4,0,1720,0.00232558139534884,1,0,0.1,0.117964087380182,0,0,0,96,2337,0.987163029525032,"TMMwsp",TRUE,FALSE,1.3519002141471,"purity_covariate",2,5,0.4,0.6,0.15,5,956176.5
16031,3730,357,3373,1720,0.207558139534884,0.0957104557640751,0.904289544235925,0.1,0.11439607167632,0.15,0.118279569892473,0,87,3350,0.986865671641791,"TMMwsp",TRUE,FALSE,1.33786991225372,"purity_filtered",2,5,0.4,0.6,0.15,5,956176.5
15531,61,60,1,1720,0.0348837209302326,0.983606557377049,0.0163934426229508,0.1,0.213649146056487,0,0,0,73,3386,0.991435321913763,"TMMwsp",TRUE,FALSE,1.41389205471899,"purity_ignored",3,1,0,0.6,0.15,5,931933
16655,65,64,1,1720,0.0372093023255814,0.984615384615385,0.0153846153846154,0.1,0.20313960126238,0,0,0,78,2552,0.990595611285266,"TMMwsp",TRUE,FALSE,1.41266740919698,"purity_covariate",3,1,0,0.6,0.15,5,931933
14472,14,14,0,1720,0.00813953488372093,1,0,0.1,0.171733803766553,0,0,0,57,3580,0.992178770949721,"TMMwsp",TRUE,FALSE,1.30688517036369,"purity_filtered",3,1,0,0.6,0.15,5,931933
15676,74,67,7,1720,0.038953488372093,0.905405405405405,0.0945945945945946,0.1,0.18888496625283,0,0,0,95,3421,0.988307512423268,"TMMwsp",TRUE,FALSE,1.35153748703451,"purity_ignored",3,2,0.1,0.6,0.15,5,873426.5
16746,69,61,8,1720,0.0354651162790698,0.884057971014493,0.115942028985507,0.1,0.185289004253918,0,0,0,98,2508,0.9896331738437,"TMMwsp",TRUE,FALSE,1.43410005518515,"purity_covariate",3,2,0.1,0.6,0.15,5,873426.5
15182,40,37,3,1720,0.0215116279069767,0.925,0.075,0.1,0.15516431083595,0,0,0,82,3291,0.990884229717411,"TMMwsp",FALSE,FALSE,1.36678904868624,"purity_filtered",3,2,0.1,0.6,0.15,5,873426.5
15205,58,54,4,1720,0.0313953488372093,0.931034482758621,0.0689655172413793,0.1,0.182830324150682,0,0,0,95,3764,0.98538788522848,"TMMwsp",TRUE,FALSE,1.50802672707838,"purity_ignored",3,3,0.2,0.6,0.15,5,912373
16398,52,49,3,1720,0.0284883720930233,0.942307692307692,0.0576923076923077,0.1,0.18950872982287,0,0,0,100,2804,0.985734664764622,"TMMwsp",TRUE,FALSE,1.52638313469141,"purity_covariate",3,3,0.2,0.6,0.15,5,912373
15205,58,54,4,1720,0.0313953488372093,0.931034482758621,0.0689655172413793,0.1,0.182775739612971,0,0,0,95,3764,0.98538788522848,"TMMwsp",TRUE,FALSE,1.50802672707838,"purity_filtered",3,3,0.2,0.6,0.15,5,912373
15646,64,50,14,1720,0.0290697674418605,0.78125,0.21875,0.1,0.136704601462734,0,0,0,81,3496,0.987986270022883,"TMMwsp",TRUE,FALSE,1.51923518820686,"purity_ignored",3,4,0.3,0.6,0.15,5,893882.5
16756,31,30,1,1720,0.0174418604651163,0.967741935483871,0.032258064516129,0.1,0.15442226375565,0,0,0,93,2533,0.988551125148046,"TMMwsp",TRUE,FALSE,1.40576352090742,"purity_covariate",3,4,0.3,0.6,0.15,5,893882.5
15646,64,50,14,1720,0.0290697674418605,0.78125,0.21875,0.1,0.136780833611195,0,0,0,81,3496,0.987986270022883,"TMMwsp",TRUE,FALSE,1.51923518820686,"purity_filtered",3,4,0.3,0.6,0.15,5,893882.5
14999,1499,154,1345,1720,0.0895348837209302,0.102735156771181,0.897264843228819,0.1,0.102573704319372,0.0583333333333333,0.0416666666666667,0,79,4164,0.989673390970221,"TMMwsp",TRUE,FALSE,1.55601575941727,"purity_ignored",3,5,0.4,0.6,0.15,5,584007.5
16028,3,3,0,1720,0.00174418604651163,1,0,0.1,0.102467557072809,0,0,0,84,2943,0.988447162759089,"TMMwsp",TRUE,FALSE,1.62795022215475,"purity_covariate",3,5,0.4,0.6,0.15,5,584007.5
14999,1499,154,1345,1720,0.0895348837209302,0.102735156771181,0.897264843228819,0.1,0.102521118300602,0.0583333333333333,0.0416666666666667,0,79,4164,0.989673390970221,"TMMwsp",TRUE,FALSE,1.55601575941727,"purity_filtered",3,5,0.4,0.6,0.15,5,584007.5
15596,72,59,13,1720,0.0343023255813954,0.819444444444444,0.180555555555556,0.1,0.165467287523044,0,0.00265957446808511,0,88,3396,0.985865724381625,"TMMwsp",TRUE,FALSE,1.31847403658641,"purity_ignored",4,1,0,0.6,0.15,5,867809.5
16733,27,26,1,1720,0.0151162790697674,0.962962962962963,0.037037037037037,0.1,0.150008845075437,0,0,0,92,2481,0.984280532043531,"TMMwsp",TRUE,FALSE,1.38301735709188,"purity_covariate",4,1,0,0.6,0.15,5,867809.5
15596,72,59,13,1720,0.0343023255813954,0.819444444444444,0.180555555555556,0.1,0.165412361370662,0,0.00265957446808511,0,88,3396,0.985865724381625,"TMMwsp",TRUE,FALSE,1.31847403658641,"purity_filtered",4,1,0,0.6,0.15,5,867809.5
15732,56,54,2,1720,0.0313953488372093,0.964285714285714,0.0357142857142857,0.1,0.19406048834712,0,0,0,81,3302,0.99030890369473,"TMMwsp",TRUE,FALSE,1.44629807191314,"purity_ignored",4,2,0.1,0.6,0.15,5,1008800
16804,35,32,3,1720,0.0186046511627907,0.914285714285714,0.0857142857142857,0.1,0.170047540364149,0,0,0,85,2448,0.988562091503268,"TMMwsp",TRUE,FALSE,1.37307986504739,"purity_covariate",4,2,0.1,0.6,0.15,5,1008800
15732,56,54,2,1720,0.0313953488372093,0.964285714285714,0.0357142857142857,0.1,0.194126824760874,0,0,0,81,3302,0.99030890369473,"TMMwsp",TRUE,FALSE,1.44629807191314,"purity_filtered",4,2,0.1,0.6,0.15,5,1008800
15950,177,74,103,1720,0.0430232558139535,0.418079096045198,0.581920903954802,0.1,0.134233389850962,0,0,0,83,3484,0.99052812858783,"TMMwsp",TRUE,FALSE,1.30715798963045,"purity_ignored",4,3,0.2,0.6,0.15,5,1171498.5
16940,5,5,0,1720,0.00290697674418605,1,0,0.1,0.126121506570175,0,0,0,93,2534,0.990923441199684,"TMMwsp",TRUE,FALSE,1.35542617628321,"purity_covariate",4,3,0.2,0.6,0.15,5,1171498.5
15950,177,74,103,1720,0.0430232558139535,0.418079096045198,0.581920903954802,0.1,0.134203002167709,0,0,0,83,3484,0.99052812858783,"TMMwsp",TRUE,FALSE,1.30715798963045,"purity_filtered",4,3,0.2,0.6,0.15,5,1171498.5
15594,27,26,1,1720,0.0151162790697674,0.962962962962963,0.037037037037037,0.1,0.175751798772033,0,0,0,84,3507,0.989164528086684,"TMMwsp",TRUE,FALSE,1.57618001384542,"purity_ignored",4,4,0.3,0.6,0.15,5,729630
16691,63,58,5,1720,0.0337209302325581,0.920634920634921,0.0793650793650794,0.1,0.170435191584016,0,0,0,89,2587,0.989176652493235,"TMMwsp",TRUE,FALSE,1.39532584546823,"purity_covariate",4,4,0.3,0.6,0.15,5,729630
15771,29,29,0,1720,0.0168604651162791,1,0,0.1,0.17756402931778,0,0,0,81,3121,0.990708106376161,"TMMwsp",TRUE,FALSE,1.42353622511981,"purity_filtered",4,4,0.3,0.6,0.15,5,729630
15757,1918,251,1667,1720,0.14593023255814,0.130865484880083,0.869134515119917,0.1,0.11910393918267,0.075,0.0628140703517588,0,85,3583,0.98744069215741,"TMMwsp",TRUE,FALSE,1.4681022978667,"purity_ignored",4,5,0.4,0.6,0.15,5,835535
16774,13,13,0,1720,0.00755813953488372,1,0,0.1,0.142016779358418,0,0,0,93,2556,0.987480438184664,"TMMwsp",TRUE,FALSE,1.44046696312137,"purity_covariate",4,5,0.4,0.6,0.15,5,835535
15757,1918,251,1667,1720,0.14593023255814,0.130865484880083,0.869134515119917,0.1,0.118962506710878,0.075,0.0628140703517588,0,85,3583,0.98744069215741,"TMMwsp",TRUE,FALSE,1.4681022978667,"purity_filtered",4,5,0.4,0.6,0.15,5,835535
15869,49,49,0,1720,0.0284883720930233,1,0,0.1,0.191353293422471,0,0,0,85,3272,0.98838630806846,"TMMwsp",TRUE,FALSE,1.37055483770084,"purity_ignored",5,1,0,0.6,0.15,5,885978.5
16995,42,41,1,1720,0.0238372093023256,0.976190476190476,0.0238095238095238,0.1,0.166671542758943,0,0,0,91,2381,0.98740025199496,"TMMwsp",TRUE,FALSE,1.35647446465276,"purity_covariate",5,1,0,0.6,0.15,5,885978.5
15809,33,32,1,1720,0.0186046511627907,0.96969696969697,0.0303030303030303,0.1,0.162879878986192,0,0,0,77,3148,0.989834815756036,"TMMwsp",TRUE,FALSE,1.23406002608026,"purity_filtered",5,1,0,0.6,0.15,5,885978.5
15306,96,71,25,1720,0.0412790697674419,0.739583333333333,0.260416666666667,0.1,0.174071441075091,0,0,0,86,3534,0.987266553480475,"TMMwsp",TRUE,FALSE,1.50072988133875,"purity_ignored",5,2,0.1,0.6,0.15,5,842415.5
16440,58,54,4,1720,0.0313953488372093,0.931034482758621,0.0689655172413793,0.1,0.176137868442732,0,0.00256410256410256,0,92,2575,0.986407766990291,"TMMwsp",TRUE,FALSE,1.42272405299282,"purity_covariate",5,2,0.1,0.6,0.15,5,842415.5
15249,26,26,0,1720,0.0151162790697674,1,0,0.1,0.16147278715107,0,0,0,83,3211,0.988788539395827,"TMMwsp",TRUE,FALSE,1.37744290278345,"purity_filtered",5,2,0.1,0.6,0.15,5,842415.5
15864,38,37,1,1720,0.0215116279069767,0.973684210526316,0.0263157894736842,0.1,0.148331590925688,0,0,0,93,3320,0.988253012048193,"TMMwsp",TRUE,FALSE,1.53815160740337,"purity_ignored",5,3,0.2,0.6,0.15,5,1122008.5
16937,41,36,5,1720,0.0209302325581395,0.878048780487805,0.121951219512195,0.1,0.151839406534139,0,0,0,97,2443,0.98894801473598,"TMMwsp",TRUE,FALSE,1.35378670940918,"purity_covariate",5,3,0.2,0.6,0.15,5,1122008.5
15864,38,37,1,1720,0.0215116279069767,0.973684210526316,0.0263157894736842,0.1,0.148292981947519,0,0,0,93,3320,0.988253012048193,"TMMwsp",TRUE,FALSE,1.53815160740337,"purity_filtered",5,3,0.2,0.6,0.15,5,1122008.5
15471,52,39,13,1720,0.0226744186046512,0.75,0.25,0.1,0.13389626646427,0,0,0,85,3600,0.989722222222222,"TMMwsp",TRUE,FALSE,1.44144240642215,"purity_ignored",5,4,0.3,0.6,0.15,5,863669.5
16613,22,18,4,1720,0.0104651162790698,0.818181818181818,0.181818181818182,0.1,0.132150261113914,0,0,0,94,2668,0.989130434782609,"TMMwsp",TRUE,FALSE,1.45033230739965,"purity_covariate",5,4,0.3,0.6,0.15,5,863669.5
15471,52,39,13,1720,0.0226744186046512,0.75,0.25,0.1,0.133932372704783,0,0,0,85,3600,0.989722222222222,"TMMwsp",TRUE,FALSE,1.44144240642215,"purity_filtered",5,4,0.3,0.6,0.15,5,863669.5
15993,1333,164,1169,1720,0.0953488372093023,0.123030757689422,0.876969242310578,0.1,0.121755413494369,0.0583333333333333,0.0348837209302326,0,80,3213,0.991596638655462,"TMMwsp",TRUE,FALSE,1.48789020959217,"purity_ignored",5,5,0.4,0.6,0.15,5,958733
17011,28,27,1,1720,0.0156976744186047,0.964285714285714,0.0357142857142857,0.1,0.137476389434694,0,0,0,92,2303,0.990447242726878,"TMMwsp",TRUE,FALSE,1.45105892736002,"purity_covariate",5,5,0.4,0.6,0.15,5,958733
15993,1333,164,1169,1720,0.0953488372093023,0.123030757689422,0.876969242310578,0.1,0.121741146244321,0.0583333333333333,0.0348837209302326,0,80,3213,0.991596638655462,"TMMwsp",TRUE,FALSE,1.48789020959217,"purity_filtered",5,5,0.4,0.6,0.15,5,958733
15951,76,75,1,1720,0.0436046511627907,0.986842105263158,0.0131578947368421,0.1,0.216640269700722,0,0,0,84,3243,0.989515880357693,"TMMwsp",TRUE,FALSE,1.32395325095178,"purity_ignored",6,1,0,0.6,0.15,5,1130315
16983,86,85,1,1720,0.0494186046511628,0.988372093023256,0.0116279069767442,0.1,0.211897635943923,0,0,0,92,2319,0.988788270806382,"TMMwsp",TRUE,FALSE,1.33286278522075,"purity_covariate",6,1,0,0.6,0.15,5,1130315
16152,64,64,0,1720,0.0372093023255814,1,0,0.1,0.196642505434348,0,0,0,84,2916,0.989711934156379,"TMMwsp",TRUE,FALSE,1.28424209288961,"purity_filtered",6,1,0,0.6,0.15,5,1130315
15669,65,64,1,1720,0.0372093023255814,0.984615384615385,0.0153846153846154,0.1,0.202513934670986,0,0.00253164556962025,0,76,3437,0.988943846377655,"TMMwsp",TRUE,FALSE,1.36527664250815,"purity_ignored",6,2,0.1,0.6,0.15,5,843514.5
16761,56,51,5,1720,0.0296511627906977,0.910714285714286,0.0892857142857143,0.1,0.166912186298967,0,0.00253164556962025,0,83,2547,0.989006674519042,"TMMwsp",TRUE,FALSE,1.3760790870418,"purity_covariate",6,2,0.1,0.6,0.15,5,843514.5
15849,57,56,1,1720,0.0325581395348837,0.982456140350877,0.0175438596491228,0.1,0.181033972154288,0,0.00253164556962025,0,77,2921,0.989729544676481,"TMMwsp",TRUE,FALSE,1.37124666145653,"purity_filtered",6,2,0.1,0.6,0.15,5,843514.5
15156,120,71,49,1720,0.0412790697674419,0.591666666666667,0.408333333333333,0.1,0.147810866578359,0,0.0050125313283208,0,82,3825,0.98875816993464,"TMMwsp",TRUE,FALSE,1.45978351478599,"purity_ignored",6,3,0.2,0.6,0.15,5,736172
16221,33,32,1,1720,0.0186046511627907,0.96969696969697,0.0303030303030303,0.1,0.161946380924599,0,0,0,89,2844,0.989099859353024,"TMMwsp",TRUE,FALSE,1.48777193870372,"purity_covariate",6,3,0.2,0.6,0.15,5,736172
16043,75,55,20,1720,0.0319767441860465,0.733333333333333,0.266666666666667,0.1,0.15811899446984,0,0.0025062656641604,0,89,2926,0.989063568010936,"TMMwsp",TRUE,FALSE,1.47329929285675,"purity_filtered",6,3,0.2,0.6,0.15,5,736172
15529,127,73,54,1720,0.0424418604651163,0.574803149606299,0.425196850393701,0.1,0.143620898538366,0,0.00531914893617021,0,82,3458,0.989878542510121,"TMMwsp",TRUE,FALSE,1.44652618496094,"purity_ignored",6,4,0.3,0.6,0.15,5,720811
16622,32,31,1,1720,0.0180232558139535,0.96875,0.03125,0.1,0.150164326516776,0,0,0,87,2534,0.990134175217048,"TMMwsp",TRUE,FALSE,1.4382186980894,"purity_covariate",6,4,0.3,0.6,0.15,5,720811
15365,28,25,3,1720,0.0145348837209302,0.892857142857143,0.107142857142857,0.1,0.140085105269854,0,0,0,74,3327,0.992185151788398,"TMMwsp",TRUE,FALSE,1.31724818254663,"purity_filtered",6,4,0.3,0.6,0.15,5,720811
15897,1804,225,1579,1720,0.130813953488372,0.124722838137472,0.875277161862528,0.1,0.125889398385579,0.0583333333333333,0.071599045346062,0,89,3427,0.987744382842136,"TMMwsp",TRUE,FALSE,1.45369973187003,"purity_ignored",6,5,0.4,0.6,0.15,5,913416.5
16933,16,16,0,1720,0.00930232558139535,1,0,0.1,0.144898994537204,0,0,0,95,2437,0.987689782519491,"TMMwsp",TRUE,FALSE,1.41750975208586,"purity_covariate",6,5,0.4,0.6,0.15,5,913416.5
15560,861,155,706,1720,0.0901162790697674,0.180023228803717,0.819976771196283,0.1,0.132991019817085,0.0416666666666667,0.0334128878281623,0,90,3649,0.987393806522335,"TMMwsp",TRUE,FALSE,1.33699830304356,"purity_filtered",6,5,0.4,0.6,0.15,5,913416.5
15153,25,25,0,1720,0.0145348837209302,1,0,0.1,0.186562029059487,0,0,0,73,3752,0.990671641791045,"TMMwsp",TRUE,FALSE,1.63263965284279,"purity_ignored",7,1,0,0.6,0.15,5,733876.5
16329,42,40,2,1720,0.0232558139534884,0.952380952380952,0.0476190476190476,0.1,0.176831106621582,0,0,0,79,2801,0.989646554801856,"TMMwsp",TRUE,FALSE,1.52033068299421,"purity_covariate",7,1,0,0.6,0.15,5,733876.5
14942,15,15,0,1720,0.00872093023255814,1,0,0.1,0.16293043151472,0,0,0,66,3455,0.991027496382055,"TMMwsp",TRUE,FALSE,1.56771828330334,"purity_filtered",7,1,0,0.6,0.15,5,733876.5
15691,55,54,1,1720,0.0313953488372093,0.981818181818182,0.0181818181818182,0.1,0.208424233486951,0,0,0,84,3310,0.986102719033233,"TMMwsp",TRUE,FALSE,1.42572248165143,"purity_ignored",7,2,0.1,0.6,0.15,5,974268.5
16777,55,54,1,1720,0.0313953488372093,0.981818181818182,0.0181818181818182,0.1,0.203191884308881,0,0,0,88,2482,0.98549556809025,"TMMwsp",TRUE,FALSE,1.38038558396652,"purity_covariate",7,2,0.1,0.6,0.15,5,974268.5
15855,38,37,1,1720,0.0215116279069767,0.973684210526316,0.0263157894736842,0.1,0.178811151528629,0,0,0,73,2933,0.989430617115581,"TMMwsp",TRUE,FALSE,1.313238714951,"purity_filtered",7,2,0.1,0.6,0.15,5,974268.5
16014,330,106,224,1720,0.0616279069767442,0.321212121212121,0.678787878787879,0.1,0.144059947646543,0.00833333333333333,0.010126582278481,0,86,3253,0.9898555179834,"TMMwsp",TRUE,FALSE,1.25512588477672,"purity_ignored",7,3,0.2,0.6,0.15,5,913043
17096,30,29,1,1720,0.0168604651162791,0.966666666666667,0.0333333333333333,0.1,0.143501894581262,0,0,0,93,2338,0.990590248075278,"TMMwsp",TRUE,FALSE,1.32404666407999,"purity_covariate",7,3,0.2,0.6,0.15,5,913043
16530,77,57,20,1720,0.0331395348837209,0.74025974025974,0.25974025974026,0.1,0.146163006445097,0,0,0,89,2713,0.992259491338002,"TMMwsp",TRUE,FALSE,1.27891853820958,"purity_filtered",7,3,0.2,0.6,0.15,5,913043
15008,59,42,17,1720,0.0244186046511628,0.711864406779661,0.288135593220339,0.1,0.138527796094946,0,0,0,84,3673,0.989381976585897,"TMMwsp",TRUE,FALSE,1.67566255656951,"purity_ignored",7,4,0.3,0.6,0.15,5,827457
16210,26,24,2,1720,0.013953488372093,0.923076923076923,0.0769230769230769,0.1,0.136284127334152,0,0,0,89,2720,0.989338235294118,"TMMwsp",TRUE,FALSE,1.59033413139224,"purity_covariate",7,4,0.3,0.6,0.15,5,827457
15008,59,42,17,1720,0.0244186046511628,0.711864406779661,0.288135593220339,0.1,0.138599806249401,0,0,0,84,3673,0.989381976585897,"TMMwsp",TRUE,FALSE,1.67566255656951,"purity_filtered",7,4,0.3,0.6,0.15,5,827457
14820,30,29,1,1720,0.0168604651162791,0.966666666666667,0.0333333333333333,0.1,0.130273340305744,0,0,0,75,3892,0.990236382322713,"TMMwsp",TRUE,FALSE,1.80823849042199,"purity_ignored",7,5,0.4,0.6,0.15,5,483243
15988,30,30,0,1720,0.0174418604651163,1,0,0.1,0.135687942950746,0,0,0,84,2872,0.990598885793872,"TMMwsp",TRUE,FALSE,1.78862577231666,"purity_covariate",7,5,0.4,0.6,0.15,5,483243
14820,30,29,1,1720,0.0168604651162791,0.966666666666667,0.0333333333333333,0.1,0.130218537710578,0,0,0,75,3892,0.990236382322713,"TMMwsp",TRUE,FALSE,1.80823849042199,"purity_filtered",7,5,0.4,0.6,0.15,5,483243
15436,51,51,0,1720,0.0296511627906977,1,0,0.1,0.183367079482675,0,0,0,71,3481,0.989945417983338,"TMMwsp",TRUE,FALSE,1.54284352552025,"purity_ignored",8,1,0,0.6,0.15,5,955365
16559,74,72,2,1720,0.0418604651162791,0.972972972972973,0.027027027027027,0.1,0.181484497198374,0,0,0,78,2589,0.989957512553109,"TMMwsp",TRUE,FALSE,1.42577360544765,"purity_covariate",8,1,0,0.6,0.15,5,955365
15436,51,51,0,1720,0.0296511627906977,1,0,0.1,0.183356152014398,0,0,0,71,3481,0.989945417983338,"TMMwsp",TRUE,FALSE,1.54284352552025,"purity_filtered",8,1,0,0.6,0.15,5,955365
14682,62,58,4,1720,0.0337209302325581,0.935483870967742,0.0645161290322581,0.1,0.174313785494288,0,0.00251889168765743,0,84,3749,0.988530274739931,"TMMwsp",TRUE,FALSE,1.45688664163861,"purity_ignored",8,2,0.1,0.6,0.15,5,737087.5
15824,45,44,1,1720,0.0255813953488372,0.977777777777778,0.0222222222222222,0.1,0.180595856703014,0,0,0,89,2790,0.988888888888889,"TMMwsp",TRUE,FALSE,1.5345600834814,"purity_covariate",8,2,0.1,0.6,0.15,5,737087.5
13615,17,17,0,1720,0.00988372093023256,1,0,0.1,0.146153365501187,0,0,0,68,3734,0.991697911087306,"TMMwsp",FALSE,FALSE,1.37196526511316,"purity_filtered",8,2,0.1,0.6,0.15,5,737087.5
15503,33,30,3,1720,0.0174418604651163,0.909090909090909,0.0909090909090909,0.1,0.139288381229014,0,0,0,78,3505,0.990014265335235,"TMMwsp",TRUE,FALSE,1.58302797835829,"purity_ignored",8,3,0.2,0.6,0.15,5,871307.5
16625,29,24,5,1720,0.013953488372093,0.827586206896552,0.172413793103448,0.1,0.139404953164745,0,0,0,91,2572,0.990279937791602,"TMMwsp",TRUE,FALSE,1.45389621294689,"purity_covariate",8,3,0.2,0.6,0.15,5,871307.5
15503,33,30,3,1720,0.0174418604651163,0.909090909090909,0.0909090909090909,0.1,0.13917716318267,0,0,0,78,3505,0.990014265335235,"TMMwsp",TRUE,FALSE,1.58302797835829,"purity_filtered",8,3,0.2,0.6,0.15,5,871307.5
15592,51,49,2,1720,0.0284883720930233,0.96078431372549,0.0392156862745098,0.1,0.162520959885236,0,0,0,75,3605,0.991955617198336,"TMMwsp",TRUE,FALSE,1.50947067986079,"purity_ignored",8,4,0.3,0.6,0.15,5,807588
16704,41,39,2,1720,0.0226744186046512,0.951219512195122,0.048780487804878,0.1,0.16388434562144,0,0,0,84,2602,0.993850883935434,"TMMwsp",TRUE,FALSE,1.42256393438428,"purity_covariate",8,4,0.3,0.6,0.15,5,807588
15746,20,20,0,1720,0.0116279069767442,1,0,0.1,0.167386020250679,0,0,0,75,3251,0.992617656105814,"TMMwsp",TRUE,FALSE,1.54186510595055,"purity_filtered",8,4,0.3,0.6,0.15,5,807588
15724,116,49,67,1720,0.0284883720930233,0.422413793103448,0.577586206896552,0.1,0.133235070144055,0,0.00508905852417303,0,83,3482,0.990809879379667,"TMMwsp",TRUE,FALSE,1.49400046347757,"purity_ignored",8,5,0.4,0.6,0.15,5,835074
16836,20,19,1,1720,0.011046511627907,0.95,0.05,0.1,0.135331562698261,0,0,0,88,2544,0.989779874213837,"TMMwsp",TRUE,FALSE,1.45759452134727,"purity_covariate",8,5,0.4,0.6,0.15,5,835074
15724,116,49,67,1720,0.0284883720930233,0.422413793103448,0.577586206896552,0.1,0.133368741533899,0,0.00508905852417303,0,83,3482,0.990809879379667,"TMMwsp",TRUE,FALSE,1.49400046347757,"purity_filtered",8,5,0.4,0.6,0.15,5,835074
14770,42,42,0,1720,0.0244186046511628,1,0,0.1,0.187518369266351,0,0,0,89,3844,0.988033298647242,"TMMwsp",TRUE,FALSE,1.70070641671475,"purity_ignored",9,1,0,0.6,0.15,5,918567.5
15943,45,43,2,1720,0.025,0.955555555555556,0.0444444444444444,0.1,0.17205667746341,0,0,0,90,2893,0.989630141721397,"TMMwsp",TRUE,FALSE,1.54102644330889,"purity_covariate",9,1,0,0.6,0.15,5,918567.5
14770,42,42,0,1720,0.0244186046511628,1,0,0.1,0.187462270172743,0,0,0,89,3844,0.988033298647242,"TMMwsp",TRUE,FALSE,1.70070641671475,"purity_filtered",9,1,0,0.6,0.15,5,918567.5
15961,76,63,13,1720,0.0366279069767442,0.828947368421053,0.171052631578947,0.1,0.167440728817363,0,0,0,90,3328,0.991286057692308,"TMMwsp",TRUE,FALSE,1.31477164303558,"purity_ignored",9,2,0.1,0.6,0.15,5,904701
17039,53,52,1,1720,0.0302325581395349,0.981132075471698,0.0188679245283019,0.1,0.172988789368661,0,0,0,94,2381,0.990760184796304,"TMMwsp",TRUE,FALSE,1.3505244782254,"purity_covariate",9,2,0.1,0.6,0.15,5,904701
16464,63,50,13,1720,0.0290697674418605,0.793650793650794,0.206349206349206,0.1,0.158393536842216,0,0,0,92,2788,0.99103299856528,"TMMwsp",TRUE,FALSE,1.2342053746389,"purity_filtered",9,2,0.1,0.6,0.15,5,904701
15559,54,45,9,1720,0.0261627906976744,0.833333333333333,0.166666666666667,0.1,0.148756353718704,0,0,0,86,3529,0.986681779540946,"TMMwsp",TRUE,FALSE,1.65549493069577,"purity_ignored",9,3,0.2,0.6,0.15,5,885612.5
16588,16,16,0,1720,0.00930232558139535,1,0,0.1,0.152604234606604,0,0,0,91,2523,0.984938565200159,"TMMwsp",TRUE,FALSE,1.51889753727881,"purity_covariate",9,3,0.2,0.6,0.15,5,885612.5
15559,54,45,9,1720,0.0261627906976744,0.833333333333333,0.166666666666667,0.1,0.148731981528984,0,0,0,86,3529,0.986681779540946,"TMMwsp",TRUE,FALSE,1.65549493069577,"purity_filtered",9,3,0.2,0.6,0.15,5,885612.5
15460,36,35,1,1720,0.0203488372093023,0.972222222222222,0.0277777777777778,0.1,0.192787257849359,0,0,0,84,3569,0.991594284113197,"TMMwsp",TRUE,FALSE,1.43199095824298,"purity_ignored",9,4,0.3,0.6,0.15,5,813972
16592,34,31,3,1720,0.0180232558139535,0.911764705882353,0.0882352941176471,0.1,0.171342372173414,0,0,0,88,2635,0.992789373814042,"TMMwsp",TRUE,FALSE,1.47594330375811,"purity_covariate",9,4,0.3,0.6,0.15,5,813972
15520,30,29,1,1720,0.0168604651162791,0.966666666666667,0.0333333333333333,0.1,0.16727411885799,0,0,0,76,3306,0.994555353901996,"TMMwsp",FALSE,FALSE,1.38164548873691,"purity_filtered",9,4,0.3,0.6,0.15,5,813972
16233,634,125,509,1720,0.0726744186046512,0.197160883280757,0.802839116719243,0.1,0.125748793565369,0.00833333333333333,0.0271493212669683,0,83,3224,0.988523573200993,"TMMwsp",TRUE,FALSE,1.48494751400982,"purity_ignored",9,5,0.4,0.6,0.15,5,1139115.5
17185,12,12,0,1720,0.00697674418604651,1,0,0.1,0.135949593194943,0,0,0,92,2272,0.98899647887324,"TMMwsp",TRUE,FALSE,1.46168068712101,"purity_covariate",9,5,0.4,0.6,0.15,5,1139115.5
16690,93,48,45,1720,0.027906976744186,0.516129032258065,0.483870967741935,0.1,0.133413510980212,0.00833333333333333,0.00226244343891403,0,87,2674,0.990276738967838,"TMMwsp",TRUE,FALSE,1.41622295595839,"purity_filtered",9,5,0.4,0.6,0.15,5,1139115.5
15200,37,35,2,1720,0.0203488372093023,0.945945945945946,0.0540540540540541,0.1,0.164261115797915,0,0,0,79,3629,0.989804353816478,"TMMwsp",TRUE,FALSE,1.41033470561665,"purity_ignored",10,1,0,0.6,0.15,5,561811.5
16449,21,20,1,1720,0.0116279069767442,0.952380952380952,0.0476190476190476,0.1,0.13686074110468,0,0,0,86,2656,0.990963855421687,"TMMwsp",TRUE,FALSE,1.49411739427834,"purity_covariate",10,1,0,0.6,0.15,5,561811.5
15039,39,36,3,1720,0.0209302325581395,0.923076923076923,0.0769230769230769,0.1,0.162530419892161,0,0,0,78,3788,0.990232312565998,"TMMwsp",TRUE,FALSE,1.33473434859294,"purity_filtered",10,1,0,0.6,0.15,5,561811.5
15670,64,61,3,1720,0.0354651162790698,0.953125,0.046875,0.1,0.186697883206911,0,0,0,78,3490,0.988825214899713,"TMMwsp",TRUE,FALSE,1.59473062201785,"purity_ignored",10,2,0.1,0.6,0.15,5,776442.5
16767,70,67,3,1720,0.038953488372093,0.957142857142857,0.0428571428571429,0.1,0.190063372206721,0,0,0,81,2517,0.988875645609853,"TMMwsp",TRUE,FALSE,1.4346023225509,"purity_covariate",10,2,0.1,0.6,0.15,5,776442.5
15529,19,19,0,1720,0.011046511627907,1,0,0.1,0.164408206366165,0,0,0,71,3219,0.989127058092575,"TMMwsp",TRUE,FALSE,1.53280335872292,"purity_filtered",10,2,0.1,0.6,0.15,5,776442.5
15612,34,31,3,1720,0.0180232558139535,0.911764705882353,0.0882352941176471,0.1,0.132171164204142,0,0.00259067357512953,0,84,3548,0.988726042841037,"TMMwsp",TRUE,FALSE,1.83597250066898,"purity_ignored",10,3,0.2,0.6,0.15,5,999197
16780,39,36,3,1720,0.0209302325581395,0.923076923076923,0.0769230769230769,0.1,0.153011117952316,0,0.00259067357512953,0,91,2578,0.987975174553918,"TMMwsp",TRUE,FALSE,1.52360771722244,"purity_covariate",10,3,0.2,0.6,0.15,5,999197
15612,34,31,3,1720,0.0180232558139535,0.911764705882353,0.0882352941176471,0.1,0.132223945113405,0,0.00259067357512953,0,84,3548,0.988726042841037,"TMMwsp",TRUE,FALSE,1.83597250066898,"purity_filtered",10,3,0.2,0.6,0.15,5,999197
16189,93,67,26,1720,0.038953488372093,0.720430107526882,0.279569892473118,0.1,0.156251706296891,0,0,0,93,3285,0.986301369863014,"TMMwsp",TRUE,FALSE,1.2774836572476,"purity_ignored",10,4,0.3,0.6,0.15,5,1135827.5
17208,23,23,0,1720,0.0133720930232558,1,0,0.1,0.138107944588205,0,0,0,99,2325,0.986666666666667,"TMMwsp",TRUE,FALSE,1.32676155749858,"purity_covariate",10,4,0.3,0.6,0.15,5,1135827.5
16224,27,26,1,1720,0.0151162790697674,0.962962962962963,0.037037037037037,0.1,0.129645684499132,0,0,0,97,2885,0.987175043327556,"TMMwsp",FALSE,FALSE,1.33014671007506,"purity_filtered",10,4,0.3,0.6,0.15,5,1135827.5
15829,2929,274,2655,1720,0.159302325581395,0.0935472857630591,0.906452714236941,0.1,0.105626900832915,0.1,0.085,0,84,3603,0.991118512350819,"TMMwsp",TRUE,FALSE,1.38444221393689,"purity_ignored",10,5,0.4,0.6,0.15,5,922171.5
16808,3,3,0,1720,0.00174418604651163,1,0,0.1,0.105182067912085,0,0,0,90,2529,0.991300909450376,"TMMwsp",TRUE,FALSE,1.42269449957726,"purity_covariate",10,5,0.4,0.6,0.15,5,922171.5
14851,1210,143,1067,1720,0.0831395348837209,0.118181818181818,0.881818181818182,0.1,0.107254188959533,0.0416666666666667,0.0325,0,76,4060,0.991871921182266,"TMMwsp",FALSE,FALSE,1.38871160066921,"purity_filtered",10,5,0.4,0.6,0.15,5,922171.5
14942,37,37,0,1720,0.0215116279069767,1,0,0.1,0.166666878596062,0,0,0,69,3722,0.992208490059108,"TMMwsp",TRUE,FALSE,1.59399970522458,"purity_ignored",11,1,0,0.6,0.15,5,550856.5
16067,43,39,4,1720,0.0226744186046512,0.906976744186046,0.0930232558139535,0.1,0.174984945877961,0,0,0,73,2775,0.993153153153153,"TMMwsp",TRUE,FALSE,1.4967377438805,"purity_covariate",11,1,0,0.6,0.15,5,550856.5
15085,30,28,2,1720,0.0162790697674419,0.933333333333333,0.0666666666666667,0.1,0.171817533413458,0,0,0,68,3161,0.993040177159127,"TMMwsp",FALSE,FALSE,1.56023103621796,"purity_filtered",11,1,0,0.6,0.15,5,550856.5
15645,49,47,2,1720,0.0273255813953488,0.959183673469388,0.0408163265306122,0.1,0.181062087525732,0,0,0,82,3371,0.988134084841293,"TMMwsp",TRUE,FALSE,1.37629916053153,"purity_ignored",11,2,0.1,0.6,0.15,5,896434
16674,47,45,2,1720,0.0261627906976744,0.957446808510638,0.0425531914893617,0.1,0.180778796042153,0,0,0,86,2470,0.987449392712551,"TMMwsp",TRUE,FALSE,1.41597408771604,"purity_covariate",11,2,0.1,0.6,0.15,5,896434
13973,20,18,2,1720,0.0104651162790698,0.9,0.1,0.1,0.127932340984884,0,0,0,63,3828,0.991118077324974,"TMMwsp",FALSE,FALSE,1.16420857745488,"purity_filtered",11,2,0.1,0.6,0.15,5,896434
15261,55,47,8,1720,0.0273255813953488,0.854545454545454,0.145454545454545,0.1,0.162147433952028,0,0,0,84,3506,0.989446662863662,"TMMwsp",TRUE,FALSE,1.40189152363255,"purity_ignored",11,3,0.2,0.6,0.15,5,877708.5
16392,40,37,3,1720,0.0215116279069767,0.925,0.075,0.1,0.159574620987269,0,0,0,87,2607,0.988108937476026,"TMMwsp",TRUE,FALSE,1.47846046952622,"purity_covariate",11,3,0.2,0.6,0.15,5,877708.5
15013,43,39,4,1720,0.0226744186046512,0.906976744186046,0.0930232558139535,0.1,0.16144867537284,0,0,0,83,3646,0.990126165660998,"TMMwsp",TRUE,FALSE,1.36603710600686,"purity_filtered",11,3,0.2,0.6,0.15,5,877708.5
15026,1430,167,1263,1720,0.097093023255814,0.116783216783217,0.883216783216783,0.1,0.112179965386942,0.0666666666666667,0.0355329949238579,0,88,3923,0.988529186846801,"TMMwsp",TRUE,FALSE,1.50115734272998,"purity_ignored",11,4,0.3,0.6,0.15,5,611633
16112,7,6,1,1720,0.00348837209302326,0.857142857142857,0.142857142857143,0.1,0.108259872362439,0,0,0,92,2847,0.987706357569371,"TMMwsp",TRUE,FALSE,1.4975587371649,"purity_covariate",11,4,0.3,0.6,0.15,5,611633
14782,43,27,16,1720,0.0156976744186047,0.627906976744186,0.372093023255814,0.1,0.111064675604787,0,0,0,83,3516,0.988339021615472,"TMMwsp",FALSE,FALSE,1.67605296656886,"purity_filtered",11,4,0.3,0.6,0.15,5,611633
15732,196,86,110,1720,0.05,0.438775510204082,0.561224489795918,0.1,0.146728428274026,0,0.00748129675810474,0,81,3489,0.98853539696188,"TMMwsp",TRUE,FALSE,1.52549878792638,"purity_ignored",11,5,0.4,0.6,0.15,5,967461.5
16791,37,35,2,1720,0.0203488372093023,0.945945945945946,0.0540540540540541,0.1,0.146512309585234,0,0,0,94,2551,0.989023912191297,"TMMwsp",TRUE,FALSE,1.44078070511853,"purity_covariate",11,5,0.4,0.6,0.15,5,967461.5
15732,196,86,110,1720,0.05,0.438775510204082,0.561224489795918,0.1,0.14695579057913,0,0.00748129675810474,0,81,3489,0.98853539696188,"TMMwsp",TRUE,FALSE,1.52549878792638,"purity_filtered",11,5,0.4,0.6,0.15,5,967461.5
15816,29,29,0,1720,0.0168604651162791,1,0,0.1,0.185102579487895,0,0,0,88,3346,0.989838613269576,"TMMwsp",TRUE,FALSE,1.62123362172663,"purity_ignored",12,1,0,0.6,0.15,5,1052077
16904,69,68,1,1720,0.0395348837209302,0.985507246376812,0.0144927536231884,0.1,0.195377101882776,0,0,0,96,2489,0.989152269987947,"TMMwsp",TRUE,FALSE,1.3768565572992,"purity_covariate",12,1,0,0.6,0.15,5,1052077
15871,14,14,0,1720,0.00813953488372093,1,0,0.1,0.168786838091181,0,0,0,86,3116,0.990372272143774,"TMMwsp",TRUE,FALSE,1.43565578667107,"purity_filtered",12,1,0,0.6,0.15,5,1052077
15007,52,51,1,1720,0.0296511627906977,0.980769230769231,0.0192307692307692,0.1,0.190368845321914,0,0,0,81,3695,0.990257104194858,"TMMwsp",TRUE,FALSE,1.46188125419506,"purity_ignored",12,2,0.1,0.6,0.15,5,1027571.5
16098,41,39,2,1720,0.0226744186046512,0.951219512195122,0.048780487804878,0.1,0.165618393243058,0,0,0,90,2793,0.98890082348729,"TMMwsp",TRUE,FALSE,1.50797005090482,"purity_covariate",12,2,0.1,0.6,0.15,5,1027571.5
14318,54,51,3,1720,0.0296511627906977,0.944444444444444,0.0555555555555556,0.1,0.176547936095262,0,0,0,78,4255,0.988954171562867,"TMMwsp",FALSE,FALSE,1.43916104237993,"purity_filtered",12,2,0.1,0.6,0.15,5,1027571.5
15687,22,22,0,1720,0.0127906976744186,1,0,0.1,0.16703169939419,0,0,0,90,3334,0.988002399520096,"TMMwsp",TRUE,FALSE,1.67717089376551,"purity_ignored",12,3,0.2,0.6,0.15,5,870193
16834,61,55,6,1720,0.0319767441860465,0.901639344262295,0.0983606557377049,0.1,0.177106254100659,0,0,0,101,2426,0.98722176422094,"TMMwsp",TRUE,FALSE,1.42439696811781,"purity_covariate",12,3,0.2,0.6,0.15,5,870193
15687,22,22,0,1720,0.0127906976744186,1,0,0.1,0.167066277848451,0,0,0,90,3334,0.988002399520096,"TMMwsp",TRUE,FALSE,1.67717089376551,"purity_filtered",12,3,0.2,0.6,0.15,5,870193
15794,82,60,22,1720,0.0348837209302326,0.731707317073171,0.268292682926829,0.1,0.156343218855413,0,0,0,77,3367,0.988119988119988,"TMMwsp",TRUE,FALSE,1.42667037406488,"purity_ignored",12,4,0.3,0.6,0.15,5,1000857.5
16869,38,37,1,1720,0.0215116279069767,0.973684210526316,0.0263157894736842,0.1,0.150197507579194,0,0,0,86,2477,0.987888574888979,"TMMwsp",TRUE,FALSE,1.36200049569018,"purity_covariate",12,4,0.3,0.6,0.15,5,1000857.5
15613,19,18,1,1720,0.0104651162790698,0.947368421052632,0.0526315789473684,0.1,0.133539759052499,0,0,0,77,3200,0.98875,"TMMwsp",FALSE,FALSE,1.59407019705583,"purity_filtered",12,4,0.3,0.6,0.15,5,1000857.5
15602,1401,188,1213,1720,0.109302325581395,0.134189864382584,0.865810135617416,0.1,0.120382078399533,0.0333333333333333,0.075187969924812,0,84,3617,0.988941111418302,"TMMwsp",TRUE,FALSE,1.70172045261503,"purity_ignored",12,5,0.4,0.6,0.15,5,960404
16675,34,31,3,1720,0.0180232558139535,0.911764705882353,0.0882352941176471,0.1,0.13806024138137,0,0,0,96,2582,0.989930286599535,"TMMwsp",TRUE,FALSE,1.47440429311117,"purity_covariate",12,5,0.4,0.6,0.15,5,960404
15602,1401,188,1213,1720,0.109302325581395,0.134189864382584,0.865810135617416,0.1,0.12030078958506,0.0333333333333333,0.075187969924812,0,84,3617,0.988941111418302,"TMMwsp",TRUE,FALSE,1.70172045261503,"purity_filtered",12,5,0.4,0.6,0.15,5,960404
14641,29,29,0,1720,0.0168604651162791,1,0,0.1,0.16464525889112,0,0,0,71,3778,0.991000529380625,"TMMwsp",TRUE,FALSE,1.61567840394009,"purity_ignored",13,1,0,0.6,0.15,5,717841
15889,39,38,1,1720,0.022093023255814,0.974358974358974,0.0256410256410256,0.1,0.174412642426474,0,0,0,80,2826,0.990445859872611,"TMMwsp",TRUE,FALSE,1.59264292035717,"purity_covariate",13,1,0,0.6,0.15,5,717841
15318,27,27,0,1720,0.0156976744186047,1,0,0.1,0.160944136709437,0,0,0,77,3162,0.989879822896901,"TMMwsp",TRUE,FALSE,1.62793774199666,"purity_filtered",13,1,0,0.6,0.15,5,717841
15168,57,53,4,1720,0.0308139534883721,0.929824561403509,0.0701754385964912,0.1,0.17038270319615,0,0,0,84,3535,0.991796322489392,"TMMwsp",TRUE,FALSE,1.40016087210726,"purity_ignored",13,2,0.1,0.6,0.15,5,1015616.5
16306,60,57,3,1720,0.0331395348837209,0.95,0.05,0.1,0.169190345130303,0.00833333333333333,0,0,90,2598,0.99153194765204,"TMMwsp",TRUE,FALSE,1.45021288184623,"purity_covariate",13,2,0.1,0.6,0.15,5,1015616.5
15890,49,48,1,1720,0.027906976744186,0.979591836734694,0.0204081632653061,0.1,0.17155467553231,0,0,0,87,2914,0.991420727522306,"TMMwsp",TRUE,FALSE,1.39042018854032,"purity_filtered",13,2,0.1,0.6,0.15,5,1015616.5
15900,36,30,6,1720,0.0174418604651163,0.833333333333333,0.166666666666667,0.1,0.14067794193111,0,0,0,86,3339,0.98712189278227,"TMMwsp",TRUE,FALSE,1.45514500738285,"purity_ignored",13,3,0.2,0.6,0.15,5,1187029.5
16969,27,25,2,1720,0.0145348837209302,0.925925925925926,0.0740740740740741,0.1,0.150760548059602,0,0,0,93,2472,0.986650485436893,"TMMwsp",TRUE,FALSE,1.37552236528375,"purity_covariate",13,3,0.2,0.6,0.15,5,1187029.5
16265,22,21,1,1720,0.0122093023255814,0.954545454545455,0.0454545454545455,0.1,0.147583567283718,0,0,0,82,2900,0.989310344827586,"TMMwsp",FALSE,FALSE,1.43062315634282,"purity_filtered",13,3,0.2,0.6,0.15,5,1187029.5
16041,986,147,839,1720,0.0854651162790698,0.149087221095335,0.850912778904665,0.1,0.118856520652693,0.025,0.0341207349081365,0,79,3392,0.988207547169811,"TMMwsp",TRUE,FALSE,1.58796389166193,"purity_ignored",13,4,0.3,0.6,0.15,5,1052107.5
17083,15,15,0,1720,0.00872093023255814,1,0,0.1,0.126885423672229,0,0,0,91,2366,0.986897717666948,"TMMwsp",TRUE,FALSE,1.45193739332696,"purity_covariate",13,4,0.3,0.6,0.15,5,1052107.5
16041,986,147,839,1720,0.0854651162790698,0.149087221095335,0.850912778904665,0.1,0.118727443340224,0.025,0.0341207349081365,0,79,3392,0.988207547169811,"TMMwsp",TRUE,FALSE,1.58796389166193,"purity_filtered",13,4,0.3,0.6,0.15,5,1052107.5
14534,829,124,705,1720,0.072093023255814,0.149577804583836,0.850422195416164,0.1,0.109694877838772,0.0416666666666667,0.0267639902676399,0,84,4134,0.990082244799226,"TMMwsp",TRUE,FALSE,1.75969663335229,"purity_ignored",13,5,0.4,0.6,0.15,5,390854.5
15625,11,9,2,1720,0.00523255813953488,0.818181818181818,0.181818181818182,0.1,0.120771453730862,0,0,0,88,3028,0.988441215323646,"TMMwsp",TRUE,FALSE,1.92251212697084,"purity_covariate",13,5,0.4,0.6,0.15,5,390854.5
14406,29,17,12,1720,0.00988372093023256,0.586206896551724,0.413793103448276,0.1,0.110280621392489,0,0,0,80,3496,0.98941647597254,"TMMwsp",FALSE,FALSE,1.84100203620954,"purity_filtered",13,5,0.4,0.6,0.15,5,390854.5
15536,52,51,1,1720,0.0296511627906977,0.980769230769231,0.0192307692307692,0.1,0.19849921767554,0,0,0,87,3406,0.988549618320611,"TMMwsp",TRUE,FALSE,1.4393645506867,"purity_ignored",14,1,0,0.6,0.15,5,787914
16631,62,62,0,1720,0.036046511627907,1,0,0.1,0.201439377100563,0,0,0,91,2529,0.988137603795967,"TMMwsp",TRUE,FALSE,1.39180642839361,"purity_covariate",14,1,0,0.6,0.15,5,787914
15076,59,58,1,1720,0.0337209302325581,0.983050847457627,0.0169491525423729,0.1,0.20849048828772,0,0,0,85,3658,0.989338436303991,"TMMwsp",TRUE,FALSE,1.3610646002603,"purity_filtered",14,1,0,0.6,0.15,5,787914
15444,36,36,0,1720,0.0209302325581395,1,0,0.1,0.171777378709406,0,0,0,75,3490,0.99054441260745,"TMMwsp",TRUE,FALSE,1.53843065906134,"purity_ignored",14,2,0.1,0.6,0.15,5,863510.5
16598,49,48,1,1720,0.027906976744186,0.979591836734694,0.0204081632653061,0.1,0.172606080488648,0,0,0,80,2587,0.988790104367994,"TMMwsp",TRUE,FALSE,1.43434670207912,"purity_covariate",14,2,0.1,0.6,0.15,5,863510.5
14901,10,10,0,1720,0.00581395348837209,1,0,0.1,0.150145702016754,0,0,0,61,3479,0.99137683242311,"TMMwsp",TRUE,FALSE,1.39849645111776,"purity_filtered",14,2,0.1,0.6,0.15,5,863510.5
15882,148,83,65,1720,0.0482558139534884,0.560810810810811,0.439189189189189,0.1,0.158646131400305,0.00833333333333333,0,0,79,3394,0.988509133765468,"TMMwsp",TRUE,FALSE,1.36860906872465,"purity_ignored",14,3,0.2,0.6,0.15,5,1015044.5
16950,51,48,3,1720,0.027906976744186,0.941176470588235,0.0588235294117647,0.1,0.168863522143792,0,0,0,88,2481,0.989520354695687,"TMMwsp",TRUE,FALSE,1.3809490865059,"purity_covariate",14,3,0.2,0.6,0.15,5,1015044.5
15703,107,83,24,1720,0.0482558139534884,0.775700934579439,0.224299065420561,0.1,0.173734556789079,0,0.00245098039215686,0,82,3464,0.987586605080831,"TMMwsp",TRUE,FALSE,1.25073584057529,"purity_filtered",14,3,0.2,0.6,0.15,5,1015044.5
16035,557,134,423,1720,0.077906976744186,0.240574506283662,0.759425493716337,0.1,0.137786254409146,0.00833333333333333,0.0265957446808511,0,92,3396,0.987632508833922,"TMMwsp",TRUE,FALSE,1.51043784557429,"purity_ignored",14,4,0.3,0.6,0.15,5,1117130
17022,37,36,1,1720,0.0209302325581395,0.972972972972973,0.027027027027027,0.1,0.153732909055597,0,0,0,100,2429,0.987237546315356,"TMMwsp",TRUE,FALSE,1.34665598625301,"purity_covariate",14,4,0.3,0.6,0.15,5,1117130
16035,557,134,423,1720,0.077906976744186,0.240574506283662,0.759425493716337,0.1,0.137824456888379,0.00833333333333333,0.0265957446808511,0,92,3396,0.987632508833922,"TMMwsp",TRUE,FALSE,1.51043784557429,"purity_filtered",14,4,0.3,0.6,0.15,5,1117130
15746,3515,316,3199,1720,0.183720930232558,0.089900426742532,0.910099573257468,0.1,0.105354689274314,0.116666666666667,0.120967741935484,0,86,3702,0.990005402485143,"TMMwsp",TRUE,FALSE,1.5957791360181,"purity_ignored",14,5,0.4,0.6,0.15,5,939673
16750,17,12,5,1720,0.00697674418604651,0.705882352941177,0.294117647058824,0.1,0.106811049489912,0,0,0,94,2558,0.989835809225958,"TMMwsp",TRUE,FALSE,1.41712817427049,"purity_covariate",14,5,0.4,0.6,0.15,5,939673
15746,3515,316,3199,1720,0.183720930232558,0.089900426742532,0.910099573257468,0.1,0.105370246092702,0.116666666666667,0.120967741935484,0,86,3702,0.990005402485143,"TMMwsp",TRUE,FALSE,1.5957791360181,"purity_filtered",14,5,0.4,0.6,0.15,5,939673
16118,61,61,0,1720,0.0354651162790698,1,0,0.1,0.198739331391872,0,0,0,80,3216,0.989427860696517,"TMMwsp",TRUE,FALSE,1.47609504341734,"purity_ignored",15,1,0,0.6,0.15,5,1133122.5
17154,63,62,1,1720,0.036046511627907,0.984126984126984,0.0158730158730159,0.1,0.198279210266635,0,0,0,86,2339,0.989739204788371,"TMMwsp",TRUE,FALSE,1.36503682498962,"purity_covariate",15,1,0,0.6,0.15,5,1133122.5
15173,42,38,4,1720,0.022093023255814,0.904761904761905,0.0952380952380952,0.1,0.143034320608287,0,0,0,66,3771,0.991514187218244,"TMMwsp",TRUE,FALSE,0.945740647153781,"purity_filtered",15,1,0,0.6,0.15,5,1133122.5
15244,35,35,0,1720,0.0203488372093023,1,0,0.1,0.169917390193388,0,0,0,76,3699,0.98999729656664,"TMMwsp",TRUE,FALSE,1.51945739289667,"purity_ignored",15,2,0.1,0.6,0.15,5,808888
16293,38,36,2,1720,0.0209302325581395,0.947368421052632,0.0526315789473684,0.1,0.163695913877483,0,0,0,80,2703,0.989271180170181,"TMMwsp",TRUE,FALSE,1.46004159970401,"purity_covariate",15,2,0.1,0.6,0.15,5,808888
14607,35,34,1,1720,0.0197674418604651,0.971428571428571,0.0285714285714286,0.1,0.167949991813559,0,0,0,72,4014,0.989785749875436,"TMMwsp",TRUE,FALSE,1.31608289540941,"purity_filtered",15,2,0.1,0.6,0.15,5,808888
15357,23,23,0,1720,0.0133720930232558,1,0,0.1,0.146784018091532,0,0,0,88,3658,0.986604702022963,"TMMwsp",TRUE,FALSE,1.61223871354017,"purity_ignored",15,3,0.2,0.6,0.15,5,855570.5
16520,36,34,2,1720,0.0197674418604651,0.944444444444444,0.0555555555555556,0.1,0.157263614002524,0,0,0,94,2682,0.9862043251305,"TMMwsp",TRUE,FALSE,1.51309990741527,"purity_covariate",15,3,0.2,0.6,0.15,5,855570.5
16081,25,25,0,1720,0.0145348837209302,1,0,0.1,0.158335107559651,0,0,0,89,2869,0.98710352039038,"TMMwsp",TRUE,FALSE,1.61131897149677,"purity_filtered",15,3,0.2,0.6,0.15,5,855570.5
15016,215,78,137,1720,0.0453488372093023,0.362790697674419,0.637209302325581,0.1,0.125447652260281,0,0.0048661800486618,0,86,3631,0.988432938584412,"TMMwsp",TRUE,FALSE,1.46413149949048,"purity_ignored",15,4,0.3,0.6,0.15,5,823782
16144,9,9,0,1720,0.00523255813953488,1,0,0.1,0.128480303380061,0,0,0,92,2657,0.988709070380128,"TMMwsp",TRUE,FALSE,1.52001482825611,"purity_covariate",15,4,0.3,0.6,0.15,5,823782
15016,215,78,137,1720,0.0453488372093023,0.362790697674419,0.637209302325581,0.1,0.125466797097431,0,0.0048661800486618,0,86,3631,0.988432938584412,"TMMwsp",TRUE,FALSE,1.46413149949048,"purity_filtered",15,4,0.3,0.6,0.15,5,823782
15767,68,39,29,1720,0.0226744186046512,0.573529411764706,0.426470588235294,0.1,0.122580931137523,0,0.00245098039215686,0,91,3537,0.988973706530958,"TMMwsp",TRUE,FALSE,1.71297641841069,"purity_ignored",15,5,0.4,0.6,0.15,5,1182123.5
16775,18,17,1,1720,0.00988372093023256,0.944444444444444,0.0555555555555556,0.1,0.131908307685623,0,0,0,100,2482,0.989121676067687,"TMMwsp",TRUE,FALSE,1.41364181995521,"purity_covariate",15,5,0.4,0.6,0.15,5,1182123.5
15767,68,39,29,1720,0.0226744186046512,0.573529411764706,0.426470588235294,0.1,0.122586298885172,0,0.00245098039215686,0,91,3537,0.988973706530958,"TMMwsp",TRUE,FALSE,1.71297641841069,"purity_filtered",15,5,0.4,0.6,0.15,5,1182123.5
15312,46,46,0,1720,0.0267441860465116,1,0,0.1,0.194047258789013,0,0,0,76,3516,0.989761092150171,"TMMwsp",TRUE,FALSE,1.67154857532794,"purity_ignored",16,1,0,0.6,0.15,5,710382.5
16489,61,60,1,1720,0.0348837209302326,0.983606557377049,0.0163934426229508,0.1,0.199124152306258,0,0,0,79,2615,0.987762906309751,"TMMwsp",TRUE,FALSE,1.5023893444911,"purity_covariate",16,1,0,0.6,0.15,5,710382.5
13996,14,14,0,1720,0.00813953488372093,1,0,0.1,0.151187806060096,0,0,0,55,3717,0.992198009147162,"TMMwsp",FALSE,FALSE,1.69151964400209,"purity_filtered",16,1,0,0.6,0.15,5,710382.5
14831,20,20,0,1720,0.0116279069767442,1,0,0.1,0.182515080949743,0,0,0,73,3881,0.990208709095594,"TMMwsp",TRUE,FALSE,1.7973748408207,"purity_ignored",16,2,0.1,0.6,0.15,5,619670.5
16044,48,48,0,1720,0.027906976744186,1,0,0.1,0.179380530097263,0,0,0,78,2931,0.991129307403616,"TMMwsp",TRUE,FALSE,1.57965425874667,"purity_covariate",16,2,0.1,0.6,0.15,5,619670.5
14831,20,20,0,1720,0.0116279069767442,1,0,0.1,0.182831641526715,0,0,0,73,3881,0.990208709095594,"TMMwsp",TRUE,FALSE,1.7973748408207,"purity_filtered",16,2,0.1,0.6,0.15,5,619670.5
14792,40,39,1,1720,0.0226744186046512,0.975,0.025,0.1,0.170979557444127,0,0,0,86,3848,0.989864864864865,"TMMwsp",TRUE,FALSE,1.5832120807339,"purity_ignored",16,3,0.2,0.6,0.15,5,599316.5
15942,42,42,0,1720,0.0244186046511628,1,0,0.1,0.173795129376009,0,0,0,92,2844,0.989803094233474,"TMMwsp",TRUE,FALSE,1.52761118485457,"purity_covariate",16,3,0.2,0.6,0.15,5,599316.5
14480,41,41,0,1720,0.0238372093023256,1,0,0.1,0.175967903007289,0,0,0,80,4066,0.990162321692081,"TMMwsp",TRUE,FALSE,1.45246484441963,"purity_filtered",16,3,0.2,0.6,0.15,5,599316.5
16080,3488,364,3124,1720,0.211627906976744,0.104357798165138,0.895642201834862,0.1,0.111160973582753,0.15,0.13216957605985,0,93,3492,0.987972508591065,"TMMwsp",TRUE,FALSE,1.33271928698689,"purity_ignored",16,4,0.3,0.6,0.15,5,1164012
17038,7,6,1,1720,0.00348837209302326,0.857142857142857,0.142857142857143,0.1,0.1101591870939,0,0,0,100,2404,0.98585690515807,"TMMwsp",TRUE,FALSE,1.34241182566478,"purity_covariate",16,4,0.3,0.6,0.15,5,1164012
16080,3488,364,3124,1720,0.211627906976744,0.104357798165138,0.895642201834862,0.1,0.111292259867503,0.15,0.13216957605985,0,93,3492,0.987972508591065,"TMMwsp",TRUE,FALSE,1.33271928698689,"purity_filtered",16,4,0.3,0.6,0.15,5,1164012
16052,1451,179,1272,1720,0.10406976744186,0.123363197794624,0.876636802205376,0.1,0.109915327663893,0.05,0.0636792452830189,0,87,3499,0.989425550157188,"TMMwsp",TRUE,FALSE,1.81444179376483,"purity_ignored",16,5,0.4,0.6,0.15,5,1298545.5
17012,5,5,0,1720,0.00290697674418605,1,0,0.1,0.123674213207795,0,0,0,97,2428,0.989703459637562,"TMMwsp",TRUE,FALSE,1.76203501866709,"purity_covariate",16,5,0.4,0.6,0.15,5,1298545.5
15680,1708,205,1503,1720,0.119186046511628,0.120023419203747,0.879976580796253,0.1,0.107661472100552,0.075,0.089622641509434,0,88,3717,0.988162496637073,"TMMwsp",TRUE,FALSE,1.61743472213854,"purity_filtered",16,5,0.4,0.6,0.15,5,1298545.5
15881,68,65,3,1720,0.0377906976744186,0.955882352941177,0.0441176470588235,0.1,0.185261064616715,0,0,0,84,3230,0.986996904024768,"TMMwsp",TRUE,FALSE,1.37113052134213,"purity_ignored",17,1,0,0.6,0.15,5,1070021
16978,58,57,1,1720,0.0331395348837209,0.982758620689655,0.0172413793103448,0.1,0.189937537670064,0,0,0,89,2388,0.987437185929648,"TMMwsp",TRUE,FALSE,1.39241911002278,"purity_covariate",17,1,0,0.6,0.15,5,1070021
15499,55,55,0,1720,0.0319767441860465,1,0,0.1,0.1851280753102,0,0,0,79,3500,0.988,"TMMwsp",TRUE,FALSE,1.35960091212658,"purity_filtered",17,1,0,0.6,0.15,5,1070021
15296,83,71,12,1720,0.0412790697674419,0.855421686746988,0.144578313253012,0.1,0.177340071308039,0,0,0,77,3497,0.987989705461824,"TMMwsp",TRUE,FALSE,1.39813919648511,"purity_ignored",17,2,0.1,0.6,0.15,5,672863
16414,66,61,5,1720,0.0354651162790698,0.924242424242424,0.0757575757575758,0.1,0.181644715668334,0,0,0,85,2593,0.986502121095256,"TMMwsp",TRUE,FALSE,1.44351197409122,"purity_covariate",17,2,0.1,0.6,0.15,5,672863
15822,50,47,3,1720,0.0273255813953488,0.94,0.06,0.1,0.176869345525512,0,0,0,83,2919,0.986639260020555,"TMMwsp",TRUE,FALSE,1.39709778085098,"purity_filtered",17,2,0.1,0.6,0.15,5,672863
15574,440,126,314,1720,0.0732558139534884,0.286363636363636,0.713636363636364,0.1,0.143522473841595,0.025,0.0142857142857143,0,87,3590,0.988022284122563,"TMMwsp",TRUE,FALSE,1.33719654679333,"purity_ignored",17,3,0.2,0.6,0.15,5,879443
16604,8,8,0,1720,0.00465116279069767,1,0,0.1,0.124381917071223,0,0,0,93,2609,0.987734764277501,"TMMwsp",TRUE,FALSE,1.3562508161539,"purity_covariate",17,3,0.2,0.6,0.15,5,879443
15977,61,49,12,1720,0.0284883720930233,0.80327868852459,0.19672131147541,0.1,0.14584204385633,0,0,0,87,2938,0.988767869298843,"TMMwsp",TRUE,FALSE,1.33471266979432,"purity_filtered",17,3,0.2,0.6,0.15,5,879443
15669,3545,328,3217,1720,0.190697674418605,0.092524682651622,0.907475317348378,0.1,0.110450680630895,0.133333333333333,0.121212121212121,0,84,3756,0.991480298189563,"TMMwsp",TRUE,FALSE,1.6067670843378,"purity_ignored",17,4,0.3,0.6,0.15,5,1040786
16647,10,9,1,1720,0.00523255813953488,0.9,0.1,0.1,0.118265685667831,0,0,0,91,2613,0.991580558744738,"TMMwsp",TRUE,FALSE,1.60356913772544,"purity_covariate",17,4,0.3,0.6,0.15,5,1040786
15669,3545,328,3217,1720,0.190697674418605,0.092524682651622,0.907475317348378,0.1,0.110416254564687,0.133333333333333,0.121212121212121,0,84,3756,0.991480298189563,"TMMwsp",TRUE,FALSE,1.6067670843378,"purity_filtered",17,4,0.3,0.6,0.15,5,1040786
15152,104,45,59,1720,0.0261627906976744,0.432692307692308,0.567307692307692,0.1,0.113115537368643,0,0.00246305418719212,0,77,3884,0.990216271884655,"TMMwsp",TRUE,FALSE,1.72890574773461,"purity_ignored",17,5,0.4,0.6,0.15,5,752149.5
16163,24,22,2,1720,0.0127906976744186,0.916666666666667,0.0833333333333333,0.1,0.121518744999898,0,0,0,86,2789,0.988526353531732,"TMMwsp",TRUE,FALSE,1.6151409263043,"purity_covariate",17,5,0.4,0.6,0.15,5,752149.5
15152,104,45,59,1720,0.0261627906976744,0.432692307692308,0.567307692307692,0.1,0.113240609147632,0,0.00246305418719212,0,77,3884,0.990216271884655,"TMMwsp",TRUE,FALSE,1.72890574773461,"purity_filtered",17,5,0.4,0.6,0.15,5,752149.5
15549,58,58,0,1720,0.0337209302325581,1,0,0.1,0.187743995663397,0,0,0,73,3469,0.989910637071202,"TMMwsp",TRUE,FALSE,1.46523088667752,"purity_ignored",18,1,0,0.6,0.15,5,803512.5
16669,76,74,2,1720,0.0430232558139535,0.973684210526316,0.0263157894736842,0.1,0.188238416847369,0,0,0,81,2566,0.988308651597818,"TMMwsp",TRUE,FALSE,1.41127879681124,"purity_covariate",18,1,0,0.6,0.15,5,803512.5
14712,26,25,1,1720,0.0145348837209302,0.961538461538462,0.0384615384615385,0.1,0.137373381598254,0,0,0,59,3430,0.992419825072886,"TMMwsp",FALSE,FALSE,1.43537135440878,"purity_filtered",18,1,0,0.6,0.15,5,803512.5
15788,62,61,1,1720,0.0354651162790698,0.983870967741935,0.0161290322580645,0.1,0.214895783938934,0,0,0,78,3339,0.990416292303085,"TMMwsp",TRUE,FALSE,1.33310791260931,"purity_ignored",18,2,0.1,0.6,0.15,5,807447
16872,57,56,1,1720,0.0325581395348837,0.982456140350877,0.0175438596491228,0.1,0.205973202525705,0,0,0,88,2418,0.989247311827957,"TMMwsp",TRUE,FALSE,1.35071622392805,"purity_covariate",18,2,0.1,0.6,0.15,5,807447
14845,58,53,5,1720,0.0308139534883721,0.913793103448276,0.0862068965517241,0.1,0.187014749578291,0,0,0,69,3796,0.99104320337197,"TMMwsp",FALSE,FALSE,1.19304717498342,"purity_filtered",18,2,0.1,0.6,0.15,5,807447
15979,172,96,76,1720,0.0558139534883721,0.558139534883721,0.441860465116279,0.1,0.160244514116931,0,0.00769230769230769,0,85,3267,0.986225895316804,"TMMwsp",TRUE,FALSE,1.36356781948305,"purity_ignored",18,3,0.2,0.6,0.15,5,947659
17073,24,24,0,1720,0.013953488372093,1,0,0.1,0.152184311014711,0,0,0,95,2387,0.987850858818601,"TMMwsp",TRUE,FALSE,1.39458022821673,"purity_covariate",18,3,0.2,0.6,0.15,5,947659
15979,172,96,76,1720,0.0558139534883721,0.558139534883721,0.441860465116279,0.1,0.160409442383367,0,0.00769230769230769,0,85,3267,0.986225895316804,"TMMwsp",TRUE,FALSE,1.36356781948305,"purity_filtered",18,3,0.2,0.6,0.15,5,947659
15264,1823,224,1599,1720,0.130232558139535,0.122874382885354,0.877125617114646,0.1,0.108929345817566,0.0666666666666667,0.0742574257425743,0,88,3840,0.987760416666667,"TMMwsp",TRUE,FALSE,1.51318672310667,"purity_ignored",18,4,0.3,0.6,0.15,5,619551.5
16335,7,7,0,1720,0.00406976744186047,1,0,0.1,0.112844077826018,0,0,0,93,2781,0.988133764832794,"TMMwsp",TRUE,FALSE,1.57322842578461,"purity_covariate",18,4,0.3,0.6,0.15,5,619551.5
15264,1823,224,1599,1720,0.130232558139535,0.122874382885354,0.877125617114646,0.1,0.108963079201969,0.0666666666666667,0.0742574257425743,0,88,3840,0.987760416666667,"TMMwsp",TRUE,FALSE,1.51318672310667,"purity_filtered",18,4,0.3,0.6,0.15,5,619551.5
16035,1203,169,1034,1720,0.0982558139534884,0.1404821280133,0.8595178719867,0.1,0.119004082354543,0.025,0.0673575129533679,0,90,3321,0.990063233965673,"TMMwsp",TRUE,FALSE,1.41763732847633,"purity_ignored",18,5,0.4,0.6,0.15,5,1161420
17031,66,42,24,1720,0.0244186046511628,0.636363636363636,0.363636363636364,0.1,0.121856976785333,0,0,0,100,2333,0.990570081440206,"TMMwsp",TRUE,FALSE,1.37675455378658,"purity_covariate",18,5,0.4,0.6,0.15,5,1161420
16035,1203,169,1034,1720,0.0982558139534884,0.1404821280133,0.8595178719867,0.1,0.118967420255595,0.025,0.0673575129533679,0,90,3321,0.990063233965673,"TMMwsp",TRUE,FALSE,1.41763732847633,"purity_filtered",18,5,0.4,0.6,0.15,5,1161420
15782,49,48,1,1720,0.027906976744186,0.979591836734694,0.0204081632653061,0.1,0.175930798567653,0,0,0,75,3361,0.990181493603094,"TMMwsp",TRUE,FALSE,1.33811204918989,"purity_ignored",19,1,0,0.6,0.15,5,941729
16879,52,51,1,1720,0.0296511627906977,0.980769230769231,0.0192307692307692,0.1,0.174583162798195,0,0,0,81,2457,0.988603988603989,"TMMwsp",TRUE,FALSE,1.37597292858036,"purity_covariate",19,1,0,0.6,0.15,5,941729
15414,51,50,1,1720,0.0290697674418605,0.980392156862745,0.0196078431372549,0.1,0.179139171752493,0,0,0,73,3484,0.989667049368542,"TMMwsp",TRUE,FALSE,1.25461127935502,"purity_filtered",19,1,0,0.6,0.15,5,941729
15645,49,48,1,1720,0.027906976744186,0.979591836734694,0.0204081632653061,0.1,0.17183824842938,0,0,0,91,3512,0.990888382687927,"TMMwsp",TRUE,FALSE,1.34332459670505,"purity_ignored",19,2,0.1,0.6,0.15,5,953183.5
16753,43,43,0,1720,0.025,1,0,0.1,0.174351809249353,0,0,0,99,2565,0.989863547758285,"TMMwsp",TRUE,FALSE,1.38545591870979,"purity_covariate",19,2,0.1,0.6,0.15,5,953183.5
15108,46,46,0,1720,0.0267441860465116,1,0,0.1,0.174731003113767,0,0,0,88,3691,0.991330262801409,"TMMwsp",TRUE,FALSE,1.31752850647165,"purity_filtered",19,2,0.1,0.6,0.15,5,953183.5
15764,73,64,9,1720,0.0372093023255814,0.876712328767123,0.123287671232877,0.1,0.170091578746977,0,0,0,83,3398,0.987934078869923,"TMMwsp",TRUE,FALSE,1.45163432916781,"purity_ignored",19,3,0.2,0.6,0.15,5,954274
16802,61,60,1,1720,0.0348837209302326,0.983606557377049,0.0163934426229508,0.1,0.189306910227272,0,0,0,92,2489,0.986339895540378,"TMMwsp",TRUE,FALSE,1.3797992758116,"purity_covariate",19,3,0.2,0.6,0.15,5,954274
15764,73,64,9,1720,0.0372093023255814,0.876712328767123,0.123287671232877,0.1,0.170082223820237,0,0,0,83,3398,0.987934078869923,"TMMwsp",TRUE,FALSE,1.45163432916781,"purity_filtered",19,3,0.2,0.6,0.15,5,954274
15429,77,71,6,1720,0.0412790697674419,0.922077922077922,0.0779220779220779,0.1,0.191104880046362,0,0.0026246719160105,0,79,3506,0.99030233884769,"TMMwsp",TRUE,FALSE,1.45671573755305,"purity_ignored",19,4,0.3,0.6,0.15,5,733458.5
16513,61,57,4,1720,0.0331395348837209,0.934426229508197,0.0655737704918033,0.1,0.178138967682989,0,0.0026246719160105,0,85,2553,0.989815902859381,"TMMwsp",TRUE,FALSE,1.41353242762927,"purity_covariate",19,4,0.3,0.6,0.15,5,733458.5
15130,73,71,2,1720,0.0412790697674419,0.972602739726027,0.0273972602739726,0.1,0.204901822692057,0,0.0026246719160105,0,76,3683,0.990225359761064,"TMMwsp",TRUE,FALSE,1.34116518978009,"purity_filtered",19,4,0.3,0.6,0.15,5,733458.5
15793,3868,368,3500,1720,0.213953488372093,0.0951396070320579,0.904860392967942,0.1,0.0922007117875255,0.166666666666667,0.168831168831169,0,87,3740,0.98716577540107,"TMMwsp",TRUE,FALSE,1.62172028430501,"purity_ignored",19,5,0.4,0.6,0.15,5,882267
16710,6,4,2,1720,0.00232558139534884,0.666666666666667,0.333333333333333,0.1,0.117307614967134,0,0,0,93,2559,0.985932004689332,"TMMwsp",TRUE,FALSE,1.53019636263859,"purity_covariate",19,5,0.4,0.6,0.15,5,882267
15527,3490,342,3148,1720,0.198837209302326,0.0979942693409742,0.902005730659026,0.1,0.0955726474369505,0.125,0.135064935064935,0,84,3896,0.987422997946612,"TMMwsp",TRUE,FALSE,1.44804504911098,"purity_filtered",19,5,0.4,0.6,0.15,5,882267
15478,71,68,3,1720,0.0395348837209302,0.957746478873239,0.0422535211267606,0.1,0.19516433895565,0,0,0,85,3404,0.988249118683901,"TMMwsp",TRUE,FALSE,1.41486884774636,"purity_ignored",20,1,0,0.6,0.15,5,923608.5
16624,72,70,2,1720,0.0406976744186047,0.972222222222222,0.0277777777777778,0.1,0.191331060693939,0.00833333333333333,0,0,92,2548,0.987833594976452,"TMMwsp",TRUE,FALSE,1.43309759916246,"purity_covariate",20,1,0,0.6,0.15,5,923608.5
14271,21,21,0,1720,0.0122093023255814,1,0,0.1,0.156692930313579,0,0,0,69,3840,0.990104166666667,"TMMwsp",TRUE,FALSE,1.34779911183212,"purity_filtered",20,1,0,0.6,0.15,5,923608.5
15847,93,74,19,1720,0.0430232558139535,0.795698924731183,0.204301075268817,0.1,0.17724792252081,0,0,0,84,3263,0.988354275206865,"TMMwsp",TRUE,FALSE,1.32242921727717,"purity_ignored",20,2,0.1,0.6,0.15,5,966546
16925,19,17,2,1720,0.00988372093023256,0.894736842105263,0.105263157894737,0.1,0.134999873049603,0,0,0,93,2355,0.989384288747346,"TMMwsp",TRUE,FALSE,1.31647114275048,"purity_covariate",20,2,0.1,0.6,0.15,5,966546
15847,93,74,19,1720,0.0430232558139535,0.795698924731183,0.204301075268817,0.1,0.177257307831812,0,0,0,84,3263,0.988354275206865,"TMMwsp",TRUE,FALSE,1.32242921727717,"purity_filtered",20,2,0.1,0.6,0.15,5,966546
15964,366,113,253,1720,0.0656976744186046,0.308743169398907,0.691256830601093,0.1,0.144252285748727,0.025,0.010126582278481,0,99,3367,0.985149985149985,"TMMwsp",TRUE,FALSE,1.45390461194681,"purity_ignored",20,3,0.2,0.6,0.15,5,913204
16966,53,43,10,1720,0.025,0.811320754716981,0.188679245283019,0.1,0.153168377846282,0,0,0,106,2434,0.983566146261298,"TMMwsp",TRUE,FALSE,1.36715530815771,"purity_covariate",20,3,0.2,0.6,0.15,5,913204
15964,366,113,253,1720,0.0656976744186046,0.308743169398907,0.691256830601093,0.1,0.144250020333425,0.025,0.010126582278481,0,99,3367,0.985149985149985,"TMMwsp",TRUE,FALSE,1.45390461194681,"purity_filtered",20,3,0.2,0.6,0.15,5,913204
15711,74,32,42,1720,0.0186046511627907,0.432432432432432,0.567567567567568,0.1,0.116907896049683,0,0.00253164556962025,0,84,3707,0.988400323711896,"TMMwsp",TRUE,FALSE,1.71579294520606,"purity_ignored",20,4,0.3,0.6,0.15,5,796224
16802,22,21,1,1720,0.0122093023255814,0.954545454545455,0.0454545454545455,0.1,0.126730932569869,0,0,0,90,2638,0.989385898407885,"TMMwsp",TRUE,FALSE,1.53194681308663,"purity_covariate",20,4,0.3,0.6,0.15,5,796224
15711,74,32,42,1720,0.0186046511627907,0.432432432432432,0.567567567567568,0.1,0.116897851260689,0,0.00253164556962025,0,84,3707,0.988400323711896,"TMMwsp",TRUE,FALSE,1.71579294520606,"purity_filtered",20,4,0.3,0.6,0.15,5,796224
15354,623,112,511,1720,0.0651162790697674,0.179775280898876,0.820224719101124,0.1,0.117550749170317,0,0.0333333333333333,0,82,3701,0.989462307484464,"TMMwsp",TRUE,FALSE,1.60904390387617,"purity_ignored",20,5,0.4,0.6,0.15,5,1001074
16377,11,9,2,1720,0.00523255813953488,0.818181818181818,0.181818181818182,0.1,0.114495974523271,0,0,0,92,2655,0.988323917137476,"TMMwsp",TRUE,FALSE,1.44130743585147,"purity_covariate",20,5,0.4,0.6,0.15,5,1001074
15354,623,112,511,1720,0.0651162790697674,0.179775280898876,0.820224719101124,0.1,0.117434150770178,0,0.0333333333333333,0,82,3701,0.989462307484464,"TMMwsp",TRUE,FALSE,1.60904390387617,"purity_filtered",20,5,0.4,0.6,0.15,5,1001074
15262,81,58,23,1720,0.0337209302325581,0.716049382716049,0.283950617283951,0.1,0.152074638539202,0,0,0,77,3626,0.989520132377275,"TMMwsp",TRUE,FALSE,1.40492538740741,"purity_ignored",21,1,0,0.6,0.15,5,859150.5
16358,23,19,4,1720,0.011046511627907,0.826086956521739,0.173913043478261,0.1,0.138417533487837,0,0,0,86,2627,0.98743814236772,"TMMwsp",TRUE,FALSE,1.43252474373155,"purity_covariate",21,1,0,0.6,0.15,5,859150.5
15441,38,30,8,1720,0.0174418604651163,0.789473684210526,0.210526315789474,0.1,0.13685416737477,0,0,0,84,3174,0.988027725267801,"TMMwsp",FALSE,FALSE,1.52545046470423,"purity_filtered",21,1,0,0.6,0.15,5,859150.5
14954,33,33,0,1720,0.0191860465116279,1,0,0.1,0.188916040086701,0,0,0,71,3702,0.99054565099946,"TMMwsp",TRUE,FALSE,1.57035328960794,"purity_ignored",21,2,0.1,0.6,0.15,5,967163
16158,47,46,1,1720,0.0267441860465116,0.978723404255319,0.0212765957446809,0.1,0.189543107139139,0,0,0,79,2776,0.989553314121037,"TMMwsp",TRUE,FALSE,1.52729130236139,"purity_covariate",21,2,0.1,0.6,0.15,5,967163
15229,27,27,0,1720,0.0156976744186047,1,0,0.1,0.176145054144933,0,0,0,71,3236,0.989802224969098,"TMMwsp",TRUE,FALSE,1.4766506801123,"purity_filtered",21,2,0.1,0.6,0.15,5,967163
15384,51,45,6,1720,0.0261627906976744,0.88235294117647,0.117647058823529,0.1,0.168287046295932,0,0,0,74,3407,0.989433519225125,"TMMwsp",TRUE,FALSE,1.55915653270466,"purity_ignored",21,3,0.2,0.6,0.15,5,913230
16528,40,39,1,1720,0.0226744186046512,0.975,0.025,0.1,0.167712019040245,0,0,0,82,2471,0.988263860785107,"TMMwsp",TRUE,FALSE,1.41127417886891,"purity_covariate",21,3,0.2,0.6,0.15,5,913230
15384,51,45,6,1720,0.0261627906976744,0.88235294117647,0.117647058823529,0.1,0.168386264742651,0,0,0,74,3407,0.989433519225125,"TMMwsp",TRUE,FALSE,1.55915653270466,"purity_filtered",21,3,0.2,0.6,0.15,5,913230
15117,128,47,81,1720,0.0273255813953488,0.3671875,0.6328125,0.1,0.115493703593831,0,0.00735294117647059,0,83,3765,0.990172642762284,"TMMwsp",TRUE,FALSE,1.57273473938537,"purity_ignored",21,4,0.3,0.6,0.15,5,649853
16195,20,20,0,1720,0.0116279069767442,1,0,0.1,0.141531655877811,0,0,0,86,2743,0.990156762668611,"TMMwsp",TRUE,FALSE,1.55729262257954,"purity_covariate",21,4,0.3,0.6,0.15,5,649853
14896,100,46,54,1720,0.0267441860465116,0.46,0.54,0.1,0.124447993373471,0,0.00490196078431373,0,82,3889,0.989971715093855,"TMMwsp",TRUE,FALSE,1.42200835297327,"purity_filtered",21,4,0.3,0.6,0.15,5,649853
16091,2982,281,2701,1720,0.163372093023256,0.0942320590207914,0.905767940979209,0.1,0.105912688689893,0.0916666666666667,0.118357487922705,1,87,3358,0.989874925550923,"TMMwsp",TRUE,FALSE,1.45899278545036,"purity_ignored",21,5,0.4,0.6,0.15,5,993726.5
17038,59,28,31,1720,0.0162790697674419,0.474576271186441,0.525423728813559,0.1,0.103428568302548,0,0,0,95,2339,0.988884138520735,"TMMwsp",TRUE,FALSE,1.39443739943185,"purity_covariate",21,5,0.4,0.6,0.15,5,993726.5
16091,2982,281,2701,1720,0.163372093023256,0.0942320590207914,0.905767940979209,0.1,0.105884055470788,0.0916666666666667,0.118357487922705,1,87,3358,0.989874925550923,"TMMwsp",TRUE,FALSE,1.45899278545036,"purity_filtered",21,5,0.4,0.6,0.15,5,993726.5
14896,51,50,1,1720,0.0290697674418605,0.980392156862745,0.0196078431372549,0.1,0.178374416853969,0,0,0,79,3768,0.987526539278132,"TMMwsp",TRUE,FALSE,1.52669437910238,"purity_ignored",22,1,0,0.6,0.15,5,785194.5
16076,32,31,1,1720,0.0180232558139535,0.96875,0.03125,0.1,0.160087649319239,0,0,0,86,2826,0.985845718329795,"TMMwsp",TRUE,FALSE,1.56259639845266,"purity_covariate",22,1,0,0.6,0.15,5,785194.5
13889,35,34,1,1720,0.0197674418604651,0.971428571428571,0.0285714285714286,0.1,0.16429206107995,0,0,0,61,4306,0.991639572689271,"TMMwsp",FALSE,FALSE,1.51255955130157,"purity_filtered",22,1,0,0.6,0.15,5,785194.5
16232,57,54,3,1720,0.0313953488372093,0.947368421052632,0.0526315789473684,0.1,0.176103961798334,0,0,0,82,3232,0.989480198019802,"TMMwsp",TRUE,FALSE,1.38476093177755,"purity_ignored",22,2,0.1,0.6,0.15,5,1181930
17217,43,43,0,1720,0.025,1,0,0.1,0.181892664542518,0,0,0,87,2360,0.989406779661017,"TMMwsp",TRUE,FALSE,1.28906560788877,"purity_covariate",22,2,0.1,0.6,0.15,5,1181930
16108,13,13,0,1720,0.00755813953488372,1,0,0.1,0.159219861533503,0,0,0,81,3044,0.990144546649146,"TMMwsp",TRUE,FALSE,1.27599274044009,"purity_filtered",22,2,0.1,0.6,0.15,5,1181930
15438,2873,272,2601,1720,0.158139534883721,0.0946745562130177,0.905325443786982,0.1,0.115146828294153,0.0416666666666667,0.0951219512195122,0,80,3710,0.98921832884097,"TMMwsp",TRUE,FALSE,1.4353005442395,"purity_ignored",22,3,0.2,0.6,0.15,5,759953.5
16436,11,11,0,1720,0.0063953488372093,1,0,0.1,0.118252496335097,0,0,0,91,2681,0.989183140619172,"TMMwsp",TRUE,FALSE,1.43957531346108,"purity_covariate",22,3,0.2,0.6,0.15,5,759953.5
15438,2873,272,2601,1720,0.158139534883721,0.0946745562130177,0.905325443786982,0.1,0.115146260108438,0.0416666666666667,0.0951219512195122,0,80,3710,0.98921832884097,"TMMwsp",TRUE,FALSE,1.4353005442395,"purity_filtered",22,3,0.2,0.6,0.15,5,759953.5
15607,266,81,185,1720,0.047093023255814,0.304511278195489,0.695488721804511,0.1,0.129813834344959,0,0.00740740740740741,0,82,3558,0.989038785834739,"TMMwsp",TRUE,FALSE,1.42201761288163,"purity_ignored",22,4,0.3,0.6,0.15,5,835099
16684,12,11,1,1720,0.0063953488372093,0.916666666666667,0.0833333333333333,0.1,0.114393531730126,0,0,0,90,2562,0.988680718188915,"TMMwsp",TRUE,FALSE,1.44279703994183,"purity_covariate",22,4,0.3,0.6,0.15,5,835099
16152,34,28,6,1720,0.0162790697674419,0.823529411764706,0.176470588235294,0.1,0.132451748769662,0,0,0,85,2840,0.988732394366197,"TMMwsp",TRUE,FALSE,1.44363291839926,"purity_filtered",22,4,0.3,0.6,0.15,5,835099
15420,49,37,12,1720,0.0215116279069767,0.755102040816326,0.244897959183673,0.1,0.153187391638039,0,0.00245700245700246,0,92,3574,0.986849468382764,"TMMwsp",TRUE,FALSE,1.71449615422327,"purity_ignored",22,5,0.4,0.6,0.15,5,907397
16532,73,64,9,1720,0.0372093023255814,0.876712328767123,0.123287671232877,0.1,0.186974852316794,0,0,0,101,2565,0.987914230019493,"TMMwsp",TRUE,FALSE,1.45536621127772,"purity_covariate",22,5,0.4,0.6,0.15,5,907397
15390,22,22,0,1720,0.0127906976744186,1,0,0.1,0.167610591203643,0,0,0,83,3322,0.9894641782059,"TMMwsp",TRUE,FALSE,1.55086794767232,"purity_filtered",22,5,0.4,0.6,0.15,5,907397
15577,91,86,5,1720,0.05,0.945054945054945,0.0549450549450549,0.1,0.203535666039036,0,0,0,79,3346,0.988344291691572,"TMMwsp",TRUE,FALSE,1.32524833732808,"purity_ignored",23,1,0,0.6,0.15,5,967544.5
16680,62,56,6,1720,0.0325581395348837,0.903225806451613,0.0967741935483871,0.1,0.18131159342169,0,0,0,85,2439,0.98769987699877,"TMMwsp",TRUE,FALSE,1.39513695518622,"purity_covariate",23,1,0,0.6,0.15,5,967544.5
15816,39,39,0,1720,0.0226744186046512,1,0,0.1,0.176241205246136,0,0,0,69,3027,0.990749917409977,"TMMwsp",TRUE,FALSE,1.30085493587533,"purity_filtered",23,1,0,0.6,0.15,5,967544.5
15035,38,38,0,1720,0.022093023255814,1,0,0.1,0.177610583454608,0,0,0,66,3644,0.990120746432492,"TMMwsp",TRUE,FALSE,1.68909075175943,"purity_ignored",23,2,0.1,0.6,0.15,5,708503
16223,48,48,0,1720,0.027906976744186,1,0,0.1,0.175727747178331,0,0,0,79,2720,0.991544117647059,"TMMwsp",TRUE,FALSE,1.55429324564054,"purity_covariate",23,2,0.1,0.6,0.15,5,708503
15035,38,38,0,1720,0.022093023255814,1,0,0.1,0.177599600361427,0,0,0,66,3644,0.990120746432492,"TMMwsp",TRUE,FALSE,1.68909075175943,"purity_filtered",23,2,0.1,0.6,0.15,5,708503
15774,83,77,6,1720,0.0447674418604651,0.927710843373494,0.072289156626506,0.1,0.186086660554994,0,0,0,71,3352,0.990751789976134,"TMMwsp",TRUE,FALSE,1.31347841518748,"purity_ignored",23,3,0.2,0.6,0.15,5,930197.5
16828,41,40,1,1720,0.0232558139534884,0.975609756097561,0.024390243902439,0.1,0.178105378319439,0,0,0,78,2466,0.991078669910787,"TMMwsp",TRUE,FALSE,1.35308565095093,"purity_covariate",23,3,0.2,0.6,0.15,5,930197.5
16313,48,47,1,1720,0.0273255813953488,0.979166666666667,0.0208333333333333,0.1,0.188266280055643,0,0,0,75,2756,0.990203193033382,"TMMwsp",TRUE,FALSE,1.32167598837395,"purity_filtered",23,3,0.2,0.6,0.15,5,930197.5
15966,2106,207,1899,1720,0.120348837209302,0.0982905982905983,0.901709401709402,0.1,0.112564245911835,0.025,0.0505050505050505,0,84,3447,0.989266028430519,"TMMwsp",TRUE,FALSE,1.41055273564172,"purity_ignored",23,4,0.3,0.6,0.15,5,885688
16962,5,5,0,1720,0.00290697674418605,1,0,0.1,0.123759691018795,0,0,0,89,2440,0.988114754098361,"TMMwsp",TRUE,FALSE,1.41387955305862,"purity_covariate",23,4,0.3,0.6,0.15,5,885688
16800,710,126,584,1720,0.0732558139534884,0.177464788732394,0.822535211267606,0.1,0.117876305183279,0,0.0227272727272727,0,87,2606,0.988104374520338,"TMMwsp",TRUE,FALSE,1.31398544309475,"purity_filtered",23,4,0.3,0.6,0.15,5,885688
15215,397,85,312,1720,0.0494186046511628,0.214105793450882,0.785894206549118,0.1,0.111619448612366,0,0.0077319587628866,0,86,3786,0.989698890649762,"TMMwsp",TRUE,FALSE,1.76239686579614,"purity_ignored",23,5,0.4,0.6,0.15,5,733015.5
16345,3,3,0,1720,0.00174418604651163,1,0,0.1,0.118077149465949,0,0,0,91,2742,0.989059080962801,"TMMwsp",TRUE,FALSE,1.66839218186269,"purity_covariate",23,5,0.4,0.6,0.15,5,733015.5
15215,397,85,312,1720,0.0494186046511628,0.214105793450882,0.785894206549118,0.1,0.111503674547069,0,0.0077319587628866,0,86,3786,0.989698890649762,"TMMwsp",TRUE,FALSE,1.76239686579614,"purity_filtered",23,5,0.4,0.6,0.15,5,733015.5
14896,78,55,23,1720,0.0319767441860465,0.705128205128205,0.294871794871795,0.1,0.151200083537999,0,0,0,82,3659,0.98824815523367,"TMMwsp",TRUE,FALSE,1.47794925684336,"purity_ignored",24,1,0,0.6,0.15,5,888069.5
16065,31,29,2,1720,0.0168604651162791,0.935483870967742,0.0645161290322581,0.1,0.15880657950411,0,0,0,91,2706,0.988174427198817,"TMMwsp",TRUE,FALSE,1.53856548870349,"purity_covariate",24,1,0,0.6,0.15,5,888069.5
15862,51,44,7,1720,0.0255813953488372,0.862745098039216,0.137254901960784,0.1,0.158924210027184,0,0,0,90,2787,0.987800502332257,"TMMwsp",TRUE,FALSE,1.4945867530458,"purity_filtered",24,1,0,0.6,0.15,5,888069.5
15591,69,53,16,1720,0.0308139534883721,0.768115942028985,0.231884057971014,0.1,0.152349135583142,0,0.00255102040816327,0,81,3551,0.990706843142777,"TMMwsp",TRUE,FALSE,1.51702332051897,"purity_ignored",24,2,0.1,0.6,0.15,5,962429.5
16682,26,26,0,1720,0.0151162790697674,1,0,0.1,0.151419519439416,0,0.00255102040816327,0,89,2590,0.989189189189189,"TMMwsp",TRUE,FALSE,1.47925036137528,"purity_covariate",24,2,0.1,0.6,0.15,5,962429.5
15591,69,53,16,1720,0.0308139534883721,0.768115942028985,0.231884057971014,0.1,0.152339013515914,0,0.00255102040816327,0,81,3551,0.990706843142777,"TMMwsp",TRUE,FALSE,1.51702332051897,"purity_filtered",24,2,0.1,0.6,0.15,5,962429.5
15775,191,63,128,1720,0.0366279069767442,0.329842931937173,0.670157068062827,0.1,0.129912994493869,0.00833333333333333,0.00479616306954436,0,84,3541,0.987009319401299,"TMMwsp",TRUE,FALSE,1.65005182432098,"purity_ignored",24,3,0.2,0.6,0.15,5,849297
16760,17,17,0,1720,0.00988372093023256,1,0,0.1,0.146053148663175,0,0,0,91,2581,0.986051917861294,"TMMwsp",TRUE,FALSE,1.50495566836454,"purity_covariate",24,3,0.2,0.6,0.15,5,849297
15775,191,63,128,1720,0.0366279069767442,0.329842931937173,0.670157068062827,0.1,0.13010431856595,0.00833333333333333,0.00479616306954436,0,84,3541,0.987009319401299,"TMMwsp",TRUE,FALSE,1.65005182432098,"purity_filtered",24,3,0.2,0.6,0.15,5,849297
15580,508,104,404,1720,0.0604651162790698,0.204724409448819,0.795275590551181,0.1,0.117222879494895,0,0.0169902912621359,0,86,3522,0.987507098239637,"TMMwsp",TRUE,FALSE,1.45220186631748,"purity_ignored",24,4,0.3,0.6,0.15,5,716421.5
16663,18,17,1,1720,0.00988372093023256,0.944444444444444,0.0555555555555556,0.1,0.128523822372223,0,0.00242718446601942,0,96,2537,0.985415845486795,"TMMwsp",TRUE,FALSE,1.41824334202101,"purity_covariate",24,4,0.3,0.6,0.15,5,716421.5
15580,508,104,404,1720,0.0604651162790698,0.204724409448819,0.795275590551181,0.1,0.117213372045955,0,0.0169902912621359,0,86,3522,0.987507098239637,"TMMwsp",TRUE,FALSE,1.45220186631748,"purity_filtered",24,4,0.3,0.6,0.15,5,716421.5
15633,124,59,65,1720,0.0343023255813954,0.475806451612903,0.524193548387097,0.1,0.136083910253309,0,0.00700934579439252,0,77,3426,0.989784004670169,"TMMwsp",TRUE,FALSE,1.48856930386313,"purity_ignored",24,5,0.4,0.6,0.15,5,903659.5
16742,15,14,1,1720,0.00813953488372093,0.933333333333333,0.0666666666666667,0.1,0.139893626257283,0,0,0,88,2498,0.992794235388311,"TMMwsp",TRUE,FALSE,1.41983421115097,"purity_covariate",24,5,0.4,0.6,0.15,5,903659.5
15633,124,59,65,1720,0.0343023255813954,0.475806451612903,0.524193548387097,0.1,0.135876996511424,0,0.00700934579439252,0,77,3426,0.989784004670169,"TMMwsp",TRUE,FALSE,1.48856930386313,"purity_filtered",24,5,0.4,0.6,0.15,5,903659.5
15191,73,72,1,1720,0.0418604651162791,0.986301369863014,0.0136986301369863,0.1,0.199614676073042,0,0,0,75,3578,0.990497484628284,"TMMwsp",TRUE,FALSE,1.47103732398223,"purity_ignored",25,1,0,0.6,0.15,5,866375.5
16337,78,75,3,1720,0.0436046511627907,0.961538461538462,0.0384615384615385,0.1,0.20323853010789,0,0,0,84,2648,0.990181268882175,"TMMwsp",TRUE,FALSE,1.4515139907386,"purity_covariate",25,1,0,0.6,0.15,5,866375.5
15738,68,68,0,1720,0.0395348837209302,1,0,0.1,0.187473387671024,0,0,0,81,2906,0.989676531314522,"TMMwsp",TRUE,FALSE,1.40194014984509,"purity_filtered",25,1,0,0.6,0.15,5,866375.5
15350,31,30,1,1720,0.0174418604651163,0.967741935483871,0.032258064516129,0.1,0.166227908008464,0,0,0,81,3512,0.99003416856492,"TMMwsp",TRUE,FALSE,1.50389557985267,"purity_ignored",25,2,0.1,0.6,0.15,5,743442
16426,38,36,2,1720,0.0209302325581395,0.947368421052632,0.0526315789473684,0.1,0.162534826762517,0,0,0,90,2618,0.988922841864018,"TMMwsp",TRUE,FALSE,1.42414000654426,"purity_covariate",25,2,0.1,0.6,0.15,5,743442
15779,29,28,1,1720,0.0162790697674419,0.96551724137931,0.0344827586206897,0.1,0.147113657583322,0,0,0,81,2917,0.9893726431265,"TMMwsp",TRUE,FALSE,1.42989254556925,"purity_filtered",25,2,0.1,0.6,0.15,5,743442
15496,856,121,735,1720,0.0703488372093023,0.141355140186916,0.858644859813084,0.1,0.116413301062039,0.00833333333333333,0.0208816705336427,0,81,3592,0.990256124721604,"TMMwsp",TRUE,FALSE,1.38083629690653,"purity_ignored",25,3,0.2,0.6,0.15,5,806889.5
16557,15,14,1,1720,0.00813953488372093,0.933333333333333,0.0666666666666667,0.1,0.131388526323472,0,0,0,92,2586,0.988785769528229,"TMMwsp",TRUE,FALSE,1.42206188044043,"purity_covariate",25,3,0.2,0.6,0.15,5,806889.5
15288,518,99,419,1720,0.0575581395348837,0.191119691119691,0.808880308880309,0.1,0.120707396353501,0.00833333333333333,0.0116009280742459,0,81,3707,0.990288643107634,"TMMwsp",TRUE,FALSE,1.28905765875772,"purity_filtered",25,3,0.2,0.6,0.15,5,806889.5
15979,927,162,765,1720,0.0941860465116279,0.174757281553398,0.825242718446602,0.1,0.129520489492672,0.025,0.033175355450237,0,77,3396,0.993227326266195,"TMMwsp",TRUE,FALSE,1.41932466505837,"purity_ignored",25,4,0.3,0.6,0.15,5,1183434.5
16949,12,11,1,1720,0.0063953488372093,0.916666666666667,0.0833333333333333,0.1,0.128784575613143,0,0,0,88,2417,0.992139015308233,"TMMwsp",TRUE,FALSE,1.3424065294277,"purity_covariate",25,4,0.3,0.6,0.15,5,1183434.5
15979,927,162,765,1720,0.0941860465116279,0.174757281553398,0.825242718446602,0.1,0.129602267050889,0.025,0.033175355450237,0,77,3396,0.993227326266195,"TMMwsp",TRUE,FALSE,1.41932466505837,"purity_filtered",25,4,0.3,0.6,0.15,5,1183434.5
15302,115,53,62,1720,0.0308139534883721,0.460869565217391,0.539130434782609,0.1,0.137139465108382,0,0.00496277915632754,0,85,3650,0.99013698630137,"TMMwsp",TRUE,FALSE,1.5767876977397,"purity_ignored",25,5,0.4,0.6,0.15,5,802866.5
16377,31,29,2,1720,0.0168604651162791,0.935483870967742,0.0645161290322581,0.1,0.120899771214073,0,0,0,94,2642,0.988644965934898,"TMMwsp",TRUE,FALSE,1.4936187408029,"purity_covariate",25,5,0.4,0.6,0.15,5,802866.5
15302,115,53,62,1720,0.0308139534883721,0.460869565217391,0.539130434782609,0.1,0.136941336710106,0,0.00496277915632754,0,85,3650,0.99013698630137,"TMMwsp",TRUE,FALSE,1.5767876977397,"purity_filtered",25,5,0.4,0.6,0.15,5,802866.5
15723,72,61,11,1720,0.0354651162790698,0.847222222222222,0.152777777777778,0.1,0.167591588225897,0,0,0,84,3437,0.988943846377655,"TMMwsp",TRUE,FALSE,1.32318906319946,"purity_ignored",26,1,0,0.6,0.15,5,1063004
16840,27,26,1,1720,0.0151162790697674,0.962962962962963,0.037037037037037,0.1,0.157146769934417,0,0,0,90,2510,0.988446215139442,"TMMwsp",TRUE,FALSE,1.39496595977436,"purity_covariate",26,1,0,0.6,0.15,5,1063004
16034,38,36,2,1720,0.0209302325581395,0.947368421052632,0.0526315789473684,0.1,0.166791394963529,0,0,0,83,3059,0.990846681922197,"TMMwsp",TRUE,FALSE,1.30792241782597,"purity_filtered",26,1,0,0.6,0.15,5,1063004
14812,21,19,2,1720,0.011046511627907,0.904761904761905,0.0952380952380952,0.1,0.132093978845508,0,0,0,91,3879,0.988399071925754,"TMMwsp",TRUE,FALSE,1.74625467269868,"purity_ignored",26,2,0.1,0.6,0.15,5,600965.5
15932,18,17,1,1720,0.00988372093023256,0.944444444444444,0.0555555555555556,0.1,0.13771380274441,0,0,0,94,2923,0.988368114950393,"TMMwsp",TRUE,FALSE,1.53203912938222,"purity_covariate",26,2,0.1,0.6,0.15,5,600965.5
14812,21,19,2,1720,0.011046511627907,0.904761904761905,0.0952380952380952,0.1,0.131979818305566,0,0,0,91,3879,0.988399071925754,"TMMwsp",TRUE,FALSE,1.74625467269868,"purity_filtered",26,2,0.1,0.6,0.15,5,600965.5
15638,73,60,13,1720,0.0348837209302326,0.821917808219178,0.178082191780822,0.1,0.159667510020408,0,0,0,77,3533,0.989810359467874,"TMMwsp",TRUE,FALSE,1.42805823531209,"purity_ignored",26,3,0.2,0.6,0.15,5,867786.5
16739,44,41,3,1720,0.0238372093023256,0.931818181818182,0.0681818181818182,0.1,0.161685000246059,0,0,0,85,2549,0.988230678697528,"TMMwsp",TRUE,FALSE,1.4432034080674,"purity_covariate",26,3,0.2,0.6,0.15,5,867786.5
16548,55,51,4,1720,0.0296511627906977,0.927272727272727,0.0727272727272727,0.1,0.165725951955153,0,0,0,84,2727,0.988265493215988,"TMMwsp",TRUE,FALSE,1.46962165910386,"purity_filtered",26,3,0.2,0.6,0.15,5,867786.5
15472,104,58,46,1720,0.0337209302325581,0.557692307692308,0.442307692307692,0.1,0.139654545887078,0,0.00260416666666667,0,76,3487,0.989675939202753,"TMMwsp",TRUE,FALSE,1.64480734330971,"purity_ignored",26,4,0.3,0.6,0.15,5,992286.5
16618,32,29,3,1720,0.0168604651162791,0.90625,0.09375,0.1,0.156444340400454,0,0,0,83,2524,0.98851030110935,"TMMwsp",TRUE,FALSE,1.52403756960187,"purity_covariate",26,4,0.3,0.6,0.15,5,992286.5
15472,104,58,46,1720,0.0337209302325581,0.557692307692308,0.442307692307692,0.1,0.139847243441346,0,0.00260416666666667,0,76,3487,0.989675939202753,"TMMwsp",TRUE,FALSE,1.64480734330971,"purity_filtered",26,4,0.3,0.6,0.15,5,992286.5
16105,60,45,15,1720,0.0261627906976744,0.75,0.25,0.1,0.143898585123832,0,0,0,82,3272,0.990525672371638,"TMMwsp",TRUE,FALSE,1.49974230019695,"purity_ignored",26,5,0.4,0.6,0.15,5,1072418.5
17098,35,35,0,1720,0.0203488372093023,1,0,0.1,0.15969610497825,0,0,0,92,2351,0.989791578051893,"TMMwsp",TRUE,FALSE,1.38902676340968,"purity_covariate",26,5,0.4,0.6,0.15,5,1072418.5
16105,60,45,15,1720,0.0261627906976744,0.75,0.25,0.1,0.143985736772904,0,0,0,82,3272,0.990525672371638,"TMMwsp",TRUE,FALSE,1.49974230019695,"purity_filtered",26,5,0.4,0.6,0.15,5,1072418.5
15889,61,56,5,1720,0.0325581395348837,0.918032786885246,0.0819672131147541,0.1,0.183879953433115,0,0,0,86,3207,0.988462737761147,"TMMwsp",TRUE,FALSE,1.32072840113403,"purity_ignored",27,1,0,0.6,0.15,5,978521.5
16932,53,52,1,1720,0.0302325581395349,0.981132075471698,0.0188679245283019,0.1,0.18170787953659,0,0,0,91,2341,0.986757795813755,"TMMwsp",TRUE,FALSE,1.37502480775757,"purity_covariate",27,1,0,0.6,0.15,5,978521.5
15807,27,27,0,1720,0.0156976744186047,1,0,0.1,0.157287280245356,0,0,0,83,3082,0.989292667099286,"TMMwsp",TRUE,FALSE,1.22574008412387,"purity_filtered",27,1,0,0.6,0.15,5,978521.5
15697,72,64,8,1720,0.0372093023255814,0.888888888888889,0.111111111111111,0.1,0.177189131321122,0,0,0,91,3315,0.988838612368024,"TMMwsp",TRUE,FALSE,1.3978731741688,"purity_ignored",27,2,0.1,0.6,0.15,5,994240
16788,23,20,3,1720,0.0116279069767442,0.869565217391304,0.130434782608696,0.1,0.15326615887395,0,0,0,96,2448,0.98937908496732,"TMMwsp",TRUE,FALSE,1.41204806823246,"purity_covariate",27,2,0.1,0.6,0.15,5,994240
15697,72,64,8,1720,0.0372093023255814,0.888888888888889,0.111111111111111,0.1,0.177242180557539,0,0,0,91,3315,0.988838612368024,"TMMwsp",TRUE,FALSE,1.3978731741688,"purity_filtered",27,2,0.1,0.6,0.15,5,994240
15631,67,45,22,1720,0.0261627906976744,0.671641791044776,0.328358208955224,0.1,0.133816691372782,0,0,0,84,3466,0.990478938257357,"TMMwsp",TRUE,FALSE,1.51522298143615,"purity_ignored",27,3,0.2,0.6,0.15,5,846559
16762,35,34,1,1720,0.0197674418604651,0.971428571428571,0.0285714285714286,0.1,0.150973693980522,0,0,0,91,2524,0.991283676703645,"TMMwsp",TRUE,FALSE,1.41602784447123,"purity_covariate",27,3,0.2,0.6,0.15,5,846559
15902,13,13,0,1720,0.00755813953488372,1,0,0.1,0.139711994842108,0,0,0,87,3104,0.990657216494845,"TMMwsp",TRUE,FALSE,1.5204740575156,"purity_filtered",27,3,0.2,0.6,0.15,5,846559
15483,916,124,792,1720,0.072093023255814,0.135371179039301,0.864628820960699,0.1,0.108233304859454,0.025,0.0215311004784689,0,78,3676,0.98993471164309,"TMMwsp",TRUE,FALSE,1.47718489516923,"purity_ignored",27,4,0.3,0.6,0.15,5,706939
16520,14,13,1,1720,0.00755813953488372,0.928571428571429,0.0714285714285714,0.1,0.118743656873195,0,0,0,84,2628,0.990867579908676,"TMMwsp",TRUE,FALSE,1.50068671816689,"purity_covariate",27,4,0.3,0.6,0.15,5,706939
15141,329,81,248,1720,0.047093023255814,0.246200607902736,0.753799392097264,0.1,0.113636220792397,0.0166666666666667,0.0119617224880383,0,74,3839,0.990101588955457,"TMMwsp",TRUE,FALSE,1.37276537686835,"purity_filtered",27,4,0.3,0.6,0.15,5,706939
15214,1415,181,1234,1720,0.105232558139535,0.12791519434629,0.87208480565371,0.1,0.105793870458662,0.0583333333333333,0.0591259640102828,0,74,3859,0.989634620367971,"TMMwsp",TRUE,FALSE,1.60501452247037,"purity_ignored",27,5,0.4,0.6,0.15,5,726995.5
16358,19,16,3,1720,0.00930232558139535,0.842105263157895,0.157894736842105,0.1,0.115475035344205,0,0,0,83,2780,0.988848920863309,"TMMwsp",TRUE,FALSE,1.54671611071332,"purity_covariate",27,5,0.4,0.6,0.15,5,726995.5
15214,1415,181,1234,1720,0.105232558139535,0.12791519434629,0.87208480565371,0.1,0.105851651106983,0.0583333333333333,0.0591259640102828,0,74,3859,0.989634620367971,"TMMwsp",TRUE,FALSE,1.60501452247037,"purity_filtered",27,5,0.4,0.6,0.15,5,726995.5
14747,46,46,0,1720,0.0267441860465116,1,0,0.1,0.170012567823039,0,0,0,72,3768,0.989915074309979,"TMMwsp",TRUE,FALSE,1.63172533506985,"purity_ignored",28,1,0,0.6,0.15,5,596817.5
15968,51,50,1,1720,0.0290697674418605,0.980392156862745,0.0196078431372549,0.1,0.172852983112218,0,0,0,78,2801,0.989289539450196,"TMMwsp",TRUE,FALSE,1.58267796710743,"purity_covariate",28,1,0,0.6,0.15,5,596817.5
15313,37,37,0,1720,0.0215116279069767,1,0,0.1,0.168858905497082,0,0,0,72,3110,0.990675241157556,"TMMwsp",TRUE,FALSE,1.61795612574831,"purity_filtered",28,1,0,0.6,0.15,5,596817.5
14972,35,34,1,1720,0.0197674418604651,0.971428571428571,0.0285714285714286,0.1,0.153247284363783,0,0,0,73,3615,0.990871369294606,"TMMwsp",TRUE,FALSE,1.63118384466063,"purity_ignored",28,2,0.1,0.6,0.15,5,852274
16134,39,36,3,1720,0.0209302325581395,0.923076923076923,0.0769230769230769,0.1,0.146726152867606,0,0,0,83,2704,0.989275147928994,"TMMwsp",TRUE,FALSE,1.53502126853182,"purity_covariate",28,2,0.1,0.6,0.15,5,852274
14972,35,34,1,1720,0.0197674418604651,0.971428571428571,0.0285714285714286,0.1,0.153161883597323,0,0,0,73,3615,0.990871369294606,"TMMwsp",TRUE,FALSE,1.63118384466063,"purity_filtered",28,2,0.1,0.6,0.15,5,852274
15506,39,37,2,1720,0.0215116279069767,0.948717948717949,0.0512820512820513,0.1,0.173163038647114,0,0,0,73,3618,0.990049751243781,"TMMwsp",TRUE,FALSE,1.49796865647011,"purity_ignored",28,3,0.2,0.6,0.15,5,950591
16570,29,29,0,1720,0.0168604651162791,1,0,0.1,0.173157897803259,0,0,0,80,2629,0.98896918980601,"TMMwsp",TRUE,FALSE,1.41989954393021,"purity_covariate",28,3,0.2,0.6,0.15,5,950591
15506,39,37,2,1720,0.0215116279069767,0.948717948717949,0.0512820512820513,0.1,0.173116104612423,0,0,0,73,3618,0.990049751243781,"TMMwsp",TRUE,FALSE,1.49796865647011,"purity_filtered",28,3,0.2,0.6,0.15,5,950591
15987,568,110,458,1720,0.063953488372093,0.193661971830986,0.806338028169014,0.1,0.119498045486683,0.0166666666666667,0.00255754475703325,0,93,3428,0.990665110851809,"TMMwsp",TRUE,FALSE,1.38644852674106,"purity_ignored",28,4,0.3,0.6,0.15,5,933539
16941,18,18,0,1720,0.0104651162790698,1,0,0.1,0.135011277112817,0,0,0,94,2450,0.990612244897959,"TMMwsp",TRUE,FALSE,1.31894543026202,"purity_covariate",28,4,0.3,0.6,0.15,5,933539
16540,98,47,51,1720,0.0273255813953488,0.479591836734694,0.520408163265306,0.1,0.127366843196181,0,0,0,94,2614,0.990053557765876,"TMMwsp",TRUE,FALSE,1.40303017070598,"purity_filtered",28,4,0.3,0.6,0.15,5,933539
15351,622,116,506,1720,0.0674418604651163,0.186495176848875,0.813504823151125,0.1,0.125592896996886,0.05,0.0359712230215827,0,67,3742,0.990646712987707,"TMMwsp",TRUE,FALSE,1.63376076651607,"purity_ignored",28,5,0.4,0.6,0.15,5,771257.5
16428,9,9,0,1720,0.00523255813953488,1,0,0.1,0.128209195433225,0,0,0,79,2678,0.98991784914115,"TMMwsp",TRUE,FALSE,1.55207452065797,"purity_covariate",28,5,0.4,0.6,0.15,5,771257.5
15083,115,37,78,1720,0.0215116279069767,0.321739130434783,0.678260869565217,0.1,0.121257143661485,0,0.00479616306954436,0,69,3476,0.990506329113924,"TMMwsp",TRUE,FALSE,1.58977047093617,"purity_filtered",28,5,0.4,0.6,0.15,5,771257.5
15330,67,66,1,1720,0.0383720930232558,0.985074626865672,0.0149253731343284,0.1,0.196647124624488,0,0,0,67,3556,0.991001124859393,"TMMwsp",TRUE,FALSE,1.41361167799467,"purity_ignored",29,1,0,0.6,0.15,5,810091.5
16530,77,75,2,1720,0.0436046511627907,0.974025974025974,0.025974025974026,0.1,0.197441564180892,0,0,0,76,2617,0.989300726022163,"TMMwsp",TRUE,FALSE,1.47253052423792,"purity_covariate",29,1,0,0.6,0.15,5,810091.5
15184,66,66,0,1720,0.0383720930232558,1,0,0.1,0.193670054207914,0,0,0,66,3620,0.991160220994475,"TMMwsp",TRUE,FALSE,1.34065074313183,"purity_filtered",29,1,0,0.6,0.15,5,810091.5
15337,28,28,0,1720,0.0162790697674419,1,0,0.1,0.17131222408287,0,0,0,75,3450,0.991884057971015,"TMMwsp",TRUE,FALSE,1.51587354907936,"purity_ignored",29,2,0.1,0.6,0.15,5,1013466.5
16510,40,39,1,1720,0.0226744186046512,0.975,0.025,0.1,0.167564140905267,0,0,0,85,2536,0.991719242902208,"TMMwsp",TRUE,FALSE,1.45874303866721,"purity_covariate",29,2,0.1,0.6,0.15,5,1013466.5
15020,16,15,1,1720,0.00872093023255814,0.9375,0.0625,0.1,0.124701925727215,0,0,0,72,3288,0.991788321167883,"TMMwsp",TRUE,FALSE,1.51254129651032,"purity_filtered",29,2,0.1,0.6,0.15,5,1013466.5
15136,66,59,7,1720,0.0343023255813954,0.893939393939394,0.106060606060606,0.1,0.172708161195554,0,0,0,72,3599,0.98916365657127,"TMMwsp",TRUE,FALSE,1.52314899156504,"purity_ignored",29,3,0.2,0.6,0.15,5,706812.5
16310,56,54,2,1720,0.0313953488372093,0.964285714285714,0.0357142857142857,0.1,0.176552889691433,0,0,0,80,2678,0.988050784167289,"TMMwsp",TRUE,FALSE,1.51376189721159,"purity_covariate",29,3,0.2,0.6,0.15,5,706812.5
16088,74,70,4,1720,0.0406976744186047,0.945945945945946,0.0540540540540541,0.1,0.185138950101601,0,0,0,78,2814,0.987206823027719,"TMMwsp",TRUE,FALSE,1.47869881428067,"purity_filtered",29,3,0.2,0.6,0.15,5,706812.5
15556,145,74,71,1720,0.0430232558139535,0.510344827586207,0.489655172413793,0.1,0.14709066254721,0.00833333333333333,0.00251256281407035,0,74,3550,0.990140845070423,"TMMwsp",TRUE,FALSE,1.51136666812068,"purity_ignored",29,4,0.3,0.6,0.15,5,884492
16588,42,34,8,1720,0.0197674418604651,0.80952380952381,0.19047619047619,0.1,0.142135578873815,0,0,0,86,2566,0.989477786438036,"TMMwsp",TRUE,FALSE,1.37568905977302,"purity_covariate",29,4,0.3,0.6,0.15,5,884492
15556,145,74,71,1720,0.0430232558139535,0.510344827586207,0.489655172413793,0.1,0.147170021404651,0.00833333333333333,0.00251256281407035,0,74,3550,0.990140845070423,"TMMwsp",TRUE,FALSE,1.51136666812068,"purity_filtered",29,4,0.3,0.6,0.15,5,884492
15326,961,156,805,1720,0.0906976744186047,0.162330905306972,0.837669094693028,0.1,0.112493485148649,0.0416666666666667,0.0444444444444444,0,85,3663,0.987441987441987,"TMMwsp",TRUE,FALSE,1.61671807490174,"purity_ignored",29,5,0.4,0.6,0.15,5,641277
16458,11,11,0,1720,0.0063953488372093,1,0,0.1,0.140016790594828,0,0,0,94,2651,0.987551867219917,"TMMwsp",TRUE,FALSE,1.53410140462818,"purity_covariate",29,5,0.4,0.6,0.15,5,641277
15028,746,148,598,1720,0.086046511627907,0.198391420911528,0.801608579088472,0.1,0.122459237575166,0.0416666666666667,0.0271604938271605,0,85,3848,0.987525987525988,"TMMwsp",TRUE,FALSE,1.34248084053129,"purity_filtered",29,5,0.4,0.6,0.15,5,641277
15323,69,66,3,1720,0.0383720930232558,0.956521739130435,0.0434782608695652,0.1,0.198661186777424,0,0,0,78,3530,0.991218130311615,"TMMwsp",TRUE,FALSE,1.35220878746768,"purity_ignored",30,1,0,0.6,0.15,5,713090.5
16418,63,60,3,1720,0.0348837209302326,0.952380952380952,0.0476190476190476,0.1,0.193972385943337,0,0,0,84,2590,0.991119691119691,"TMMwsp",TRUE,FALSE,1.42255030701985,"purity_covariate",30,1,0,0.6,0.15,5,713090.5
16214,61,56,5,1720,0.0325581395348837,0.918032786885246,0.0819672131147541,0.1,0.191098692377174,0,0,0,80,2729,0.990839135214364,"TMMwsp",TRUE,FALSE,1.3885748474254,"purity_filtered",30,1,0,0.6,0.15,5,713090.5
15984,67,55,12,1720,0.0319767441860465,0.82089552238806,0.17910447761194,0.1,0.168852055444832,0,0,0,80,3220,0.98695652173913,"TMMwsp",TRUE,FALSE,1.40151026464121,"purity_ignored",30,2,0.1,0.6,0.15,5,938291.5
17017,60,58,2,1720,0.0337209302325581,0.966666666666667,0.0333333333333333,0.1,0.197072681856985,0,0,0,91,2376,0.988215488215488,"TMMwsp",TRUE,FALSE,1.32299686390268,"purity_covariate",30,2,0.1,0.6,0.15,5,938291.5
16144,36,36,0,1720,0.0209302325581395,1,0,0.1,0.190468982748857,0,0,0,82,2955,0.989509306260575,"TMMwsp",TRUE,FALSE,1.33195503905698,"purity_filtered",30,2,0.1,0.6,0.15,5,938291.5
15252,46,42,4,1720,0.0244186046511628,0.91304347826087,0.0869565217391304,0.1,0.171443394545485,0,0,0,80,3665,0.98881309686221,"TMMwsp",TRUE,FALSE,1.42069791255758,"purity_ignored",30,3,0.2,0.6,0.15,5,771911.5
16362,32,32,0,1720,0.0186046511627907,1,0,0.1,0.167014528302395,0,0,0,86,2661,0.987974445697106,"TMMwsp",TRUE,FALSE,1.41534617494601,"purity_covariate",30,3,0.2,0.6,0.15,5,771911.5
14980,61,59,2,1720,0.0343023255813954,0.967213114754098,0.0327868852459016,0.1,0.174085444402794,0,0,0,80,4017,0.988548668160319,"TMMwsp",FALSE,FALSE,1.31696391438114,"purity_filtered",30,3,0.2,0.6,0.15,5,771911.5
15385,1966,258,1708,1720,0.15,0.131230925737538,0.868769074262462,0.1,0.113515856387449,0.1,0.0931989924433249,0,82,3797,0.98683170924414,"TMMwsp",TRUE,FALSE,1.47054855309644,"purity_ignored",30,4,0.3,0.6,0.15,5,785720.5
16414,12,11,1,1720,0.0063953488372093,0.916666666666667,0.0833333333333333,0.1,0.114267825669793,0,0,0,87,2719,0.987863184994483,"TMMwsp",TRUE,FALSE,1.46466923539634,"purity_covariate",30,4,0.3,0.6,0.15,5,785720.5
15385,1966,258,1708,1720,0.15,0.131230925737538,0.868769074262462,0.1,0.113798210983323,0.1,0.0931989924433249,0,82,3797,0.98683170924414,"TMMwsp",TRUE,FALSE,1.47054855309644,"purity_filtered",30,4,0.3,0.6,0.15,5,785720.5
15470,59,42,17,1720,0.0244186046511628,0.711864406779661,0.288135593220339,0.1,0.142450666338226,0,0,0,85,3683,0.98832473527016,"TMMwsp",TRUE,FALSE,1.67879470083033,"purity_ignored",30,5,0.4,0.6,0.15,5,843012
16503,16,16,0,1720,0.00930232558139535,1,0,0.1,0.143328744123171,0,0,0,92,2626,0.987433358720487,"TMMwsp",TRUE,FALSE,1.65555561265756,"purity_covariate",30,5,0.4,0.6,0.15,5,843012
15470,59,42,17,1720,0.0244186046511628,0.711864406779661,0.288135593220339,0.1,0.142348616585163,0,0,0,85,3683,0.98832473527016,"TMMwsp",TRUE,FALSE,1.67879470083033,"purity_filtered",30,5,0.4,0.6,0.15,5,843012
15463,41,41,0,1720,0.0238372093023256,1,0,0.1,0.180576920632195,0,0,0,84,3521,0.990343652371485,"TMMwsp",TRUE,FALSE,1.50534617936738,"purity_ignored",31,1,0,0.6,0.15,5,765298.5
16654,55,53,2,1720,0.0308139534883721,0.963636363636364,0.0363636363636364,0.1,0.165053130821205,0,0,0,92,2602,0.990392006149116,"TMMwsp",TRUE,FALSE,1.52230068098464,"purity_covariate",31,1,0,0.6,0.15,5,765298.5
15328,25,25,0,1720,0.0145348837209302,1,0,0.1,0.15284431830403,0,0,0,73,3492,0.993699885452463,"TMMwsp",TRUE,FALSE,1.4191169277027,"purity_filtered",31,1,0,0.6,0.15,5,765298.5
15677,70,65,5,1720,0.0377906976744186,0.928571428571429,0.0714285714285714,0.1,0.188034679545681,0,0,0,82,3330,0.985885885885886,"TMMwsp",TRUE,FALSE,1.31818363123455,"purity_ignored",31,2,0.1,0.6,0.15,5,1031647
16761,49,49,0,1720,0.0284883720930233,1,0,0.1,0.170854970903798,0,0,0,91,2423,0.987205943045811,"TMMwsp",TRUE,TRUE,1.34172755153212,"purity_covariate",31,2,0.1,0.6,0.15,5,1031647
15855,32,31,1,1720,0.0180232558139535,0.96875,0.03125,0.1,0.154791891173959,0,0,0,84,3060,0.986274509803922,"TMMwsp",FALSE,FALSE,1.30125316763787,"purity_filtered",31,2,0.1,0.6,0.15,5,1031647
15517,42,41,1,1720,0.0238372093023256,0.976190476190476,0.0238095238095238,0.1,0.177679868849338,0,0,0,79,3547,0.989568649563011,"TMMwsp",TRUE,FALSE,1.39669929168064,"purity_ignored",31,3,0.2,0.6,0.15,5,840202.5
16601,52,50,2,1720,0.0290697674418605,0.961538461538462,0.0384615384615385,0.1,0.176205994220704,0,0,0,86,2575,0.991067961165049,"TMMwsp",TRUE,FALSE,1.38069605084357,"purity_covariate",31,3,0.2,0.6,0.15,5,840202.5
16171,38,36,2,1720,0.0209302325581395,0.947368421052632,0.0526315789473684,0.1,0.179887054621986,0,0,0,86,2903,0.989665862900448,"TMMwsp",TRUE,FALSE,1.33949896391935,"purity_filtered",31,3,0.2,0.6,0.15,5,840202.5
15529,66,47,19,1720,0.0273255813953488,0.712121212121212,0.287878787878788,0.1,0.139015100062829,0,0,0,79,3544,0.988148984198646,"TMMwsp",TRUE,FALSE,1.50585297148757,"purity_ignored",31,4,0.3,0.6,0.15,5,848908
16565,37,36,1,1720,0.0209302325581395,0.972972972972973,0.027027027027027,0.1,0.159365607241162,0,0,0,86,2594,0.98650732459522,"TMMwsp",TRUE,FALSE,1.41657044944088,"purity_covariate",31,4,0.3,0.6,0.15,5,848908
14697,37,28,9,1720,0.0162790697674419,0.756756756756757,0.243243243243243,0.1,0.132682236710933,0,0,0,77,4020,0.988805970149254,"TMMwsp",FALSE,FALSE,1.48571854953147,"purity_filtered",31,4,0.3,0.6,0.15,5,848908
15003,1647,227,1420,1720,0.131976744186047,0.137826350941105,0.862173649058895,0.1,0.118397558126375,0.0333333333333333,0.0747422680412371,0,82,3832,0.98982254697286,"TMMwsp",TRUE,FALSE,1.54950513382297,"purity_ignored",31,5,0.4,0.6,0.15,5,624147
16021,13,11,2,1720,0.0063953488372093,0.846153846153846,0.153846153846154,0.1,0.127433432915803,0,0,0,85,2750,0.989818181818182,"TMMwsp",TRUE,FALSE,1.56147884001389,"purity_covariate",31,5,0.4,0.6,0.15,5,624147
15844,952,163,789,1720,0.0947674418604651,0.171218487394958,0.828781512605042,0.1,0.122701931060441,0.0333333333333333,0.0438144329896907,0,84,2840,0.990140845070423,"TMMwsp",TRUE,FALSE,1.54445009838075,"purity_filtered",31,5,0.4,0.6,0.15,5,624147
15012,14,14,0,1720,0.00813953488372093,1,0,0.1,0.132287277418495,0,0,0,89,3818,0.991880565741226,"TMMwsp",TRUE,FALSE,1.7609876700515,"purity_ignored",32,1,0,0.6,0.15,5,799763.5
16214,27,25,2,1720,0.0145348837209302,0.925925925925926,0.0740740740740741,0.1,0.145782960160721,0,0,0,94,2801,0.992502677615137,"TMMwsp",TRUE,FALSE,1.54347301853644,"purity_covariate",32,1,0,0.6,0.15,5,799763.5
15012,14,14,0,1720,0.00813953488372093,1,0,0.1,0.132077841531085,0,0,0,89,3818,0.991880565741226,"TMMwsp",TRUE,FALSE,1.7609876700515,"purity_filtered",32,1,0,0.6,0.15,5,799763.5
16092,66,65,1,1720,0.0377906976744186,0.984848484848485,0.0151515151515152,0.1,0.211128195603112,0,0,0,81,3204,0.989076154806492,"TMMwsp",TRUE,FALSE,1.33205373353598,"purity_ignored",32,2,0.1,0.6,0.15,5,907990
17136,66,65,1,1720,0.0377906976744186,0.984848484848485,0.0151515151515152,0.1,0.20750765437234,0,0,0,87,2354,0.988105352591334,"TMMwsp",TRUE,FALSE,1.33124968778562,"purity_covariate",32,2,0.1,0.6,0.15,5,907990
16436,48,47,1,1720,0.0273255813953488,0.979166666666667,0.0208333333333333,0.1,0.19154627996557,0,0,0,80,2818,0.988644428672818,"TMMwsp",TRUE,FALSE,1.28263337820557,"purity_filtered",32,2,0.1,0.6,0.15,5,907990
15304,49,48,1,1720,0.027906976744186,0.979591836734694,0.0204081632653061,0.1,0.206893463440837,0,0,0,81,3531,0.988105352591334,"TMMwsp",TRUE,FALSE,1.48697125774654,"purity_ignored",32,3,0.2,0.6,0.15,5,981602
16459,64,63,1,1720,0.0366279069767442,0.984375,0.015625,0.1,0.209841521974136,0,0,0,89,2658,0.987960872836719,"TMMwsp",TRUE,FALSE,1.46494427976711,"purity_covariate",32,3,0.2,0.6,0.15,5,981602
14592,46,44,2,1720,0.0255813953488372,0.956521739130435,0.0434782608695652,0.1,0.196710885679468,0,0,0,77,3933,0.989066870073735,"TMMwsp",TRUE,FALSE,1.34752413632648,"purity_filtered",32,3,0.2,0.6,0.15,5,981602
15393,937,121,816,1720,0.0703488372093023,0.129135538954109,0.870864461045891,0.1,0.113071157804966,0,0.0144927536231884,0,85,3647,0.990951466959144,"TMMwsp",TRUE,FALSE,1.67135588106063,"purity_ignored",32,4,0.3,0.6,0.15,5,782774.5
16469,15,14,1,1720,0.00813953488372093,0.933333333333333,0.0666666666666667,0.1,0.123169742419963,0,0,0,93,2660,0.989097744360902,"TMMwsp",TRUE,FALSE,1.46853348620721,"purity_covariate",32,4,0.3,0.6,0.15,5,782774.5
15393,937,121,816,1720,0.0703488372093023,0.129135538954109,0.870864461045891,0.1,0.112925922917059,0,0.0144927536231884,0,85,3647,0.990951466959144,"TMMwsp",TRUE,FALSE,1.67135588106063,"purity_filtered",32,4,0.3,0.6,0.15,5,782774.5
15849,235,81,154,1720,0.047093023255814,0.34468085106383,0.65531914893617,0.1,0.128120596163165,0.00833333333333333,0.00738916256157635,0,91,3418,0.988589818607373,"TMMwsp",TRUE,FALSE,1.41408092404129,"purity_ignored",32,5,0.4,0.6,0.15,5,901841.5
16887,13,13,0,1720,0.00755813953488372,1,0,0.1,0.13534829559436,0,0,0,93,2424,0.989273927392739,"TMMwsp",TRUE,FALSE,1.39346946316192,"purity_covariate",32,5,0.4,0.6,0.15,5,901841.5
16592,48,35,13,1720,0.0203488372093023,0.729166666666667,0.270833333333333,0.1,0.132065855373995,0,0.00246305418719212,0,92,2648,0.989425981873112,"TMMwsp",TRUE,FALSE,1.44547347071904,"purity_filtered",32,5,0.4,0.6,0.15,5,901841.5
16059,10,10,0,1720,0.00581395348837209,1,0,0.1,0.175385378857651,0,0,0,101,3173,0.987393633785062,"TMMwsp",TRUE,FALSE,1.80149591144542,"purity_ignored",33,1,0,0.6,0.15,5,1169180.5
17105,52,48,4,1720,0.027906976744186,0.923076923076923,0.0769230769230769,0.1,0.166772220010444,0,0,0,106,2296,0.986062717770035,"TMMwsp",TRUE,FALSE,1.38668927414819,"purity_covariate",33,1,0,0.6,0.15,5,1169180.5
15972,11,11,0,1720,0.0063953488372093,1,0,0.1,0.169459682917267,0,0,0,92,3103,0.988076055430229,"TMMwsp",TRUE,FALSE,1.57951027388257,"purity_filtered",33,1,0,0.6,0.15,5,1169180.5
15246,36,33,3,1720,0.0191860465116279,0.916666666666667,0.0833333333333333,0.1,0.174574900457438,0,0,0,75,3549,0.989856297548605,"TMMwsp",TRUE,FALSE,1.56085407030374,"purity_ignored",33,2,0.1,0.6,0.15,5,827387.5
16376,40,40,0,1720,0.0232558139534884,1,0,0.1,0.179275276528367,0,0,0,79,2615,0.991586998087954,"TMMwsp",TRUE,FALSE,1.47331004371483,"purity_covariate",33,2,0.1,0.6,0.15,5,827387.5
15589,24,24,0,1720,0.013953488372093,1,0,0.1,0.168279382198799,0,0,0,72,3058,0.990843688685415,"TMMwsp",TRUE,FALSE,1.45752213352941,"purity_filtered",33,2,0.1,0.6,0.15,5,827387.5
15825,43,41,2,1720,0.0238372093023256,0.953488372093023,0.0465116279069767,0.1,0.195227894013823,0,0,0,87,3254,0.98740012292563,"TMMwsp",TRUE,FALSE,1.49307672051346,"purity_ignored",33,3,0.2,0.6,0.15,5,1052199
16890,55,55,0,1720,0.0319767441860465,1,0,0.1,0.209585919726278,0,0,0,95,2379,0.986548970155528,"TMMwsp",TRUE,FALSE,1.32596440048095,"purity_covariate",33,3,0.2,0.6,0.15,5,1052199
15825,43,41,2,1720,0.0238372093023256,0.953488372093023,0.0465116279069767,0.1,0.195161368149413,0,0,0,87,3254,0.98740012292563,"TMMwsp",TRUE,FALSE,1.49307672051346,"purity_filtered",33,3,0.2,0.6,0.15,5,1052199
15592,111,65,46,1720,0.0377906976744186,0.585585585585586,0.414414414414414,0.1,0.147548976896278,0,0.00253164556962025,0,81,3482,0.988512349224584,"TMMwsp",TRUE,FALSE,1.39390709821067,"purity_ignored",33,4,0.3,0.6,0.15,5,943346
16644,33,30,3,1720,0.0174418604651163,0.909090909090909,0.0909090909090909,0.1,0.146039904261851,0,0,0,92,2524,0.987321711568938,"TMMwsp",TRUE,FALSE,1.3938063448078,"purity_covariate",33,4,0.3,0.6,0.15,5,943346
16138,38,34,4,1720,0.0197674418604651,0.894736842105263,0.105263157894737,0.1,0.150809567197203,0,0,0,87,2852,0.987026647966339,"TMMwsp",TRUE,FALSE,1.38825343636212,"purity_filtered",33,4,0.3,0.6,0.15,5,943346
16046,4821,449,4372,1720,0.261046511627907,0.0931342045218834,0.906865795478117,0.1,0.109037484163019,0.183333333333333,0.18925831202046,0,88,3515,0.988904694167852,"TMMwsp",TRUE,FALSE,1.38348911021099,"purity_ignored",33,5,0.4,0.6,0.15,5,1080069
16999,106,38,68,1720,0.022093023255814,0.358490566037736,0.641509433962264,0.1,0.105224234809326,0,0,0,94,2408,0.988372093023256,"TMMwsp",TRUE,FALSE,1.37416313346478,"purity_covariate",33,5,0.4,0.6,0.15,5,1080069
16046,4821,449,4372,1720,0.261046511627907,0.0931342045218834,0.906865795478117,0.1,0.109008535830286,0.183333333333333,0.18925831202046,0,88,3515,0.988904694167852,"TMMwsp",TRUE,FALSE,1.38348911021099,"purity_filtered",33,5,0.4,0.6,0.15,5,1080069
14918,47,47,0,1720,0.0273255813953488,1,0,0.1,0.184947152512774,0,0,0,73,3774,0.990196078431373,"TMMwsp",TRUE,FALSE,1.46182894038563,"purity_ignored",34,1,0,0.6,0.15,5,811605
16061,49,48,1,1720,0.027906976744186,0.979591836734694,0.0204081632653061,0.1,0.184536097197938,0,0,0,80,2833,0.989410518884575,"TMMwsp",TRUE,FALSE,1.53604338083205,"purity_covariate",34,1,0,0.6,0.15,5,811605
14834,27,25,2,1720,0.0145348837209302,0.925925925925926,0.0740740740740741,0.1,0.146581652341819,0,0,0,66,3351,0.991942703670546,"TMMwsp",TRUE,FALSE,1.42459813839761,"purity_filtered",34,1,0,0.6,0.15,5,811605
14332,45,44,1,1720,0.0255813953488372,0.977777777777778,0.0222222222222222,0.1,0.175881909131368,0,0,0,69,4123,0.991025951976716,"TMMwsp",TRUE,FALSE,1.58465202346337,"purity_ignored",34,2,0.1,0.6,0.15,5,662278
15493,47,46,1,1720,0.0267441860465116,0.978723404255319,0.0212765957446809,0.1,0.173899904899385,0,0,0,75,3073,0.989912137975919,"TMMwsp",TRUE,FALSE,1.6342556356047,"purity_covariate",34,2,0.1,0.6,0.15,5,662278
14907,24,23,1,1720,0.0133720930232558,0.958333333333333,0.0416666666666667,0.1,0.154227147542105,0,0,0,71,3303,0.989706327580987,"TMMwsp",TRUE,FALSE,1.61483767438861,"purity_filtered",34,2,0.1,0.6,0.15,5,662278
14795,40,40,0,1720,0.0232558139534884,1,0,0.1,0.168883028936467,0,0,0,73,3797,0.989992099025547,"TMMwsp",TRUE,FALSE,1.62729512773735,"purity_ignored",34,3,0.2,0.6,0.15,5,458829
16018,48,47,1,1720,0.0273255813953488,0.979166666666667,0.0208333333333333,0.1,0.17137240769876,0,0,0,82,2859,0.989157047918853,"TMMwsp",TRUE,FALSE,1.73507010945076,"purity_covariate",34,3,0.2,0.6,0.15,5,458829
15305,25,25,0,1720,0.0145348837209302,1,0,0.1,0.164954886186646,0,0,0,74,3227,0.990083669042454,"TMMwsp",TRUE,FALSE,1.65627821350941,"purity_filtered",34,3,0.2,0.6,0.15,5,458829
15319,24,20,4,1720,0.0116279069767442,0.833333333333333,0.166666666666667,0.1,0.115398207918056,0,0,0,89,3659,0.987701557802678,"TMMwsp",TRUE,FALSE,1.91594955186287,"purity_ignored",34,4,0.3,0.6,0.15,5,742651.5
16415,9,8,1,1720,0.00465116279069767,0.888888888888889,0.111111111111111,0.1,0.134434195634356,0,0,0,97,2604,0.988479262672811,"TMMwsp",TRUE,FALSE,1.6148697609579,"purity_covariate",34,4,0.3,0.6,0.15,5,742651.5
15977,20,18,2,1720,0.0104651162790698,0.9,0.1,0.1,0.12322859571091,0,0,0,94,2793,0.986394557823129,"TMMwsp",TRUE,FALSE,1.78514048919591,"purity_filtered",34,4,0.3,0.6,0.15,5,742651.5
16061,1266,157,1109,1720,0.0912790697674419,0.124012638230648,0.875987361769352,0.1,0.113231657172138,0.025,0.0260047281323877,0,82,3343,0.988034699371822,"TMMwsp",TRUE,FALSE,1.40663104083073,"purity_ignored",34,5,0.4,0.6,0.15,5,1021540.5
17038,10,9,1,1720,0.00523255813953488,0.9,0.1,0.1,0.124439645696718,0,0,0,94,2375,0.989052631578947,"TMMwsp",TRUE,FALSE,1.37394382527385,"purity_covariate",34,5,0.4,0.6,0.15,5,1021540.5
16061,1266,157,1109,1720,0.0912790697674419,0.124012638230648,0.875987361769352,0.1,0.113418860354842,0.025,0.0260047281323877,0,82,3343,0.988034699371822,"TMMwsp",TRUE,FALSE,1.40663104083073,"purity_filtered",34,5,0.4,0.6,0.15,5,1021540.5
14856,36,35,1,1720,0.0203488372093023,0.972222222222222,0.0277777777777778,0.1,0.174461507356072,0,0,0,80,3816,0.990303983228512,"TMMwsp",TRUE,FALSE,1.63294527732539,"purity_ignored",35,1,0,0.6,0.15,5,544180
16067,55,51,4,1720,0.0296511627906977,0.927272727272727,0.0727272727272727,0.1,0.182021625289207,0,0,0,90,2850,0.990526315789474,"TMMwsp",TRUE,FALSE,1.53049321620187,"purity_covariate",35,1,0,0.6,0.15,5,544180
15630,44,43,1,1720,0.025,0.977272727272727,0.0227272727272727,0.1,0.184761825111584,0,0,0,89,3055,0.989198036006547,"TMMwsp",TRUE,FALSE,1.48040867902916,"purity_filtered",35,1,0,0.6,0.15,5,544180
15730,56,56,0,1720,0.0325581395348837,1,0,0.1,0.187782393603357,0,0,0,83,3305,0.988804841149773,"TMMwsp",TRUE,FALSE,1.49879919322,"purity_ignored",35,2,0.1,0.6,0.15,5,831645
16825,74,71,3,1720,0.0412790697674419,0.959459459459459,0.0405405405405405,0.1,0.19658568959326,0,0,0,90,2436,0.987274220032841,"TMMwsp",TRUE,FALSE,1.42625068835707,"purity_covariate",35,2,0.1,0.6,0.15,5,831645
15463,20,20,0,1720,0.0116279069767442,1,0,0.1,0.161425402968204,0,0,0,78,3210,0.988473520249221,"TMMwsp",TRUE,FALSE,1.34542210520662,"purity_filtered",35,2,0.1,0.6,0.15,5,831645
15061,75,67,8,1720,0.038953488372093,0.893333333333333,0.106666666666667,0.1,0.180185396313679,0,0.005,0,68,3657,0.992343450916051,"TMMwsp",TRUE,FALSE,1.4672523755034,"purity_ignored",35,3,0.2,0.6,0.15,5,917529
16203,58,55,3,1720,0.0319767441860465,0.948275862068966,0.0517241379310345,0.1,0.186642491858529,0,0,0,80,2705,0.991866913123845,"TMMwsp",TRUE,FALSE,1.46050449592126,"purity_covariate",35,3,0.2,0.6,0.15,5,917529
14753,69,65,4,1720,0.0377906976744186,0.942028985507246,0.0579710144927536,0.1,0.193378456122461,0,0.0025,0,67,3871,0.992250064582795,"TMMwsp",TRUE,FALSE,1.3978048307023,"purity_filtered",35,3,0.2,0.6,0.15,5,917529
15362,62,44,18,1720,0.0255813953488372,0.709677419354839,0.290322580645161,0.1,0.144139249871678,0,0,0,77,3657,0.989335520918786,"TMMwsp",TRUE,FALSE,1.54716985019922,"purity_ignored",35,4,0.3,0.6,0.15,5,832575
16483,32,30,2,1720,0.0174418604651163,0.9375,0.0625,0.1,0.135429400837617,0,0,0,82,2713,0.98894213048286,"TMMwsp",TRUE,FALSE,1.45392562429105,"purity_covariate",35,4,0.3,0.6,0.15,5,832575
15362,62,44,18,1720,0.0255813953488372,0.709677419354839,0.290322580645161,0.1,0.143961142063192,0,0,0,77,3657,0.989335520918786,"TMMwsp",TRUE,FALSE,1.54716985019922,"purity_filtered",35,4,0.3,0.6,0.15,5,832575
15837,357,90,267,1720,0.0523255813953488,0.252100840336134,0.747899159663866,0.1,0.125617387335409,0.0166666666666667,0.0191780821917808,0,83,3486,0.990246701090075,"TMMwsp",TRUE,FALSE,1.54284988024286,"purity_ignored",35,5,0.4,0.6,0.15,5,869961
16888,17,17,0,1720,0.00988372093023256,1,0,0.1,0.140388530547059,0,0,0,98,2518,0.988880063542494,"TMMwsp",TRUE,FALSE,1.43890914159588,"purity_covariate",35,5,0.4,0.6,0.15,5,869961
15837,357,90,267,1720,0.0523255813953488,0.252100840336134,0.747899159663866,0.1,0.12574095080585,0.0166666666666667,0.0191780821917808,0,83,3486,0.990246701090075,"TMMwsp",TRUE,FALSE,1.54284988024286,"purity_filtered",35,5,0.4,0.6,0.15,5,869961
15588,41,41,0,1720,0.0238372093023256,1,0,0.1,0.193649357649154,0,0,0,85,3348,0.988351254480287,"TMMwsp",TRUE,FALSE,1.56705561786738,"purity_ignored",36,1,0,0.6,0.15,5,1186626
16705,66,63,3,1720,0.0366279069767442,0.954545454545455,0.0454545454545455,0.1,0.190891537483882,0,0,0,94,2476,0.987075928917609,"TMMwsp",TRUE,FALSE,1.41443512308491,"purity_covariate",36,1,0,0.6,0.15,5,1186626
15625,41,41,0,1720,0.0238372093023256,1,0,0.1,0.173175247611411,0,0,0,83,3056,0.989528795811518,"TMMwsp",TRUE,FALSE,1.38381913591933,"purity_filtered",36,1,0,0.6,0.15,5,1186626
15081,48,46,2,1720,0.0267441860465116,0.958333333333333,0.0416666666666667,0.1,0.183187665395622,0,0,0,79,3718,0.988165680473373,"TMMwsp",TRUE,FALSE,1.55384083758827,"purity_ignored",36,2,0.1,0.6,0.15,5,757224
16264,48,46,2,1720,0.0267441860465116,0.958333333333333,0.0416666666666667,0.1,0.177289732963746,0,0,0,84,2784,0.987068965517241,"TMMwsp",TRUE,FALSE,1.4808211542364,"purity_covariate",36,2,0.1,0.6,0.15,5,757224
14185,23,23,0,1720,0.0133720930232558,1,0,0.1,0.147981242081135,0,0,0,62,3636,0.991199119911991,"TMMwsp",TRUE,FALSE,1.43460569207966,"purity_filtered",36,2,0.1,0.6,0.15,5,757224
16031,79,70,9,1720,0.0406976744186047,0.886075949367089,0.113924050632911,0.1,0.169490821200507,0,0,0,83,3199,0.987496092528915,"TMMwsp",TRUE,FALSE,1.32327352258641,"purity_ignored",36,3,0.2,0.6,0.15,5,1015719
17095,60,56,4,1720,0.0325581395348837,0.933333333333333,0.0666666666666667,0.1,0.170539978012129,0,0,0,92,2379,0.988650693568726,"TMMwsp",TRUE,FALSE,1.33382553801799,"purity_covariate",36,3,0.2,0.6,0.15,5,1015719
16765,54,52,2,1720,0.0302325581395349,0.962962962962963,0.037037037037037,0.1,0.171324237837257,0,0,0,90,2594,0.988434849653046,"TMMwsp",TRUE,FALSE,1.36058571600516,"purity_filtered",36,3,0.2,0.6,0.15,5,1015719
15581,825,151,674,1720,0.0877906976744186,0.183030303030303,0.816969696969697,0.1,0.128120396557938,0.025,0.0289855072463768,0,91,3736,0.98982869379015,"TMMwsp",TRUE,FALSE,1.37048615403622,"purity_ignored",36,4,0.3,0.6,0.15,5,736093
16632,13,12,1,1720,0.00697674418604651,0.923076923076923,0.0769230769230769,0.1,0.114526916079114,0,0,0,99,2661,0.989101841413003,"TMMwsp",TRUE,FALSE,1.44585091982361,"purity_covariate",36,4,0.3,0.6,0.15,5,736093
15179,131,56,75,1720,0.0325581395348837,0.427480916030534,0.572519083969466,0.1,0.131927567427601,0,0.00483091787439614,0,85,4290,0.98951048951049,"TMMwsp",FALSE,FALSE,1.34459088908015,"purity_filtered",36,4,0.3,0.6,0.15,5,736093
16139,3650,406,3244,1720,0.236046511627907,0.111232876712329,0.888767123287671,0.1,0.106542095248558,0.175,0.192592592592593,0,84,3590,0.98941504178273,"TMMwsp",TRUE,FALSE,1.46345912792406,"purity_ignored",36,5,0.4,0.6,0.15,5,1070687.5
17013,4,3,1,1720,0.00174418604651163,0.75,0.25,0.1,0.10523560190456,0,0,0,96,2463,0.987819732034105,"TMMwsp",TRUE,FALSE,1.35853698587905,"purity_covariate",36,5,0.4,0.6,0.15,5,1070687.5
16139,3650,406,3244,1720,0.236046511627907,0.111232876712329,0.888767123287671,0.1,0.106587397821184,0.175,0.192592592592593,0,84,3590,0.98941504178273,"TMMwsp",TRUE,FALSE,1.46345912792406,"purity_filtered",36,5,0.4,0.6,0.15,5,1070687.5
15463,50,48,2,1720,0.027906976744186,0.96,0.04,0.1,0.202447569913503,0,0,0,76,3645,0.986831275720165,"TMMwsp",TRUE,FALSE,1.65873647353802,"purity_ignored",37,1,0,0.6,0.15,5,1036726.5
16565,69,64,5,1720,0.0372093023255814,0.927536231884058,0.072463768115942,0.1,0.205010730803783,0,0,0,80,2705,0.987430683918669,"TMMwsp",TRUE,FALSE,1.44748758003439,"purity_covariate",37,1,0,0.6,0.15,5,1036726.5
15439,49,48,1,1720,0.027906976744186,0.979591836734694,0.0204081632653061,0.1,0.191602441244002,0,0,0,65,3186,0.98932831136221,"TMMwsp",TRUE,FALSE,1.36346457964904,"purity_filtered",37,1,0,0.6,0.15,5,1036726.5
15677,38,37,1,1720,0.0215116279069767,0.973684210526316,0.0263157894736842,0.1,0.174054734244477,0,0,0,86,3511,0.987467957846767,"TMMwsp",TRUE,FALSE,1.48918146209817,"purity_ignored",37,2,0.1,0.6,0.15,5,744442.5
16775,34,33,1,1720,0.0191860465116279,0.970588235294118,0.0294117647058824,0.1,0.160104948616869,0,0,0,89,2569,0.984818995718178,"TMMwsp",TRUE,FALSE,1.45019120396446,"purity_covariate",37,2,0.1,0.6,0.15,5,744442.5
15677,38,37,1,1720,0.0215116279069767,0.973684210526316,0.0263157894736842,0.1,0.174129071150517,0,0,0,86,3511,0.987467957846767,"TMMwsp",TRUE,FALSE,1.48918146209817,"purity_filtered",37,2,0.1,0.6,0.15,5,744442.5
15342,30,30,0,1720,0.0174418604651163,1,0,0.1,0.164134712310356,0,0,0,77,3580,0.991340782122905,"TMMwsp",TRUE,FALSE,1.61987575428014,"purity_ignored",37,3,0.2,0.6,0.15,5,643904.5
16565,46,44,2,1720,0.0255813953488372,0.956521739130435,0.0434782608695652,0.1,0.168811139744662,0,0,0,82,2639,0.992421371731717,"TMMwsp",TRUE,FALSE,1.47798278722747,"purity_covariate",37,3,0.2,0.6,0.15,5,643904.5
15120,39,39,0,1720,0.0226744186046512,1,0,0.1,0.180653765992741,0,0,0,71,3768,0.99124203821656,"TMMwsp",TRUE,FALSE,1.39680126512206,"purity_filtered",37,3,0.2,0.6,0.15,5,643904.5
15603,374,95,279,1720,0.0552325581395349,0.254010695187166,0.745989304812834,0.1,0.138192941327594,0.00833333333333333,0.0152671755725191,0,78,3622,0.989508558807289,"TMMwsp",TRUE,FALSE,1.50554554981751,"purity_ignored",37,4,0.3,0.6,0.15,5,852052
16594,31,27,4,1720,0.0156976744186047,0.870967741935484,0.129032258064516,0.1,0.148724652671888,0,0,0,83,2560,0.988671875,"TMMwsp",TRUE,FALSE,1.3898370751523,"purity_covariate",37,4,0.3,0.6,0.15,5,852052
15603,374,95,279,1720,0.0552325581395349,0.254010695187166,0.745989304812834,0.1,0.138296062954815,0.00833333333333333,0.0152671755725191,0,78,3622,0.989508558807289,"TMMwsp",TRUE,FALSE,1.50554554981751,"purity_filtered",37,4,0.3,0.6,0.15,5,852052
15612,3253,348,2905,1720,0.202325581395349,0.106978173993237,0.893021826006763,0.1,0.112555410271196,0.075,0.162162162162162,0,81,3672,0.988289760348584,"TMMwsp",TRUE,FALSE,1.46632535936771,"purity_ignored",37,5,0.4,0.6,0.15,5,841548.5
16624,24,17,7,1720,0.00988372093023256,0.708333333333333,0.291666666666667,0.1,0.10977532763093,0,0,0,95,2522,0.988104678826328,"TMMwsp",TRUE,FALSE,1.42116536720187,"purity_covariate",37,5,0.4,0.6,0.15,5,841548.5
15612,3253,348,2905,1720,0.202325581395349,0.106978173993237,0.893021826006763,0.1,0.112627493326656,0.075,0.162162162162162,0,81,3672,0.988289760348584,"TMMwsp",TRUE,FALSE,1.46632535936771,"purity_filtered",37,5,0.4,0.6,0.15,5,841548.5
15932,71,70,1,1720,0.0406976744186047,0.985915492957746,0.0140845070422535,0.1,0.199505802929551,0,0,0,88,3173,0.989914907028049,"TMMwsp",TRUE,FALSE,1.36351529366831,"purity_ignored",38,1,0,0.6,0.15,5,1105518
17013,82,79,3,1720,0.0459302325581395,0.963414634146341,0.0365853658536585,0.1,0.197615176348903,0,0,0,96,2331,0.989274989274989,"TMMwsp",TRUE,FALSE,1.36014337460981,"purity_covariate",38,1,0,0.6,0.15,5,1105518
15659,76,74,2,1720,0.0430232558139535,0.973684210526316,0.0263157894736842,0.1,0.202588374878919,0,0,0,88,3323,0.989768281673187,"TMMwsp",TRUE,FALSE,1.28736568955683,"purity_filtered",38,1,0,0.6,0.15,5,1105518
15858,50,49,1,1720,0.0284883720930233,0.98,0.02,0.1,0.182619423760206,0,0,0,86,3344,0.988935406698565,"TMMwsp",TRUE,FALSE,1.43502416633587,"purity_ignored",38,2,0.1,0.6,0.15,5,1188059.5
16925,63,61,2,1720,0.0354651162790698,0.968253968253968,0.0317460317460317,0.1,0.186066426288686,0,0,0,96,2406,0.99168744804655,"TMMwsp",TRUE,FALSE,1.36653734496297,"purity_covariate",38,2,0.1,0.6,0.15,5,1188059.5
14120,11,11,0,1720,0.0063953488372093,1,0,0.1,0.140911539203484,0,0,0,68,4142,0.989618541767262,"TMMwsp",TRUE,FALSE,1.03393445749823,"purity_filtered",38,2,0.1,0.6,0.15,5,1188059.5
15688,377,104,273,1720,0.0604651162790698,0.275862068965517,0.724137931034483,0.1,0.13608165136164,0.0166666666666667,0.0201511335012594,0,85,3495,0.987410586552217,"TMMwsp",TRUE,FALSE,1.39236162951705,"purity_ignored",38,3,0.2,0.6,0.15,5,809139
16758,6,6,0,1720,0.00348837209302326,1,0,0.1,0.12170087909708,0,0,0,91,2523,0.985334918747523,"TMMwsp",TRUE,FALSE,1.45557179689683,"purity_covariate",38,3,0.2,0.6,0.15,5,809139
15872,17,15,2,1720,0.00872093023255814,0.88235294117647,0.117647058823529,0.1,0.12987108203378,0,0,0,84,3035,0.988467874794069,"TMMwsp",TRUE,FALSE,1.44357928028012,"purity_filtered",38,3,0.2,0.6,0.15,5,809139
15025,1368,169,1199,1720,0.0982558139534884,0.123538011695906,0.876461988304094,0.1,0.111620613478496,0.0416666666666667,0.048661800486618,0,71,3822,0.992673992673993,"TMMwsp",TRUE,FALSE,1.4403520093436,"purity_ignored",38,4,0.3,0.6,0.15,5,576612.5
16121,8,7,1,1720,0.00406976744186047,0.875,0.125,0.1,0.105666288824591,0,0,0,84,2865,0.991623036649215,"TMMwsp",TRUE,FALSE,1.4968677507358,"purity_covariate",38,4,0.3,0.6,0.15,5,576612.5
14854,57,20,37,1720,0.0116279069767442,0.350877192982456,0.649122807017544,0.1,0.105793313952226,0,0,0,78,3465,0.99018759018759,"TMMwsp",FALSE,FALSE,1.56236878773105,"purity_filtered",38,4,0.3,0.6,0.15,5,576612.5
15309,714,139,575,1720,0.0808139534883721,0.194677871148459,0.805322128851541,0.1,0.121098292872263,0.0583333333333333,0.027027027027027,0,76,3913,0.991055456171735,"TMMwsp",TRUE,FALSE,1.67836507748265,"purity_ignored",38,5,0.4,0.6,0.15,5,788001
16273,13,12,1,1720,0.00697674418604651,0.923076923076923,0.0769230769230769,0.1,0.124630121598533,0,0,0,84,2676,0.991031390134529,"TMMwsp",TRUE,FALSE,1.6032117651647,"purity_covariate",38,5,0.4,0.6,0.15,5,788001
15309,714,139,575,1720,0.0808139534883721,0.194677871148459,0.805322128851541,0.1,0.121214217339538,0.0583333333333333,0.027027027027027,0,76,3913,0.991055456171735,"TMMwsp",TRUE,FALSE,1.67836507748265,"purity_filtered",38,5,0.4,0.6,0.15,5,788001
15129,57,54,3,1720,0.0313953488372093,0.947368421052632,0.0526315789473684,0.1,0.182217729334599,0,0,0,70,3559,0.990165776903625,"TMMwsp",TRUE,FALSE,1.41298387433839,"purity_ignored",39,1,0,0.6,0.15,5,748105.5
16326,55,53,2,1720,0.0308139534883721,0.963636363636364,0.0363636363636364,0.1,0.176608795158596,0,0,0,75,2623,0.990468928707587,"TMMwsp",TRUE,FALSE,1.48871198931868,"purity_covariate",39,1,0,0.6,0.15,5,748105.5
14931,62,60,2,1720,0.0348837209302326,0.967741935483871,0.032258064516129,0.1,0.1819602163299,0,0,0,70,3651,0.989865790194467,"TMMwsp",TRUE,FALSE,1.30618325478816,"purity_filtered",39,1,0,0.6,0.15,5,748105.5
15937,69,61,8,1720,0.0354651162790698,0.884057971014493,0.115942028985507,0.1,0.169802017332016,0,0,0,90,3304,0.986985472154964,"TMMwsp",TRUE,FALSE,1.35749158894464,"purity_ignored",39,2,0.1,0.6,0.15,5,1118672.5
16975,52,51,1,1720,0.0296511627906977,0.980769230769231,0.0192307692307692,0.1,0.175467969529568,0,0,0,97,2412,0.986318407960199,"TMMwsp",TRUE,FALSE,1.35583295610736,"purity_covariate",39,2,0.1,0.6,0.15,5,1118672.5
15606,58,54,4,1720,0.0313953488372093,0.931034482758621,0.0689655172413793,0.1,0.175071480936922,0,0,0,94,3503,0.986011989723094,"TMMwsp",TRUE,FALSE,1.32408121663319,"purity_filtered",39,2,0.1,0.6,0.15,5,1118672.5
16078,38,34,4,1720,0.0197674418604651,0.894736842105263,0.105263157894737,0.1,0.144466180970308,0,0,0,88,3253,0.986474023977867,"TMMwsp",TRUE,FALSE,1.48101393763228,"purity_ignored",39,3,0.2,0.6,0.15,5,866745
17082,19,18,1,1720,0.0104651162790698,0.947368421052632,0.0526315789473684,0.1,0.157364526317788,0,0,0,97,2350,0.98468085106383,"TMMwsp",TRUE,FALSE,1.34559778764216,"purity_covariate",39,3,0.2,0.6,0.15,5,866745
16078,38,34,4,1720,0.0197674418604651,0.894736842105263,0.105263157894737,0.1,0.144419619801737,0,0,0,88,3253,0.986474023977867,"TMMwsp",TRUE,FALSE,1.48101393763228,"purity_filtered",39,3,0.2,0.6,0.15,5,866745
15373,754,140,614,1720,0.0813953488372093,0.185676392572944,0.814323607427056,0.1,0.12955487861793,0.0166666666666667,0.0072289156626506,0,80,3639,0.988183566913987,"TMMwsp",TRUE,FALSE,1.37728472505067,"purity_ignored",39,4,0.3,0.6,0.15,5,706662.5
16462,15,12,3,1720,0.00697674418604651,0.8,0.2,0.1,0.118314884299962,0,0,0,86,2666,0.986496624156039,"TMMwsp",TRUE,FALSE,1.43476398485349,"purity_covariate",39,4,0.3,0.6,0.15,5,706662.5
15373,754,140,614,1720,0.0813953488372093,0.185676392572944,0.814323607427056,0.1,0.129639913401801,0.0166666666666667,0.0072289156626506,0,80,3639,0.988183566913987,"TMMwsp",TRUE,FALSE,1.37728472505067,"purity_filtered",39,4,0.3,0.6,0.15,5,706662.5
15830,457,126,331,1720,0.0732558139534884,0.275711159737418,0.724288840262582,0.1,0.138063890429113,0.025,0.0099009900990099,0,82,3297,0.986957840461025,"TMMwsp",TRUE,FALSE,1.34681270827195,"purity_ignored",39,5,0.4,0.6,0.15,5,863685
16919,29,29,0,1720,0.0168604651162791,1,0,0.1,0.151109779092243,0,0,0,88,2376,0.986952861952862,"TMMwsp",TRUE,FALSE,1.34173899911862,"purity_covariate",39,5,0.4,0.6,0.15,5,863685
16383,53,38,15,1720,0.022093023255814,0.716981132075472,0.283018867924528,0.1,0.139852399185559,0,0,0,86,2813,0.988624244578742,"TMMwsp",TRUE,FALSE,1.36129640562015,"purity_filtered",39,5,0.4,0.6,0.15,5,863685
15769,65,65,0,1720,0.0377906976744186,1,0,0.1,0.213114791688561,0,0,0,82,3380,0.98905325443787,"TMMwsp",TRUE,FALSE,1.41496178289441,"purity_ignored",40,1,0,0.6,0.15,5,891596
16861,72,72,0,1720,0.0418604651162791,1,0,0.1,0.212752443279594,0,0,0,93,2523,0.989298454221165,"TMMwsp",TRUE,FALSE,1.41334735717307,"purity_covariate",40,1,0,0.6,0.15,5,891596
15640,39,39,0,1720,0.0226744186046512,1,0,0.1,0.185049950847024,0,0,0,81,3160,0.990822784810127,"TMMwsp",TRUE,FALSE,1.33424784439345,"purity_filtered",40,1,0,0.6,0.15,5,891596
15579,199,89,110,1720,0.0517441860465116,0.447236180904523,0.552763819095477,0.1,0.156272005534989,0,0.0026246719160105,0,83,3407,0.989433519225125,"TMMwsp",TRUE,FALSE,1.35238298195138,"purity_ignored",40,2,0.1,0.6,0.15,5,949158.5
16644,31,29,2,1720,0.0168604651162791,0.935483870967742,0.0645161290322581,0.1,0.153842243068689,0,0,0,94,2489,0.988348734431499,"TMMwsp",TRUE,FALSE,1.36626317431407,"purity_covariate",40,2,0.1,0.6,0.15,5,949158.5
15322,38,33,5,1720,0.0191860465116279,0.868421052631579,0.131578947368421,0.1,0.157504834852585,0,0,0,82,3153,0.987947986045036,"TMMwsp",FALSE,FALSE,1.45846259999487,"purity_filtered",40,2,0.1,0.6,0.15,5,949158.5
16199,91,87,4,1720,0.0505813953488372,0.956043956043956,0.043956043956044,0.1,0.20690842710891,0,0,0,87,3125,0.9904,"TMMwsp",TRUE,FALSE,1.19270842494111,"purity_ignored",40,3,0.2,0.6,0.15,5,1047581.5
17212,77,75,2,1720,0.0436046511627907,0.974025974025974,0.025974025974026,0.1,0.205465296593034,0,0,0,93,2350,0.989787234042553,"TMMwsp",TRUE,FALSE,1.2493163943102,"purity_covariate",40,3,0.2,0.6,0.15,5,1047581.5
15980,82,78,4,1720,0.0453488372093023,0.951219512195122,0.048780487804878,0.1,0.198795875203293,0,0,0,79,3229,0.992567358315268,"TMMwsp",TRUE,FALSE,1.13977094687117,"purity_filtered",40,3,0.2,0.6,0.15,5,1047581.5
15885,214,73,141,1720,0.0424418604651163,0.341121495327103,0.658878504672897,0.1,0.129038991866153,0,0.00987654320987654,0,84,3381,0.989352262644188,"TMMwsp",TRUE,FALSE,1.43848595340072,"purity_ignored",40,4,0.3,0.6,0.15,5,1025869
16959,18,16,2,1720,0.00930232558139535,0.888888888888889,0.111111111111111,0.1,0.126943022098407,0,0,0,93,2421,0.987608426270136,"TMMwsp",TRUE,FALSE,1.34360973349597,"purity_covariate",40,4,0.3,0.6,0.15,5,1025869
15885,214,73,141,1720,0.0424418604651163,0.341121495327103,0.658878504672897,0.1,0.129158104955367,0,0.00987654320987654,0,84,3381,0.989352262644188,"TMMwsp",TRUE,FALSE,1.43848595340072,"purity_filtered",40,4,0.3,0.6,0.15,5,1025869
15295,292,62,230,1720,0.036046511627907,0.212328767123288,0.787671232876712,0.1,0.107012649135385,0,0.00963855421686747,0,70,3801,0.992896606156275,"TMMwsp",TRUE,FALSE,1.89244775209605,"purity_ignored",40,5,0.4,0.6,0.15,5,675299
16354,13,12,1,1720,0.00697674418604651,0.923076923076923,0.0769230769230769,0.1,0.12190910646273,0,0,0,77,2763,0.993485342019544,"TMMwsp",TRUE,FALSE,1.59901010830769,"purity_covariate",40,5,0.4,0.6,0.15,5,675299
15295,292,62,230,1720,0.036046511627907,0.212328767123288,0.787671232876712,0.1,0.10716124429335,0,0.00963855421686747,0,70,3801,0.992896606156275,"TMMwsp",TRUE,FALSE,1.89244775209605,"purity_filtered",40,5,0.4,0.6,0.15,5,675299
15347,50,50,0,1720,0.0290697674418605,1,0,0.1,0.198314246382836,0,0,0,76,3560,0.98876404494382,"TMMwsp",TRUE,FALSE,1.4236796816208,"purity_ignored",41,1,0,0.6,0.15,5,982976
16499,53,53,0,1720,0.0308139534883721,1,0,0.1,0.198041019949983,0,0,0,83,2665,0.98874296435272,"TMMwsp",TRUE,FALSE,1.45682335325523,"purity_covariate",41,1,0,0.6,0.15,5,982976
14757,17,17,0,1720,0.00988372093023256,1,0,0.1,0.158793815254237,0,0,0,72,3541,0.98870375600113,"TMMwsp",FALSE,FALSE,1.54967001149521,"purity_filtered",41,1,0,0.6,0.15,5,982976
16080,69,63,6,1720,0.0366279069767442,0.91304347826087,0.0869565217391304,0.1,0.186399485772574,0,0,0,92,3244,0.98766954377312,"TMMwsp",TRUE,FALSE,1.30319085418129,"purity_ignored",41,2,0.1,0.6,0.15,5,983288.5
17166,47,45,2,1720,0.0261627906976744,0.957446808510638,0.0425531914893617,0.1,0.182311107199077,0,0,0,98,2398,0.987489574645538,"TMMwsp",TRUE,FALSE,1.32231199824596,"purity_covariate",41,2,0.1,0.6,0.15,5,983288.5
16080,30,29,1,1720,0.0168604651162791,0.966666666666667,0.0333333333333333,0.1,0.172490416795111,0,0,0,88,3044,0.989487516425756,"TMMwsp",TRUE,FALSE,1.32029583504374,"purity_filtered",41,2,0.1,0.6,0.15,5,983288.5
15405,66,58,8,1720,0.0337209302325581,0.878787878787879,0.121212121212121,0.1,0.166794209928104,0,0,0,79,3686,0.990504612045578,"TMMwsp",TRUE,FALSE,1.48306236238773,"purity_ignored",41,3,0.2,0.6,0.15,5,607996.5
16549,63,59,4,1720,0.0343023255813954,0.936507936507937,0.0634920634920635,0.1,0.171939534171291,0,0,0,86,2717,0.98859035701141,"TMMwsp",TRUE,FALSE,1.4740273156815,"purity_covariate",41,3,0.2,0.6,0.15,5,607996.5
15758,53,52,1,1720,0.0302325581395349,0.981132075471698,0.0188679245283019,0.1,0.174570568997357,0,0,0,83,3098,0.988379599741769,"TMMwsp",TRUE,FALSE,1.51059623877066,"purity_filtered",41,3,0.2,0.6,0.15,5,607996.5
15147,212,50,162,1720,0.0290697674418605,0.235849056603774,0.764150943396226,0.1,0.112899752125979,0.00833333333333333,0.0166270783847981,0,85,3854,0.98936170212766,"TMMwsp",TRUE,FALSE,2.09109946813205,"purity_ignored",41,4,0.3,0.6,0.15,5,706110.5
16268,17,17,0,1720,0.00988372093023256,1,0,0.1,0.156616876866761,0,0,0,91,2779,0.988485066570709,"TMMwsp",TRUE,FALSE,1.66524422807043,"purity_covariate",41,4,0.3,0.6,0.15,5,706110.5
15611,23,20,3,1720,0.0116279069767442,0.869565217391304,0.130434782608696,0.1,0.137844882596806,0,0,0,90,3098,0.987411233053583,"TMMwsp",TRUE,FALSE,1.84809177052864,"purity_filtered",41,4,0.3,0.6,0.15,5,706110.5
15568,297,73,224,1720,0.0424418604651163,0.245791245791246,0.754208754208754,0.1,0.117577841669318,0,0.0120481927710843,0,90,3693,0.98835634985107,"TMMwsp",TRUE,FALSE,1.7049181315058,"purity_ignored",41,5,0.4,0.6,0.15,5,853248.5
16665,13,13,0,1720,0.00755813953488372,1,0,0.1,0.122296835127258,0,0,0,96,2636,0.989757207890744,"TMMwsp",TRUE,FALSE,1.55531324570126,"purity_covariate",41,5,0.4,0.6,0.15,5,853248.5
15568,297,73,224,1720,0.0424418604651163,0.245791245791246,0.754208754208754,0.1,0.117458478902286,0,0.0120481927710843,0,90,3693,0.98835634985107,"TMMwsp",TRUE,FALSE,1.7049181315058,"purity_filtered",41,5,0.4,0.6,0.15,5,853248.5
15397,40,39,1,1720,0.0226744186046512,0.975,0.025,0.1,0.153247771953426,0,0,0,83,3623,0.990339497653878,"TMMwsp",TRUE,FALSE,1.59180629140345,"purity_ignored",42,1,0,0.6,0.15,5,950709.5
16457,35,34,1,1720,0.0197674418604651,0.971428571428571,0.0285714285714286,0.1,0.158284017772731,0,0,0,88,2642,0.990158970476911,"TMMwsp",TRUE,FALSE,1.48141555592079,"purity_covariate",42,1,0,0.6,0.15,5,950709.5
15397,40,39,1,1720,0.0226744186046512,0.975,0.025,0.1,0.15318955223409,0,0,0,83,3623,0.990339497653878,"TMMwsp",TRUE,FALSE,1.59180629140345,"purity_filtered",42,1,0,0.6,0.15,5,950709.5
15874,48,48,0,1720,0.027906976744186,1,0,0.1,0.179217144359781,0,0,0,81,3207,0.9881509198628,"TMMwsp",TRUE,FALSE,1.42775982046733,"purity_ignored",42,2,0.1,0.6,0.15,5,925944
17011,62,62,0,1720,0.036046511627907,1,0,0.1,0.179495524671517,0,0,0,89,2343,0.986769099445156,"TMMwsp",TRUE,FALSE,1.44086641021301,"purity_covariate",42,2,0.1,0.6,0.15,5,925944
15509,62,59,3,1720,0.0343023255813954,0.951612903225806,0.0483870967741935,0.1,0.181138539899678,0,0,0,77,3388,0.989079102715466,"TMMwsp",TRUE,FALSE,1.26080613154475,"purity_filtered",42,2,0.1,0.6,0.15,5,925944
15563,84,57,27,1720,0.0331395348837209,0.678571428571429,0.321428571428571,0.1,0.158331304621039,0,0,0,91,3591,0.987190197716514,"TMMwsp",TRUE,FALSE,1.42662797093387,"purity_ignored",42,3,0.2,0.6,0.15,5,903675
16658,36,35,1,1720,0.0203488372093023,0.972222222222222,0.0277777777777778,0.1,0.170095957170864,0,0,0,96,2637,0.987864998103906,"TMMwsp",TRUE,FALSE,1.39073026874161,"purity_covariate",42,3,0.2,0.6,0.15,5,903675
15648,36,34,2,1720,0.0197674418604651,0.944444444444444,0.0555555555555556,0.1,0.170684022588851,0,0,0,88,3182,0.987429289754871,"TMMwsp",TRUE,FALSE,1.26239969265867,"purity_filtered",42,3,0.2,0.6,0.15,5,903675
15900,193,73,120,1720,0.0424418604651163,0.378238341968912,0.621761658031088,0.1,0.133025156840372,0.00833333333333333,0,0,86,3393,0.987916298261126,"TMMwsp",TRUE,FALSE,1.35640760112106,"purity_ignored",42,4,0.3,0.6,0.15,5,885259
16940,13,13,0,1720,0.00755813953488372,1,0,0.1,0.136138542117795,0,0,0,94,2465,0.987018255578093,"TMMwsp",TRUE,FALSE,1.32468812209283,"purity_covariate",42,4,0.3,0.6,0.15,5,885259
15900,193,73,120,1720,0.0424418604651163,0.378238341968912,0.621761658031088,0.1,0.132979096594622,0.00833333333333333,0,0,86,3393,0.987916298261126,"TMMwsp",TRUE,FALSE,1.35640760112106,"purity_filtered",42,4,0.3,0.6,0.15,5,885259
15682,1496,183,1313,1720,0.106395348837209,0.122326203208556,0.877673796791444,0.1,0.11396294542653,0.0583333333333333,0.0572916666666667,0,72,3650,0.990958904109589,"TMMwsp",TRUE,FALSE,1.57067632280175,"purity_ignored",42,5,0.4,0.6,0.15,5,847822.5
16729,20,20,0,1720,0.0116279069767442,1,0,0.1,0.140312573517484,0,0,0,76,2573,0.989895064127478,"TMMwsp",TRUE,FALSE,1.42273692576171,"purity_covariate",42,5,0.4,0.6,0.15,5,847822.5
16180,81,43,38,1720,0.025,0.530864197530864,0.469135802469136,0.1,0.126040181389649,0,0,0,70,2929,0.99112325025606,"TMMwsp",TRUE,FALSE,1.48890284509897,"purity_filtered",42,5,0.4,0.6,0.15,5,847822.5
15752,74,71,3,1720,0.0412790697674419,0.959459459459459,0.0405405405405405,0.1,0.192133601433118,0,0,0,95,3522,0.985235661555934,"TMMwsp",TRUE,FALSE,1.37392185720094,"purity_ignored",43,1,0,0.6,0.15,5,834615.5
16802,58,56,2,1720,0.0325581395348837,0.96551724137931,0.0344827586206897,0.1,0.183809354807191,0,0,0,100,2526,0.985748218527316,"TMMwsp",TRUE,FALSE,1.42315683865258,"purity_covariate",43,1,0,0.6,0.15,5,834615.5
13838,40,39,1,1720,0.0226744186046512,0.975,0.025,0.1,0.16488814177096,0,0,0,71,4452,0.989442946990117,"TMMwsp",FALSE,FALSE,1.178792417412,"purity_filtered",43,1,0,0.6,0.15,5,834615.5
15331,60,59,1,1720,0.0343023255813954,0.983333333333333,0.0166666666666667,0.1,0.211590034563828,0,0,0,75,3673,0.989109719575279,"TMMwsp",TRUE,FALSE,1.48410287130283,"purity_ignored",43,2,0.1,0.6,0.15,5,824145.5
16452,75,72,3,1720,0.0418604651162791,0.96,0.04,0.1,0.214199567677673,0,0,0,87,2767,0.989519335019877,"TMMwsp",TRUE,FALSE,1.49064991371565,"purity_covariate",43,2,0.1,0.6,0.15,5,824145.5
16030,72,70,2,1720,0.0406976744186047,0.972222222222222,0.0277777777777778,0.1,0.218865576877057,0,0,0,86,2908,0.987620357634113,"TMMwsp",TRUE,FALSE,1.50378943671432,"purity_filtered",43,2,0.1,0.6,0.15,5,824145.5
15095,49,41,8,1720,0.0238372093023256,0.836734693877551,0.163265306122449,0.1,0.146444468321974,0,0,0,89,3711,0.985987604419294,"TMMwsp",TRUE,FALSE,1.66947134665769,"purity_ignored",43,3,0.2,0.6,0.15,5,995512.5
16217,55,52,3,1720,0.0302325581395349,0.945454545454545,0.0545454545454545,0.1,0.171723405378615,0,0,0,96,2705,0.987430683918669,"TMMwsp",TRUE,FALSE,1.4588475223376,"purity_covariate",43,3,0.2,0.6,0.15,5,995512.5
15095,49,41,8,1720,0.0238372093023256,0.836734693877551,0.163265306122449,0.1,0.146501460245682,0,0,0,89,3711,0.985987604419294,"TMMwsp",TRUE,FALSE,1.66947134665769,"purity_filtered",43,3,0.2,0.6,0.15,5,995512.5
16001,101,70,31,1720,0.0406976744186047,0.693069306930693,0.306930693069307,0.1,0.160429776297539,0,0.00253807106598985,0,86,3296,0.989077669902913,"TMMwsp",TRUE,FALSE,1.35429056433889,"purity_ignored",43,4,0.3,0.6,0.15,5,1007132.5
17136,19,19,0,1720,0.011046511627907,1,0,0.1,0.146147815150032,0,0,0,95,2373,0.988621997471555,"TMMwsp",TRUE,FALSE,1.40229871195025,"purity_covariate",43,4,0.3,0.6,0.15,5,1007132.5
16406,24,22,2,1720,0.0127906976744186,0.916666666666667,0.0833333333333333,0.1,0.143251132381876,0,0,0,91,2908,0.988308115543329,"TMMwsp",FALSE,FALSE,1.45484896010372,"purity_filtered",43,4,0.3,0.6,0.15,5,1007132.5
15921,4066,390,3676,1720,0.226744186046512,0.0959173635022135,0.904082636497787,0.1,0.110209455230282,0.108333333333333,0.190123456790123,0,82,3590,0.989693593314763,"TMMwsp",TRUE,FALSE,1.51195587202079,"purity_ignored",43,5,0.4,0.6,0.15,5,1070897.5
16826,2,2,0,1720,0.00116279069767442,1,0,0.1,0.115802610665654,0,0,0,90,2486,0.989139179404666,"TMMwsp",TRUE,FALSE,1.48854490902545,"purity_covariate",43,5,0.4,0.6,0.15,5,1070897.5
15921,4066,390,3676,1720,0.226744186046512,0.0959173635022135,0.904082636497787,0.1,0.110276419340958,0.108333333333333,0.190123456790123,0,82,3590,0.989693593314763,"TMMwsp",TRUE,FALSE,1.51195587202079,"purity_filtered",43,5,0.4,0.6,0.15,5,1070897.5
15690,48,46,2,1720,0.0267441860465116,0.958333333333333,0.0416666666666667,0.1,0.181820682320846,0,0,0,86,3409,0.985626283367556,"TMMwsp",TRUE,FALSE,1.38749963400129,"purity_ignored",44,1,0,0.6,0.15,5,789691
16785,64,61,3,1720,0.0354651162790698,0.953125,0.046875,0.1,0.180484461433084,0,0,0,94,2531,0.985381272224417,"TMMwsp",TRUE,FALSE,1.37866196286673,"purity_covariate",44,1,0,0.6,0.15,5,789691
15690,48,46,2,1720,0.0267441860465116,0.958333333333333,0.0416666666666667,0.1,0.18174737167305,0,0,0,86,3409,0.985626283367556,"TMMwsp",TRUE,FALSE,1.38749963400129,"purity_filtered",44,1,0,0.6,0.15,5,789691
15254,109,66,43,1720,0.0383720930232558,0.605504587155963,0.394495412844037,0.1,0.155389990240773,0,0.00239808153477218,0,89,3797,0.990518830655781,"TMMwsp",TRUE,FALSE,1.39944789880031,"purity_ignored",44,2,0.1,0.6,0.15,5,624445.5
16388,22,22,0,1720,0.0127906976744186,1,0,0.1,0.136380286809791,0,0,0,97,2862,0.989168413696716,"TMMwsp",TRUE,FALSE,1.5022162049633,"purity_covariate",44,2,0.1,0.6,0.15,5,624445.5
14438,41,39,2,1720,0.0226744186046512,0.951219512195122,0.048780487804878,0.1,0.167537615024747,0,0,0,85,4220,0.98957345971564,"TMMwsp",FALSE,FALSE,1.46297301889337,"purity_filtered",44,2,0.1,0.6,0.15,5,624445.5
15471,35,33,2,1720,0.0191860465116279,0.942857142857143,0.0571428571428571,0.1,0.182846536729134,0,0,0,89,3498,0.987135506003431,"TMMwsp",TRUE,FALSE,1.46463960676263,"purity_ignored",44,3,0.2,0.6,0.15,5,902071
16571,30,30,0,1720,0.0174418604651163,1,0,0.1,0.177435217169966,0,0,0,96,2594,0.985350809560524,"TMMwsp",TRUE,FALSE,1.48104212381773,"purity_covariate",44,3,0.2,0.6,0.15,5,902071
14979,7,7,0,1720,0.00406976744186047,1,0,0.1,0.155554823981311,0,0,0,78,3426,0.990659661412726,"TMMwsp",TRUE,FALSE,1.40950395233799,"purity_filtered",44,3,0.2,0.6,0.15,5,902071
15616,368,84,284,1720,0.0488372093023256,0.228260869565217,0.771739130434783,0.1,0.118651486482905,0.00833333333333333,0.0051948051948052,0,91,3624,0.988686534216336,"TMMwsp",TRUE,FALSE,1.52688762930154,"purity_ignored",44,4,0.3,0.6,0.15,5,959673
16709,24,23,1,1720,0.0133720930232558,0.958333333333333,0.0416666666666667,0.1,0.141966218782508,0,0.0025974025974026,0,94,2569,0.987543791358505,"TMMwsp",TRUE,FALSE,1.44316568566345,"purity_covariate",44,4,0.3,0.6,0.15,5,959673
15616,368,84,284,1720,0.0488372093023256,0.228260869565217,0.771739130434783,0.1,0.118730490701158,0.00833333333333333,0.0051948051948052,0,91,3624,0.988686534216336,"TMMwsp",TRUE,FALSE,1.52688762930154,"purity_filtered",44,4,0.3,0.6,0.15,5,959673
15660,362,77,285,1720,0.0447674418604651,0.212707182320442,0.787292817679558,0.1,0.116641174138651,0.025,0.0298507462686567,0,88,3557,0.989879111610908,"TMMwsp",TRUE,FALSE,1.70904006395176,"purity_ignored",44,5,0.4,0.6,0.15,5,1061040.5
16740,27,26,1,1720,0.0151162790697674,0.962962962962963,0.037037037037037,0.1,0.142486924542575,0,0,0,96,2555,0.990215264187867,"TMMwsp",TRUE,FALSE,1.44342259073732,"purity_covariate",44,5,0.4,0.6,0.15,5,1061040.5
15660,362,77,285,1720,0.0447674418604651,0.212707182320442,0.787292817679558,0.1,0.116675314371711,0.025,0.0298507462686567,0,88,3557,0.989879111610908,"TMMwsp",TRUE,FALSE,1.70904006395176,"purity_filtered",44,5,0.4,0.6,0.15,5,1061040.5
15736,53,51,2,1720,0.0296511627906977,0.962264150943396,0.0377358490566038,0.1,0.189811326232495,0,0,0,75,3484,0.991102181400689,"TMMwsp",TRUE,FALSE,1.65130893041344,"purity_ignored",45,1,0,0.6,0.15,5,725395.5
16895,57,52,5,1720,0.0302325581395349,0.912280701754386,0.087719298245614,0.1,0.181675955705887,0,0,0,88,2580,0.991472868217054,"TMMwsp",TRUE,FALSE,1.46041164889248,"purity_covariate",45,1,0,0.6,0.15,5,725395.5
15736,53,51,2,1720,0.0296511627906977,0.962264150943396,0.0377358490566038,0.1,0.18981041458596,0,0,0,75,3484,0.991102181400689,"TMMwsp",TRUE,FALSE,1.65130893041344,"purity_filtered",45,1,0,0.6,0.15,5,725395.5
15540,279,103,176,1720,0.0598837209302326,0.369175627240143,0.630824372759857,0.1,0.148436964123418,0,0.00721153846153846,0,87,3478,0.987636572742956,"TMMwsp",TRUE,FALSE,1.39226126319001,"purity_ignored",45,2,0.1,0.6,0.15,5,1003172
16673,25,22,3,1720,0.0127906976744186,0.88,0.12,0.1,0.141380635885975,0,0,0,98,2546,0.987824037706206,"TMMwsp",TRUE,FALSE,1.39908849641643,"purity_covariate",45,2,0.1,0.6,0.15,5,1003172
15590,44,39,5,1720,0.0226744186046512,0.886363636363636,0.113636363636364,0.1,0.142313398700505,0,0,0,94,3165,0.987045813586098,"TMMwsp",FALSE,FALSE,1.52384989450984,"purity_filtered",45,2,0.1,0.6,0.15,5,1003172
15638,66,65,1,1720,0.0377906976744186,0.984848484848485,0.0151515151515152,0.1,0.200703151458633,0,0,0,81,3392,0.991155660377358,"TMMwsp",TRUE,FALSE,1.39481205478024,"purity_ignored",45,3,0.2,0.6,0.15,5,922690
16714,71,69,2,1720,0.0401162790697674,0.971830985915493,0.028169014084507,0.1,0.207597703178483,0,0,0,87,2520,0.99047619047619,"TMMwsp",TRUE,FALSE,1.36684602258261,"purity_covariate",45,3,0.2,0.6,0.15,5,922690
13035,11,10,1,1720,0.00581395348837209,0.909090909090909,0.0909090909090909,0.1,0.125375124065217,0,0,0,57,4228,0.993377483443709,"TMMwsp",FALSE,FALSE,1.27620420268971,"purity_filtered",45,3,0.2,0.6,0.15,5,922690
15531,74,48,26,1720,0.027906976744186,0.648648648648649,0.351351351351351,0.1,0.137314799240384,0.00833333333333333,0,0,86,3515,0.989758179231863,"TMMwsp",TRUE,FALSE,1.4917272532588,"purity_ignored",45,4,0.3,0.6,0.15,5,626459.5
16654,22,18,4,1720,0.0104651162790698,0.818181818181818,0.181818181818182,0.1,0.122118837155201,0,0,0,93,2599,0.988072335513659,"TMMwsp",TRUE,FALSE,1.43977046517438,"purity_covariate",45,4,0.3,0.6,0.15,5,626459.5
15531,74,48,26,1720,0.027906976744186,0.648648648648649,0.351351351351351,0.1,0.137313157961539,0.00833333333333333,0,0,86,3515,0.989758179231863,"TMMwsp",TRUE,FALSE,1.4917272532588,"purity_filtered",45,4,0.3,0.6,0.15,5,626459.5
14099,210,63,147,1720,0.0366279069767442,0.3,0.7,0.1,0.123773144005178,0.0166666666666667,0.00744416873449132,0,78,4079,0.990193674920324,"TMMwsp",TRUE,FALSE,1.8239753772535,"purity_ignored",45,5,0.4,0.6,0.15,5,625737.5
15340,18,17,1,1720,0.00988372093023256,0.944444444444444,0.0555555555555556,0.1,0.130824049499305,0,0,0,85,3001,0.989670109963346,"TMMwsp",TRUE,FALSE,1.66786766763706,"purity_covariate",45,5,0.4,0.6,0.15,5,625737.5
14099,210,63,147,1720,0.0366279069767442,0.3,0.7,0.1,0.123602398390779,0.0166666666666667,0.00744416873449132,0,78,4079,0.990193674920324,"TMMwsp",TRUE,FALSE,1.8239753772535,"purity_filtered",45,5,0.4,0.6,0.15,5,625737.5
15500,60,57,3,1720,0.0331395348837209,0.95,0.05,0.1,0.183642880535531,0,0,0,75,3412,0.990914419695193,"TMMwsp",TRUE,FALSE,1.62544423999998,"purity_ignored",46,1,0,0.6,0.15,5,1060022.5
16651,69,65,4,1720,0.0377906976744186,0.942028985507246,0.0579710144927536,0.1,0.189340866153607,0,0,0,79,2468,0.990680713128039,"TMMwsp",TRUE,FALSE,1.45710938262275,"purity_covariate",46,1,0,0.6,0.15,5,1060022.5
15196,35,35,0,1720,0.0203488372093023,1,0,0.1,0.168524034579814,0,0,0,71,3388,0.991735537190083,"TMMwsp",TRUE,FALSE,1.47570454226844,"purity_filtered",46,1,0,0.6,0.15,5,1060022.5
14465,203,50,153,1720,0.0290697674418605,0.246305418719212,0.753694581280788,0.1,0.104083457095572,0,0,0,74,4323,0.990978487161693,"TMMwsp",TRUE,FALSE,1.79069359604193,"purity_ignored",46,2,0.1,0.6,0.15,5,474912
15591,13,13,0,1720,0.00755813953488372,1,0,0.1,0.117793219726535,0,0,0,80,3183,0.99057492931197,"TMMwsp",TRUE,FALSE,1.87217599811393,"purity_covariate",46,2,0.1,0.6,0.15,5,474912
15368,79,33,46,1720,0.0191860465116279,0.417721518987342,0.582278481012658,0.1,0.107960709983483,0,0,0,79,3278,0.9908480780964,"TMMwsp",TRUE,FALSE,1.74868362628661,"purity_filtered",46,2,0.1,0.6,0.15,5,474912
15741,1106,184,922,1720,0.106976744186047,0.166365280289331,0.833634719710669,0.1,0.128566981647854,0.0333333333333333,0.0447761194029851,0,79,3422,0.988603156049094,"TMMwsp",TRUE,FALSE,1.42067139260048,"purity_ignored",46,3,0.2,0.6,0.15,5,945374
16761,9,8,1,1720,0.00465116279069767,0.888888888888889,0.111111111111111,0.1,0.126165846929987,0,0,0,91,2449,0.988158432013067,"TMMwsp",TRUE,FALSE,1.3925037685327,"purity_covariate",46,3,0.2,0.6,0.15,5,945374
16425,121,63,58,1720,0.0366279069767442,0.520661157024793,0.479338842975207,0.1,0.138128464415025,0,0.00248756218905473,0,89,2682,0.987695749440716,"TMMwsp",TRUE,FALSE,1.38887054901628,"purity_filtered",46,3,0.2,0.6,0.15,5,945374
15826,227,86,141,1720,0.05,0.378854625550661,0.621145374449339,0.1,0.140905446532994,0.0166666666666667,0.0077720207253886,0,81,3326,0.98947684906795,"TMMwsp",TRUE,FALSE,1.50321187205002,"purity_ignored",46,4,0.3,0.6,0.15,5,1068911.5
16850,30,28,2,1720,0.0162790697674419,0.933333333333333,0.0666666666666667,0.1,0.167909049892473,0,0,0,92,2364,0.989424703891709,"TMMwsp",TRUE,FALSE,1.38735873603278,"purity_covariate",46,4,0.3,0.6,0.15,5,1068911.5
15826,227,86,141,1720,0.05,0.378854625550661,0.621145374449339,0.1,0.1408455288139,0.0166666666666667,0.0077720207253886,0,81,3326,0.98947684906795,"TMMwsp",TRUE,FALSE,1.50321187205002,"purity_filtered",46,4,0.3,0.6,0.15,5,1068911.5
15234,1581,212,1369,1720,0.123255813953488,0.134092346616066,0.865907653383934,0.1,0.116901389607576,0.075,0.0597014925373134,0,82,3794,0.988139167105957,"TMMwsp",TRUE,FALSE,1.4176400030014,"purity_ignored",46,5,0.4,0.6,0.15,5,857338
16279,5,5,0,1720,0.00290697674418605,1,0,0.1,0.113985337052239,0,0,0,89,2737,0.987943003288272,"TMMwsp",TRUE,FALSE,1.50880483839496,"purity_covariate",46,5,0.4,0.6,0.15,5,857338
15220,112,44,68,1720,0.0255813953488372,0.392857142857143,0.607142857142857,0.1,0.118533378409103,0,0,0,82,3269,0.988375650045886,"TMMwsp",TRUE,FALSE,1.32763725680488,"purity_filtered",46,5,0.4,0.6,0.15,5,857338
14466,22,21,1,1720,0.0122093023255814,0.954545454545455,0.0454545454545455,0.1,0.162361815828378,0,0,0,62,4040,0.991089108910891,"TMMwsp",TRUE,FALSE,1.74226575370171,"purity_ignored",47,1,0,0.6,0.15,5,494540
15672,37,35,2,1720,0.0203488372093023,0.945945945945946,0.0540540540540541,0.1,0.164052299954214,0,0,0,70,2959,0.989861439675566,"TMMwsp",TRUE,FALSE,1.70041730199444,"purity_covariate",47,1,0,0.6,0.15,5,494540
15223,24,23,1,1720,0.0133720930232558,0.958333333333333,0.0416666666666667,0.1,0.163327535981645,0,0,0,60,3234,0.992269635126778,"TMMwsp",TRUE,FALSE,1.57585997276832,"purity_filtered",47,1,0,0.6,0.15,5,494540
15285,11,11,0,1720,0.0063953488372093,1,0,0.1,0.131417894055996,0,0,0,86,3698,0.988642509464575,"TMMwsp",TRUE,FALSE,2.04246490378193,"purity_ignored",47,2,0.1,0.6,0.15,5,771737.5
16486,7,7,0,1720,0.00406976744186047,1,0,0.1,0.139897387341625,0,0,0,92,2704,0.987795857988166,"TMMwsp",TRUE,FALSE,1.6840701203963,"purity_covariate",47,2,0.1,0.6,0.15,5,771737.5
15285,11,11,0,1720,0.0063953488372093,1,0,0.1,0.131356506064184,0,0,0,86,3698,0.988642509464575,"TMMwsp",TRUE,FALSE,2.04246490378193,"purity_filtered",47,2,0.1,0.6,0.15,5,771737.5
15408,33,32,1,1720,0.0186046511627907,0.96969696969697,0.0303030303030303,0.1,0.168563625551457,0,0,0,80,3593,0.990815474533816,"TMMwsp",TRUE,FALSE,1.47419053048548,"purity_ignored",47,3,0.2,0.6,0.15,5,975779.5
16518,45,44,1,1720,0.0255813953488372,0.977777777777778,0.0222222222222222,0.1,0.174795705968177,0,0,0,88,2618,0.989686783804431,"TMMwsp",TRUE,FALSE,1.42553306548078,"purity_covariate",47,3,0.2,0.6,0.15,5,975779.5
15457,18,17,1,1720,0.00988372093023256,0.944444444444444,0.0555555555555556,0.1,0.152262081583998,0,0,0,79,3194,0.991546649968691,"TMMwsp",TRUE,FALSE,1.40881374489641,"purity_filtered",47,3,0.2,0.6,0.15,5,975779.5
14669,59,40,19,1720,0.0232558139534884,0.677966101694915,0.322033898305085,0.1,0.130961173874718,0,0,0,89,3959,0.990654205607477,"TMMwsp",TRUE,FALSE,1.75146308584779,"purity_ignored",47,4,0.3,0.6,0.15,5,961764
15811,26,25,1,1720,0.0145348837209302,0.961538461538462,0.0384615384615385,0.1,0.131380704107098,0,0,0,96,2880,0.991666666666667,"TMMwsp",TRUE,FALSE,1.65323902766401,"purity_covariate",47,4,0.3,0.6,0.15,5,961764
14260,11,11,0,1720,0.0063953488372093,1,0,0.1,0.12694905454787,0,0,0,87,3654,0.990695128626163,"TMMwsp",TRUE,FALSE,1.60653909670924,"purity_filtered",47,4,0.3,0.6,0.15,5,961764
15874,3674,356,3318,1720,0.206976744186047,0.0968971148611867,0.903102885138813,0.1,0.10879312089783,0.116666666666667,0.134803921568627,0,84,3829,0.991381561765474,"TMMwsp",TRUE,FALSE,1.67203666756009,"purity_ignored",47,5,0.4,0.6,0.15,5,1005215.5
16718,7,5,2,1720,0.00290697674418605,0.714285714285714,0.285714285714286,0.1,0.114273412098714,0,0,0,89,2592,0.990740740740741,"TMMwsp",TRUE,FALSE,1.4124870850818,"purity_covariate",47,5,0.4,0.6,0.15,5,1005215.5
15874,3674,356,3318,1720,0.206976744186047,0.0968971148611867,0.903102885138813,0.1,0.108708497524296,0.116666666666667,0.134803921568627,0,84,3829,0.991381561765474,"TMMwsp",TRUE,FALSE,1.67203666756009,"purity_filtered",47,5,0.4,0.6,0.15,5,1005215.5
15760,52,49,3,1720,0.0284883720930233,0.942307692307692,0.0576923076923077,0.1,0.191102323869098,0,0,0,84,3352,0.989260143198091,"TMMwsp",TRUE,FALSE,1.3296019451493,"purity_ignored",48,1,0,0.6,0.15,5,1013933.5
16884,52,48,4,1720,0.027906976744186,0.923076923076923,0.0769230769230769,0.1,0.180574666361092,0,0,0,92,2473,0.98948645369996,"TMMwsp",TRUE,FALSE,1.31763621289973,"purity_covariate",48,1,0,0.6,0.15,5,1013933.5
16241,43,41,2,1720,0.0238372093023256,0.953488372093023,0.0465116279069767,0.1,0.177416898498479,0,0,0,88,2925,0.98974358974359,"TMMwsp",TRUE,FALSE,1.22002185129424,"purity_filtered",48,1,0,0.6,0.15,5,1013933.5
14855,36,27,9,1720,0.0156976744186047,0.75,0.25,0.1,0.122866709898217,0,0.00246913580246914,0,82,3946,0.990116573745565,"TMMwsp",TRUE,FALSE,1.75063818388832,"purity_ignored",48,2,0.1,0.6,0.15,5,523409
16021,16,16,0,1720,0.00930232558139535,1,0,0.1,0.132299556307963,0,0,0,86,2883,0.989594172736733,"TMMwsp",TRUE,FALSE,1.51352186423454,"purity_covariate",48,2,0.1,0.6,0.15,5,523409
14855,36,27,9,1720,0.0156976744186047,0.75,0.25,0.1,0.122951942691474,0,0.00246913580246914,0,82,3946,0.990116573745565,"TMMwsp",TRUE,FALSE,1.75063818388832,"purity_filtered",48,2,0.1,0.6,0.15,5,523409
15006,41,31,10,1720,0.0180232558139535,0.75609756097561,0.24390243902439,0.1,0.123033919994051,0,0,0,79,3759,0.990422984836393,"TMMwsp",TRUE,FALSE,1.62817252143511,"purity_ignored",48,3,0.2,0.6,0.15,5,908219
16135,13,13,0,1720,0.00755813953488372,1,0,0.1,0.143155505351341,0,0,0,90,2754,0.991285403050109,"TMMwsp",TRUE,FALSE,1.5412261329682,"purity_covariate",48,3,0.2,0.6,0.15,5,908219
13826,41,27,14,1720,0.0156976744186047,0.658536585365854,0.341463414634146,0.1,0.115536459674074,0,0,0,71,4318,0.990273274664196,"TMMwsp",TRUE,FALSE,1.51159778783885,"purity_filtered",48,3,0.2,0.6,0.15,5,908219
14685,59,48,11,1720,0.027906976744186,0.813559322033898,0.186440677966102,0.1,0.149140883334278,0,0,0,76,3838,0.991922876498176,"TMMwsp",TRUE,FALSE,1.53346200368313,"purity_ignored",48,4,0.3,0.6,0.15,5,618663.5
15874,23,23,0,1720,0.0133720930232558,1,0,0.1,0.149164837705484,0,0,0,83,2821,0.991492378589153,"TMMwsp",TRUE,FALSE,1.54760281531409,"purity_covariate",48,4,0.3,0.6,0.15,5,618663.5
15048,28,27,1,1720,0.0156976744186047,0.964285714285714,0.0357142857142857,0.1,0.149346985700886,0,0,0,78,3295,0.991502276176024,"TMMwsp",FALSE,FALSE,1.61581184691488,"purity_filtered",48,4,0.3,0.6,0.15,5,618663.5
15537,323,68,255,1720,0.0395348837209302,0.210526315789474,0.789473684210526,0.1,0.110528036436168,0,0.01,0,78,3599,0.990830786329536,"TMMwsp",TRUE,FALSE,1.49136339698136,"purity_ignored",48,5,0.4,0.6,0.15,5,836310.5
16593,21,20,1,1720,0.0116279069767442,0.952380952380952,0.0476190476190476,0.1,0.129633894522859,0,0,0,86,2536,0.990536277602524,"TMMwsp",TRUE,FALSE,1.48413939035959,"purity_covariate",48,5,0.4,0.6,0.15,5,836310.5
16044,43,31,12,1720,0.0180232558139535,0.72093023255814,0.27906976744186,0.1,0.123006985405237,0,0,0,78,2865,0.990924956369983,"TMMwsp",TRUE,FALSE,1.47002811599859,"purity_filtered",48,5,0.4,0.6,0.15,5,836310.5
15418,48,48,0,1720,0.027906976744186,1,0,0.1,0.17437025965154,0,0,0,75,3465,0.99047619047619,"TMMwsp",TRUE,FALSE,1.39584491778435,"purity_ignored",49,1,0,0.6,0.15,5,1149273
16603,59,58,1,1720,0.0337209302325581,0.983050847457627,0.0169491525423729,0.1,0.169701963990162,0,0,0,80,2627,0.990102778835173,"TMMwsp",TRUE,FALSE,1.39980435929925,"purity_covariate",49,1,0,0.6,0.15,5,1149273
15747,37,35,2,1720,0.0203488372093023,0.945945945945946,0.0540540540540541,0.1,0.154976408921599,0,0,0,72,3126,0.99104286628279,"TMMwsp",TRUE,FALSE,1.3377719484323,"purity_filtered",49,1,0,0.6,0.15,5,1149273
15938,57,55,2,1720,0.0319767441860465,0.964912280701754,0.0350877192982456,0.1,0.191947727269222,0,0,0,88,3300,0.988181818181818,"TMMwsp",TRUE,FALSE,1.38283982174661,"purity_ignored",49,2,0.1,0.6,0.15,5,892328
16976,74,73,1,1720,0.0424418604651163,0.986486486486487,0.0135135135135135,0.1,0.200069612334269,0,0,0,99,2396,0.988313856427379,"TMMwsp",TRUE,FALSE,1.35216460033314,"purity_covariate",49,2,0.1,0.6,0.15,5,892328
16374,40,38,2,1720,0.022093023255814,0.95,0.05,0.1,0.182417846327333,0,0,0,96,2760,0.986594202898551,"TMMwsp",TRUE,FALSE,1.387104345947,"purity_filtered",49,2,0.1,0.6,0.15,5,892328
15430,64,61,3,1720,0.0354651162790698,0.953125,0.046875,0.1,0.177738260573145,0,0,0,83,3480,0.986781609195402,"TMMwsp",TRUE,FALSE,1.40723709052616,"purity_ignored",49,3,0.2,0.6,0.15,5,866337
16573,49,49,0,1720,0.0284883720930233,1,0,0.1,0.178749885414003,0,0,0,89,2602,0.987701767870869,"TMMwsp",TRUE,FALSE,1.41912599021877,"purity_covariate",49,3,0.2,0.6,0.15,5,866337
15262,34,31,3,1720,0.0180232558139535,0.911764705882353,0.0882352941176471,0.1,0.156348950230854,0,0,0,70,3288,0.9911800486618,"TMMwsp",TRUE,FALSE,1.23944472845924,"purity_filtered",49,3,0.2,0.6,0.15,5,866337
15237,89,54,35,1720,0.0313953488372093,0.606741573033708,0.393258426966292,0.1,0.144164543728103,0,0,0,79,3571,0.990478857462896,"TMMwsp",TRUE,FALSE,1.46095584506973,"purity_ignored",49,4,0.3,0.6,0.15,5,814358.5
16446,26,26,0,1720,0.0151162790697674,1,0,0.1,0.147959266728626,0,0,0,86,2649,0.990184975462439,"TMMwsp",TRUE,FALSE,1.49051623727089,"purity_covariate",49,4,0.3,0.6,0.15,5,814358.5
15493,32,30,2,1720,0.0174418604651163,0.9375,0.0625,0.1,0.152902173291244,0,0,0,81,3164,0.991150442477876,"TMMwsp",TRUE,FALSE,1.3727758567057,"purity_filtered",49,4,0.3,0.6,0.15,5,814358.5
16076,867,151,716,1720,0.0877906976744186,0.174163783160323,0.825836216839677,0.1,0.132645929045869,0.025,0.0223880597014925,0,83,3359,0.990175647514141,"TMMwsp",TRUE,FALSE,1.36762161197017,"purity_ignored",49,5,0.4,0.6,0.15,5,1011281.5
17124,20,19,1,1720,0.011046511627907,0.95,0.05,0.1,0.12909216219001,0,0,0,99,2430,0.991769547325103,"TMMwsp",TRUE,FALSE,1.37845308144453,"purity_covariate",49,5,0.4,0.6,0.15,5,1011281.5
16076,867,151,716,1720,0.0877906976744186,0.174163783160323,0.825836216839677,0.1,0.132631253288057,0.025,0.0223880597014925,0,83,3359,0.990175647514141,"TMMwsp",TRUE,FALSE,1.36762161197017,"purity_filtered",49,5,0.4,0.6,0.15,5,1011281.5
14790,68,64,4,1720,0.0372093023255814,0.941176470588235,0.0588235294117647,0.1,0.180056804084996,0,0,0,73,3898,0.99025141097999,"TMMwsp",TRUE,FALSE,1.45262132123234,"purity_ignored",50,1,0,0.6,0.15,5,641099.5
15909,46,45,1,1720,0.0261627906976744,0.978260869565217,0.0217391304347826,0.1,0.17110022851401,0,0,0,80,2940,0.98843537414966,"TMMwsp",TRUE,FALSE,1.51997486717179,"purity_covariate",50,1,0,0.6,0.15,5,641099.5
14641,11,11,0,1720,0.0063953488372093,1,0,0.1,0.16549582665217,0,0,0,74,3445,0.988969521044993,"TMMwsp",TRUE,FALSE,1.48042729056685,"purity_filtered",50,1,0,0.6,0.15,5,641099.5
16230,70,67,3,1720,0.038953488372093,0.957142857142857,0.0428571428571429,0.1,0.187401365654764,0,0.00245098039215686,0,84,3105,0.989371980676328,"TMMwsp",TRUE,FALSE,1.26526182146131,"purity_ignored",50,2,0.1,0.6,0.15,5,1048098.5
17300,45,43,2,1720,0.025,0.955555555555556,0.0444444444444444,0.1,0.165305679938768,0,0,0,92,2291,0.988214753382802,"TMMwsp",TRUE,FALSE,1.28184428552743,"purity_covariate",50,2,0.1,0.6,0.15,5,1048098.5
16329,41,40,1,1720,0.0232558139534884,0.975609756097561,0.024390243902439,0.1,0.157779397021602,0,0,0,86,2931,0.990446946434664,"TMMwsp",FALSE,FALSE,1.33616923140263,"purity_filtered",50,2,0.1,0.6,0.15,5,1048098.5
15012,62,52,10,1720,0.0302325581395349,0.838709677419355,0.161290322580645,0.1,0.156017145294819,0,0,0,79,3716,0.990043057050592,"TMMwsp",TRUE,FALSE,1.51426113664158,"purity_ignored",50,3,0.2,0.6,0.15,5,717076.5
16199,37,34,3,1720,0.0197674418604651,0.918918918918919,0.0810810810810811,0.1,0.166734222806427,0,0,0,84,2722,0.99008082292432,"TMMwsp",TRUE,FALSE,1.5305074284951,"purity_covariate",50,3,0.2,0.6,0.15,5,717076.5
14364,40,40,0,1720,0.0232558139534884,1,0,0.1,0.170229562970596,0,0,0,69,4129,0.989585856139501,"TMMwsp",FALSE,FALSE,1.48468209677821,"purity_filtered",50,3,0.2,0.6,0.15,5,717076.5
15268,138,51,87,1720,0.0296511627906977,0.369565217391304,0.630434782608696,0.1,0.122730207748326,0,0,0,78,3833,0.991390555700496,"TMMwsp",TRUE,FALSE,1.54554970363762,"purity_ignored",50,4,0.3,0.6,0.15,5,725564
16320,16,15,1,1720,0.00872093023255814,0.9375,0.0625,0.1,0.127314840529774,0,0,0,85,2761,0.990220934444042,"TMMwsp",TRUE,FALSE,1.46498257414166,"purity_covariate",50,4,0.3,0.6,0.15,5,725564
15268,138,51,87,1720,0.0296511627906977,0.369565217391304,0.630434782608696,0.1,0.122817644076785,0,0,0,78,3833,0.991390555700496,"TMMwsp",TRUE,FALSE,1.54554970363762,"purity_filtered",50,4,0.3,0.6,0.15,5,725564
15853,116,62,54,1720,0.036046511627907,0.53448275862069,0.46551724137931,0.1,0.132782336649162,0,0.00258397932816537,0,86,3394,0.986446670595168,"TMMwsp",TRUE,FALSE,1.57392367342901,"purity_ignored",50,5,0.4,0.6,0.15,5,1104909.5
16905,39,31,8,1720,0.0180232558139535,0.794871794871795,0.205128205128205,0.1,0.139841902111807,0,0,0,94,2478,0.987086359967716,"TMMwsp",TRUE,FALSE,1.40795318306916,"purity_covariate",50,5,0.4,0.6,0.15,5,1104909.5
15853,116,62,54,1720,0.036046511627907,0.53448275862069,0.46551724137931,0.1,0.132772374947285,0,0.00258397932816537,0,86,3394,0.986446670595168,"TMMwsp",TRUE,FALSE,1.57392367342901,"purity_filtered",50,5,0.4,0.6,0.15,5,1104909.5
